Customer ID,Age,Location,Subscription Status,Previous Purchases,Frequency of Purchases,Avg_no_of_yearly_purchases,Aggregate,Depandancy_Score,aggval,Value,Satisfaction_flag,RFM_Score,Customer_Segment
1,55,Kentucky,1,14,Fortnightly,28,-0.140362466,61.21550214,-2.140362466,66.88501442,Average,323,Promising
2,19,Maine,1,2,Fortnightly,28,-0.506603229,64.85390546,-2.506603229,70.09205732,Average,313,Need Attention
3,50,Massachusetts,1,23,Weekly,57,2.084521378,39.11248799,0.084521378,47.40248087,Average,434,Potential Loyalist
4,21,Rhode Island,1,49,Weekly,57,4.602252153,14.10019844,2.602252153,25.35558867,Average,455,Champion
5,45,Oregon,1,31,Annually,1,0.162488732,58.20683976,-1.837511268,64.23305187,Average,142,Need Attention
6,46,Wyoming,1,14,Weekly,57,-0.776472877,67.53491402,-2.776472877,72.45521192,Average,421,Potential Loyalist
7,63,Montana,1,49,Quarterly,3,2.980919974,30.20725418,0.980919974,39.55303033,Average,155,At Risk
8,27,Louisiana,1,19,Weekly,57,0.160818531,58.2234323,-1.839181469,64.24767724,Average,421,Potential Loyalist
9,26,West Virginia,1,8,Annually,1,0.597097773,53.88923468,-1.402902227,60.42733175,Average,115,Need Attention
10,57,Missouri,1,4,Quarterly,3,-2.414464574,83.80747303,-4.414464574,86.79853516,Good,111,Hibernating
11,53,Arkansas,1,26,Bi-Weekly,114,2.133955351,38.62138828,0.133955351,46.96960477,Good,531,Potential Loyalist
12,30,Hawaii,1,10,Fortnightly,28,0.216113281,57.67410896,-1.783886719,63.76348036,Good,313,Need Attention
13,61,Delaware,1,37,Fortnightly,28,2.254138971,37.42742922,0.254138971,45.91719864,Good,344,Loyal Customer
14,65,New Hampshire,1,31,Weekly,57,1.70937412,42.83937251,-0.29062588,50.68751486,Good,442,Loyal Customer
15,64,New York,1,34,Weekly,57,2.001505576,39.93720495,0.001505576,48.12942136,Good,443,Loyal Customer
16,64,Rhode Island,1,8,Monthly,12,0.208753187,57.7472275,-1.791246813,63.82793014,Average,314,Need Attention
17,25,Alabama,1,44,Bi-Weekly,114,3.464488792,25.40326028,1.464488792,35.31858647,Good,552,Loyal Customer
18,53,Mississippi,1,36,Quarterly,3,0.096371699,58.86367661,-1.903628301,64.81201571,Good,142,Need Attention
19,52,Montana,1,17,Weekly,57,0.613522346,53.72606546,-1.386477654,60.28350747,Good,422,Potential Loyalist
20,66,Rhode Island,1,46,Bi-Weekly,114,5.883120984,1.375461394,3.883120984,14.13946607,Average,555,Champion
21,21,Louisiana,1,50,Every 3 Months,4,1.640593668,43.522669,-0.359406332,51.28980134,Average,252,Need Attention
22,31,North Carolina,1,22,Quarterly,3,0.140609223,58.42420082,-1.859390777,64.42464312,Good,133,At Risk
23,56,California,1,32,Annually,1,-0.274990823,62.55296184,-2.274990823,68.06390809,Average,142,Need Attention
24,31,Oklahoma,1,40,Weekly,57,3.894759903,21.12875018,1.894759903,31.55085209,Good,445,Champion
25,18,Florida,1,16,Weekly,57,-0.553568221,65.32047717,-2.553568221,70.50331341,Average,421,Potential Loyalist
26,18,Texas,1,14,Annually,1,-2.027779559,79.96596716,-4.027779559,83.41246906,Average,121,Hibernating
27,38,Nevada,1,13,Annually,1,-2.308134006,82.75113651,-4.308134006,85.86743538,Average,121,Hibernating
28,56,Kentucky,1,7,Every 3 Months,4,-1.12503104,70.9976503,-3.12503104,75.50741445,Good,213,About to Sleep
29,54,North Carolina,1,41,Every 3 Months,4,2.833250246,31.67427282,0.833250246,40.84612274,Good,255,At Risk
30,31,Wyoming,1,14,Weekly,57,0.405841949,55.78925755,-1.594158051,62.10209244,Good,422,Potential Loyalist
31,57,North Carolina,1,16,Monthly,12,-1.348708898,73.21976849,-3.348708898,77.4660836,Good,321,Promising
32,33,West Virginia,1,45,Monthly,12,2.685693689,33.14016718,0.685693689,42.13822416,Good,354,Loyal Customer
33,36,Kansas,1,37,Annually,1,1.337909057,46.52967641,-0.662090943,53.94030514,Good,143,At Risk
34,54,Colorado,1,45,Quarterly,3,0.71941289,52.67410034,-1.28058711,59.35626083,Average,152,Need Attention
35,36,North Dakota,1,38,Quarterly,3,2.472778362,35.25536546,0.472778362,44.00264958,Good,145,At Risk
36,54,Massachusetts,1,48,Bi-Weekly,114,3.614719399,23.91080068,1.614719399,34.00306933,Good,551,Loyal Customer
37,35,Illinois,1,44,Fortnightly,28,2.612049975,33.87177753,0.612049975,42.78309654,Good,354,Loyal Customer
38,35,Indiana,1,10,Weekly,57,0.002258165,59.79864353,-1.997741835,65.63613518,Average,412,Recent Customer
39,29,Florida,1,44,Every 3 Months,4,0.63407546,53.52188142,-1.36592454,60.103531,Poor,252,Need Attention
40,70,Arizona,1,18,Monthly,12,0.014285056,59.67916289,-1.985714944,65.53081988,Good,323,Promising
41,69,Louisiana,1,31,Quarterly,3,1.354807827,46.36179631,-0.645192173,53.7923285,Good,144,At Risk
42,67,Alaska,1,40,Annually,1,0.363274627,56.2121408,-1.636725373,62.47483966,Good,142,Need Attention
43,20,Tennessee,1,15,Annually,1,1.208361954,47.81665661,-0.791638046,55.07470404,Good,125,Need Attention
44,25,Ohio,1,19,Fortnightly,28,0.881380001,51.06504495,-1.118619999,57.93797121,Average,324,Promising
45,39,Kentucky,1,45,Weekly,57,2.763000365,32.37216729,0.763000365,41.4612765,Good,453,Loyal Customer
46,50,Tennessee,1,25,Annually,1,-1.435186888,74.07888042,-3.435186888,78.22334127,Average,131,Lost
47,57,California,1,45,Quarterly,3,0.930540538,50.57666168,-1.069459462,57.50748949,Average,152,Need Attention
48,55,Montana,1,36,Weekly,57,2.182184704,38.14225583,0.182184704,46.54727712,Good,443,Loyal Customer
49,42,Nevada,1,38,Monthly,12,1.187693388,48.02198761,-0.812306612,55.25569148,Average,343,Loyal Customer
50,68,New Jersey,1,34,Bi-Weekly,114,2.518867625,34.79749363,0.518867625,43.59906195,Good,541,Loyal Customer
51,49,Maryland,1,39,Bi-Weekly,114,2.780550561,32.19781561,0.780550561,41.30759555,Poor,541,Loyal Customer
52,59,Vermont,1,7,Quarterly,3,-1.02446935,69.99862446,-3.02446935,74.62683072,Good,113,Lost
53,42,Alaska,1,26,Weekly,57,0.05424871,59.28214566,-1.94575129,65.18087207,Average,431,Potential Loyalist
54,29,Mississippi,1,35,Weekly,57,0.846192019,51.41461847,-1.153807981,58.24610012,Average,441,Loyal Customer
55,47,New Mexico,1,35,Bi-Weekly,114,5.290528313,7.262548133,3.290528313,19.32859386,Good,545,Champion
56,40,South Carolina,1,49,Annually,1,0.521834993,54.63692957,-1.478165007,61.08638171,Average,151,Need Attention
57,41,Mississippi,1,46,Weekly,57,3.676737754,23.29468197,1.676737754,33.45999617,Good,454,Champion
58,21,West Virginia,1,17,Fortnightly,28,0.531798755,54.537945,-1.468201245,60.99913252,Good,323,Promising
59,69,Missouri,1,29,Monthly,12,0.522426668,54.63105161,-1.477573332,61.08120063,Good,333,Promising
60,63,Louisiana,1,4,Weekly,57,1.022565375,49.66244485,-0.977434625,56.70166002,Good,414,Recent Customer
61,50,Idaho,1,17,Weekly,57,0.149041521,58.3404305,-1.850958479,64.35080441,Good,422,Potential Loyalist
62,55,Texas,1,21,Every 3 Months,4,0.350850499,56.33556777,-1.649149501,62.58363342,Good,233,At Risk
63,30,Mississippi,1,31,Fortnightly,28,-0.314723829,62.94768769,-2.314723829,68.41183619,Average,341,Loyal Customer
64,33,Arizona,1,43,Weekly,57,3.722410534,22.84094767,1.722410534,33.06005553,Average,454,Champion
65,65,Alabama,1,18,Fortnightly,28,1.403310615,45.87994741,-0.596689385,53.36760646,Good,324,Promising
66,65,New Jersey,1,44,Every 3 Months,4,0.591849931,53.94136915,-1.408150069,60.47328527,Good,252,Need Attention
67,31,Pennsylvania,1,3,Every 3 Months,4,0.202631886,57.8080393,-1.797368114,63.88153224,Good,215,About to Sleep
68,45,Connecticut,1,49,Monthly,12,1.020226527,49.68568003,-0.979773473,56.7221405,Good,351,Loyal Customer
69,57,Utah,1,21,Every 3 Months,4,-0.57811115,65.56429786,-2.57811115,70.7182273,Average,232,Need Attention
70,48,Tennessee,1,5,Weekly,57,0.711762408,52.75010373,-1.288237592,59.42325344,Good,414,Recent Customer
71,22,Alabama,1,32,Every 3 Months,4,-0.534450363,65.13055163,-2.534450363,70.33590498,Good,241,Need Attention
72,36,Virginia,1,34,Annually,1,0.327943599,56.5631354,-1.672056401,62.78422118,Average,142,Need Attention
73,18,Georgia,1,21,Every 3 Months,4,-1.422621741,73.95405249,-3.422621741,78.11331264,Average,231,Need Attention
74,48,Hawaii,1,43,Bi-Weekly,114,5.464312939,5.536092141,3.464312939,17.80682237,Average,555,Champion
75,49,Indiana,1,3,Monthly,12,-1.108567987,70.8340988,-3.108567987,75.36325322,Good,313,Need Attention
76,64,Utah,1,21,Annually,1,0.990339805,49.9825884,-1.009660195,56.98384812,Average,135,At Risk
77,50,Delaware,1,32,Monthly,12,0.26562624,57.18222456,-1.73437376,63.32991261,Good,342,Loyal Customer
78,22,Delaware,1,36,Fortnightly,28,1.382627111,46.08542681,-0.617372889,53.54872471,Average,343,Loyal Customer
79,50,Nebraska,1,50,Fortnightly,28,3.956372418,20.51666326,1.956372418,31.01133274,Good,355,Loyal Customer
80,38,Iowa,1,43,Every 3 Months,4,3.056154903,29.45983596,1.056154903,38.89422423,Average,255,At Risk
81,19,New York,1,24,Every 3 Months,4,0.727433014,52.59442476,-1.272566986,59.28603139,Poor,234,At Risk
82,67,Virginia,1,36,Every 3 Months,4,2.571567311,34.27395084,0.571567311,43.13758914,Average,245,At Risk
83,19,Georgia,1,21,Every 3 Months,4,-1.338170681,73.11507702,-3.338170681,77.37380411,Good,231,Need Attention
84,36,Texas,1,34,Weekly,57,1.452573692,45.39054546,-0.547426308,52.93622683,Good,442,Loyal Customer
85,52,Arizona,1,42,Every 3 Months,4,0.284494215,56.99478147,-1.715505785,63.16469231,Good,251,Need Attention
86,53,New Mexico,1,2,Bi-Weekly,114,3.048269477,29.5381734,1.048269477,38.96327416,Good,515,Recent Customer
87,24,Nevada,1,47,Bi-Weekly,114,3.883296836,21.24262953,1.883296836,31.65123018,Average,552,Loyal Customer
88,52,Ohio,1,44,Fortnightly,28,1.936441502,40.58358123,-0.063558498,48.69916481,Average,353,Loyal Customer
89,33,Wyoming,1,35,Monthly,12,0.642208755,53.44108155,-1.357791245,60.03231058,Average,342,Loyal Customer
90,47,California,1,15,Quarterly,3,0.54275775,54.42907334,-1.45724225,60.90316842,Average,124,Need Attention
91,25,South Carolina,1,29,Monthly,12,0.269073491,57.147978,-1.730926509,63.29972623,Average,332,Promising
92,44,South Carolina,1,18,Every 3 Months,4,1.452161518,45.39464019,-0.547838482,52.9398361,Good,225,About to Sleep
93,61,Texas,1,13,Every 3 Months,4,0.599321169,53.86714645,-1.400678831,60.40786224,Good,225,About to Sleep
94,37,Florida,1,46,Weekly,57,3.212256929,27.90904701,1.212256929,37.52729311,Good,453,Loyal Customer
95,58,Nevada,1,28,Weekly,57,2.557331961,34.41537132,0.557331961,43.26224314,Good,434,Potential Loyalist
96,37,Missouri,1,48,Monthly,12,3.780110206,22.26773273,1.780110206,32.55479959,Average,355,Loyal Customer
97,32,Delaware,1,43,Every 3 Months,4,2.084967724,39.10805378,0.084967724,47.39857237,Poor,254,At Risk
98,21,Virginia,1,37,Annually,1,2.393547295,36.04248313,0.393547295,44.69644846,Good,145,At Risk
99,20,New York,1,20,Annually,1,0.161053475,58.22109826,-1.838946525,64.24561992,Average,123,Need Attention
100,26,Missouri,1,33,Quarterly,3,-0.026857638,60.08789324,-2.026857638,65.89109214,Average,142,Need Attention
101,62,South Dakota,1,31,Fortnightly,28,2.936641945,30.64713238,0.936641945,39.94075762,Average,345,Loyal Customer
102,27,North Dakota,1,50,Bi-Weekly,114,5.948900532,0.721977263,3.948900532,13.56345746,Good,555,Champion
103,51,Oklahoma,1,35,Quarterly,3,1.251685257,47.3862631,-0.748314743,54.69533695,Good,143,At Risk
104,54,West Virginia,1,22,Bi-Weekly,114,4.179452279,18.30048585,2.179452279,29.05790003,Good,535,Potential Loyalist
105,55,New Hampshire,1,1,Monthly,12,-2.682689589,86.47214306,-4.682689589,89.14728828,Good,311,Lost
106,69,New York,1,4,Annually,1,0.277965048,57.0596452,-1.722034952,63.22186596,Average,115,Need Attention
107,64,Minnesota,1,31,Monthly,12,-0.141404795,61.22585711,-2.141404795,66.89414173,Average,341,Loyal Customer
108,28,Maryland,1,46,Fortnightly,28,2.666052514,33.3352916,0.666052514,42.3102151,Average,353,Loyal Customer
109,70,Montana,1,32,Bi-Weekly,114,4.449464974,15.61805619,2.449464974,26.69349283,Average,544,Champion
110,58,Alabama,1,43,Fortnightly,28,3.218431648,27.84770453,1.218431648,37.47322325,Average,355,Loyal Customer
111,56,New York,1,26,Fortnightly,28,-0.449730176,64.28890252,-2.449730176,69.59403979,Good,331,Promising
112,26,Massachusetts,1,9,Annually,1,-0.262637078,62.43023407,-2.262637078,67.95573064,Good,114,Need Attention
113,37,Florida,1,28,Bi-Weekly,114,3.581400364,24.24180722,1.581400364,34.29483252,Good,533,Potential Loyalist
114,44,New Jersey,1,20,Quarterly,3,-0.335648612,63.15556406,-2.335648612,68.59506723,Average,123,Need Attention
115,70,Massachusetts,1,9,Weekly,57,2.044307842,39.51198766,0.044307842,47.75461681,Average,415,Recent Customer
116,53,Wyoming,1,48,Every 3 Months,4,3.317837839,26.86015794,1.317837839,36.60275783,Average,255,At Risk
117,55,Virginia,1,12,Annually,1,0.409524144,55.75267694,-1.590475856,62.06984874,Average,125,Need Attention
118,50,South Dakota,1,29,Fortnightly,28,0.011303398,59.70878404,-1.988696602,65.55692922,Good,331,Promising
119,50,Kentucky,1,27,Bi-Weekly,114,2.667662975,33.31929254,0.667662975,42.29611285,Good,532,Potential Loyalist
120,38,Wyoming,1,44,Annually,1,2.202526416,37.94017195,0.202526416,46.36915183,Good,154,At Risk
121,64,West Virginia,1,32,Annually,1,1.709609064,42.83703847,-0.290390936,50.68545753,Good,144,At Risk
122,19,Virginia,1,11,Fortnightly,28,0.454242198,55.30842733,-1.545757802,61.6782683,Good,324,Promising
123,40,Washington,1,44,Fortnightly,28,1.387509619,46.03692174,-0.612490381,53.50597028,Good,352,Loyal Customer
124,57,Louisiana,1,46,Weekly,57,4.352346227,16.58287827,2.352346227,27.5439279,Average,455,Champion
125,44,Nevada,1,50,Annually,1,3.040142505,29.61891046,1.040142505,39.03443923,Average,155,At Risk
126,49,California,1,45,Every 3 Months,4,1.421136261,45.70285929,-0.578863739,53.21151348,Average,253,At Risk
127,43,Mississippi,1,48,Every 3 Months,4,0.868757127,51.19044636,-1.131242873,58.04850532,Average,252,Need Attention
128,24,Mississippi,1,26,Weekly,57,2.967810247,30.3374922,0.967810247,39.66782764,Good,435,Potential Loyalist
129,20,California,1,21,Fortnightly,28,-0.542510994,65.21062962,-2.542510994,70.40648912,Good,331,Promising
130,24,Pennsylvania,1,49,Bi-Weekly,114,5.119614202,8.960487123,3.119614202,20.82522926,Good,553,Loyal Customer
131,44,Kentucky,1,13,Fortnightly,28,-0.800746679,67.77606107,-2.800746679,72.66776915,Average,322,Promising
132,28,Maine,1,46,Weekly,57,1.818814455,41.75214214,-0.181185545,49.72918393,Average,451,Loyal Customer
133,30,New Mexico,1,42,Weekly,57,2.766447615,32.33792072,0.766447615,41.43109013,Good,453,Loyal Customer
134,52,Montana,1,25,Annually,1,0.422736411,55.62142024,-1.577263589,61.95415352,Poor,133,At Risk
135,43,Texas,1,25,Monthly,12,1.934540653,40.60246514,-0.065459347,48.71580989,Good,335,Promising
136,43,Kansas,1,12,Quarterly,3,0.250626294,57.33124089,-1.749373706,63.46126191,Good,124,Need Attention
137,39,South Carolina,1,4,Quarterly,3,-0.09206045,60.73564781,-2.09206045,66.46205047,Average,115,Need Attention
138,68,Colorado,1,38,Weekly,57,1.856157477,41.38115948,-0.143842523,49.40218408,Good,442,Loyal Customer
139,68,Georgia,1,42,Weekly,57,1.541907259,44.50306493,-0.458092741,52.15396388,Good,451,Loyal Customer
140,49,Florida,1,30,Annually,1,2.035636291,39.59813481,0.035636291,47.83055057,Average,135,At Risk
141,63,North Carolina,1,50,Weekly,57,2.053496121,39.42070709,0.053496121,47.67415825,Average,451,Loyal Customer
142,56,Virginia,1,45,Weekly,57,2.467421658,35.30858141,0.467421658,44.04955637,Good,452,Loyal Customer
143,37,Nebraska,1,33,Fortnightly,28,1.386074361,46.05118024,-0.613925639,53.51853833,Average,343,Loyal Customer
144,30,Missouri,1,25,Quarterly,3,-0.242867794,62.23383696,-2.242867794,67.7826179,Average,132,Need Attention
145,19,New Jersey,1,25,Monthly,12,-0.218961353,61.99633944,-2.218961353,67.57327751,Average,332,Promising
146,24,Missouri,1,44,Quarterly,3,3.057041274,29.45103035,1.057041274,38.88646259,Good,155,At Risk
147,52,Colorado,1,21,Fortnightly,28,-0.626962053,66.04960508,-2.626962053,71.14599765,Good,331,Promising
148,63,Idaho,1,31,Fortnightly,28,1.500973941,44.90971525,-0.499026059,52.5124027,Average,343,Loyal Customer
149,37,Wyoming,1,47,Annually,1,3.001364226,30.00415163,1.001364226,39.37400713,Average,155,At Risk
150,38,Delaware,1,14,Monthly,12,0.412986333,55.71828197,-1.587013667,62.03953155,Average,324,Promising
151,35,California,1,17,Every 3 Months,4,1.25625813,47.34083408,-0.74374187,54.65529389,Good,225,About to Sleep
152,28,North Dakota,1,3,Annually,1,-1.860312698,78.30227473,-3.860312698,81.94602004,Good,112,Hibernating
153,30,South Carolina,1,42,Annually,1,2.444102583,35.54024377,0.444102583,44.2537534,Good,155,At Risk
154,69,North Carolina,1,22,Annually,1,-0.207199282,61.87948964,-2.207199282,67.47028115,Average,133,At Risk
155,41,Oklahoma,1,21,Quarterly,3,1.591501486,44.01037319,-0.408498514,51.71968449,Average,135,At Risk
156,63,Maine,1,21,Quarterly,3,0.704765366,52.81961554,-1.295234634,59.4845241,Good,134,At Risk
157,35,Missouri,1,40,Annually,1,-0.185657256,61.66548131,-2.185657256,67.28164513,Good,141,Need Attention
158,36,Vermont,1,1,Fortnightly,28,-0.40692791,63.86368523,-2.40692791,69.21923524,Average,313,Need Attention
159,25,Connecticut,1,50,Monthly,12,2.778474507,32.21844008,0.778474507,41.32577483,Good,354,Loyal Customer
160,58,New Hampshire,1,39,Every 3 Months,4,-0.13431383,61.15541221,-2.13431383,66.83204861,Average,241,Need Attention
161,27,Texas,1,34,Monthly,12,-0.440430753,64.19651779,-2.440430753,69.51260797,Good,341,Loyal Customer
162,65,North Dakota,1,29,Fortnightly,28,0.7291374,52.57749261,-1.2708626,59.27110668,Average,332,Promising
163,54,California,1,31,Bi-Weekly,114,4.169110527,18.40322555,2.169110527,29.14845915,Average,544,Champion
164,54,Virginia,1,8,Weekly,57,0.792766216,51.94537483,-1.207233784,58.71393128,Average,413,Recent Customer
165,59,Delaware,1,5,Fortnightly,28,-0.256697303,62.37122563,-2.256697303,67.9037181,Average,313,Need Attention
166,42,Kentucky,1,7,Monthly,12,-0.747209732,67.24420055,-2.747209732,72.19896474,Average,313,Need Attention
167,46,Delaware,1,30,Monthly,12,-0.379533712,63.59153873,-2.379533712,68.97935378,Good,331,Promising
168,33,Arkansas,1,14,Every 3 Months,4,-1.864983804,78.34867963,-3.864983804,81.98692328,Good,221,About to Sleep
169,34,Louisiana,1,5,Fortnightly,28,0.37668564,56.07890966,-1.62331436,62.35740409,Average,314,Need Attention
170,27,Nevada,1,3,Every 3 Months,4,-2.499802004,84.6552541,-4.499802004,87.54580534,Average,211,About to Sleep
171,52,Wyoming,1,46,Bi-Weekly,114,3.138461565,28.64216393,1.138461565,38.17349344,Average,551,Loyal Customer
172,29,Virginia,1,4,Weekly,57,-0.835357924,68.11990502,-2.835357924,72.97084778,Average,411,Recent Customer
173,54,Nebraska,1,42,Bi-Weekly,114,4.635026609,13.774602,2.635026609,25.06859417,Average,553,Loyal Customer
174,25,Hawaii,1,30,Annually,1,-0.033414656,60.15303365,-2.033414656,65.94850966,Average,132,Need Attention
175,41,Vermont,1,37,Annually,1,-0.013307888,59.95328382,-2.013307888,65.77244169,Average,141,Need Attention
176,53,Oklahoma,1,2,Annually,1,-0.282743846,62.62998391,-2.282743846,68.13179861,Average,115,Need Attention
177,53,New Hampshire,1,30,Quarterly,3,1.496708675,44.95208835,-0.503291325,52.54975215,Average,134,At Risk
178,21,Kansas,1,47,Monthly,12,1.261802695,47.28575184,-0.738197305,54.60674207,Average,352,Loyal Customer
179,61,Idaho,1,21,Quarterly,3,-0.730902637,67.08219841,-2.730902637,72.05616918,Good,132,Need Attention
180,64,Illinois,1,9,Fortnightly,28,-1.415458111,73.88288571,-3.415458111,78.05058323,Good,311,Lost
181,51,South Dakota,1,12,Fortnightly,28,0.903498762,50.84530706,-1.096501238,57.74428491,Average,324,Promising
182,32,Massachusetts,1,4,Weekly,57,0.262505843,57.21322401,-1.737494157,63.35723683,Good,413,Recent Customer
183,38,Alabama,1,10,Annually,1,0.693325841,52.93326102,-1.306674159,59.58469604,Average,115,Need Attention
184,58,Ohio,1,26,Weekly,57,0.434278476,55.50675608,-1.565721524,61.85308367,Average,431,Potential Loyalist
185,32,Hawaii,1,40,Fortnightly,28,0.815023716,51.72425865,-1.184976284,58.5190301,Average,341,Loyal Customer
186,46,Wisconsin,1,34,Fortnightly,28,0.357437393,56.27013056,-1.642562607,62.52595429,Good,341,Loyal Customer
187,39,Minnesota,1,31,Annually,1,0.458067439,55.27042564,-1.541932561,61.644772,Average,143,At Risk
188,19,Georgia,1,1,Bi-Weekly,114,2.936817149,30.64539183,0.936817149,39.93922342,Average,515,Recent Customer
189,50,Arkansas,1,5,Bi-Weekly,114,1.482477634,45.09346602,-0.517522366,52.67436842,Average,513,Recent Customer
190,36,West Virginia,1,4,Weekly,57,1.149241963,48.40398165,-0.850758037,55.59239722,Good,414,Recent Customer
191,65,Indiana,1,48,Quarterly,3,2.278310232,37.18730085,0.278310232,45.70553932,Average,154,At Risk
192,64,Utah,1,29,Every 3 Months,4,1.242469127,47.47782035,-0.757530873,54.77603939,Average,234,At Risk
193,46,Nebraska,1,12,Bi-Weekly,114,0.953652518,50.3470567,-1.046347482,57.30510593,Average,521,Potential Loyalist
194,36,North Dakota,1,29,Annually,1,2.17753714,38.18842685,0.17753714,46.58797422,Average,135,At Risk
195,51,Missouri,1,15,Quarterly,3,1.007238575,49.81470829,-0.992761425,56.83587148,Average,125,Need Attention
196,51,New York,1,34,Monthly,12,-0.355979694,63.35754233,-2.355979694,68.77309944,Good,341,Loyal Customer
197,38,Washington,1,41,Fortnightly,28,3.206654639,27.96470273,1.206654639,37.57635042,Average,355,Loyal Customer
198,59,South Carolina,1,41,Monthly,12,2.366560964,36.3105777,0.366560964,44.93275837,Average,354,Loyal Customer
199,57,Utah,1,39,Fortnightly,28,1.252503271,47.37813657,-0.747496729,54.68817388,Good,342,Loyal Customer
200,54,Idaho,1,32,Weekly,57,2.707562569,32.92291172,0.707562569,41.94672599,Average,444,Champion
201,25,Pennsylvania,1,29,Monthly,12,0.818005374,51.69463749,-1.181994626,58.49292076,Average,333,Promising
202,69,Missouri,1,15,Annually,1,-2.085229349,80.53669965,-4.085229349,83.91553687,Good,121,Hibernating
203,57,Nebraska,1,33,Annually,1,-0.163538495,61.44574341,-2.163538495,67.08795883,Average,142,Need Attention
204,70,Indiana,1,18,Weekly,57,0.26049385,57.23321207,-1.73950615,63.37485516,Average,422,Potential Loyalist
205,24,Arizona,1,35,Bi-Weekly,114,5.543881491,4.745621746,3.543881491,17.11006826,Good,545,Champion
206,67,Hawaii,1,25,Weekly,57,1.84294521,41.51241618,-0.15705479,49.5178793,Average,433,Potential Loyalist
207,24,Wisconsin,1,6,Fortnightly,28,-0.609725799,65.87837225,-2.609725799,70.99506578,Good,313,Need Attention
208,62,Rhode Island,1,17,Bi-Weekly,114,3.917769344,20.90016387,1.917769344,31.34936643,Average,525,Potential Loyalist
209,57,Wisconsin,1,17,Monthly,12,-0.983903392,69.59562367,-2.983903392,74.27160874,Good,322,Promising
210,55,Minnesota,1,44,Every 3 Months,4,3.167607232,28.35261754,1.167607232,37.91827498,Average,255,At Risk
211,45,Vermont,1,6,Fortnightly,28,-2.003168273,79.72146738,-4.003168273,83.1969566,Average,311,Lost
212,69,South Dakota,1,45,Fortnightly,28,3.652463953,23.53582902,1.652463953,33.67255341,Good,355,Loyal Customer
213,67,Virginia,1,7,Annually,1,-0.02106091,60.03030589,-2.02106091,65.8403322,Good,114,Need Attention
214,30,Nevada,1,11,Every 3 Months,4,0.714220748,52.72568146,-1.285779252,59.40172661,Good,225,About to Sleep
215,24,Hawaii,1,41,Every 3 Months,4,0.975326947,50.131733,-1.024673053,57.11531049,Good,252,Need Attention
216,62,New Jersey,1,24,Bi-Weekly,114,3.262267639,27.41221774,1.262267639,37.08936673,Average,533,Potential Loyalist
217,43,Massachusetts,1,21,Weekly,57,1.439361426,45.52180216,-0.560638574,53.05192205,Average,433,Potential Loyalist
218,35,Oklahoma,1,24,Annually,1,-0.36432439,63.44044237,-2.36432439,68.84617104,Average,132,Need Attention
219,28,California,1,8,Quarterly,3,-1.546399965,75.183722,-3.546399965,79.19719548,Average,112,Hibernating
220,32,Nevada,1,12,Fortnightly,28,1.199077469,47.90889294,-0.800922531,55.15600504,Average,325,Promising
221,39,Arizona,1,48,Fortnightly,28,2.382250816,36.15470752,0.382250816,44.79536779,Average,353,Loyal Customer
222,28,North Carolina,1,6,Quarterly,3,-0.713666384,66.91096558,-2.713666384,71.90523731,Good,113,Lost
223,47,New York,1,14,Fortnightly,28,1.590884244,44.01650515,-0.409115756,51.72508947,Good,325,Promising
224,20,Wyoming,1,34,Annually,1,0.032364893,59.49954952,-1.967635107,65.37250105,Good,142,Need Attention
225,63,South Dakota,1,12,Every 3 Months,4,0.361192252,56.23282807,-1.638807748,62.4930743,Average,224,About to Sleep
226,25,Arkansas,1,11,Annually,1,-2.362136544,83.28762244,-4.362136544,86.34031682,Average,121,Hibernating
227,29,Texas,1,5,Monthly,12,-0.294505917,62.74683371,-2.294505917,68.23479497,Average,314,Need Attention
228,50,Rhode Island,1,25,Fortnightly,28,2.183476915,38.12941841,0.183476915,46.53596168,Good,335,Promising
229,18,New Hampshire,1,11,Annually,1,0.044718638,59.37682176,-1.955281362,65.26432359,Average,124,Need Attention
230,70,Ohio,1,27,Every 3 Months,4,-0.922809888,68.98869284,-2.922809888,73.73663419,Good,231,Need Attention
231,66,Utah,1,43,Annually,1,2.640005971,33.59404988,0.640005971,42.53829561,Good,155,At Risk
232,28,Tennessee,1,18,Every 3 Months,4,-1.630302137,76.01724458,-3.630302137,79.9318976,Average,221,About to Sleep
233,54,Hawaii,1,32,Bi-Weekly,114,2.253737438,37.43141822,0.253737438,45.92071472,Good,541,Loyal Customer
234,19,Arizona,1,27,Every 3 Months,4,1.399594236,45.91686762,-0.600405764,53.40014949,Good,234,At Risk
235,20,South Dakota,1,24,Weekly,57,0.718080173,52.68734016,-1.281919827,59.36793097,Average,432,Potential Loyalist
236,43,New Jersey,1,31,Quarterly,3,1.90373971,40.9084558,-0.09626029,48.98552302,Average,145,At Risk
237,38,North Dakota,1,39,Fortnightly,28,2.22369045,37.72991875,0.22369045,46.18382574,Average,343,Loyal Customer
238,50,Iowa,1,36,Fortnightly,28,2.944971703,30.56438075,0.944971703,39.86781682,Average,345,Loyal Customer
239,64,Ohio,1,5,Annually,1,-2.270790984,82.38015385,-4.270790984,85.54043554,Good,111,Hibernating
240,49,Vermont,1,47,Bi-Weekly,114,4.305552131,17.04775222,2.305552131,27.95368751,Average,552,Loyal Customer
241,47,Montana,1,29,Fortnightly,28,0.560235282,54.25544354,-1.439764718,60.75012375,Average,332,Promising
242,36,Delaware,1,43,Bi-Weekly,114,5.590989528,4.277628947,3.590989528,16.69755957,Good,555,Champion
243,55,New York,1,40,Every 3 Months,4,2.383993682,36.1373931,0.383993682,44.78010613,Good,245,At Risk
244,25,Kentucky,1,4,Monthly,12,0.734131052,52.52788339,-1.265868948,59.22737901,Average,315,Need Attention
245,53,Oregon,1,39,Weekly,57,1.883158746,41.11291652,-0.116841254,49.16574336,Good,442,Loyal Customer
246,49,Rhode Island,1,45,Fortnightly,28,2.005668301,39.89585054,0.005668301,48.09296982,Average,353,Loyal Customer
247,35,Nevada,1,20,Bi-Weekly,114,3.914322093,20.93441044,1.914322093,31.3795528,Average,525,Potential Loyalist
248,29,Montana,1,14,Weekly,57,1.165901481,48.23847838,-0.834098519,55.44651563,Good,423,Potential Loyalist
249,47,Pennsylvania,1,33,Weekly,57,3.916878665,20.90901228,1.916878665,31.35716579,Good,445,Champion
250,53,Alaska,1,18,Annually,1,-0.821910714,67.98631428,-2.821910714,72.85309523,Good,122,Hibernating
251,33,Mississippi,1,9,Weekly,57,-0.911479225,68.87612885,-2.911479225,73.63741551,Good,411,Recent Customer
252,21,Wyoming,1,34,Annually,1,0.454620188,55.30467221,-1.545379812,61.67495837,Poor,142,Need Attention
253,32,Delaware,1,33,Fortnightly,28,0.66824036,53.18247167,-1.33175964,59.80436087,Average,342,Loyal Customer
254,52,Oklahoma,1,15,Bi-Weekly,114,3.019256214,29.82640443,1.019256214,39.21733321,Good,524,Potential Loyalist
255,67,Indiana,1,4,Bi-Weekly,114,0.94877001,50.39556176,-1.05122999,57.34786035,Average,512,Recent Customer
256,43,Maryland,1,25,Annually,1,-1.477412418,74.49836815,-3.477412418,78.59309554,Good,131,Lost
257,58,South Dakota,1,20,Every 3 Months,4,-1.322946421,72.96383226,-3.322946421,77.24049056,Good,221,About to Sleep
258,20,West Virginia,1,5,Quarterly,3,-1.416276126,73.89101224,-3.416276126,78.0577463,Good,113,Lost
259,61,Alabama,1,16,Quarterly,3,0.231954783,57.51673222,-1.768045217,63.62476183,Average,124,Need Attention
260,32,Louisiana,1,13,Annually,1,-0.745789413,67.23009045,-2.745789413,72.1865275,Average,123,Need Attention
261,38,Montana,1,11,Every 3 Months,4,-0.805898315,67.82723978,-2.805898315,72.71288023,Average,223,About to Sleep
262,21,California,1,21,Annually,1,0.652535569,53.33849025,-1.347464431,59.94188226,Good,134,At Risk
263,37,Hawaii,1,6,Annually,1,-1.948211008,79.17549676,-3.948211008,82.71571495,Poor,112,Hibernating
264,27,Iowa,1,29,Monthly,12,0.184622432,57.98695346,-1.815377568,64.03923476,Good,332,Promising
265,36,Colorado,1,15,Annually,1,0.279400305,57.0453867,-1.720599695,63.20929791,Average,124,Need Attention
266,32,Michigan,1,17,Bi-Weekly,114,2.566552399,34.32377127,0.566552399,43.18150298,Average,523,Potential Loyalist
267,51,Louisiana,1,32,Weekly,57,2.792013628,32.08393626,0.792013628,41.20721746,Average,444,Champion
268,64,Maryland,1,42,Annually,1,1.135111168,48.54436344,-0.864888832,55.71613568,Average,153,At Risk
269,68,Georgia,1,21,Monthly,12,-0.538094078,65.16674996,-2.538094078,70.36781173,Average,332,Promising
270,68,Georgia,1,9,Bi-Weekly,114,1.379355064,46.11793282,-0.620644936,53.57737688,Average,512,Recent Customer
271,33,North Dakota,1,16,Annually,1,-0.749236664,67.26433702,-2.749236664,72.21671387,Good,123,Need Attention
272,65,Maryland,1,42,Fortnightly,28,2.473596377,35.24723893,0.473596377,43.99548651,Good,354,Loyal Customer
273,48,Oregon,1,37,Bi-Weekly,114,2.557645904,34.41225247,0.557645904,43.25949405,Good,541,Loyal Customer
274,69,North Dakota,1,32,Quarterly,3,-0.391663144,63.71203806,-2.391663144,69.085567,Good,141,Need Attention
275,59,Maryland,1,28,Bi-Weekly,114,2.18795789,38.08490235,0.18795789,46.49672333,Average,531,Potential Loyalist
276,48,Virginia,1,13,Weekly,57,1.898959743,40.95594219,-0.101040257,49.02737954,Good,425,Potential Loyalist
277,25,South Dakota,1,11,Fortnightly,28,-1.319230042,72.92691205,-3.319230042,77.20794752,Average,321,Promising
278,29,Georgia,1,36,Bi-Weekly,114,2.615095693,33.84151997,0.615095693,42.75642624,Average,541,Loyal Customer
279,57,Hawaii,1,23,Annually,1,1.551048698,44.41224969,-0.448951302,52.07391548,Average,135,At Risk
280,23,Arkansas,1,37,Monthly,12,1.709624002,42.83689006,-0.290375998,50.68532672,Good,344,Loyal Customer
281,45,Montana,1,21,Bi-Weekly,114,3.26571489,27.37797117,1.26571489,37.05918036,Good,534,Potential Loyalist
282,38,Oklahoma,1,22,Bi-Weekly,114,2.997137453,30.04614233,0.997137453,39.41101951,Poor,533,Potential Loyalist
283,21,Minnesota,1,9,Monthly,12,0.826911869,51.60615629,-1.173088131,58.41492968,Average,315,Need Attention
284,32,Montana,1,16,Annually,1,-1.678198313,76.49306711,-3.678198313,80.35130775,Average,121,Hibernating
285,63,Ohio,1,4,Quarterly,3,-1.823307161,77.93464479,-3.823307161,81.62197542,Average,112,Hibernating
286,29,Kentucky,1,3,Bi-Weekly,114,0.752866623,52.34175565,-1.247133377,59.06331814,Good,512,Recent Customer
287,27,Nebraska,1,6,Annually,1,-1.483730183,74.56113172,-3.483730183,78.64841801,Average,112,Hibernating
288,56,Delaware,1,18,Fortnightly,28,-0.539063743,65.17638305,-2.539063743,70.37630275,Average,322,Promising
289,30,North Carolina,1,34,Bi-Weekly,114,3.87008457,21.37388623,1.87008457,31.7669254,Average,543,Loyal Customer
290,49,New York,1,26,Monthly,12,1.623737686,43.69012403,-0.376262314,51.43740331,Good,335,Promising
291,58,Colorado,1,50,Weekly,57,2.264623769,37.32326843,0.264623769,45.82538691,Average,451,Loyal Customer
292,57,Delaware,1,40,Monthly,12,0.10160663,58.81167042,-1.89839337,64.76617525,Average,341,Loyal Customer
293,60,Utah,1,24,Quarterly,3,1.841407413,41.52769336,-0.158592587,49.53134526,Good,135,At Risk
294,69,Connecticut,1,33,Annually,1,-0.121312965,61.02625568,-2.121312965,66.71820457,Average,142,Need Attention
295,70,New Jersey,1,19,Every 3 Months,4,-1.814428516,77.84644027,-3.814428516,81.54422822,Good,221,About to Sleep
296,53,West Virginia,1,24,Quarterly,3,-0.56544777,65.43849405,-2.56544777,70.60733849,Average,132,Need Attention
297,25,Indiana,1,19,Weekly,57,1.849839712,41.44392305,-0.150160288,49.45750655,Good,424,Potential Loyalist
298,48,Delaware,1,4,Bi-Weekly,114,0.273161538,57.10736546,-1.726838462,63.26392862,Good,511,Recent Customer
299,69,Maryland,1,11,Every 3 Months,4,-0.974800433,69.50519071,-2.974800433,74.1918973,Good,223,About to Sleep
300,25,Pennsylvania,1,28,Fortnightly,28,1.968902016,40.26110364,-0.031097984,48.41491939,Average,334,Promising
301,29,Iowa,1,24,Weekly,57,3.209386415,27.93756401,1.209386415,37.55242921,Good,435,Potential Loyalist
302,46,Pennsylvania,1,25,Every 3 Months,4,1.767846993,42.25847624,-0.232153007,50.17548826,Average,235,At Risk
303,37,Delaware,1,27,Every 3 Months,4,-0.247201415,62.27688914,-2.247201415,67.82056591,Average,232,Need Attention
304,20,Oregon,1,49,Weekly,57,3.335486267,26.68483038,1.335486267,36.44821669,Average,453,Loyal Customer
305,40,Oregon,1,45,Bi-Weekly,114,5.560541008,4.580118478,3.560541008,16.96418666,Average,554,Champion
306,60,Utah,1,26,Annually,1,0.238610032,57.45061593,-1.761389968,63.56648413,Average,133,At Risk
307,26,North Dakota,1,4,Annually,1,-1.70663484,76.77556857,-3.70663484,80.60031652,Average,112,Hibernating
308,29,Florida,1,3,Every 3 Months,4,-2.415350945,83.81627864,-4.415350945,86.8062968,Average,211,About to Sleep
309,66,Maryland,1,45,Bi-Weekly,114,3.238136884,27.6519437,1.238136884,37.30067136,Average,551,Loyal Customer
310,66,Minnesota,1,21,Fortnightly,28,-0.964766289,69.40550693,-2.964766289,74.10403179,Good,331,Promising
311,56,Montana,1,50,Fortnightly,28,3.703019241,23.03358965,1.703019241,33.22985834,Good,355,Loyal Customer
312,69,Rhode Island,1,19,Monthly,12,-0.254292381,62.34733404,-2.254292381,67.88265903,Good,323,Promising
313,38,Massachusetts,1,6,Annually,1,0.120839939,58.62059793,-1.879160061,64.59775586,Average,115,Need Attention
314,42,Vermont,1,50,Every 3 Months,4,2.738457435,32.61598798,0.738457435,41.6761904,Average,254,At Risk
315,30,New Jersey,1,17,Every 3 Months,4,-1.783979995,77.54395074,-3.783979995,81.27760112,Average,221,About to Sleep
316,66,Wisconsin,1,24,Annually,1,-1.377737099,73.50814792,-3.377737099,77.72027346,Good,131,Lost
317,36,California,1,46,Monthly,12,0.348065305,56.36323716,-1.651934695,62.6080224,Average,351,Loyal Customer
318,58,West Virginia,1,42,Every 3 Months,4,2.395770691,36.0203949,0.395770691,44.67697896,Good,254,At Risk
319,45,South Dakota,1,10,Annually,1,-0.531214515,65.09840523,-2.531214515,70.30756979,Poor,113,Lost
320,47,Maine,1,1,Every 3 Months,4,-0.780332303,67.57325532,-2.780332303,72.48900756,Average,214,About to Sleep
321,66,Kansas,1,28,Quarterly,3,0.978225312,50.10293932,-1.021774688,57.08993053,Good,134,At Risk
322,41,Vermont,1,48,Quarterly,3,0.842642228,51.44988371,-1.157357772,58.2771844,Good,152,Need Attention
323,41,Tennessee,1,47,Monthly,12,3.49975576,25.05290208,1.49975576,35.00976591,Average,355,Loyal Customer
324,66,Tennessee,1,29,Bi-Weekly,114,4.199559047,18.10073602,2.199559047,28.88183206,Average,534,Potential Loyalist
325,37,Wyoming,1,37,Quarterly,3,2.023521798,39.71848574,0.023521798,47.93663297,Good,144,At Risk
326,70,Vermont,1,38,Annually,1,1.533812445,44.58348252,-0.466187555,52.22484735,Good,144,At Risk
327,62,New Jersey,1,48,Weekly,57,2.463974407,35.34282798,0.463974407,44.07974275,Average,452,Loyal Customer
328,61,Iowa,1,36,Weekly,57,1.675478349,43.17610861,-0.324521651,50.98432833,Average,442,Loyal Customer
329,48,Florida,1,9,Weekly,57,0.144159013,58.38893557,-1.855840987,64.39355884,Average,412,Recent Customer
330,70,Nevada,1,34,Monthly,12,-0.102626516,60.84061594,-2.102626516,66.55457384,Average,341,Loyal Customer
331,46,North Dakota,1,43,Bi-Weekly,114,4.028644936,19.79867501,2.028644936,30.37846745,Poor,552,Loyal Customer
332,31,Florida,1,46,Quarterly,3,3.322171461,26.81710576,1.322171461,36.56480982,Average,155,At Risk
333,19,New York,1,5,Monthly,12,0.212200437,57.71298093,-1.787799563,63.79774376,Average,315,Need Attention
334,39,Alaska,1,15,Bi-Weekly,114,2.639226448,33.60179401,0.639226448,42.54512162,Good,523,Potential Loyalist
335,41,Kansas,1,30,Annually,1,-0.033414656,60.15303365,-2.033414656,65.94850966,Average,132,Need Attention
336,20,Oregon,1,44,Every 3 Months,4,2.660900878,33.38647031,0.660900878,42.35532618,Average,255,At Risk
337,36,Rhode Island,1,16,Annually,1,0.475303692,55.09919281,-1.524696308,61.49384012,Good,124,Need Attention
338,32,New Mexico,1,16,Annually,1,-0.453657957,64.3279229,-2.453657957,69.628434,Good,123,Need Attention
339,69,Massachusetts,1,16,Weekly,57,1.853286962,41.40967648,-0.146713038,49.42732018,Average,424,Potential Loyalist
340,40,Pennsylvania,1,21,Every 3 Months,4,-1.127043034,71.01763837,-3.127043034,75.52503277,Average,231,Need Attention
341,40,New Jersey,1,39,Every 3 Months,4,0.710196761,52.76565759,-1.289803239,59.43696327,Average,242,Need Attention
342,20,Utah,1,40,Bi-Weekly,114,2.511973123,34.86598677,0.511973123,43.6594347,Good,541,Loyal Customer
343,64,Kentucky,1,48,Every 3 Months,4,0.868757127,51.19044636,-1.131242873,58.04850532,Average,252,Need Attention
344,27,Nebraska,1,26,Monthly,12,-0.318636672,62.98655967,-2.318636672,68.4460996,Good,332,Promising
345,24,Virginia,1,46,Monthly,12,2.417116252,35.80833833,0.417116252,44.49006331,Good,354,Loyal Customer
346,48,Wyoming,1,27,Annually,1,0.307836831,56.76288523,-1.692163169,62.96028915,Good,133,At Risk
347,49,New Mexico,1,5,Weekly,57,-0.132748182,61.13985836,-2.132748182,66.81833878,Good,412,Recent Customer
348,36,Oregon,1,43,Fortnightly,28,1.360508349,46.30516471,-0.639491651,53.742411,Average,352,Loyal Customer
349,56,South Carolina,1,17,Fortnightly,28,0.320671108,56.63538366,-1.679328892,62.84790385,Average,323,Promising
350,37,Arizona,1,3,Bi-Weekly,114,2.77969204,32.20634455,0.77969204,41.31511331,Average,515,Recent Customer
351,42,Kentucky,1,47,Fortnightly,28,2.777504842,32.22807317,0.777504842,41.33426584,Average,353,Loyal Customer
352,28,New York,1,24,Bi-Weekly,114,4.360131407,16.50553672,2.360131407,27.47575579,Average,535,Potential Loyalist
353,27,Texas,1,12,Every 3 Months,4,-0.145514103,61.26668085,-2.145514103,66.9301255,Good,224,About to Sleep
354,63,Missouri,1,35,Monthly,12,1.360042757,46.30979011,-0.639957243,53.74648803,Good,343,Loyal Customer
355,58,Pennsylvania,1,42,Weekly,57,3.526507147,24.78714156,1.526507147,34.77551332,Average,454,Champion
356,37,Oregon,1,1,Every 3 Months,4,-2.131549247,80.99686272,-4.131549247,84.32114411,Good,212,About to Sleep
357,56,Nevada,1,27,Weekly,57,2.657007281,33.42515109,0.657007281,42.38942106,Poor,434,Potential Loyalist
358,18,Arkansas,1,16,Bi-Weekly,114,2.370649011,36.26996516,0.370649011,44.89696077,Good,523,Potential Loyalist
359,48,Minnesota,1,36,Every 3 Months,4,-0.426445286,64.05757977,-2.426445286,69.39014211,Average,241,Need Attention
360,31,Georgia,1,30,Every 3 Months,4,1.227244867,47.62906511,-0.772755133,54.90935294,Average,234,At Risk
361,51,Rhode Island,1,18,Fortnightly,28,-0.83464245,68.11279717,-2.83464245,72.96458262,Average,321,Promising
362,65,Nevada,1,45,Annually,1,3.116263805,28.86268663,1.116263805,38.3678715,Average,155,At Risk
363,53,Texas,1,1,Fortnightly,28,-0.575830028,65.54163615,-2.575830028,70.69825231,Average,313,Need Attention
364,55,Florida,1,42,Fortnightly,28,3.275881438,27.27697203,1.275881438,36.97015543,Average,355,Loyal Customer
365,62,North Dakota,1,7,Every 3 Months,4,0.226185904,57.5740429,-1.773814096,63.6752779,Average,215,About to Sleep
366,55,West Virginia,1,50,Quarterly,3,3.176823361,28.26106029,1.176823361,37.83757254,Average,155,At Risk
367,64,Nebraska,1,37,Fortnightly,28,0.734019908,52.52898754,-1.265980092,59.22835226,Average,342,Loyal Customer
368,52,Tennessee,1,18,Monthly,12,-0.830225534,68.06891751,-2.830225534,72.92590522,Average,322,Promising
369,24,Oklahoma,1,29,Monthly,12,-0.110956275,60.92336758,-2.110956275,66.62751463,Good,332,Promising
370,38,Wisconsin,1,45,Quarterly,3,0.803863949,51.83512488,-1.196136051,58.6167523,Average,152,Need Attention
371,59,Oregon,1,13,Weekly,57,-0.254542263,62.34981648,-2.254542263,67.88484716,Average,421,Potential Loyalist
372,27,North Carolina,1,47,Monthly,12,2.993049405,30.08675486,0.993049405,39.44681712,Average,354,Loyal Customer
373,24,Pennsylvania,1,7,Weekly,57,1.483598949,45.08232637,-0.516401051,52.66454946,Average,415,Recent Customer
374,23,North Dakota,1,11,Bi-Weekly,114,0.79997466,51.87376286,-1.20002534,58.65080945,Good,521,Potential Loyalist
375,69,Ohio,1,39,Monthly,12,2.228107366,37.68603909,0.228107366,46.14514835,Good,344,Loyal Customer
376,59,Oklahoma,1,6,Quarterly,3,-2.233785447,82.0125239,-4.233785447,85.21639092,Good,111,Hibernating
377,51,South Carolina,1,2,Bi-Weekly,114,1.190346178,47.99563357,-0.809653822,55.23246192,Good,512,Recent Customer
378,63,Maine,1,39,Every 3 Months,4,0.076813818,59.05797356,-1.923186182,64.98327728,Good,241,Need Attention
379,54,Nevada,1,23,Monthly,12,0.44487011,55.40153394,-1.55512989,61.76033641,Good,333,Promising
380,32,Montana,1,46,Bi-Weekly,114,3.307363683,26.964213,1.307363683,36.69447637,Good,551,Loyal Customer
381,39,New Hampshire,1,19,Weekly,57,1.638712064,43.54136171,-0.361287936,51.30627789,Average,424,Potential Loyalist
382,66,Maine,1,3,Every 3 Months,4,-2.710929651,86.75269276,-4.710929651,89.39457667,Average,211,About to Sleep
383,28,California,1,47,Quarterly,3,2.46243661,35.35810516,0.46243661,44.09320871,Average,154,At Risk
384,50,West Virginia,1,6,Quarterly,3,-0.333636618,63.135576,-2.333636618,68.5774489,Poor,114,Need Attention
385,70,California,1,6,Annually,1,-2.243789715,82.11191088,-4.243789715,85.30399482,Good,111,Hibernating
386,67,West Virginia,1,12,Bi-Weekly,114,3.656086408,23.49984189,1.656086408,33.64083283,Average,525,Potential Loyalist
387,64,Louisiana,1,40,Quarterly,3,0.415504425,55.69326609,-1.584495575,62.0174815,Average,142,Need Attention
388,45,Georgia,1,38,Fortnightly,28,3.21010189,27.93045616,1.21010189,37.54616405,Good,345,Loyal Customer
389,22,Washington,1,10,Quarterly,3,0.154398225,58.28721455,-1.845601775,64.30389762,Average,114,Need Attention
390,27,Virginia,1,28,Monthly,12,-0.053506486,60.35263508,-2.053506486,66.12444682,Good,332,Promising
391,25,Indiana,1,19,Annually,1,0.260728794,57.23087803,-1.739271206,63.37279783,Average,124,Need Attention
392,37,Minnesota,1,25,Fortnightly,28,2.014574796,39.80736934,0.014574796,48.01497875,Good,335,Promising
393,26,Idaho,1,38,Annually,1,2.040518799,39.54962975,0.040518799,47.78779614,Average,144,At Risk
394,33,Vermont,1,6,Fortnightly,28,-0.187470504,61.68349494,-2.187470504,67.29752311,Good,313,Need Attention
395,43,North Dakota,1,7,Bi-Weekly,114,0.607518523,53.78571018,-1.392481477,60.33608086,Good,511,Recent Customer
396,37,Rhode Island,1,2,Annually,1,-1.169479966,71.43922627,-3.169479966,75.89663822,Good,113,Lost
397,46,South Carolina,1,24,Annually,1,1.324696791,46.66093311,-0.675303209,54.05600036,Average,135,At Risk
398,22,Mississippi,1,26,Annually,1,-0.310321851,62.90395644,-2.310321851,68.3732896,Average,132,Need Attention
399,20,Montana,1,25,Every 3 Months,4,0.585532166,54.00413272,-1.414467834,60.52860774,Good,233,At Risk
400,60,Idaho,1,10,Monthly,12,-1.595167574,75.66820174,-3.595167574,79.62423645,Average,311,Lost
401,39,Utah,1,14,Fortnightly,28,0.408569417,55.76216163,-1.591430583,62.07820895,Good,323,Promising
402,43,Oklahoma,1,21,Quarterly,3,1.29592278,46.9467873,-0.70407722,54.30796436,Good,135,At Risk
403,31,California,1,26,Monthly,12,1.328158979,46.62653815,-0.671841021,54.02568318,Average,334,Promising
404,19,Nevada,1,12,Annually,1,-1.321722566,72.95167392,-3.321722566,77.22977369,Good,122,Hibernating
405,35,Delaware,1,11,Monthly,12,0.923139938,50.65018263,-1.076860062,57.57229397,Good,325,Promising
406,41,South Carolina,1,15,Annually,1,0.110498187,58.72333762,-1.889501813,64.68831498,Average,124,Need Attention
407,52,Maryland,1,13,Monthly,12,-0.542976586,65.21525503,-2.542976586,70.41056615,Good,323,Promising
408,45,North Carolina,1,5,Bi-Weekly,114,2.453664813,35.4452482,0.453664813,44.17002028,Average,514,Recent Customer
409,34,Alabama,1,36,Fortnightly,28,1.931558995,40.6320863,-0.068441005,48.74191923,Average,343,Loyal Customer
410,35,Minnesota,1,32,Monthly,12,0.603430476,53.82632271,-1.396569524,60.37187847,Average,342,Loyal Customer
411,29,Virginia,1,1,Quarterly,3,-2.833272619,87.96810378,-4.833272619,90.46589146,Good,111,Hibernating
412,59,Michigan,1,15,Annually,1,-1.789650642,77.60028553,-3.789650642,81.327257,Average,121,Hibernating
413,24,Maine,1,3,Weekly,57,0.742210928,52.4476142,-1.257789072,59.15662635,Average,414,Recent Customer
414,70,Nevada,1,48,Monthly,12,3.737884677,22.68722046,1.737884677,32.92455385,Good,355,Loyal Customer
415,29,Wyoming,1,30,Weekly,57,3.202491914,28.00605715,1.202491914,37.61280196,Average,435,Potential Loyalist
416,67,Connecticut,1,40,Monthly,12,0.312734277,56.71423176,-1.687265723,62.91740392,Average,341,Loyal Customer
417,36,Oregon,1,24,Fortnightly,28,0.636356582,53.49921971,-1.363643418,60.08355602,Average,333,Promising
418,23,Mississippi,1,48,Quarterly,3,2.742791057,32.5729358,0.742791057,41.63824238,Good,154,At Risk
419,18,Illinois,1,27,Bi-Weekly,114,3.849977802,21.57363607,1.849977802,31.94299337,Average,534,Potential Loyalist
420,53,Utah,1,14,Every 3 Months,4,0.837450086,51.50146483,-1.162549914,58.32265019,Poor,225,About to Sleep
421,32,North Carolina,1,18,Bi-Weekly,114,2.42465155,35.73347923,0.42465155,44.42407933,Average,523,Potential Loyalist
422,38,Kentucky,1,48,Bi-Weekly,114,3.910298106,20.97438657,1.910298106,31.41478946,Average,552,Loyal Customer
423,47,Minnesota,1,32,Annually,1,0.653970826,53.32423175,-1.346029174,59.92931421,Average,143,At Risk
424,46,New York,1,21,Bi-Weekly,114,1.45001712,45.41594362,-0.54998288,52.95861385,Average,531,Potential Loyalist
425,66,Illinois,1,42,Fortnightly,28,0.531222019,54.54367457,-1.468777981,61.0041828,Good,351,Loyal Customer
426,40,North Dakota,1,4,Quarterly,3,-0.049834921,60.31616008,-2.049834921,66.0922962,Average,115,Need Attention
427,43,Louisiana,1,19,Quarterly,3,0.312958591,56.71200332,-1.687041409,62.91543967,Good,124,Need Attention
428,58,Illinois,1,6,Quarterly,3,0.257520795,57.26274776,-1.742479205,63.40088916,Good,115,Need Attention
429,21,Wyoming,1,2,Fortnightly,28,-0.506603229,64.85390546,-2.506603229,70.09205732,Average,313,Need Attention
430,42,Washington,1,21,Fortnightly,28,2.075471837,39.20239028,0.075471837,47.48172456,Good,335,Promising
431,24,Texas,1,40,Annually,1,0.405500157,55.79265307,-1.594499843,62.10508539,Average,142,Need Attention
432,43,New Hampshire,1,33,Fortnightly,28,2.146133893,38.50040108,0.146133893,46.86296152,Average,344,Loyal Customer
433,47,Indiana,1,26,Weekly,57,2.841133659,31.5959554,0.841133659,40.77709044,Average,435,Potential Loyalist
434,49,Alabama,1,23,Fortnightly,28,2.129474376,38.66590435,0.129474376,47.00884312,Average,335,Promising
435,50,Oklahoma,1,39,Every 3 Months,4,0.921324408,50.66821893,-1.078675592,57.58819193,Good,243,At Risk
436,51,Montana,1,42,Monthly,12,0.324511287,56.59723356,-1.675488713,62.81427674,Average,351,Loyal Customer
437,40,Tennessee,1,41,Weekly,57,2.190514462,38.0595042,0.190514462,46.47433632,Good,452,Loyal Customer
438,45,New Mexico,1,41,Annually,1,0.896982251,50.91004506,-1.103017749,57.80134773,Average,152,Need Attention
439,52,Iowa,1,12,Fortnightly,28,-1.54558195,75.17559547,-3.54558195,79.19003241,Good,321,Promising
440,62,Idaho,1,31,Monthly,12,0.491978148,54.93354114,-1.508021852,61.34782772,Average,342,Loyal Customer
441,20,Oklahoma,1,34,Fortnightly,28,2.764292576,32.35932987,0.764292576,41.44996106,Average,345,Loyal Customer
442,43,Florida,1,32,Annually,1,1.582932476,44.09550166,-0.417067524,51.79472033,Good,144,At Risk
443,29,Michigan,1,31,Quarterly,3,1.05922912,49.29821043,-0.94077088,56.38060837,Poor,144,At Risk
444,22,Hawaii,1,24,Annually,1,0.437960671,55.47017547,-1.562039329,61.82083997,Average,133,At Risk
445,48,California,1,31,Annually,1,-1.062051624,70.37198397,-3.062051624,74.95592562,Good,141,Need Attention
446,42,Iowa,1,18,Annually,1,-1.581970245,75.53709344,-3.581970245,79.50867204,Good,121,Hibernating
447,19,West Virginia,1,15,Monthly,12,0.397762073,55.86952674,-1.602237927,62.1728451,Good,324,Promising
448,60,Washington,1,7,Every 3 Months,4,-0.027167273,60.09096929,-2.027167273,65.8938035,Average,214,About to Sleep
449,32,Missouri,1,35,Fortnightly,28,0.046634426,59.35778944,-1.953365574,65.24754771,Average,341,Loyal Customer
450,26,New York,1,35,Monthly,12,0.557757696,54.28005701,-1.442242304,60.77181911,Average,342,Loyal Customer
451,25,Connecticut,1,19,Monthly,12,-1.563283796,75.35145371,-3.563283796,79.34504131,Average,321,Promising
452,66,Virginia,1,26,Fortnightly,28,-0.238602528,62.19146387,-2.238602528,67.74526845,Good,331,Promising
453,45,Missouri,1,39,Fortnightly,28,1.252503271,47.37813657,-0.747496729,54.68817388,Poor,342,Loyal Customer
454,54,Nebraska,1,22,Weekly,57,1.297460577,46.93151012,-0.702539423,54.2944984,Average,433,Potential Loyalist
455,37,New Jersey,1,14,Bi-Weekly,114,3.963442124,20.44642957,1.963442124,30.94942579,Average,525,Potential Loyalist
456,54,Utah,1,50,Fortnightly,28,4.336402184,16.74127368,2.336402184,27.68354433,Average,355,Loyal Customer
457,50,North Carolina,1,33,Quarterly,3,2.337772015,36.59658029,0.337772015,45.18485318,Good,145,At Risk
458,25,Rhode Island,1,48,Every 3 Months,4,3.528965487,24.76271929,1.528965487,34.75398649,Good,255,At Risk
459,47,Arkansas,1,48,Monthly,12,3.40008044,26.04312231,1.40008044,35.88258799,Good,355,Loyal Customer
460,63,Maryland,1,27,Fortnightly,28,-0.211601259,61.9232209,-2.211601259,67.50882773,Average,331,Promising
461,64,South Carolina,1,27,Weekly,57,2.023624338,39.71746706,0.023624338,47.93573506,Poor,433,Potential Loyalist
462,18,Ohio,1,20,Weekly,57,2.721351572,32.78592546,0.721351572,41.82598049,Average,425,Potential Loyalist
463,59,Illinois,1,48,Every 3 Months,4,2.768905955,32.31349845,0.768905955,41.4095633,Average,254,At Risk
464,37,Georgia,1,29,Weekly,57,2.837686408,31.63020196,0.837686408,40.80727682,Average,434,Potential Loyalist
465,23,Alabama,1,45,Monthly,12,1.545604392,44.46633592,-0.454395608,52.12158937,Good,353,Loyal Customer
466,54,Oklahoma,1,25,Quarterly,3,1.446153387,45.45432771,-0.553846613,52.99244721,Average,135,At Risk
467,38,Vermont,1,25,Weekly,57,0.153924029,58.29192543,-1.846075971,64.30804999,Good,431,Potential Loyalist
468,19,Nebraska,1,37,Every 3 Months,4,0.740645281,52.46316805,-1.259354719,59.17033617,Good,242,Need Attention
469,34,Georgia,1,16,Quarterly,3,-1.28816428,72.61829055,-3.28816428,76.93591545,Good,122,Hibernating
470,21,Alabama,1,30,Bi-Weekly,114,2.917568901,30.83661272,0.917568901,40.10777362,Good,532,Potential Loyalist
471,50,Minnesota,1,6,Every 3 Months,4,-0.898679133,68.74896688,-2.898679133,73.52532956,Good,213,About to Sleep
472,55,Missouri,1,36,Quarterly,3,1.532039703,44.60109375,-0.467960297,52.24037063,Good,144,At Risk
473,20,Georgia,1,3,Quarterly,3,-2.145887137,81.13930188,-4.145887137,84.44669601,Average,112,Hibernating
474,34,West Virginia,1,29,Every 3 Months,4,-0.193198876,61.74040321,-2.193198876,67.34768447,Average,232,Need Attention
475,62,Arkansas,1,15,Quarterly,3,0.247179043,57.36548746,-1.752820957,63.49144829,Average,124,Need Attention
476,21,Ohio,1,18,Annually,1,-0.019625653,60.01604738,-2.019625653,65.82776416,Average,123,Need Attention
477,21,Connecticut,1,2,Fortnightly,28,0.591260538,53.94722444,-1.408739462,60.47844638,Average,315,Need Attention
478,42,North Dakota,1,49,Weekly,57,3.166584149,28.36278131,1.166584149,37.92723376,Average,453,Loyal Customer
479,35,Kansas,1,48,Annually,1,1.085991137,49.0323443,-0.914008863,56.14626269,Average,152,Need Attention
480,39,Iowa,1,43,Monthly,12,2.758367739,32.41818991,0.758367739,41.5018428,Average,354,Loyal Customer
481,68,Vermont,1,30,Bi-Weekly,114,4.691041141,13.21812801,2.691041141,24.5780944,Good,535,Potential Loyalist
482,46,Wisconsin,1,10,Fortnightly,28,1.060623871,49.28435433,-0.939376129,56.36839502,Average,315,Need Attention
483,41,Connecticut,1,11,Annually,1,-1.517625954,74.89786781,-3.517625954,78.94523148,Poor,122,Hibernating
484,23,Oklahoma,1,12,Weekly,57,1.323026589,46.67752566,-0.676973411,54.07062573,Average,424,Potential Loyalist
485,68,Missouri,1,28,Quarterly,3,1.020450841,49.68345159,-0.979549159,56.72017626,Good,134,At Risk
486,48,Tennessee,1,36,Fortnightly,28,1.002597345,49.86081639,-0.997402655,56.87651311,Average,342,Loyal Customer
487,38,New Mexico,1,37,Every 3 Months,4,1.247351635,47.42931528,-0.752648365,54.73328497,Average,243,At Risk
488,41,Iowa,1,22,Quarterly,3,0.3939624,55.90727443,-1.6060376,62.20611752,Good,133,At Risk
489,58,Maine,1,32,Weekly,57,0.84963927,51.3803719,-1.15036073,58.21591375,Good,441,Loyal Customer
490,49,South Dakota,1,40,Annually,1,2.305648986,36.91570516,0.305648986,45.46614337,Average,145,At Risk
491,57,Colorado,1,47,Monthly,12,1.261802695,47.28575184,-0.738197305,54.60674207,Good,352,Loyal Customer
492,49,Vermont,1,24,Bi-Weekly,114,3.473395287,25.31477908,1.473395287,35.2405954,Poor,534,Potential Loyalist
493,50,Michigan,1,11,Weekly,57,0.789318966,51.9796214,-1.210681034,58.74411766,Average,423,Potential Loyalist
494,28,Nevada,1,19,Bi-Weekly,114,2.240525172,37.56267492,0.240525172,46.03640994,Good,522,Potential Loyalist
495,38,Indiana,1,42,Weekly,57,3.188702911,28.14304341,1.188702911,37.73354746,Good,453,Loyal Customer
496,33,Michigan,1,6,Fortnightly,28,-1.41201086,73.84863915,-3.41201086,78.02039686,Average,312,Need Attention
497,30,California,1,31,Fortnightly,28,1.458748411,45.32920298,-0.541251589,52.88215697,Average,343,Loyal Customer
498,43,Oklahoma,1,31,Weekly,57,1.202667766,47.87322528,-0.797332234,55.12456606,Good,442,Loyal Customer
499,43,Iowa,1,27,Monthly,12,1.397385778,45.93880745,-0.602614222,53.41948819,Average,334,Promising
500,36,Rhode Island,1,24,Monthly,12,2.076441502,39.19275718,0.076441502,47.47323354,Good,335,Promising
501,36,Washington,1,35,Every 3 Months,4,-0.242318907,62.22838407,-2.242318907,67.77781149,Good,241,Need Attention
502,64,Florida,1,21,Annually,1,-0.698681376,66.76209765,-2.698681376,71.77401881,Average,132,Need Attention
503,59,South Carolina,1,8,Fortnightly,28,-1.526910439,74.99010414,-3.526910439,79.02653248,Average,311,Lost
504,55,West Virginia,1,26,Quarterly,3,-1.187053703,71.61381182,-3.187053703,76.05052532,Average,131,Lost
505,42,Missouri,1,26,Annually,1,-1.32373456,72.97166199,-3.32373456,77.24739202,Average,131,Lost
506,61,Maine,1,9,Bi-Weekly,114,2.181640125,38.14766592,0.181640125,46.5520458,Good,513,Recent Customer
507,28,Georgia,1,48,Annually,1,0.959314549,50.29080749,-1.040685451,57.2555255,Average,152,Need Attention
508,65,Maine,1,33,Fortnightly,28,-0.21849576,61.99171403,-2.21849576,67.56920048,Good,341,Loyal Customer
509,27,Illinois,1,31,Quarterly,3,-1.009821827,69.85310926,-3.009821827,74.49856746,Average,141,Need Attention
510,41,Delaware,1,17,Weekly,57,1.964739291,40.30245806,-0.035260709,48.45137093,Average,424,Potential Loyalist
511,21,West Virginia,1,22,Annually,1,1.144017663,48.45588224,-0.855982337,55.6381446,Average,135,At Risk
512,61,Hawaii,1,8,Annually,1,-1.556404233,75.28310898,-3.556404233,79.28479937,Average,112,Hibernating
513,19,New York,1,2,Monthly,12,-1.557824552,75.29721908,-3.557824552,79.29723661,Poor,312,Need Attention
514,22,New Mexico,1,45,Annually,1,1.80727239,41.8668063,-0.19272761,49.83025378,Average,153,At Risk
515,64,Indiana,1,47,Quarterly,3,1.871279197,41.2309334,-0.128720803,49.26976845,Good,153,At Risk
516,28,Kentucky,1,7,Monthly,12,-0.451631026,64.30778643,-2.451631026,69.61068487,Good,313,Need Attention
517,34,West Virginia,1,19,Bi-Weekly,114,1.944946465,40.49908904,-0.055053535,48.62468981,Average,522,Potential Loyalist
518,61,North Dakota,1,44,Every 3 Months,4,1.140781815,48.48802864,-0.859218185,55.6664798,Average,252,Need Attention
519,24,Oregon,1,16,Every 3 Months,4,1.355933449,46.35061385,-0.644066551,53.78247181,Average,225,About to Sleep
520,19,Minnesota,1,17,Quarterly,3,-0.543329008,65.21875615,-2.543329008,70.41365219,Good,123,Need Attention
521,51,South Carolina,1,20,Quarterly,3,0.931117274,50.57093212,-1.068882726,57.50243922,Average,124,Need Attention
522,36,Vermont,1,50,Annually,1,1.139993676,48.49585837,-0.860006324,55.67338125,Average,152,Need Attention
523,65,Minnesota,1,37,Quarterly,3,2.276874975,37.20155935,0.276874975,45.71810737,Poor,145,At Risk
524,46,Delaware,1,5,Quarterly,3,-1.965208009,79.34435275,-3.965208009,82.86455177,Good,112,Hibernating
525,59,Pennsylvania,1,44,Annually,1,0.640181823,53.46121801,-1.359818177,60.05005971,Good,152,Need Attention
526,51,Iowa,1,41,Monthly,12,0.635314253,53.50957468,-1.364685747,60.09268333,Average,352,Loyal Customer
527,51,New Jersey,1,19,Monthly,12,-0.254292381,62.34733404,-2.254292381,67.88265903,Good,323,Promising
528,21,South Carolina,1,47,Every 3 Months,4,0.250598444,57.33151756,-1.749401556,63.46150578,Good,251,Need Attention
529,34,Maryland,1,40,Annually,1,2.432325574,35.65724197,0.432325574,44.35688057,Average,145,At Risk
530,32,California,1,6,Monthly,12,0.196976177,57.8642257,-1.803023823,63.93105731,Average,314,Need Attention
531,48,Montana,1,25,Bi-Weekly,114,2.191405141,38.05065579,0.191405141,46.46653696,Average,532,Potential Loyalist
532,50,Vermont,1,42,Weekly,57,2.470868909,35.27433484,0.470868909,44.01937,Average,452,Loyal Customer
533,26,Texas,1,35,Every 3 Months,4,1.657829921,43.35143617,-0.342170079,51.13886947,Good,244,At Risk
534,57,North Carolina,1,17,Weekly,57,1.1202287,48.69221268,-0.8797713,55.84645627,Good,423,Potential Loyalist
535,65,Florida,1,4,Quarterly,3,-0.683217864,66.60847605,-2.683217864,71.63861021,Good,114,Need Attention
536,56,West Virginia,1,24,Weekly,57,0.97143335,50.17041377,-1.02856665,57.14940537,Average,432,Potential Loyalist
537,44,Illinois,1,16,Every 3 Months,4,0.680324977,53.06241755,-1.319675023,59.69854008,Good,224,About to Sleep
538,50,Virginia,1,14,Annually,1,-1.01436685,69.8982616,-3.01436685,74.53836665,Average,122,Hibernating
539,27,Virginia,1,43,Weekly,57,1.315555352,46.75174835,-0.684444648,54.13604876,Average,451,Loyal Customer
540,49,Wyoming,1,49,Weekly,57,2.828779913,31.71868316,0.828779913,40.88526789,Good,452,Loyal Customer
541,49,South Carolina,1,33,Every 3 Months,4,-0.127419328,61.08691908,-2.127419328,66.77167586,Average,242,Need Attention
542,52,Connecticut,1,45,Bi-Weekly,114,3.153685825,28.49091916,1.153685825,38.04017989,Average,551,Loyal Customer
543,27,Illinois,1,35,Bi-Weekly,114,4.657145371,13.5548641,2.657145371,24.87490787,Good,544,Champion
544,53,Alabama,1,11,Monthly,12,1.134267585,48.55274397,-0.865732415,55.72352264,Good,325,Promising
545,34,Washington,1,30,Every 3 Months,4,0.804989572,51.82394243,-1.195010428,58.60689561,Average,233,At Risk
546,33,Alabama,1,48,Annually,1,0.621510312,53.64670934,-1.378489688,60.21355963,Average,151,Need Attention
547,62,New Mexico,1,45,Bi-Weekly,114,5.138285713,8.774995791,3.138285713,20.66172934,Average,554,Champion
548,38,Nevada,1,26,Weekly,57,1.321014596,46.69751372,-0.678985404,54.08824406,Average,432,Potential Loyalist
549,36,Nebraska,1,41,Every 3 Months,4,1.566484361,44.25890476,-0.433515639,51.93875075,Good,253,At Risk
550,31,Arizona,1,37,Bi-Weekly,114,2.684322492,33.15378928,0.684322492,42.15023125,Average,541,Loyal Customer
551,62,Georgia,1,12,Weekly,57,0.858545765,51.2918907,-1.141454235,58.13792267,Average,423,Potential Loyalist
552,29,Idaho,1,27,Bi-Weekly,114,4.061105449,19.47619741,2.061105449,30.09422203,Average,534,Potential Loyalist
553,24,Missouri,1,18,Weekly,57,2.625123503,33.74189912,0.625123503,42.6686162,Average,425,Potential Loyalist
554,63,Florida,1,15,Quarterly,3,-0.470654959,64.49677889,-2.470654959,69.77727083,Average,123,Need Attention
555,56,Minnesota,1,34,Weekly,57,1.748152399,42.45413134,-0.251847601,50.34794696,Average,442,Loyal Customer
556,63,Maine,1,37,Annually,1,0.915653762,50.72455373,-1.084346238,57.63784781,Good,143,At Risk
557,40,Montana,1,21,Fortnightly,28,1.906569719,40.8803412,-0.093430281,48.96074163,Good,335,Promising
558,18,Alaska,1,31,Weekly,57,2.089403886,39.06398293,0.089403886,47.35972645,Average,443,Loyal Customer
559,50,Iowa,1,43,Every 3 Months,4,2.253869842,37.43010286,0.253869842,45.91955531,Average,254,At Risk
560,66,Arizona,1,22,Monthly,12,-0.511092809,64.89850699,-2.511092809,70.13137101,Average,332,Promising
561,25,Louisiana,1,12,Annually,1,-1.195045978,71.69321073,-3.195045978,76.12051089,Poor,122,Hibernating
562,65,Alabama,1,25,Fortnightly,28,1.127838676,48.6166117,-0.872161324,55.77981836,Average,333,Promising
563,53,Missouri,1,40,Annually,1,1.334461806,46.56392298,-0.665538194,53.97049151,Average,143,At Risk
564,61,Idaho,1,16,Quarterly,3,1.287593021,47.02953894,-0.712406979,54.38090516,Good,125,Need Attention
565,67,Florida,1,30,Weekly,57,1.935726028,40.59068909,-0.064273972,48.70542997,Average,433,Potential Loyalist
566,59,Idaho,1,10,Weekly,57,-0.082192894,60.63761899,-2.082192894,66.37564372,Good,412,Recent Customer
567,55,Alabama,1,1,Fortnightly,28,0.648710328,53.37649194,-1.351289672,59.97537856,Average,315,Need Attention
568,21,New Hampshire,1,24,Fortnightly,28,0.425228935,55.59665836,-1.574771065,61.93232735,Average,332,Promising
569,44,Utah,1,36,Monthly,12,2.442682264,35.55435387,0.442682264,44.26619064,Good,345,Loyal Customer
570,65,Alabama,1,46,Every 3 Months,4,0.60362694,53.82437095,-1.39637306,60.3701581,Good,251,Need Attention
571,65,Iowa,1,20,Annually,1,1.51227042,44.79749086,-0.48772958,52.41348337,Good,125,Need Attention
572,54,Kentucky,1,37,Weekly,57,3.180373152,28.22579504,1.180373152,37.80648826,Average,444,Champion
573,56,South Carolina,1,26,Annually,1,1.843180154,41.51008214,-0.156819846,49.51582198,Good,135,At Risk
574,58,California,1,23,Bi-Weekly,114,3.361942958,26.42199751,1.361942958,36.21654465,Average,533,Potential Loyalist
575,54,Maine,1,20,Bi-Weekly,114,3.618743386,23.87082456,1.618743386,33.96783267,Good,524,Potential Loyalist
576,58,Nebraska,1,38,Monthly,12,2.496684803,35.01786794,0.496684803,43.7933092,Good,345,Loyal Customer
577,48,Washington,1,5,Every 3 Months,4,-0.756778284,67.33925892,-2.756778284,72.28275321,Good,213,About to Sleep
578,19,Alabama,1,41,Annually,1,0.98143331,50.0710696,-1.01856669,57.0618392,Average,153,At Risk
579,69,Maine,1,22,Fortnightly,28,1.975796518,40.19261051,-0.024203482,48.35454664,Good,335,Promising
580,58,California,1,48,Annually,1,1.001540078,49.87131976,-0.998459922,56.88577123,Average,152,Need Attention
581,49,Iowa,1,10,Weekly,57,1.480151698,45.11657293,-0.519848302,52.69473583,Good,414,Recent Customer
582,32,Iowa,1,12,Every 3 Months,4,1.079026254,49.10153664,-0.920973746,56.20725176,Average,225,About to Sleep
583,40,Colorado,1,2,Quarterly,3,-0.610543814,65.88649878,-2.610543814,71.00222885,Good,114,Need Attention
584,25,California,1,38,Monthly,12,2.158880567,38.37376979,0.158880567,46.75134333,Good,344,Loyal Customer
585,70,Indiana,1,20,Monthly,12,1.588406658,44.04111863,-0.411593342,51.74678482,Good,325,Promising
586,69,South Carolina,1,5,Every 3 Months,4,-2.656927113,86.21620683,-4.656927113,88.92169523,Average,211,About to Sleep
587,45,Wisconsin,1,9,Annually,1,-2.585041201,85.5020593,-4.585041201,88.29221533,Good,111,Hibernating
588,29,Washington,1,48,Every 3 Months,4,2.980033603,30.21605979,0.980033603,39.56079197,Good,255,At Risk
589,47,South Dakota,1,9,Quarterly,3,-0.843790223,68.20367534,-2.843790223,73.04468648,Average,113,Lost
590,28,Minnesota,1,40,Annually,1,1.672266043,43.20802113,-0.327733957,51.01245738,Average,144,At Risk
591,64,Alaska,1,30,Fortnightly,28,0.376108904,56.08463923,-1.623891096,62.36245437,Good,332,Promising
592,47,Kentucky,1,6,Bi-Weekly,114,0.876095961,51.11753903,-1.123904039,57.98424171,Good,512,Recent Customer
593,60,North Dakota,1,42,Every 3 Months,4,0.157817626,58.25324466,-1.842182374,64.27395512,Average,251,Need Attention
594,67,Alaska,1,9,Every 3 Months,4,-1.873313562,78.43143127,-3.873313562,82.05986408,Good,211,About to Sleep
595,35,Oklahoma,1,6,Monthly,12,0.154750648,58.28371343,-1.845249352,64.30081158,Poor,314,Need Attention
596,30,Delaware,1,47,Quarterly,3,2.50466214,34.93861743,0.50466214,43.72345444,Average,154,At Risk
597,23,Montana,1,36,Annually,1,0.001916373,59.80203905,-1.998083627,65.63912814,Good,142,Need Attention
598,70,Alaska,1,19,Fortnightly,28,0.881380001,51.06504495,-1.118619999,57.93797121,Average,324,Promising
599,21,California,1,30,Every 3 Months,4,0.889440631,50.98496696,-1.110559369,57.86738707,Average,233,At Risk
600,51,Massachusetts,1,27,Every 3 Months,4,-1.007260947,69.82766831,-3.007260947,74.47614272,Good,231,Need Attention
601,22,South Carolina,1,25,Monthly,12,0.625549238,53.60658481,-1.374450762,60.17819217,Good,333,Promising
602,32,West Virginia,1,5,Fortnightly,28,-1.3967866,73.69739438,-3.3967866,77.88708331,Good,312,Need Attention
603,37,Oregon,1,10,Every 3 Months,4,-0.832899584,68.09548275,-2.832899584,72.94932095,Good,213,About to Sleep
604,31,Massachusetts,1,26,Every 3 Months,4,-0.231977155,62.12564438,-2.231977155,67.68725236,Average,232,Need Attention
605,44,West Virginia,1,11,Every 3 Months,4,0.671995218,53.14516919,-1.328004782,59.77148088,Good,225,About to Sleep
606,40,California,1,17,Weekly,57,-0.062086126,60.43786916,-2.062086126,66.19957575,Good,421,Potential Loyalist
607,27,Colorado,1,44,Monthly,12,3.080947715,29.21353283,1.080947715,38.67712221,Good,355,Loyal Customer
608,47,Indiana,1,44,Monthly,12,0.251837237,57.31921083,-1.748162763,63.4506581,Average,351,Loyal Customer
609,41,Delaware,1,21,Every 3 Months,4,-1.46484727,74.37354022,-3.46484727,78.48306691,Average,231,Need Attention
610,51,Ohio,1,49,Fortnightly,28,2.324801027,36.72544002,0.324801027,45.29843561,Good,353,Loyal Customer
611,53,Oklahoma,1,27,Every 3 Months,4,0.935113411,50.53123267,-1.064886589,57.46744643,Poor,234,At Risk
612,43,California,1,19,Monthly,12,-1.056577442,70.31760093,-3.056577442,74.90799011,Good,321,Promising
613,67,New Hampshire,1,33,Quarterly,3,0.09981895,58.82943005,-1.90018105,64.78182934,Good,142,Need Attention
614,61,Pennsylvania,1,46,Bi-Weekly,114,4.236325332,17.73548291,2.236325332,28.55988249,Average,552,Loyal Customer
615,68,Idaho,1,21,Bi-Weekly,114,3.941323362,20.66616747,1.941323362,31.14311208,Good,535,Potential Loyalist
616,67,Maryland,1,23,Annually,1,1.762176346,42.31481104,-0.237823654,50.22514414,Average,135,At Risk
617,29,Pennsylvania,1,38,Every 3 Months,4,1.6966082,42.966195,-0.3033918,50.79930158,Good,244,At Risk
618,50,Colorado,1,2,Quarterly,3,-1.455054404,74.27625341,-3.455054404,78.39731419,Average,113,Lost
619,61,Indiana,1,21,Bi-Weekly,114,4.321353128,16.89077789,2.321353128,27.81532368,Good,535,Potential Loyalist
620,19,Nebraska,1,1,Every 3 Months,4,-2.469353484,84.35276457,-4.469353484,87.27917824,Good,211,About to Sleep
621,33,Rhode Island,1,10,Every 3 Months,4,0.476091831,55.09136308,-1.523908169,61.48693867,Average,215,About to Sleep
622,51,Kansas,1,45,Weekly,57,1.665136597,43.2788483,-0.334863403,51.07488745,Good,451,Loyal Customer
623,69,Georgia,1,44,Fortnightly,28,2.358696798,36.38870392,0.358696798,45.00162214,Good,353,Loyal Customer
624,19,Nevada,1,48,Bi-Weekly,114,5.177063991,8.389754626,3.177063991,20.32216144,Good,554,Champion
625,55,South Carolina,1,21,Annually,1,1.074790864,49.14361294,-0.925209136,56.24433959,Average,135,At Risk
626,49,Delaware,1,1,Weekly,57,0.814884978,51.72563694,-1.185115022,58.52024498,Good,414,Recent Customer
627,31,New Hampshire,1,10,Annually,1,-0.024508161,60.06455245,-2.024508161,65.87051858,Average,114,Need Attention
628,42,Oregon,1,24,Monthly,12,-0.245962622,62.26458241,-2.245962622,67.80971823,Good,332,Promising
629,69,Massachusetts,1,29,Monthly,12,1.831418083,41.62693194,-0.168581917,49.61881835,Poor,335,Promising
630,26,Vermont,1,11,Annually,1,0.509199463,54.76245671,-1.490800537,61.19702665,Good,125,Need Attention
631,41,Mississippi,1,33,Annually,1,2.201091159,37.95443046,0.201091159,46.38171987,Good,145,At Risk
632,55,Washington,1,27,Fortnightly,28,1.392968863,45.98268711,-0.607031137,53.45816558,Good,333,Promising
633,35,Wyoming,1,19,Fortnightly,28,0.121320469,58.61582412,-1.878679531,64.59354802,Average,322,Promising
634,66,Minnesota,1,50,Quarterly,3,0.854419237,51.33288551,-1.145580763,58.17405723,Average,151,Need Attention
635,36,Ohio,1,46,Weekly,57,3.12780587,28.74802247,1.12780587,38.26680165,Average,453,Loyal Customer
636,27,South Carolina,1,28,Quarterly,3,0.429293428,55.55627983,-1.570706572,61.896736,Good,133,At Risk
637,41,Wisconsin,1,14,Every 3 Months,4,-1.738307215,77.09021644,-3.738307215,80.87766048,Average,221,About to Sleep
638,21,Tennessee,1,46,Fortnightly,28,0.681452626,53.05121497,-1.318547374,59.68866565,Average,351,Loyal Customer
639,53,Maryland,1,41,Monthly,12,-0.082519749,60.64086611,-2.082519749,66.37850587,Average,351,Loyal Customer
640,54,Mississippi,1,50,Annually,1,0.422159674,55.6271498,-1.577840326,61.9592038,Good,151,Need Attention
641,53,Minnesota,1,28,Fortnightly,28,2.306706252,36.90520179,0.306706252,45.45688525,Good,335,Promising
642,47,Alaska,1,23,Every 3 Months,4,0.911559393,50.76522906,-1.088440607,57.67370078,Average,234,At Risk
643,64,Arkansas,1,14,Bi-Weekly,114,0.923203998,50.64954623,-1.076796002,57.57173302,Average,521,Potential Loyalist
644,18,Oregon,1,10,Every 3 Months,4,-0.875125114,68.51497048,-2.875125114,73.31907522,Average,213,About to Sleep
645,68,Louisiana,1,37,Weekly,57,3.898207154,21.09450361,1.898207154,31.52066571,Good,445,Champion
646,62,Oklahoma,1,15,Bi-Weekly,114,1.710264799,42.8305241,-0.289735201,50.67971549,Good,522,Potential Loyalist
647,51,Indiana,1,19,Bi-Weekly,114,2.493878349,35.04574854,0.493878349,43.81788434,Good,523,Potential Loyalist
648,54,Mississippi,1,23,Fortnightly,28,1.200512726,47.89463443,-0.799487274,55.14343699,Average,334,Promising
649,22,Michigan,1,35,Weekly,57,1.141770726,48.47820435,-0.858229274,55.65782025,Good,441,Loyal Customer
650,53,Delaware,1,33,Every 3 Months,4,2.237210325,37.59560613,0.237210325,46.0654369,Good,245,At Risk
651,34,Florida,1,12,Annually,1,-1.532850214,75.04911258,-3.532850214,79.07854502,Average,122,Hibernating
652,32,Arkansas,1,41,Fortnightly,28,0.842024986,51.45601568,-1.157975014,58.28258938,Average,351,Loyal Customer
653,64,Minnesota,1,27,Weekly,57,0.419054216,55.65800085,-1.580945784,61.98639722,Average,431,Potential Loyalist
654,20,North Dakota,1,45,Fortnightly,28,2.639051244,33.60353457,0.639051244,42.54665582,Average,353,Loyal Customer
655,24,California,1,23,Annually,1,0.030929636,59.51380802,-1.969070364,65.38506909,Good,133,At Risk
656,20,Mississippi,1,19,Monthly,12,-0.929900853,69.05913774,-2.929900853,73.79872731,Average,322,Promising
657,42,Pennsylvania,1,6,Quarterly,3,-2.613815212,85.78791349,-4.613815212,88.54417933,Average,111,Hibernating
658,48,Arizona,1,6,Quarterly,3,-0.206960029,61.8771128,-2.206960029,67.4681861,Good,114,Need Attention
659,62,Louisiana,1,20,Weekly,57,0.356721918,56.27723841,-1.643278082,62.53221945,Good,422,Potential Loyalist
660,62,Virginia,1,8,Weekly,57,0.159383274,58.2376908,-1.840616726,64.26024529,Average,413,Recent Customer
661,50,Montana,1,39,Quarterly,3,2.035298807,39.60148754,0.035298807,47.8335058,Good,144,At Risk
662,57,Iowa,1,39,Quarterly,3,1.570817982,44.21585258,-0.429182018,51.90080274,Good,143,At Risk
663,24,Illinois,1,39,Bi-Weekly,114,5.736337627,2.833674421,3.736337627,15.42479685,Average,545,Champion
664,59,Alaska,1,23,Monthly,12,1.33160623,46.59229158,-0.66839377,53.9954968,Good,334,Promising
665,63,Colorado,1,41,Bi-Weekly,114,5.241408282,7.750528997,3.241408282,19.75872088,Good,554,Champion
666,41,New Mexico,1,50,Annually,1,1.731151089,42.62303013,-0.268848911,50.49682151,Good,153,At Risk
667,35,Colorado,1,30,Quarterly,3,-0.825695449,68.02391357,-2.825695449,72.88623684,Average,131,Lost
668,34,Arizona,1,32,Quarterly,3,1.424034626,45.67406561,-0.575965374,53.18613351,Average,144,At Risk
669,49,Hawaii,1,35,Monthly,12,2.246778877,37.50054776,0.246778877,45.98164842,Average,345,Loyal Customer
670,43,Illinois,1,45,Bi-Weekly,114,5.771668655,2.482679822,3.771668655,15.11541533,Average,555,Champion
671,63,Louisiana,1,37,Bi-Weekly,114,3.191028847,28.1199365,1.191028847,37.71318005,Good,542,Loyal Customer
672,38,Iowa,1,45,Weekly,57,1.791813186,42.02038511,-0.208186814,49.96562465,Good,451,Loyal Customer
673,59,Washington,1,29,Quarterly,3,0.24516705,57.38547552,-1.75483295,63.50906661,Average,133,At Risk
674,35,Oklahoma,1,27,Bi-Weekly,114,3.554399095,24.51005018,1.554399095,34.53127324,Good,533,Potential Loyalist
675,48,Washington,1,36,Annually,1,-0.166985746,61.47998998,-2.166985746,67.11814521,Good,141,Need Attention
676,64,Arkansas,1,9,Annually,1,0.201843747,57.81586903,-1.798156253,63.8884337,Average,115,Need Attention
677,28,Connecticut,1,38,Bi-Weekly,114,4.062540706,19.46193891,2.062540706,30.08165398,Average,543,Loyal Customer
678,60,Washington,1,41,Annually,1,1.403688605,45.87619228,-0.596311395,53.36429653,Average,153,At Risk
679,27,Maine,1,25,Every 3 Months,4,0.881110873,51.0677186,-1.118889127,57.94032787,Average,234,At Risk
680,56,Michigan,1,37,Fortnightly,28,3.22532615,27.7792114,1.22532615,37.4128505,Average,345,Loyal Customer
681,58,Tennessee,1,3,Annually,1,-2.789274348,87.53100482,-4.789274348,90.08061391,Good,111,Hibernating
682,30,Louisiana,1,24,Every 3 Months,4,0.178501131,58.04776526,-1.821498869,64.09283687,Average,233,At Risk
683,23,Missouri,1,49,Bi-Weekly,114,3.51504408,24.90102091,1.51504408,34.87589141,Good,551,Loyal Customer
684,33,Michigan,1,3,Monthly,12,-2.037529637,80.06282889,-4.037529637,83.4978471,Average,312,Need Attention
685,63,Alabama,1,42,Monthly,12,2.604689881,33.94489607,0.604689881,42.84754632,Good,354,Loyal Customer
686,70,Massachusetts,1,32,Fortnightly,28,1.865779446,41.28557043,-0.134220554,49.31792785,Average,344,Loyal Customer
687,70,Indiana,1,33,Fortnightly,28,0.414887182,55.69939806,-1.585112818,62.02288648,Average,341,Loyal Customer
688,19,West Virginia,1,46,Quarterly,3,0.788639689,51.98636964,-1.211360311,58.75006584,Average,152,Need Attention
689,25,Michigan,1,44,Monthly,12,1.7719563,42.2176525,-0.2280437,50.13950449,Good,353,Loyal Customer
690,19,Pennsylvania,1,35,Every 3 Months,4,2.291212864,37.0591202,0.291212864,45.59255546,Good,245,At Risk
691,25,Alaska,1,45,Weekly,57,3.396383308,26.07985132,1.396383308,35.9149625,Good,453,Loyal Customer
692,60,Massachusetts,1,37,Bi-Weekly,114,2.346518256,36.50969113,0.346518256,45.10826539,Average,541,Loyal Customer
693,35,North Dakota,1,40,Every 3 Months,4,2.806248977,31.94251579,0.806248977,41.08256346,Good,245,At Risk
694,46,Vermont,1,30,Every 3 Months,4,0.298283218,56.8577952,-1.701716782,63.04394681,Average,233,At Risk
695,41,Kentucky,1,38,Every 3 Months,4,-0.456893806,64.3600693,-2.456893806,69.6567692,Average,241,Need Attention
696,30,Nevada,1,15,Every 3 Months,4,-0.106735824,60.88143968,-2.106735824,66.59055761,Average,223,About to Sleep
697,44,Utah,1,49,Monthly,12,1.400256293,45.91029045,-0.599743707,53.39435209,Average,352,Loyal Customer
698,61,North Dakota,1,40,Quarterly,3,1.428917133,45.62556054,-0.571082867,53.14337909,Good,143,At Risk
699,55,Iowa,1,40,Weekly,57,1.910160016,40.84467355,-0.089839984,48.92930265,Average,442,Loyal Customer
700,50,Connecticut,1,5,Weekly,57,-0.301650301,62.81780928,-2.301650301,68.29735585,Average,412,Recent Customer
701,57,Wisconsin,1,5,Monthly,12,-0.083378269,60.64939505,-2.083378269,66.38602363,Good,314,Need Attention
702,51,Idaho,1,5,Every 3 Months,4,0.172183366,58.11052883,-1.827816634,64.14815934,Average,215,About to Sleep
703,18,Montana,1,1,Weekly,57,0.477080742,55.08153879,-1.522919258,61.47827912,Average,414,Recent Customer
704,63,Connecticut,1,21,Weekly,57,2.537225193,34.61512115,0.537225193,43.43831111,Average,435,Potential Loyalist
705,34,Idaho,1,18,Annually,1,-0.019625653,60.01604738,-2.019625653,65.82776416,Average,123,Need Attention
706,25,Arkansas,1,49,Quarterly,3,3.192047621,28.10981552,1.192047621,37.70425899,Good,155,At Risk
707,46,Iowa,1,27,Weekly,57,1.263564806,47.26824622,-0.736435194,54.59131187,Good,432,Potential Loyalist
708,59,Louisiana,1,21,Annually,1,-0.994260082,69.69851177,-2.994260082,74.36229868,Average,132,Need Attention
709,37,Kentucky,1,19,Fortnightly,28,0.07909494,59.03531185,-1.92090506,64.96330229,Average,322,Promising
710,49,Massachusetts,1,23,Monthly,12,1.162704112,48.27024251,-0.837295888,55.47451387,Good,334,Promising
711,22,Virginia,1,26,Fortnightly,28,2.294929243,37.02219999,0.294929243,45.56001242,Good,335,Promising
712,64,New Hampshire,1,13,Bi-Weekly,114,2.331870732,36.65520633,0.331870732,45.23652866,Average,523,Potential Loyalist
713,42,New Hampshire,1,36,Quarterly,3,1.912069469,40.82570417,-0.087930531,48.91258223,Average,144,At Risk
714,37,Oregon,1,39,Bi-Weekly,114,5.398533391,6.189576271,3.398533391,18.38283098,Average,545,Champion
715,26,South Dakota,1,40,Fortnightly,28,2.377368308,36.20321259,0.377368308,44.83812222,Good,344,Loyal Customer
716,33,Delaware,1,37,Quarterly,3,1.221236737,47.68875263,-0.778763263,54.96196405,Average,143,At Risk
717,30,Missouri,1,9,Bi-Weekly,114,0.745972121,52.41024879,-1.254027879,59.12369089,Average,511,Recent Customer
718,21,Alaska,1,7,Every 3 Months,4,0.310636964,56.73506744,-1.689363036,62.93576936,Good,215,About to Sleep
719,22,Florida,1,25,Annually,1,-1.392961359,73.65939268,-3.392961359,77.853587,Good,131,Lost
720,63,Mississippi,1,42,Bi-Weekly,114,2.73487778,32.65154991,0.73487778,41.70753619,Average,551,Loyal Customer
721,33,New Mexico,1,19,Weekly,57,1.343133357,46.47777583,-0.656866643,53.89455776,Average,423,Potential Loyalist
722,43,California,1,41,Every 3 Months,4,1.270905654,47.19531888,-0.729094346,54.52703062,Good,253,At Risk
723,27,Wyoming,1,50,Bi-Weekly,114,3.710947467,22.95482702,1.710947467,33.16043362,Good,551,Loyal Customer
724,35,Missouri,1,43,Monthly,12,1.449376324,45.42230958,-0.550623676,52.96422508,Average,353,Loyal Customer
725,37,New Hampshire,1,36,Every 3 Months,4,1.853733309,41.40524227,-0.146266691,49.42341168,Good,244,At Risk
726,61,Texas,1,33,Fortnightly,28,1.51275095,44.79271705,-0.48724905,52.40927553,Average,343,Loyal Customer
727,32,North Dakota,1,20,Every 3 Months,4,0.703878996,52.82842116,-1.296121004,59.49228574,Average,224,About to Sleep
728,62,Arkansas,1,37,Every 3 Months,4,2.683019639,33.16673241,0.683019639,42.16163988,Good,245,At Risk
729,29,Nebraska,1,12,Every 3 Months,4,0.150064604,58.33026673,-1.849935396,64.34184563,Average,224,About to Sleep
730,41,Minnesota,1,46,Every 3 Months,4,1.574814119,44.17615313,-0.425185881,51.86580996,Average,253,At Risk
731,48,Massachusetts,1,28,Fortnightly,28,-0.353502108,63.33292886,-2.353502108,68.75140408,Average,331,Promising
732,43,Arkansas,1,30,Fortnightly,28,-0.088371921,60.69900427,-2.088371921,66.42975131,Average,331,Promising
733,34,New Hampshire,1,28,Bi-Weekly,114,3.243596128,27.59770907,1.243596128,37.25286666,Average,533,Potential Loyalist
734,45,Rhode Island,1,20,Bi-Weekly,114,1.803045617,41.908797,-0.196954383,49.86726616,Average,522,Potential Loyalist
735,65,New Jersey,1,39,Every 3 Months,4,1.63915841,43.5369275,-0.36084159,51.30236939,Average,244,At Risk
736,61,Montana,1,48,Bi-Weekly,114,4.248102342,17.61848472,2.248102342,28.45675532,Average,552,Loyal Customer
737,18,Colorado,1,32,Every 3 Months,4,0.690089993,52.96540742,-1.309910007,59.61303124,Average,243,At Risk
738,47,Nebraska,1,28,Annually,1,-1.100829903,70.75722513,-3.100829903,75.29549351,Average,131,Lost
739,56,Minnesota,1,27,Quarterly,3,-0.822248198,67.989667,-2.822248198,72.85605047,Average,131,Lost
740,64,Minnesota,1,26,Bi-Weekly,114,1.922827704,40.71882694,-0.077172296,48.81837611,Average,531,Potential Loyalist
741,26,South Dakota,1,22,Fortnightly,28,1.089060398,49.00185286,-0.910939602,56.11938625,Average,334,Promising
742,22,West Virginia,1,23,Every 3 Months,4,0.953784922,50.34574133,-1.046215078,57.30394651,Good,234,At Risk
743,64,Nevada,1,21,Quarterly,3,-0.899804755,68.76014933,-2.899804755,73.53518625,Average,132,Need Attention
744,21,North Carolina,1,36,Weekly,57,3.448950589,25.55762389,1.448950589,35.45464911,Good,444,Champion
745,67,Illinois,1,42,Bi-Weekly,114,4.59280108,14.19408973,2.59280108,25.43834843,Good,553,Loyal Customer
746,46,Michigan,1,4,Monthly,12,0.396326816,55.88378524,-1.603673184,62.18541315,Good,315,Need Attention
747,40,Michigan,1,47,Annually,1,1.101215397,48.88109953,-0.898784603,56.01294915,Poor,152,Need Attention
748,51,Oklahoma,1,13,Weekly,57,1.434478918,45.57030723,-0.565521082,53.09467648,Good,424,Potential Loyalist
749,35,South Dakota,1,8,Quarterly,3,-1.799753142,77.70064839,-3.799753142,81.41572108,Average,112,Hibernating
750,56,Oklahoma,1,11,Quarterly,3,-0.2408558,62.2138489,-2.2408558,67.76499957,Average,124,Need Attention
751,25,Maryland,1,5,Annually,1,0.304966317,56.79140224,-1.695033683,62.98542524,Average,115,Need Attention
752,65,Ohio,1,1,Monthly,12,-0.655864172,66.33673196,-2.655864172,71.39908345,Good,314,Need Attention
753,39,Ohio,1,17,Every 3 Months,4,0.791777306,51.95519913,-1.208222694,58.72259083,Good,225,About to Sleep
754,47,Massachusetts,1,27,Quarterly,3,0.148938981,58.34144918,-1.851061019,64.35170232,Average,133,At Risk
755,36,North Carolina,1,3,Quarterly,3,-2.061436078,80.30032641,-4.061436078,83.70718748,Average,112,Hibernating
756,66,Florida,1,22,Weekly,57,-0.053756368,60.35511752,-2.053756368,66.12663495,Average,431,Potential Loyalist
757,62,Montana,1,24,Fortnightly,28,2.494279881,35.04175953,0.494279881,43.81436826,Good,335,Promising
758,41,Minnesota,1,18,Quarterly,3,-1.403063859,73.75975554,-3.403063859,77.94205108,Average,121,Hibernating
759,66,Massachusetts,1,39,Every 3 Months,4,1.723609469,42.69795203,-0.276390531,50.56286086,Good,244,At Risk
760,51,Rhode Island,1,25,Fortnightly,28,0.452230204,55.3284154,-1.547769796,61.69588663,Average,332,Promising
761,33,Minnesota,1,6,Annually,1,-1.525955713,74.98061945,-3.525955713,79.01817227,Average,112,Hibernating
762,57,Nevada,1,26,Weekly,57,3.052261306,29.49851674,1.052261306,38.9283191,Good,435,Potential Loyalist
763,45,New Mexico,1,43,Fortnightly,28,1.571635997,44.20772605,-0.428364003,51.89363967,Average,352,Loyal Customer
764,61,North Carolina,1,6,Monthly,12,-1.238691827,72.12680856,-3.238691827,76.5027024,Average,312,Need Attention
765,55,Virginia,1,6,Quarterly,3,-1.93820674,79.07610979,-3.93820674,82.62811105,Good,112,Hibernating
766,54,Alaska,1,13,Quarterly,3,1.079912624,49.09273103,-0.920087376,56.19949012,Average,125,Need Attention
767,57,Nevada,1,13,Monthly,12,-0.838555293,68.15166915,-2.838555293,72.99884602,Average,322,Promising
768,27,Pennsylvania,1,11,Annually,1,-0.039732421,60.21579722,-2.039732421,66.00383213,Poor,124,Need Attention
769,64,Illinois,1,45,Weekly,57,4.536472605,14.75368257,2.536472605,25.93159728,Average,455,Champion
770,52,Delaware,1,8,Monthly,12,1.011038248,49.7769606,-0.988961752,56.80259906,Good,315,Need Attention
771,19,Vermont,1,8,Annually,1,-1.218599997,71.92720713,-3.218599997,76.32676523,Average,113,Lost
772,22,Hawaii,1,34,Fortnightly,28,1.877556456,41.16857223,-0.122443544,49.21480067,Average,343,Loyal Customer
773,18,Illinois,1,40,Bi-Weekly,114,2.596424182,34.0270113,0.596424182,42.91992616,Average,541,Loyal Customer
774,29,California,1,14,Bi-Weekly,114,3.41451024,25.89977008,1.41451024,35.75623126,Average,524,Potential Loyalist
775,42,Nevada,1,11,Quarterly,3,-1.296494038,72.70104218,-3.296494038,77.00885625,Average,122,Hibernating
776,49,Kentucky,1,8,Monthly,12,-0.97356164,69.49288397,-2.97356164,74.18104962,Average,313,Need Attention
777,49,Alabama,1,8,Every 3 Months,4,-0.886902123,68.63196868,-2.886902123,73.42220239,Good,213,About to Sleep
778,55,Wyoming,1,37,Weekly,57,1.322449853,46.68325522,-0.677550147,54.07567601,Poor,441,Loyal Customer
779,29,Massachusetts,1,23,Annually,1,-0.34910013,63.2891976,-2.34910013,68.7128575,Average,132,Need Attention
780,60,Utah,1,38,Annually,1,2.547225153,34.51577697,0.547225153,43.35074494,Good,145,At Risk
781,34,New York,1,38,Quarterly,3,-0.271881057,62.52206799,-2.271881057,68.03667694,Average,141,Need Attention
782,30,Vermont,1,12,Fortnightly,28,-0.65884583,66.36635311,-2.65884583,71.4251928,Average,322,Promising
783,28,Hawaii,1,15,Weekly,57,0.855098514,51.32613727,-1.144901486,58.16810904,Good,423,Potential Loyalist
784,63,Louisiana,1,38,Fortnightly,28,2.027787063,39.67611264,0.027787063,47.89928353,Good,343,Loyal Customer
785,31,Alabama,1,41,Every 3 Months,4,1.904288597,40.90300291,-0.095711403,48.98071662,Average,254,At Risk
786,46,Louisiana,1,37,Fortnightly,28,1.831883675,41.62230653,-0.168116325,49.61474132,Good,343,Loyal Customer
787,70,Indiana,1,16,Every 3 Months,4,-1.979883383,79.49014463,-3.979883383,82.99305891,Good,221,About to Sleep
788,53,Michigan,1,25,Weekly,57,2.72968133,32.70317382,0.72968133,41.75303969,Average,435,Potential Loyalist
789,50,Rhode Island,1,18,Quarterly,3,-0.600778798,65.78948865,-2.600778798,70.91672,Average,122,Hibernating
790,33,Idaho,1,4,Bi-Weekly,114,2.72224225,32.77707705,0.72224225,41.81818113,Average,514,Recent Customer
791,22,Louisiana,1,12,Quarterly,3,-1.607297005,75.78870107,-3.607297005,79.73044967,Good,122,Hibernating
792,50,North Carolina,1,35,Fortnightly,28,0.933370546,50.54854709,-1.066629454,57.4827081,Average,342,Loyal Customer
793,34,New Jersey,1,45,Weekly,57,2.425196129,35.72806914,0.425196129,44.41931064,Good,452,Loyal Customer
794,24,Alabama,1,16,Monthly,12,-1.17980678,71.54181756,-3.17980678,75.98706653,Average,321,Promising
795,69,Kentucky,1,10,Fortnightly,28,-0.543946251,65.22488812,-2.543946251,70.41905717,Good,312,Need Attention
796,39,New York,1,34,Annually,1,-0.60101805,65.79186549,-2.60101805,70.91881505,Good,141,Need Attention
797,42,Arizona,1,43,Annually,1,2.217750676,37.78892719,0.217750676,46.23583828,Good,154,At Risk
798,42,Maryland,1,38,Weekly,57,3.502953128,25.02113796,1.502953128,34.98176767,Good,444,Champion
799,29,Alaska,1,48,Every 3 Months,4,0.995433715,49.93198317,-1.004566285,56.93924252,Average,252,Need Attention
800,55,Nevada,1,31,Annually,1,0.415841909,55.68991337,-1.584158091,62.01452627,Poor,143,At Risk
801,32,Utah,1,20,Every 3 Months,4,-1.745201717,77.15870957,-3.745201717,80.93803323,Average,221,About to Sleep
802,25,New Mexico,1,12,Fortnightly,28,-1.292228773,72.65866908,-3.292228773,76.9715068,Good,321,Promising
803,38,Delaware,1,2,Weekly,57,-0.720458345,66.97844003,-2.720458345,71.96471215,Average,412,Recent Customer
804,32,Connecticut,1,30,Every 3 Months,4,-0.292874196,62.73062344,-2.292874196,68.22050655,Average,232,Need Attention
805,43,Mississippi,1,28,Quarterly,3,-0.077412927,60.5901326,-2.077412927,66.3337872,Average,132,Need Attention
806,41,Connecticut,1,40,Monthly,12,0.270508748,57.13371949,-1.729491252,63.28715818,Average,341,Loyal Customer
807,56,Florida,1,46,Quarterly,3,1.548699221,44.43559048,-0.451300779,52.09448904,Average,153,At Risk
808,27,New York,1,15,Weekly,57,2.206315459,37.90252987,0.206315459,46.3359725,Average,425,Potential Loyalist
809,46,Wisconsin,1,38,Every 3 Months,4,2.710020909,32.89848945,0.710020909,41.92519916,Good,245,At Risk
810,48,South Carolina,1,30,Bi-Weekly,114,4.395462435,16.15454212,2.395462435,27.16637427,Good,534,Potential Loyalist
811,52,South Dakota,1,32,Bi-Weekly,114,4.618367092,13.94010527,2.618367092,25.21447576,Good,544,Champion
812,18,Illinois,1,36,Quarterly,3,-0.030304889,60.12213981,-2.030304889,65.92127851,Average,141,Need Attention
813,64,Alaska,1,32,Weekly,57,1.989728567,40.05420315,-0.010271433,48.23254853,Average,443,Loyal Customer
814,54,Montana,1,14,Annually,1,-1.183268969,71.57621253,-3.183268969,76.01738372,Average,122,Hibernating
815,31,Minnesota,1,8,Monthly,12,-0.593531874,65.71749439,-2.593531874,70.85326122,Average,313,Need Attention
816,30,West Virginia,1,27,Bi-Weekly,114,4.314458626,16.95927102,2.314458626,27.87569643,Average,534,Potential Loyalist
817,26,Illinois,1,24,Monthly,12,-1.090473213,70.65433703,-3.090473213,75.20480358,Average,331,Promising
818,25,Nevada,1,30,Fortnightly,28,-0.383950628,63.63541839,-2.383950628,69.01803118,Good,331,Promising
819,59,Idaho,1,34,Monthly,12,2.430905255,35.67135207,0.430905255,44.36931781,Good,345,Loyal Customer
820,55,Colorado,1,28,Quarterly,3,-0.541893751,65.20449765,-2.541893751,70.40108414,Good,132,Need Attention
821,56,Louisiana,1,27,Monthly,12,-0.249409873,62.29882897,-2.249409873,67.83990461,Poor,332,Promising
822,62,Vermont,1,31,Bi-Weekly,114,2.691216994,33.08529614,0.691216994,42.0898585,Average,542,Loyal Customer
823,35,Mississippi,1,23,Annually,1,0.030929636,59.51380802,-1.969070364,65.38506909,Average,133,At Risk
824,51,Georgia,1,11,Quarterly,3,-2.098779099,80.67130908,-4.098779099,84.03418732,Poor,121,Hibernating
825,61,Georgia,1,48,Quarterly,3,3.29172294,27.1195953,1.29172294,36.83143691,Average,155,At Risk
826,27,Nebraska,1,17,Monthly,12,1.380726261,46.10431072,-0.619273739,53.56536978,Average,325,Promising
827,54,Massachusetts,1,36,Weekly,57,3.871205885,21.36274658,1.871205885,31.75710643,Average,445,Champion
828,31,Colorado,1,33,Fortnightly,28,1.090495655,48.98759436,-0.909504345,56.1068182,Good,342,Loyal Customer
829,24,Nevada,1,27,Bi-Weekly,114,3.385496977,26.18800111,1.385496977,36.01029031,Average,533,Potential Loyalist
830,42,Idaho,1,14,Fortnightly,28,0.028539652,59.53755121,-1.971460348,65.40599735,Poor,323,Promising
831,41,Wyoming,1,5,Annually,1,-0.497318744,64.76166913,-2.497318744,70.01075632,Good,114,Need Attention
832,66,Washington,1,47,Every 3 Months,4,1.939619625,40.55200831,-0.060380375,48.6713351,Good,253,At Risk
833,58,California,1,28,Bi-Weekly,114,4.214783307,17.94949125,2.214783307,28.74851851,Poor,534,Potential Loyalist
834,43,Oklahoma,1,11,Annually,1,-0.419762186,63.9911868,-2.419762186,69.33162053,Average,123,Need Attention
835,52,Nevada,1,18,Weekly,57,2.413995856,35.83933778,0.413995856,44.51738753,Average,425,Potential Loyalist
836,35,Maryland,1,21,Weekly,57,-0.038532108,60.20387276,-2.038532108,65.9933214,Poor,431,Potential Loyalist
837,23,West Virginia,1,22,Bi-Weekly,114,4.221677809,17.88099812,2.221677809,28.68814576,Average,535,Potential Loyalist
838,25,Illinois,1,33,Every 3 Months,4,-0.507449094,64.86230866,-2.507449094,70.09946427,Good,241,Need Attention
839,33,Kentucky,1,49,Annually,1,0.564060523,54.21744184,-1.435939477,60.71662745,Good,151,Need Attention
840,48,Illinois,1,10,Every 3 Months,4,-1.972988882,79.42165149,-3.972988882,82.93268616,Average,211,About to Sleep
841,42,Alabama,1,18,Weekly,57,-0.330663564,63.10604031,-2.330663564,68.5514149,Good,421,Potential Loyalist
842,55,Texas,1,28,Fortnightly,28,2.306706252,36.90520179,0.306706252,45.45688525,Average,335,Promising
843,59,Missouri,1,25,Weekly,57,2.814132389,31.86419836,0.814132389,41.01353116,Average,435,Potential Loyalist
844,65,Pennsylvania,1,6,Weekly,57,1.203244502,47.86749572,-0.796755498,55.11951578,Average,414,Recent Customer
845,59,Missouri,1,44,Bi-Weekly,114,3.971195146,20.3694075,1.971195146,30.88153527,Good,552,Loyal Customer
846,31,Michigan,1,30,Monthly,12,-0.801789008,67.78641604,-2.801789008,72.67689646,Average,331,Promising
847,49,Kentucky,1,42,Quarterly,3,1.947400497,40.47470957,-0.052599503,48.60320071,Average,154,At Risk
848,53,New Jersey,1,30,Monthly,12,0.169398171,58.13819822,-1.830601829,64.17254831,Good,332,Promising
849,48,Delaware,1,33,Bi-Weekly,114,4.265338595,17.44725188,2.265338595,28.30582345,Average,544,Champion
850,23,Missouri,1,24,Quarterly,3,0.236837291,57.46822715,-1.763162709,63.58200741,Good,133,At Risk
851,68,Connecticut,1,13,Monthly,12,-2.02087012,79.89732562,-4.02087012,83.3519655,Average,321,Promising
852,35,Massachusetts,1,19,Monthly,12,1.181375623,48.08475117,-0.818624377,55.31101395,Average,325,Promising
853,34,Florida,1,23,Every 3 Months,4,0.151499861,58.31600823,-1.848500139,64.32927759,Good,233,At Risk
854,62,Delaware,1,35,Monthly,12,0.473306637,55.11903247,-1.526693363,61.51132764,Good,342,Loyal Customer
855,21,California,1,22,Monthly,12,-0.38441622,63.6400438,-2.38441622,69.02210821,Good,332,Promising
856,70,Oregon,1,14,Quarterly,3,0.177952244,58.05321815,-1.822047756,64.09764327,Average,124,Need Attention
857,55,Alaska,1,47,Fortnightly,28,1.299611309,46.91014377,-0.700388691,54.27566519,Average,351,Loyal Customer
858,43,Missouri,1,50,Every 3 Months,4,2.020623433,39.74727941,0.020623433,47.96201294,Average,253,At Risk
859,19,Oklahoma,1,33,Weekly,57,0.79218948,51.9511044,-1.20781052,58.71898156,Average,441,Loyal Customer
860,47,Wisconsin,1,7,Monthly,12,-0.198277849,61.79086004,-2.198277849,67.39215926,Good,314,Need Attention
861,26,South Carolina,1,3,Monthly,12,0.115972369,58.66895459,-1.884027631,64.64037947,Good,315,Need Attention
862,46,Virginia,1,35,Every 3 Months,4,2.67124263,33.28373061,0.67124263,42.26476706,Poor,245,At Risk
863,19,Arkansas,1,13,Fortnightly,28,1.09940215,48.89911316,-0.90059785,56.02882712,Good,324,Promising
864,49,Vermont,1,42,Fortnightly,28,1.29128155,46.9928954,-0.70871845,54.34860599,Average,352,Loyal Customer
865,51,Kentucky,1,5,Annually,1,-1.215152746,71.89296056,-3.215152746,76.29657886,Average,113,Lost
866,64,Colorado,1,23,Annually,1,-1.362512839,73.35690315,-3.362512839,77.58695991,Good,131,Lost
867,67,New Mexico,1,11,Bi-Weekly,114,2.5734469,34.25527814,0.5734469,43.12113023,Average,524,Potential Loyalist
868,37,Colorado,1,23,Fortnightly,28,-0.91076375,68.869021,-2.91076375,73.63115035,Average,331,Promising
869,40,North Carolina,1,2,Every 3 Months,4,-0.331075738,63.11013504,-2.331075738,68.55502417,Average,214,About to Sleep
870,38,New Hampshire,1,33,Weekly,57,1.974504307,40.20544792,-0.025495693,48.36586208,Average,443,Loyal Customer
871,66,West Virginia,1,6,Bi-Weekly,114,2.100636317,38.95239482,0.100636317,47.26136796,Poor,513,Recent Customer
872,47,Hawaii,1,45,Quarterly,3,0.888315008,50.99614942,-1.111684992,57.87724376,Average,152,Need Attention
873,56,North Dakota,1,25,Quarterly,3,-0.876250737,68.52615293,-2.876250737,73.3289319,Average,131,Lost
874,51,Mississippi,1,24,Quarterly,3,0.912445763,50.75642345,-1.087554237,57.66593914,Good,134,At Risk
875,25,Maine,1,10,Every 3 Months,4,-0.537320878,65.15906863,-2.537320878,70.36104108,Good,213,About to Sleep
876,37,North Dakota,1,7,Every 3 Months,4,-1.842865042,78.12894173,-3.842865042,81.79323699,Good,212,About to Sleep
877,41,Nebraska,1,1,Weekly,57,-0.367429849,63.47129341,-2.367429849,68.87336446,Average,412,Recent Customer
878,64,Nebraska,1,45,Every 3 Months,4,1.885617086,41.08849424,-0.114382914,49.14421654,Good,253,At Risk
879,23,Tennessee,1,37,Weekly,57,3.729305036,22.77245454,1.729305036,32.99968278,Good,445,Champion
880,62,Wyoming,1,14,Quarterly,3,0.177952244,58.05321815,-1.822047756,64.09764327,Good,124,Need Attention
881,39,Nevada,1,25,Monthly,12,1.132255592,48.57273204,-0.867744408,55.74114096,Average,334,Promising
882,52,South Carolina,1,18,Annually,1,-0.2307533,62.11348604,-2.2307533,67.67653549,Average,123,Need Attention
883,50,Virginia,1,37,Every 3 Months,4,0.065036809,59.17497176,-1.934963191,65.08640445,Average,241,Need Attention
884,28,Pennsylvania,1,30,Monthly,12,-0.126180535,61.07461234,-2.126180535,66.76082818,Good,332,Promising
885,67,Hawaii,1,34,Weekly,57,3.606075698,23.99667117,1.606075698,34.07875921,Good,445,Champion
886,41,Ohio,1,49,Every 3 Months,4,3.598192286,24.07498859,1.598192286,34.14779151,Good,255,At Risk
887,19,Utah,1,48,Monthly,12,1.837735848,41.56416837,-0.162264152,49.56349588,Average,353,Loyal Customer
888,70,Minnesota,1,33,Fortnightly,28,0.921593537,50.66554529,-1.078406463,57.58583527,Average,342,Loyal Customer
889,49,New Hampshire,1,44,Annually,1,2.244751945,37.52068422,0.244751945,45.99939756,Poor,154,At Risk
890,59,Arizona,1,50,Weekly,57,4.418125775,15.92939414,2.418125775,26.96791929,Average,454,Champion
891,52,New York,1,47,Monthly,12,1.641832461,43.51036226,-0.358167539,51.27895366,Good,352,Loyal Customer
892,20,Pennsylvania,1,24,Every 3 Months,4,-1.214941344,71.8908604,-3.214941344,76.29472768,Average,231,Need Attention
893,31,New Mexico,1,43,Monthly,12,1.913857148,40.80794454,-0.086142852,48.89692814,Average,353,Loyal Customer
894,33,Nebraska,1,14,Monthly,12,-0.642651905,66.20547525,-2.642651905,71.28338823,Good,322,Promising
895,44,Wyoming,1,3,Quarterly,3,-1.259151017,72.33005952,-3.259151017,76.6818564,Average,113,Lost
896,40,Mississippi,1,33,Quarterly,3,1.197682718,47.92274903,-0.802317282,55.16821839,Good,144,At Risk
897,69,Arkansas,1,38,Fortnightly,28,0.507668,54.77767097,-1.492332,61.21043714,Good,341,Loyal Customer
898,29,Illinois,1,46,Weekly,57,4.436797286,15.7439028,2.436797286,26.80441937,Average,455,Champion
899,54,Nevada,1,19,Every 3 Months,4,0.296847961,56.8720537,-1.703152039,63.05651486,Average,224,About to Sleep
900,65,Rhode Island,1,20,Annually,1,-0.218976291,61.99648784,-2.218976291,67.57340832,Good,123,Need Attention
901,54,West Virginia,1,42,Quarterly,3,3.045264265,29.56802855,1.045264265,38.98958976,Average,155,At Risk
902,60,Missouri,1,34,Monthly,12,1.459718076,45.31956989,-0.540281924,52.87366595,Good,343,Loyal Customer
903,43,Kentucky,1,5,Monthly,12,-1.561271803,75.33146565,-3.561271803,79.32742298,Average,312,Need Attention
904,44,Washington,1,3,Quarterly,3,-1.89253396,78.62237549,-3.89253396,82.22817041,Average,112,Hibernating
905,69,Alaska,1,46,Every 3 Months,4,3.390511889,26.13818068,1.390511889,35.96637647,Average,255,At Risk
906,46,Mississippi,1,16,Annually,1,-0.073628192,60.55253332,-2.073628192,66.3006456,Average,123,Need Attention
907,41,South Carolina,1,21,Bi-Weekly,114,2.716783006,32.83131168,0.716783006,41.86598583,Good,533,Potential Loyalist
908,32,Missouri,1,34,Bi-Weekly,114,3.067799509,29.34415313,1.067799509,38.79225647,Good,542,Loyal Customer
909,26,New Jersey,1,9,Every 3 Months,4,0.829120327,51.58421646,-1.170879673,58.39559098,Average,215,About to Sleep
910,61,Louisiana,1,36,Weekly,57,2.266635763,37.30328037,0.266635763,45.80776859,Average,443,Loyal Customer
911,49,South Carolina,1,22,Monthly,12,-1.186701281,71.61031069,-3.186701281,76.04743928,Average,331,Promising
912,53,Vermont,1,2,Quarterly,3,-0.737220402,67.14496198,-2.737220402,72.11149165,Average,114,Need Attention
913,24,Arkansas,1,32,Monthly,12,0.814558124,51.72888406,-1.185441876,58.52310713,Average,343,Loyal Customer
914,37,Utah,1,29,Every 3 Months,4,0.017928771,59.64296455,-1.982071229,65.49891314,Average,232,Need Attention
915,43,Washington,1,27,Every 3 Months,4,0.723985764,52.62867132,-1.276014236,59.31621777,Good,233,At Risk
916,31,Rhode Island,1,33,Fortnightly,28,-0.134044701,61.15273857,-2.134044701,66.82969195,Average,341,Loyal Customer
917,49,Illinois,1,16,Monthly,12,-1.222032309,71.96130529,-3.222032309,76.3568208,Average,321,Promising
918,69,Missouri,1,11,Quarterly,3,-0.536434507,65.15026302,-2.536434507,70.35327944,Average,123,Need Attention
919,65,North Carolina,1,11,Fortnightly,28,-0.812523688,67.89305927,-2.812523688,72.77089632,Good,322,Promising
920,41,Massachusetts,1,17,Bi-Weekly,114,3.537739578,24.67555345,1.537739578,34.67715483,Average,524,Potential Loyalist
921,37,Arkansas,1,37,Weekly,57,3.3915008,26.12835639,1.3915008,35.95771692,Good,444,Champion
922,70,South Dakota,1,18,Weekly,57,-0.330663564,63.10604031,-2.330663564,68.5514149,Good,421,Potential Loyalist
923,63,Georgia,1,13,Monthly,12,-0.331848939,63.11781637,-2.331848939,68.56179482,Good,323,Promising
924,55,Arkansas,1,7,Weekly,57,-1.092158352,70.67107798,-3.092158352,75.21955975,Good,411,Recent Customer
925,52,Kansas,1,37,Quarterly,3,1.854619679,41.39643666,-0.145380321,49.41565004,Average,144,At Risk
926,22,Arizona,1,8,Monthly,12,0.504331893,54.81081338,-1.495668107,61.23965027,Good,315,Need Attention
927,54,Massachusetts,1,11,Bi-Weekly,114,2.320093723,36.77220453,0.320093723,45.33965583,Good,523,Potential Loyalist
928,28,New Mexico,1,8,Bi-Weekly,114,2.745796269,32.54308065,0.745796269,41.61192678,Good,514,Recent Customer
929,67,Arkansas,1,31,Every 3 Months,4,-0.265872926,62.46238047,-2.265872926,67.98406583,Average,242,Need Attention
930,59,Nebraska,1,26,Fortnightly,28,2.421605832,35.76373679,0.421605832,44.45074962,Good,335,Promising
931,26,Hawaii,1,20,Bi-Weekly,114,3.576517857,24.29031229,1.576517857,34.33758694,Good,524,Potential Loyalist
932,24,Nebraska,1,24,Fortnightly,28,-0.165928479,61.4694866,-2.165928479,67.10888709,Good,332,Promising
933,62,Indiana,1,45,Bi-Weekly,114,3.027009236,29.74938236,1.027009236,39.14944269,Average,551,Loyal Customer
934,70,Colorado,1,33,Monthly,12,2.066099749,39.29549688,0.066099749,47.56379267,Average,344,Loyal Customer
935,45,Oregon,1,21,Monthly,12,-0.326966431,63.0693113,-2.326966431,68.51904039,Average,332,Promising
936,58,Ohio,1,2,Fortnightly,28,-1.055535113,70.30724596,-3.055535113,74.8988628,Average,312,Need Attention
937,31,Maine,1,28,Weekly,57,2.895136198,31.05946947,0.895136198,40.304209,Average,434,Potential Loyalist
938,32,Iowa,1,18,Quarterly,3,-1.740868095,77.11565739,-3.740868095,80.90008522,Average,121,Hibernating
939,36,Wisconsin,1,21,Fortnightly,28,2.202148425,37.94392708,0.202148425,46.37246176,Good,335,Promising
940,25,New York,1,24,Monthly,12,1.654186206,43.3876345,-0.345813794,51.17077621,Good,335,Promising
941,48,Colorado,1,15,Every 3 Months,4,-1.077923003,70.5296575,-3.077923003,75.09490576,Average,222,About to Sleep
942,39,Illinois,1,38,Every 3 Months,4,0.134263608,58.48724106,-1.865736392,64.48020946,Good,241,Need Attention
943,26,Arizona,1,38,Bi-Weekly,114,5.371532122,6.457819237,3.371532122,18.6192717,Average,545,Champion
944,32,Oklahoma,1,13,Fortnightly,28,0.21266603,57.70835552,-1.78733397,63.79366673,Average,323,Promising
945,54,Indiana,1,39,Bi-Weekly,114,5.694112098,3.253162152,3.694112098,15.79455111,Good,545,Champion
946,38,Minnesota,1,8,Every 3 Months,4,-1.815863773,77.86069877,-3.815863773,81.55679627,Good,212,About to Sleep
947,46,Pennsylvania,1,4,Quarterly,3,-2.710043281,86.74388715,-4.710043281,89.38681503,Average,111,Hibernating
948,57,Indiana,1,6,Every 3 Months,4,-2.207670548,81.75308655,-4.207670548,84.98771184,Average,211,About to Sleep
949,49,Alabama,1,11,Every 3 Months,4,0.587544159,53.98414465,-1.412455841,60.51098941,Good,225,About to Sleep
950,33,Montana,1,49,Monthly,12,1.146903116,48.42721684,-0.853096884,55.6128777,Average,352,Loyal Customer
951,54,New Mexico,1,30,Quarterly,3,-0.361214624,63.40954852,-2.361214624,68.8189399,Good,132,Need Attention
952,47,Alaska,1,34,Monthly,12,0.741884074,52.45086132,-1.258115926,59.15948849,Average,342,Loyal Customer
953,36,Idaho,1,28,Monthly,12,1.171033871,48.18749087,-0.828966129,55.40157307,Average,334,Promising
954,68,Utah,1,36,Quarterly,3,0.603078054,53.82982384,-1.396921946,60.37496451,Average,142,Need Attention
955,60,Louisiana,1,18,Every 3 Months,4,0.39652328,55.88183347,-1.60347672,62.18369278,Average,224,About to Sleep
956,55,Mississippi,1,4,Monthly,12,-0.321507186,63.01507667,-2.321507186,68.47123569,Average,314,Need Attention
957,29,Mississippi,1,42,Quarterly,3,3.087489794,29.14854082,1.087489794,38.6198355,Average,155,At Risk
958,38,Indiana,1,11,Quarterly,3,-2.267681217,82.34926,-4.267681217,85.51320439,Good,121,Hibernating
959,70,Washington,1,31,Bi-Weekly,114,3.282374407,27.2124679,1.282374407,36.91329876,Good,543,Loyal Customer
960,36,Nevada,1,12,Fortnightly,28,1.663558294,43.29452789,-0.336441706,51.0887081,Average,325,Promising
961,18,Louisiana,1,20,Quarterly,3,-0.589001789,65.67249045,-2.589001789,70.81359283,Good,122,Hibernating
962,62,Pennsylvania,1,37,Quarterly,3,1.601266502,43.91336305,-0.398733498,51.63417564,Average,144,At Risk
963,29,Michigan,1,26,Fortnightly,28,1.154839946,48.34836873,-0.845160054,55.54337764,Good,333,Promising
964,21,South Carolina,1,14,Weekly,57,1.039224892,49.49694158,-0.960775108,56.55577843,Poor,423,Potential Loyalist
965,42,Arizona,1,12,Bi-Weekly,114,1.882614168,41.11832661,-0.117385832,49.17051205,Average,522,Potential Loyalist
966,43,Delaware,1,10,Annually,1,-1.037920869,70.132258,-3.037920869,74.74462099,Good,113,Lost
967,58,Kentucky,1,19,Annually,1,-0.414879678,63.94268173,-2.414879678,69.28886611,Good,123,Need Attention
968,27,Georgia,1,4,Weekly,57,-1.21538769,71.8952946,-3.21538769,76.29863618,Average,411,Recent Customer
969,57,North Carolina,1,48,Quarterly,3,2.151633643,38.44576404,0.151633643,46.81480212,Average,153,At Risk
970,40,California,1,37,Monthly,12,0.10505388,58.77742385,-1.89494612,64.73598888,Average,341,Loyal Customer
971,45,California,1,4,Monthly,12,-0.701536952,66.79046625,-2.701536952,71.79902409,Good,313,Need Attention
972,47,Indiana,1,15,Weekly,57,1.277353809,47.13125996,-0.722646191,54.47056637,Good,423,Potential Loyalist
973,61,Colorado,1,33,Weekly,57,2.270083013,37.2690338,0.270083013,45.77758221,Average,443,Loyal Customer
974,60,Colorado,1,30,Quarterly,3,1.243355498,47.46901473,-0.756644502,54.76827775,Average,134,At Risk
975,69,North Carolina,1,23,Monthly,12,1.627184937,43.65587746,-0.372815063,51.40721693,Average,335,Promising
976,58,Washington,1,2,Weekly,57,-0.762683875,67.39792776,-2.762683875,72.33446642,Average,412,Recent Customer
977,34,Florida,1,50,Every 3 Months,4,3.287389319,27.16264747,1.287389319,36.86938492,Average,255,At Risk
978,20,Washington,1,34,Bi-Weekly,114,2.09661233,38.99237095,0.09661233,47.29660462,Good,541,Loyal Customer
979,56,Colorado,1,33,Weekly,57,1.383346893,46.07827616,-0.616653107,53.54242182,Poor,442,Loyal Customer
980,64,New Hampshire,1,34,Monthly,12,-0.018175457,60.00164048,-2.018175457,65.8150653,Average,341,Loyal Customer
981,56,Maryland,1,39,Every 3 Months,4,2.863698767,31.37178329,0.863698767,40.57949564,Good,245,At Risk
982,27,Maryland,1,47,Quarterly,3,1.026768606,49.62068802,-0.973231394,56.66485379,Average,152,Need Attention
983,35,Texas,1,37,Monthly,12,1.414045296,45.77330418,-0.585954704,53.27360659,Average,343,Loyal Customer
984,24,New Mexico,1,40,Bi-Weekly,114,3.567611362,24.37879348,1.567611362,34.41557802,Average,542,Loyal Customer
985,26,Utah,1,8,Bi-Weekly,114,2.745796269,32.54308065,0.745796269,41.61192678,Average,514,Recent Customer
986,32,West Virginia,1,12,Annually,1,0.156170967,58.26960333,-1.843829033,64.28837434,Good,124,Need Attention
987,54,Connecticut,1,36,Monthly,12,2.780486501,32.19845202,0.780486501,41.3081565,Good,345,Loyal Customer
988,62,West Virginia,1,48,Weekly,57,2.717327584,32.82590159,0.717327584,41.86121715,Average,452,Loyal Customer
989,50,Ohio,1,47,Fortnightly,28,3.453113315,25.51626947,1.453113315,35.41819757,Good,354,Loyal Customer
990,70,Texas,1,2,Monthly,12,-2.317884083,82.84799824,-4.317884083,85.95281342,Average,311,Lost
991,48,Washington,1,24,Weekly,57,1.731492882,42.61963461,-0.268507118,50.49382856,Good,433,Potential Loyalist
992,20,Wisconsin,1,40,Bi-Weekly,114,5.763338897,2.565431455,3.763338897,15.18835613,Average,545,Champion
993,46,Louisiana,1,50,Weekly,57,5.051508718,9.637078165,3.051508718,21.42160528,Good,455,Champion
994,51,Iowa,1,25,Weekly,57,2.940808978,30.60573517,0.940808978,39.90426836,Good,435,Potential Loyalist
995,53,New York,1,20,Monthly,12,0.49054289,54.94779964,-1.50945711,61.36039577,Average,323,Promising
996,44,Idaho,1,10,Weekly,57,1.480151698,45.11657293,-0.519848302,52.69473583,Average,414,Recent Customer
997,29,Delaware,1,32,Quarterly,3,2.057417568,39.38174964,0.057417568,47.6398195,Good,145,At Risk
998,64,Kentucky,1,31,Fortnightly,28,0.065305937,59.17229811,-1.934694063,65.08404779,Average,341,Loyal Customer
999,51,Connecticut,1,48,Bi-Weekly,114,6.021574582,0,4.021574582,12.9270761,Average,555,Champion
1000,50,New Mexico,1,23,Monthly,12,-0.990797894,69.6641168,-2.990797894,74.33198149,Average,331,Promising
1001,43,Georgia,1,1,Bi-Weekly,114,0.909991731,50.78080293,-1.090008269,57.68742824,Average,512,Recent Customer
1002,61,Washington,1,4,Fortnightly,28,-0.537051749,65.15639499,-2.537051749,70.35868442,Average,313,Need Attention
1003,55,North Dakota,1,3,Bi-Weekly,114,1.597377213,43.95200103,-0.402622787,51.66823279,Average,513,Recent Customer
1004,56,Ohio,1,3,Bi-Weekly,114,1.977406979,40.17661145,-0.022593021,48.34044439,Good,513,Recent Customer
1005,33,Tennessee,1,44,Annually,1,2.329203004,36.68170876,0.329203004,45.25988902,Good,154,At Risk
1006,43,New York,1,5,Bi-Weekly,114,3.213724345,27.89446904,1.213724345,37.51444347,Average,515,Recent Customer
1007,21,Michigan,1,50,Quarterly,3,2.965695714,30.35849895,0.965695714,39.68634387,Good,154,At Risk
1008,58,Georgia,1,2,Annually,1,-1.296156554,72.69768946,-3.296156554,77.00590102,Good,113,Lost
1009,41,New Mexico,1,29,Annually,1,1.544154197,44.48074282,-0.455845803,52.13428823,Average,135,At Risk
1010,39,Louisiana,1,11,Annually,1,-2.024332308,79.93172059,-4.024332308,83.38228268,Average,121,Hibernating
1011,54,South Dakota,1,37,Fortnightly,28,0.227313553,57.56284032,-1.772686447,63.66540347,Good,341,Loyal Customer
1012,43,Montana,1,32,Fortnightly,28,-0.076594912,60.58200607,-2.076594912,66.32662413,Average,341,Loyal Customer
1013,28,New Mexico,1,27,Annually,1,-0.621124818,65.99161532,-2.621124818,71.09488302,Average,132,Need Attention
1014,59,South Carolina,1,31,Bi-Weekly,114,3.957982879,20.5006642,1.957982879,30.99723049,Average,544,Champion
1015,28,Ohio,1,36,Fortnightly,28,3.24055041,27.62796663,1.24055041,37.27953695,Average,345,Loyal Customer
1016,68,North Carolina,1,34,Weekly,57,0.77696522,52.10234916,-1.22303478,58.85229511,Good,441,Loyal Customer
1017,20,Idaho,1,15,Every 3 Months,4,-1.669080416,76.40248574,-3.669080416,80.2714655,Average,221,About to Sleep
1018,21,Oklahoma,1,14,Annually,1,-0.845464732,68.22031068,-2.845464732,73.05934958,Poor,123,Need Attention
1019,50,Georgia,1,46,Weekly,57,3.550061166,24.55314516,1.550061166,34.56925898,Good,454,Champion
1020,32,Kentucky,1,33,Bi-Weekly,114,4.392015184,16.18878869,2.392015184,27.19656064,Average,544,Champion
1021,24,Delaware,1,41,Annually,1,2.79713108,32.03309715,0.79713108,41.16240571,Good,155,At Risk
1022,55,Massachusetts,1,39,Weekly,57,2.263188512,37.33752693,0.263188512,45.83795496,Good,442,Loyal Customer
1023,61,Nebraska,1,7,Annually,1,-1.836758679,78.06827833,-3.836758679,81.73976569,Good,112,Hibernating
1024,61,Maine,1,29,Every 3 Months,4,1.03134148,49.575259,-0.96865852,56.62481073,Average,234,At Risk
1025,28,Pennsylvania,1,18,Quarterly,3,0.032604145,59.49717268,-1.967395855,65.370406,Average,123,Need Attention
1026,60,Nebraska,1,15,Annually,1,0.532753482,54.52846031,-1.467246518,60.99077231,Good,124,Need Attention
1027,49,Virginia,1,39,Bi-Weekly,114,5.609661039,4.092137615,3.609661039,16.53405965,Average,545,Champion
1028,33,Ohio,1,11,Monthly,12,0.796463349,51.90864582,-1.203536651,58.68155677,Average,325,Promising
1029,45,Nebraska,1,4,Fortnightly,28,-1.550464458,75.22410054,-3.550464458,79.23278683,Average,312,Need Attention
1030,29,Ohio,1,33,Bi-Weekly,114,2.11183659,38.84112618,0.11183659,47.16329107,Average,541,Loyal Customer
1031,58,Kentucky,1,37,Quarterly,3,2.319100504,36.78207162,0.319100504,45.3483531,Average,145,At Risk
1032,22,Tennessee,1,32,Quarterly,3,0.326170858,56.58074662,-1.673829142,62.79974445,Average,142,Need Attention
1033,55,Maine,1,44,Quarterly,3,0.565735032,54.2008065,-1.434264968,60.70196435,Good,152,Need Attention
1034,19,Montana,1,41,Quarterly,3,1.033663108,49.55219489,-0.966336892,56.60448104,Good,153,At Risk
1035,68,Maryland,1,44,Weekly,57,1.680360857,43.12760354,-0.319639143,50.9415739,Good,451,Loyal Customer
1036,61,Georgia,1,32,Annually,1,1.920736712,40.73959981,-0.079263288,48.8366862,Average,145,At Risk
1037,68,Hawaii,1,13,Monthly,12,-0.880780822,68.57115688,-2.880780822,73.36860029,Average,322,Promising
1038,52,Rhode Island,1,48,Quarterly,3,0.378161403,56.06424876,-1.621838597,62.34448134,Average,151,Need Attention
1039,41,Nebraska,1,3,Weekly,57,0.742210928,52.4476142,-1.257789072,59.15662635,Average,414,Recent Customer
1040,29,Michigan,1,39,Monthly,12,0.876890421,51.10964649,-1.123109579,57.9772849,Good,342,Loyal Customer
1041,68,North Carolina,1,7,Fortnightly,28,-1.933941475,79.03373669,-3.933941475,82.59076161,Good,311,Lost
1042,36,Minnesota,1,11,Fortnightly,28,-1.53035769,75.02435071,-3.53035769,79.05671886,Good,321,Promising
1043,55,Maryland,1,47,Weekly,57,4.04154326,19.67053715,2.04154326,30.26552132,Good,454,Champion
1044,28,Hawaii,1,28,Fortnightly,28,1.799999898,41.93905456,-0.200000102,49.89393646,Average,334,Promising
1045,39,Oregon,1,17,Every 3 Months,4,-1.530626818,75.02702435,-3.530626818,79.05907552,Good,221,About to Sleep
1046,54,New Mexico,1,11,Bi-Weekly,114,2.995702195,30.06040083,0.995702195,39.42358756,Average,524,Potential Loyalist
1047,40,Illinois,1,12,Annually,1,-2.292909746,82.59989174,-4.292909746,85.73412183,Good,121,Hibernating
1048,31,Utah,1,7,Fortnightly,28,-1.342784061,73.16090845,-3.342784061,77.41420187,Good,312,Need Attention
1049,30,Maine,1,19,Fortnightly,28,1.219184237,47.7091431,-0.780815763,54.97993707,Average,324,Promising
1050,45,Virginia,1,24,Quarterly,3,-0.945477536,69.21388363,-2.945477536,73.93512689,Average,131,Lost
1051,48,Florida,1,19,Monthly,12,0.252413973,57.31348126,-1.747586027,63.44560783,Average,323,Promising
1052,45,Ohio,1,39,Annually,1,0.885205242,51.02704326,-1.114794758,57.9044749,Average,143,At Risk
1053,60,Virginia,1,1,Fortnightly,28,-1.758144855,77.28729263,-3.758144855,81.05137179,Average,312,Need Attention
1054,59,Kansas,0,10,Bi-Weekly,114,1.546445631,44.45797867,-0.453554369,52.11422294,Average,514,Recent Customer
1055,18,Arkansas,0,48,Quarterly,3,2.376173999,36.2150774,0.376173999,44.84858037,Good,155,At Risk
1056,70,Massachusetts,0,24,Annually,1,-2.25106051,82.18414229,-4.25106051,85.36766264,Average,131,Lost
1057,20,Idaho,0,42,Fortnightly,28,1.262468729,47.27913515,-0.737531271,54.60090984,Average,353,Loyal Customer
1058,65,Wisconsin,0,20,Weekly,57,-1.234435495,72.08452422,-3.234435495,76.46543118,Good,421,Potential Loyalist
1059,29,New Mexico,0,49,Every 3 Months,4,-0.188692663,61.69563642,-2.188692663,67.30822513,Average,251,Need Attention
1060,22,North Carolina,0,25,Monthly,12,-1.598991119,75.70618659,-3.598991119,79.65771791,Poor,331,Promising
1061,27,Iowa,0,21,Every 3 Months,4,-2.042591975,80.11312047,-4.042591975,83.54217623,Average,231,Need Attention
1062,36,Idaho,0,12,Every 3 Months,4,-1.525543868,74.976528,-3.525543868,79.0145659,Good,223,About to Sleep
1063,59,Ohio,0,21,Every 3 Months,4,-0.353570794,63.33361122,-2.353570794,68.75200554,Average,234,At Risk
1064,62,Alabama,0,35,Monthly,12,-1.117850777,70.92631828,-3.117850777,75.44453937,Average,341,Loyal Customer
1065,34,Wyoming,0,42,Every 3 Months,4,-0.884407903,68.60718996,-2.884407903,73.40036137,Average,251,Need Attention
1066,59,Alabama,0,3,Every 3 Months,4,-3.922057299,98.78458898,-5.922057299,100,Good,211,About to Sleep
1067,49,Mississippi,0,11,Bi-Weekly,114,2.713536197,32.86356696,0.713536197,41.894417,Good,525,Potential Loyalist
1068,18,Pennsylvania,0,22,Quarterly,3,-1.661675838,76.32892528,-3.661675838,80.20662618,Average,132,Need Attention
1069,55,Wyoming,0,47,Weekly,57,3.632700673,23.73216648,1.632700673,33.84561357,Poor,455,Champion
1070,38,Maryland,0,33,Every 3 Months,4,0.730503971,52.56391647,-1.269496029,59.2591401,Good,244,At Risk
1071,50,North Carolina,0,50,Weekly,57,3.038096009,29.63924128,1.038096009,39.05235968,Average,454,Champion
1072,61,Pennsylvania,0,46,Monthly,12,1.839371547,41.54791858,-0.160628453,49.54917263,Average,354,Loyal Customer
1073,48,Idaho,0,34,Fortnightly,28,1.890969164,41.03532425,-0.109030836,49.09735025,Poor,345,Loyal Customer
1074,22,California,0,33,Monthly,12,1.572806104,44.19610167,-0.427193896,51.88339345,Good,345,Loyal Customer
1075,48,Tennessee,0,45,Fortnightly,28,1.765727833,42.27952894,-0.234272167,50.19404501,Average,354,Loyal Customer
1076,57,Missouri,0,32,Bi-Weekly,114,2.224924617,37.71765797,0.224924617,46.17301857,Good,542,Loyal Customer
1077,33,North Dakota,0,47,Bi-Weekly,114,4.192288251,18.17296743,2.192288251,28.94549989,Average,554,Champion
1078,58,West Virginia,0,5,Quarterly,3,-3.471914364,94.31266309,-5.471914364,96.05825497,Average,111,Hibernating
1079,37,Arizona,0,49,Fortnightly,28,1.535928674,44.56245893,-0.464071326,52.20631626,Good,353,Loyal Customer
1080,18,Oklahoma,0,48,Monthly,12,-0.049000272,60.30786829,-2.049000272,66.08498748,Good,351,Loyal Customer
1081,65,Pennsylvania,0,22,Every 3 Months,4,-0.959952467,69.35768422,-2.959952467,74.06187883,Average,233,At Risk
1082,62,Idaho,0,45,Annually,1,-0.670621143,66.48333446,-2.670621143,71.52830512,Good,151,Need Attention
1083,54,South Carolina,0,30,Quarterly,3,0.665610793,53.20859499,-1.334389207,59.82738707,Average,135,At Risk
1084,35,Washington,0,43,Weekly,57,3.482470066,25.22462607,1.482470066,35.16113071,Average,455,Champion
1085,34,Arkansas,0,48,Quarterly,3,-0.157357772,61.38434128,-2.157357772,67.03383639,Good,152,Need Attention
1086,25,Utah,0,23,Fortnightly,28,0.833895669,51.53677603,-1.166104331,58.35377498,Average,335,Promising
1087,53,Alaska,0,27,Bi-Weekly,114,2.385496977,36.12245868,0.385496977,44.7669423,Average,533,Potential Loyalist
1088,45,West Virginia,0,7,Monthly,12,-1.282728908,72.56429307,-3.282728908,76.88831979,Average,314,Need Attention
1089,49,Louisiana,0,2,Weekly,57,-2.564968936,85.30265222,-4.564968936,88.11644948,Average,411,Recent Customer
1090,40,Arizona,0,33,Bi-Weekly,114,2.758632241,32.41556223,0.758632241,41.49952664,Average,543,Loyal Customer
1091,38,Connecticut,0,27,Fortnightly,28,-0.029286432,60.11202199,-2.029286432,65.91236024,Good,333,Promising
1092,44,North Carolina,0,6,Fortnightly,28,-0.554087561,65.32563653,-2.554087561,70.50786109,Good,314,Need Attention
1093,68,South Dakota,0,20,Quarterly,3,-1.50455073,74.76797255,-3.50455073,78.83073629,Good,122,Hibernating
1094,60,Delaware,0,46,Every 3 Months,4,0.237009883,57.46651254,-1.762990117,63.58049608,Good,252,Need Attention
1095,25,Connecticut,0,25,Quarterly,3,-1.58067203,75.52419638,-3.58067203,79.49730402,Good,132,Need Attention
1096,19,Tennessee,0,30,Quarterly,3,-1.487891212,74.60246929,-3.487891212,78.68485469,Average,131,Lost
1097,57,New Hampshire,0,48,Annually,1,0.212667726,57.70833867,-1.787332274,63.79365188,Average,152,Need Attention
1098,58,Vermont,0,47,Weekly,57,0.803590195,51.83784448,-1.196409805,58.61914947,Average,451,Loyal Customer
1099,49,Idaho,0,27,Weekly,57,2.417066812,35.80882949,0.417066812,44.49049624,Average,435,Potential Loyalist
1100,19,North Carolina,0,45,Fortnightly,28,1.850178892,41.44055348,-0.149821108,49.45453647,Average,354,Loyal Customer
1101,50,Nevada,0,2,Weekly,57,-2.269390229,82.3662381,-4.269390229,85.52816961,Good,411,Recent Customer
1102,30,Delaware,0,39,Fortnightly,28,1.561494687,44.30847446,-0.438505313,51.98244359,Average,344,Loyal Customer
1103,52,Texas,0,24,Fortnightly,28,0.818671409,51.6880208,-1.181328591,58.48708853,Average,334,Promising
1104,35,Tennessee,0,8,Bi-Weekly,114,-0.576607855,65.54936344,-2.576607855,70.70506347,Good,511,Recent Customer
1105,35,Delaware,0,8,Quarterly,3,-3.264233967,92.249471,-5.264233967,94.23967001,Average,111,Hibernating
1106,33,Massachusetts,0,6,Every 3 Months,4,-1.054168542,70.29366982,-3.054168542,74.88689621,Average,214,About to Sleep
1107,52,Minnesota,0,12,Fortnightly,28,0.536881705,54.48744865,-1.463118295,60.9546229,Average,325,Promising
1108,69,Texas,0,26,Weekly,57,0.82772095,51.59811851,-1.17227905,58.40784484,Average,433,Potential Loyalist
1109,27,Nebraska,0,50,Fortnightly,28,0.16948747,58.1373111,-1.83051253,64.17176636,Average,351,Loyal Customer
1110,66,Oklahoma,0,2,Weekly,57,0.644171308,53.42158464,-1.355828692,60.01512518,Poor,415,Recent Customer
1111,28,Texas,0,31,Bi-Weekly,114,2.620178643,33.79102362,0.620178643,42.71191662,Average,543,Loyal Customer
1112,22,New York,0,4,Bi-Weekly,114,0.962182719,50.26231378,-1.037817281,57.23040993,Good,513,Recent Customer
1113,69,Washington,0,32,Quarterly,3,0.04400486,59.38391276,-1.95599514,65.2705739,Good,143,At Risk
1114,28,Maryland,0,11,Bi-Weekly,114,2.037927725,39.57537066,0.037927725,47.81048528,Good,524,Potential Loyalist
1115,55,New Hampshire,0,47,Every 3 Months,4,-0.664950497,66.42699967,-2.664950497,71.47864924,Average,251,Need Attention
1116,30,New York,0,37,Weekly,57,1.420313621,45.71103178,-0.579686379,53.21871705,Good,443,Loyal Customer
1117,67,Hawaii,0,39,Fortnightly,28,2.406005277,35.91871984,0.406005277,44.58735825,Good,345,Loyal Customer
1118,25,California,0,24,Monthly,12,0.147479852,58.35594484,-1.852520148,64.36447941,Good,334,Promising
1119,49,Indiana,0,11,Every 3 Months,4,-1.468094079,74.4057955,-3.468094079,78.51149808,Good,223,About to Sleep
1120,34,Louisiana,0,36,Weekly,57,0.422125172,55.62749256,-1.577874828,61.95950592,Average,442,Loyal Customer
1121,22,Pennsylvania,0,40,Monthly,12,1.550687342,44.41583957,-0.449312658,52.07707975,Good,344,Loyal Customer
1122,63,Florida,0,25,Quarterly,3,-0.820612499,67.97341722,-2.820612499,72.84172722,Average,133,At Risk
1123,70,North Carolina,0,12,Annually,1,-1.603888565,75.75484006,-3.603888565,79.70060314,Good,123,Need Attention
1124,36,Massachusetts,0,38,Monthly,12,0.694399742,52.9225924,-1.305600258,59.57529226,Poor,343,Loyal Customer
1125,42,Iowa,0,40,Quarterly,3,-1.386780636,73.59799056,-3.386780636,77.79946456,Poor,141,Need Attention
1126,27,North Dakota,0,10,Weekly,57,0.902406993,50.85615319,-1.097593007,57.75384515,Average,415,Recent Customer
1127,23,Iowa,0,47,Fortnightly,28,1.355249547,46.35740805,-0.644750453,53.7884605,Average,353,Loyal Customer
1128,50,Delaware,0,22,Monthly,12,-1.004386455,69.79911178,-3.004386455,74.45097179,Good,333,Promising
1129,56,New York,0,35,Monthly,12,-1.075625247,70.50683055,-3.075625247,75.07478511,Good,341,Loyal Customer
1130,37,New Hampshire,0,46,Fortnightly,28,1.581601455,44.10872463,-0.418398545,51.80637562,Good,353,Loyal Customer
1131,67,Kentucky,0,30,Bi-Weekly,114,1.706441254,42.86850894,-0.293558746,50.71319695,Average,532,Potential Loyalist
1132,67,Illinois,0,20,Monthly,12,-0.298329462,62.78481855,-2.298329462,68.26827642,Average,324,Promising
1133,50,North Carolina,0,25,Fortnightly,28,1.521281151,44.70797413,-0.478718849,52.33457953,Good,335,Promising
1134,36,Connecticut,0,29,Weekly,57,-0.062462421,60.44160744,-2.062462421,66.20287083,Good,432,Potential Loyalist
1135,62,Wisconsin,0,2,Every 3 Months,4,-1.415526797,73.88356807,-3.415526797,78.05118469,Poor,214,About to Sleep
1136,65,Massachusetts,0,32,Quarterly,3,1.015192039,49.73569494,-0.984807961,56.76622576,Average,145,At Risk
1137,23,Illinois,0,37,Monthly,12,1.300781416,46.89851939,-0.699218584,54.26541897,Good,344,Loyal Customer
1138,46,New Mexico,0,16,Every 3 Months,4,-0.024096316,60.060461,-2.024096316,65.8669122,Average,225,About to Sleep
1139,18,Iowa,0,32,Fortnightly,28,-0.612114087,65.9020986,-2.612114087,71.01597919,Good,342,Loyal Customer
1140,58,Alabama,0,42,Bi-Weekly,114,3.043869196,29.58188781,1.043869196,39.0018059,Average,553,Loyal Customer
1141,31,Maryland,0,6,Every 3 Months,4,-2.912091841,88.75113,-4.912091841,91.15608396,Average,212,About to Sleep
1142,39,Ohio,0,23,Fortnightly,28,-1.361831866,73.35013806,-3.361831866,77.58099687,Good,331,Promising
1143,69,Ohio,0,27,Bi-Weekly,114,2.97665439,30.24963044,0.97665439,39.59038256,Average,534,Potential Loyalist
1144,68,Nevada,0,43,Quarterly,3,-1.052423651,70.27633527,-3.052423651,74.8716168,Good,151,Need Attention
1145,41,South Carolina,0,25,Fortnightly,28,-0.336642148,63.16543431,-2.336642148,68.60376729,Good,333,Promising
1146,31,Nevada,0,30,Every 3 Months,4,0.86062781,51.27120671,-1.13937219,58.11969092,Average,235,At Risk
1147,48,Wisconsin,0,7,Every 3 Months,4,-2.885090572,88.48288703,-4.885090572,90.91964324,Good,212,About to Sleep
1148,59,Tennessee,0,17,Annually,1,-2.355618337,83.22286759,-4.355618337,86.28323915,Good,122,Hibernating
1149,34,Florida,0,10,Fortnightly,28,-0.868337779,68.44754199,-2.868337779,73.25964088,Average,313,Need Attention
1150,21,Georgia,0,40,Annually,1,-0.510048784,64.88813517,-2.510048784,70.12222885,Average,142,Need Attention
1151,29,Kentucky,0,50,Bi-Weekly,114,2.879849585,31.21133366,0.879849585,40.43806854,Average,552,Loyal Customer
1152,41,Ohio,0,24,Weekly,57,1.702680061,42.90587436,-0.297319939,50.7461324,Poor,435,Potential Loyalist
1153,62,Connecticut,0,8,Every 3 Months,4,-2.351382948,83.18079129,-4.351382948,86.24615132,Good,212,About to Sleep
1154,27,Idaho,0,6,Quarterly,3,-2.853755681,88.17159189,-4.853755681,90.64525451,Good,112,Hibernating
1155,49,Georgia,0,44,Bi-Weekly,114,4.40686315,16.0412822,2.40686315,27.06654218,Average,554,Champion
1156,67,Tennessee,0,47,Quarterly,3,0.491249431,54.94078054,-1.508750569,61.35420884,Average,153,At Risk
1157,20,Hawaii,0,6,Every 3 Months,4,-3.672151373,96.30190916,-5.672151373,97.81166077,Good,211,About to Sleep
1158,37,Maryland,0,11,Quarterly,3,-1.451983448,74.24574512,-3.451983448,78.3704229,Good,123,Need Attention
1159,69,Nevada,0,41,Annually,1,1.543777903,44.4844811,-0.456222097,52.1375833,Good,155,At Risk
1160,66,New Hampshire,0,46,Every 3 Months,4,0.53258859,54.53009843,-1.46741141,60.99221621,Average,253,At Risk
1161,37,North Dakota,0,9,Bi-Weekly,114,0.294904005,56.89136585,-1.705095995,63.0735374,Average,512,Recent Customer
1162,63,Oklahoma,0,37,Monthly,12,-0.00821,59.90263906,-2.00821,65.72780126,Average,343,Loyal Customer
1163,47,North Carolina,0,13,Weekly,57,1.194538449,47.95398563,-0.805461551,55.19575166,Good,425,Potential Loyalist
1164,26,Tennessee,0,24,Monthly,12,-0.739256268,67.1651872,-2.739256268,72.12931902,Average,333,Promising
1165,68,Montana,0,47,Quarterly,3,2.306947201,36.9028081,0.306947201,45.45477535,Good,155,At Risk
1166,51,Wisconsin,0,21,Every 3 Months,4,-0.818051619,67.94797626,-2.818051619,72.81930248,Average,233,At Risk
1167,48,Connecticut,0,22,Fortnightly,28,-0.797675722,67.74555279,-2.797675722,72.64087785,Average,332,Promising
1168,60,New Jersey,0,16,Quarterly,3,-0.388015451,63.67580021,-2.388015451,69.05362542,Average,124,Need Attention
1169,68,Mississippi,0,37,Fortnightly,28,2.056424032,39.39161989,0.056424032,47.64851956,Average,345,Loyal Customer
1170,25,Wyoming,0,3,Annually,1,-0.87571281,68.52080893,-2.87571281,73.32422147,Good,115,Need Attention
1171,57,Illinois,0,33,Bi-Weekly,114,2.800857771,31.9960745,0.800857771,41.12977238,Average,543,Loyal Customer
1172,41,Louisiana,0,15,Annually,1,-1.691786874,76.62806209,-3.691786874,80.47029805,Average,123,Need Attention
1173,59,Oregon,0,42,Bi-Weekly,114,3.677252139,23.28957184,1.677252139,33.45549189,Good,553,Loyal Customer
1174,44,South Dakota,0,42,Bi-Weekly,114,4.015056375,19.93366999,2.015056375,30.49745775,Poor,554,Champion
1175,42,Michigan,0,19,Bi-Weekly,114,0.52269117,54.62842392,-1.47730883,61.07888447,Good,521,Potential Loyalist
1176,35,New Jersey,0,26,Quarterly,3,0.219801479,57.6374687,-1.780198521,63.73118409,Good,134,At Risk
1177,36,Oregon,0,39,Quarterly,3,1.204200925,47.85799418,-0.795799075,55.11114072,Poor,144,At Risk
1178,54,Iowa,0,24,Monthly,12,-2.217149801,81.84725779,-4.217149801,85.07071837,Good,331,Promising
1179,37,South Carolina,0,23,Annually,1,-2.531414957,84.96931165,-4.531414957,87.82262897,Good,131,Lost
1180,20,Indiana,0,44,Annually,1,-0.613171354,65.91260197,-2.613171354,71.0252373,Average,151,Need Attention
1181,23,Oregon,0,34,Monthly,12,-1.440430753,74.13097536,-3.440430753,78.26925996,Good,341,Loyal Customer
1182,61,New York,0,43,Quarterly,3,2.030040005,39.65373089,0.030040005,47.8795553,Average,155,At Risk
1183,37,New Mexico,0,45,Quarterly,3,-0.998421112,69.73984934,-2.998421112,74.39873536,Average,151,Need Attention
1184,23,Louisiana,0,4,Weekly,57,-1.666455806,76.37641167,-3.666455806,80.2484827,Good,412,Recent Customer
1185,63,South Carolina,0,19,Annually,1,-0.654820147,66.32636014,-2.654820147,71.38994129,Average,124,Need Attention
1186,47,Maine,0,29,Monthly,12,-0.055318037,60.37063186,-2.055318037,66.14030995,Average,333,Promising
1187,63,Indiana,0,27,Annually,1,-0.312133403,62.92195322,-2.312133403,68.38915273,Good,133,At Risk
1188,56,Iowa,0,37,Every 3 Months,4,1.345215403,46.45709183,-0.654784597,53.87632601,Average,245,At Risk
1189,68,Mississippi,0,11,Weekly,57,-1.604123509,75.7571741,-3.604123509,79.70266046,Average,421,Potential Loyalist
1190,64,Arkansas,0,28,Annually,1,0.981633752,50.06907831,-1.018366248,57.060084,Poor,135,At Risk
1191,62,South Carolina,0,31,Weekly,57,0.456020943,55.29075646,-1.543979057,61.66269245,Good,442,Loyal Customer
1192,34,Indiana,0,50,Quarterly,3,1.41676383,45.74629702,-0.58323617,53.24980134,Good,154,At Risk
1193,49,Florida,0,42,Quarterly,3,0.271792025,57.12097083,-1.728207975,63.27592097,Good,153,At Risk
1194,40,Alaska,0,18,Fortnightly,28,-0.779004212,67.56006146,-2.779004212,72.47737793,Good,323,Promising
1195,50,New York,0,6,Fortnightly,28,-1.989755565,79.5882194,-3.989755565,83.07950617,Average,312,Need Attention
1196,25,Texas,0,33,Monthly,12,1.530580574,44.6155894,-0.469419426,52.25314772,Good,345,Loyal Customer
1197,30,North Dakota,0,13,Bi-Weekly,114,2.514185559,34.84400742,0.514185559,43.64006117,Average,525,Potential Loyalist
1198,54,Vermont,0,26,Annually,1,0.632052507,53.54197836,-1.367947493,60.12124531,Average,135,At Risk
1199,40,New Jersey,0,17,Annually,1,-1.806686454,77.76952708,-3.806686454,81.47643368,Average,122,Hibernating
1200,49,Maryland,0,3,Weekly,57,0.375593871,56.0897558,-1.624406129,62.36696433,Good,415,Recent Customer
1201,27,Connecticut,0,7,Weekly,57,-2.176609411,81.44451101,-4.176609411,84.71572028,Good,411,Recent Customer
1202,27,Illinois,0,46,Fortnightly,28,1.412699337,45.78667556,-0.587300663,53.28539269,Average,353,Loyal Customer
1203,48,Maryland,0,14,Every 3 Months,4,-2.780532745,87.44416174,-4.780532745,90.00406674,Average,221,About to Sleep
1204,40,Minnesota,0,23,Annually,1,0.002116815,59.80004777,-1.997883185,65.63737294,Average,134,At Risk
1205,67,Florida,0,20,Every 3 Months,4,0.379487468,56.05107502,-1.620512532,62.33286945,Average,225,About to Sleep
1206,52,California,0,38,Fortnightly,28,2.463455067,35.34798734,0.463455067,44.08429043,Average,345,Loyal Customer
1207,22,Mississippi,0,16,Every 3 Months,4,-1.375313261,73.4840684,-3.375313261,77.69904875,Average,223,About to Sleep
1208,62,Washington,0,48,Every 3 Months,4,2.148935721,38.47256644,0.148935721,46.83842689,Good,255,At Risk
1209,20,Wisconsin,0,8,Annually,1,-0.276225638,62.56522906,-2.276225638,68.07472093,Poor,115,Need Attention
1210,41,Pennsylvania,0,16,Monthly,12,-1.039717483,70.15010638,-3.039717483,74.76035331,Average,323,Promising
1211,34,Missouri,0,5,Quarterly,3,-1.360637887,73.33827653,-3.360637887,77.57054161,Good,114,Need Attention
1212,23,Oklahoma,0,14,Every 3 Months,4,-0.035873326,60.1774592,-2.035873326,65.97003938,Good,225,About to Sleep
1213,32,Pennsylvania,0,18,Weekly,57,0.780612913,52.06611131,-1.219387087,58.82035353,Poor,424,Potential Loyalist
1214,68,Kentucky,0,14,Every 3 Months,4,-1.809345566,77.79594392,-3.809345566,81.4997186,Average,223,About to Sleep
1215,30,Vermont,0,5,Every 3 Months,4,-1.2078464,71.82037598,-3.2078464,76.23259973,Average,214,About to Sleep
1216,66,Oregon,0,15,Every 3 Months,4,-3.091335711,90.53182062,-5.091335711,92.72566016,Average,221,About to Sleep
1217,62,Utah,0,3,Every 3 Months,4,-3.415350945,93.75073621,-5.415350945,95.56294879,Average,211,About to Sleep
1218,50,Nebraska,0,12,Every 3 Months,4,-1.483318339,74.55704027,-3.483318339,78.64481163,Average,223,About to Sleep
1219,55,Pennsylvania,0,43,Every 3 Months,4,1.338320901,46.52558496,-0.661679099,53.93669876,Average,254,At Risk
1220,19,Vermont,0,35,Bi-Weekly,114,1.292515717,46.98063462,-0.707484283,54.33779882,Poor,541,Loyal Customer
1221,67,Kentucky,0,36,Quarterly,3,0.194235467,57.89145316,-1.805764533,63.95505676,Poor,143,At Risk
1222,18,Iowa,0,3,Quarterly,3,-1.879121251,78.4891275,-3.879121251,82.11071999,Good,114,Need Attention
1223,58,Indiana,0,27,Annually,1,-0.269907873,62.50246549,-2.269907873,68.01939846,Average,134,At Risk
1224,69,Kansas,0,21,Weekly,57,-1.122983167,70.97730579,-3.122983167,75.48948193,Average,431,Potential Loyalist
1225,62,Illinois,0,18,Weekly,57,-0.232799796,62.13381687,-2.232799796,67.69445594,Average,422,Potential Loyalist
1226,28,North Carolina,0,16,Weekly,57,1.613346494,43.79335489,-0.386653506,51.52839536,Average,425,Potential Loyalist
1227,53,Ohio,0,18,Bi-Weekly,114,2.986996142,30.14689074,0.986996142,39.49982343,Average,525,Potential Loyalist
1228,27,Illinois,0,19,Bi-Weekly,114,0.776044347,52.11149753,-1.223955653,58.86035887,Good,522,Potential Loyalist
1229,55,Indiana,0,1,Annually,1,-2.66096206,86.25629184,-4.66096206,88.95702786,Average,113,Lost
1230,34,Kansas,0,39,Annually,1,-0.157020288,61.38098856,-2.157020288,67.03088116,Average,143,At Risk
1231,25,Illinois,0,49,Monthly,12,2.004826415,39.90421423,0.004826415,48.10034193,Poor,354,Loyal Customer
1232,66,Pennsylvania,0,43,Fortnightly,28,1.965078471,40.29908848,-0.034921529,48.44840084,Good,354,Loyal Customer
1233,57,New York,0,31,Every 3 Months,4,-1.857030339,78.26966628,-3.857030339,81.91727756,Average,241,Need Attention
1234,46,Utah,0,40,Every 3 Months,4,0.877287327,51.10570344,-1.122712673,57.97380933,Average,244,At Risk
1235,38,New Jersey,0,2,Bi-Weekly,114,2.217171595,37.79468004,0.217171595,46.24090909,Good,515,Recent Customer
1236,23,Idaho,0,46,Every 3 Months,4,-0.860853885,68.37319356,-2.860853885,73.19410703,Average,251,Need Attention
1237,42,New Mexico,0,35,Every 3 Months,4,0.320025685,56.64179558,-1.679974315,62.8535556,Good,243,At Risk
1238,25,Michigan,0,42,Quarterly,3,1.791911088,42.01941251,-0.208088912,49.96476736,Good,155,At Risk
1239,55,Wyoming,0,3,Fortnightly,28,-0.888444547,68.64729182,-2.888444547,73.43570885,Average,314,Need Attention
1240,62,New Jersey,0,32,Every 3 Months,4,-1.196646127,71.70910734,-3.196646127,76.13452284,Good,242,Need Attention
1241,41,New Jersey,0,48,Annually,1,1.6061102,43.86524354,-0.3938898,51.59176107,Average,154,At Risk
1242,58,Hawaii,0,34,Weekly,57,0.917054517,50.71063798,-1.082945483,57.62558189,Average,442,Loyal Customer
1243,56,Nevada,0,15,Quarterly,3,-2.821871904,87.85484386,-4.821871904,90.36605937,Good,121,Hibernating
1244,25,New Hampshire,0,22,Annually,1,-2.558416226,85.23755461,-4.558416226,88.05906969,Average,131,Lost
1245,70,Indiana,0,2,Monthly,12,-1.417735255,73.9055079,-3.417735255,78.07052339,Average,314,Need Attention
1246,42,New York,0,30,Weekly,57,-0.204363269,61.8513154,-2.204363269,67.44544718,Average,431,Potential Loyalist
1247,27,Louisiana,0,27,Monthly,12,-0.362673753,63.42404418,-2.362673753,68.83171699,Average,333,Promising
1248,65,Virginia,0,18,Bi-Weekly,114,3.324800379,26.79098889,1.324800379,36.54178929,Poor,525,Potential Loyalist
1249,62,Wisconsin,0,8,Annually,1,-2.936433999,88.99295613,-4.936433999,91.36923976,Average,112,Hibernating
1250,62,Oregon,0,48,Fortnightly,28,1.08667211,49.02557921,-0.91332789,56.14029965,Good,352,Loyal Customer
1251,52,New Hampshire,0,24,Monthly,12,-2.006022154,79.74981914,-4.006022154,83.22194703,Good,331,Promising
1252,56,Indiana,0,43,Monthly,12,1.842818798,41.51367202,-0.157181202,49.51898625,Good,355,Loyal Customer
1253,28,Massachusetts,0,8,Quarterly,3,-2.715302083,86.7961305,-4.715302083,89.43286454,Good,112,Hibernating
1254,39,Montana,0,49,Annually,1,-0.689292654,66.6688258,-2.689292654,71.69180504,Good,151,Need Attention
1255,54,California,0,2,Bi-Weekly,114,0.401473826,55.83265249,-1.598526174,62.14034257,Average,513,Recent Customer
1256,30,Indiana,0,38,Fortnightly,28,1.154463652,48.35210701,-0.845536348,55.54667272,Good,343,Loyal Customer
1257,45,West Virginia,0,4,Fortnightly,28,-2.043758104,80.12470533,-4.043758104,83.55238761,Average,312,Need Attention
1258,68,Minnesota,0,31,Every 3 Months,4,0.00089296,59.8122061,-1.99910704,65.64808981,Average,243,At Risk
1259,47,Ohio,0,34,Every 3 Months,4,1.053083947,49.35925938,-0.946916053,56.43441951,Good,245,At Risk
1260,68,Minnesota,0,45,Monthly,12,1.052310746,49.36694071,-0.947689254,56.44119016,Average,353,Loyal Customer
1261,63,Virginia,0,30,Quarterly,3,1.00341503,49.85269314,-0.99658497,56.86935293,Good,135,At Risk
1262,20,Connecticut,0,2,Fortnightly,28,-2.984496763,89.47043362,-4.984496763,91.79010866,Average,311,Lost
1263,29,Tennessee,0,44,Monthly,12,0.898632888,50.89364687,-1.101367112,57.78689368,Good,353,Loyal Customer
1264,41,Delaware,0,1,Bi-Weekly,114,0.92340444,50.64755494,-1.07659556,57.56997782,Good,514,Recent Customer
1265,52,Vermont,0,1,Bi-Weekly,114,1.85236609,41.41882486,-0.14763391,49.43538394,Poor,515,Recent Customer
1266,32,Louisiana,0,27,Weekly,57,1.614781751,43.77909639,-0.385218249,51.51582731,Average,434,Potential Loyalist
1267,20,North Dakota,0,14,Every 3 Months,4,-2.696081686,86.60518627,-4.696081686,89.26455821,Good,221,About to Sleep
1268,47,Oregon,0,41,Weekly,57,2.752859055,32.4729157,0.752859055,41.55008043,Average,454,Champion
1269,23,Idaho,0,25,Bi-Weekly,114,3.344907147,26.59123906,1.344907147,36.36572132,Average,535,Potential Loyalist
1270,43,Vermont,0,47,Quarterly,3,0.491249431,54.94078054,-1.508750569,61.35420884,Average,153,At Risk
1271,67,West Virginia,0,20,Annually,1,0.47004489,55.15143616,-1.52995511,61.53988963,Average,125,Need Attention
1272,70,Kentucky,0,42,Annually,1,0.261787757,57.22035781,-1.738212243,63.36352487,Good,153,At Risk
1273,35,Wisconsin,0,16,Monthly,12,-0.279657951,62.59932722,-2.279657951,68.1047765,Good,324,Promising
1274,41,Mississippi,0,32,Every 3 Months,4,-1.534450363,75.06500919,-3.534450363,79.09255698,Good,241,Need Attention
1275,54,Missouri,0,37,Quarterly,3,0.643492032,53.42833289,-1.356507968,60.02107337,Average,144,At Risk
1276,55,Arkansas,0,1,Monthly,12,-3.344885353,93.05069878,-5.344885353,94.94590613,Good,311,Lost
1277,51,Wyoming,0,37,Weekly,57,1.842568916,41.51615446,-0.157431084,49.52117438,Good,443,Loyal Customer
1278,19,Rhode Island,0,5,Quarterly,3,-0.558352826,65.36800963,-2.558352826,70.54521054,Good,115,Need Attention
1279,28,Utah,0,31,Fortnightly,28,1.936641945,40.58158995,-0.063358055,48.69740961,Average,345,Loyal Customer
1280,63,Maryland,0,18,Annually,1,-1.441880948,74.14538226,-3.441880948,78.28195882,Average,123,Need Attention
1281,30,Georgia,0,39,Every 3 Months,4,1.019188176,49.69599548,-0.980811824,56.73123298,Good,244,At Risk
1282,29,New Jersey,0,8,Bi-Weekly,114,1.872472858,41.21907502,-0.127527142,49.25931597,Good,514,Recent Customer
1283,24,New Hampshire,0,20,Monthly,12,-0.50945711,64.88225721,-2.50945711,70.11704776,Average,323,Promising
1284,69,Oregon,0,23,Every 3 Months,4,0.587167865,53.98788293,-1.412832135,60.51428449,Average,235,At Risk
1285,65,Arkansas,0,38,Fortnightly,28,2.21010189,37.86491373,0.21010189,46.30281604,Average,345,Loyal Customer
1286,64,North Carolina,0,45,Fortnightly,28,2.94804266,30.53387246,0.94804266,39.84092553,Average,355,Loyal Customer
1287,40,West Virginia,0,44,Fortnightly,28,0.767539384,52.19598973,-1.232460616,58.93483387,Good,352,Loyal Customer
1288,24,Utah,0,20,Monthly,12,-2.198478291,81.66176646,-4.198478291,84.90721845,Average,321,Promising
1289,66,South Dakota,0,34,Bi-Weekly,114,4.179075985,18.30422413,2.179075985,29.06119511,Good,545,Champion
1290,35,New Hampshire,0,10,Weekly,57,-1.884477955,78.54234345,-3.884477955,82.15762678,Average,411,Recent Customer
1291,67,Maryland,0,3,Annually,1,-3.367019052,93.27058507,-5.367019052,95.13972323,Average,111,Hibernating
1292,69,South Dakota,0,23,Fortnightly,28,0.116061667,58.66806746,-1.883938333,64.63959752,Average,333,Promising
1293,26,Kentucky,0,42,Annually,1,0.430689875,55.54240688,-1.569310125,61.8845078,Poor,153,At Risk
1294,23,Florida,0,30,Annually,1,0.148900171,58.34183474,-1.851099829,64.35204217,Good,134,At Risk
1295,27,Texas,0,21,Every 3 Months,4,-0.818051619,67.94797626,-2.818051619,72.81930248,Good,233,At Risk
1296,30,New Mexico,0,50,Weekly,57,2.404713066,35.93155725,0.404713066,44.59867369,Average,453,Loyal Customer
1297,48,South Dakota,0,16,Bi-Weekly,114,0.230559714,57.53059148,-1.769440286,63.63697797,Average,521,Potential Loyalist
1298,44,New Jersey,0,32,Annually,1,0.751834594,52.3520083,-1.248165406,59.07235525,Good,145,At Risk
1299,29,Indiana,0,14,Fortnightly,28,0.04195236,59.40430323,-1.95804764,65.28854693,Average,324,Promising
1300,29,Louisiana,0,42,Bi-Weekly,114,1.77710331,42.16651975,-0.22289669,50.09443391,Average,551,Loyal Customer
1301,67,West Virginia,0,47,Every 3 Months,4,2.501964217,34.96541982,0.501964217,43.7470792,Good,255,At Risk
1302,42,Maine,0,21,Weekly,57,0.143782719,58.39267385,-1.856217281,64.39685391,Good,433,Potential Loyalist
1303,23,Idaho,0,37,Monthly,12,-1.148299297,71.22880781,-3.148299297,75.71116647,Average,341,Loyal Customer
1304,34,New York,0,10,Annually,1,-3.009108048,89.71493339,-5.009108048,92.00562113,Average,111,Hibernating
1305,64,Montana,0,18,Every 3 Months,4,-1.067957545,70.43065609,-3.067957545,75.00764171,Good,223,About to Sleep
1306,31,Mississippi,0,2,Every 3 Months,4,-2.471165035,84.37076135,-4.471165035,87.29504137,Good,213,About to Sleep
1307,54,Alaska,0,40,Annually,1,-0.89007855,68.66352475,-2.89007855,73.45001725,Good,141,Need Attention
1308,23,Missouri,0,43,Annually,1,-0.724623682,67.0198204,-2.724623682,72.00118656,Average,151,Need Attention
1309,59,Rhode Island,0,14,Every 3 Months,4,-2.400502979,83.66877216,-4.400502979,86.67627834,Good,222,About to Sleep
1310,32,Hawaii,0,41,Quarterly,3,-1.275328308,72.49077213,-3.275328308,76.82351531,Good,151,Need Attention
1311,43,South Carolina,0,38,Every 3 Months,4,0.147676316,58.35399307,-1.852323684,64.36275904,Average,243,At Risk
1312,32,Tennessee,0,12,Annually,1,-0.548250326,65.26764678,-2.548250326,70.45674646,Good,125,Need Attention
1313,66,Missouri,0,19,Monthly,12,-0.114203084,60.95562286,-2.114203084,66.65594581,Average,324,Promising
1314,70,Missouri,0,23,Bi-Weekly,114,0.672921777,53.13596433,-1.327078223,59.76336733,Poor,531,Potential Loyalist
1315,42,Missouri,0,49,Annually,1,1.168630645,48.21136562,-0.831369355,55.42261729,Average,153,At Risk
1316,56,Mississippi,0,29,Quarterly,3,0.174128699,58.091203,-1.825871301,64.13112473,Good,134,At Risk
1317,28,Arkansas,0,14,Bi-Weekly,114,0.218782705,57.64758968,-1.781217295,63.74010514,Good,521,Potential Loyalist
1318,28,Kentucky,0,19,Monthly,12,-1.634322147,76.05718119,-3.634322147,79.96709943,Average,322,Promising
1319,52,Connecticut,0,19,Bi-Weekly,114,3.140674,28.62018458,1.140674,38.15411991,Average,525,Potential Loyalist
1320,65,Oklahoma,0,48,Weekly,57,0.746140405,52.40857697,-1.253859595,59.12221728,Good,451,Loyal Customer
1321,56,California,0,19,Annually,1,-2.428292387,83.94484485,-4.428292387,86.91962051,Average,121,Hibernating
1322,59,Missouri,0,45,Every 3 Months,4,1.687902147,43.05268491,-0.312097853,50.87553745,Average,254,At Risk
1323,23,Washington,0,17,Quarterly,3,-0.698818418,66.76345909,-2.698818418,71.77521884,Good,124,Need Attention
1324,58,New York,0,15,Every 3 Months,4,-1.317863471,72.91333591,-3.317863471,77.19598094,Good,223,About to Sleep
1325,39,Indiana,0,11,Fortnightly,28,-0.334630155,63.14544624,-2.334630155,68.58614896,Average,324,Promising
1326,28,Oregon,0,1,Monthly,12,-1.613638642,75.85170179,-3.613638642,79.78598118,Average,314,Need Attention
1327,40,Texas,0,17,Monthly,12,-1.477197038,74.49622846,-3.477197038,78.59120953,Poor,322,Promising
1328,52,Florida,0,37,Weekly,57,0.660254089,53.26181094,-1.339745911,59.87429386,Average,442,Loyal Customer
1329,37,Rhode Island,0,40,Weekly,57,3.274789669,27.28781816,1.274789669,36.97971568,Average,445,Champion
1330,70,Texas,0,50,Every 3 Months,4,1.147300022,48.42327379,-0.852699978,55.60940213,Average,253,At Risk
1331,30,Vermont,0,20,Bi-Weekly,114,2.027585973,39.67811036,0.027585973,47.9010444,Average,523,Potential Loyalist
1332,38,Maryland,0,8,Bi-Weekly,114,2.294728153,37.02419771,0.294728153,45.5617733,Average,515,Recent Customer
1333,66,Alaska,0,16,Quarterly,3,-1.35920263,73.32401803,-3.35920263,77.55797356,Good,123,Need Attention
1334,29,Idaho,0,9,Quarterly,3,-1.463760457,74.36274332,-3.463760457,78.47355007,Average,114,Need Attention
1335,46,West Virginia,0,12,Monthly,12,-1.738879974,77.09590648,-3.738879974,80.88267593,Poor,323,Promising
1336,56,Nevada,0,26,Weekly,57,0.278789066,57.05145902,-1.721210934,63.21465031,Good,432,Potential Loyalist
1337,23,Oregon,0,44,Fortnightly,28,2.287658447,37.0944314,0.287658447,45.62368025,Good,355,Loyal Customer
1338,37,Tennessee,0,19,Bi-Weekly,114,2.845095294,31.5565987,0.845095294,40.74239978,Average,525,Potential Loyalist
1339,56,Alabama,0,43,Fortnightly,28,0.782763644,52.04474496,-1.217236356,58.80152032,Average,352,Loyal Customer
1340,36,Indiana,0,5,Every 3 Months,4,-2.263484638,82.30756926,-4.263484638,85.47645641,Good,213,About to Sleep
1341,40,Idaho,0,5,Every 3 Months,4,-1.587876166,75.59576556,-3.587876166,79.56038813,Good,214,About to Sleep
1342,26,Rhode Island,0,31,Quarterly,3,-1.71424312,76.85115271,-3.71424312,80.66693958,Poor,141,Need Attention
1343,57,Arizona,0,11,Monthly,12,-2.188136538,81.55902676,-4.188136538,84.81665932,Average,322,Promising
1344,68,Florida,0,34,Monthly,12,-0.046988278,60.28788023,-2.046988278,66.06736915,Average,343,Loyal Customer
1345,56,New York,0,14,Annually,1,-2.521073205,84.86657195,-4.521073205,87.73206984,Good,122,Hibernating
1346,40,Nebraska,0,42,Weekly,57,0.204103023,57.79342435,-1.795896977,63.86865,Average,451,Loyal Customer
1347,44,Mississippi,0,15,Bi-Weekly,114,2.779315746,32.21008283,0.779315746,41.31840839,Average,525,Potential Loyalist
1348,44,Vermont,0,47,Monthly,12,2.49975576,34.98735965,0.49975576,43.7664179,Average,355,Loyal Customer
1349,19,Nebraska,0,23,Fortnightly,28,-0.475095746,64.5408957,-2.475095746,69.81615726,Average,333,Promising
1350,21,South Carolina,0,23,Bi-Weekly,114,1.010726013,49.78006248,-0.989273987,56.80533319,Average,532,Potential Loyalist
1351,31,Delaware,0,1,Every 3 Months,4,-1.907008891,78.76617608,-3.907008891,82.35492235,Good,214,About to Sleep
1352,30,Vermont,0,28,Quarterly,3,-1.753021399,77.23639387,-3.753021399,81.00650747,Average,131,Lost
1353,65,Indiana,0,37,Bi-Weekly,114,4.217854264,17.91898296,2.217854264,28.72162721,Good,545,Champion
1354,39,Oregon,0,4,Every 3 Months,4,-1.19262214,71.66913121,-3.19262214,76.09928618,Good,214,About to Sleep
1355,64,Maryland,0,21,Quarterly,3,-1.773128167,77.43614371,-3.773128167,81.18257544,Average,132,Need Attention
1356,59,Florida,0,50,Bi-Weekly,114,5.202253709,8.139508442,3.202253709,20.10158385,Average,555,Champion
1357,49,Indiana,0,34,Annually,1,-0.123124517,61.04425246,-2.123124517,66.73406769,Good,143,At Risk
1358,24,Texas,0,20,Quarterly,3,-0.828942257,68.05616885,-2.828942257,72.91466801,Average,123,Need Attention
1359,19,Nebraska,0,25,Every 3 Months,4,-2.314616663,82.81553819,-4.314616663,85.92420175,Poor,231,Need Attention
1360,27,North Carolina,0,26,Fortnightly,28,0.323742064,56.60487537,-1.676257936,62.82101256,Good,333,Promising
1361,56,Alabama,0,4,Annually,1,-2.959988017,89.22695253,-4.959988017,91.57549411,Average,112,Hibernating
1362,49,Alabama,0,39,Monthly,12,-0.714266992,66.9169323,-2.714266992,71.91049663,Average,341,Loyal Customer
1363,41,Colorado,0,29,Weekly,57,0.359792875,56.24673013,-1.640207125,62.50532816,Good,432,Potential Loyalist
1364,36,Wisconsin,0,47,Quarterly,3,2.053594023,39.41973449,0.053594023,47.67330096,Good,155,At Risk
1365,68,Delaware,0,5,Every 3 Months,4,-1.461199577,74.33730237,-3.461199577,78.45112533,Good,214,About to Sleep
1366,28,Indiana,0,18,Fortnightly,28,-0.187846798,61.68723322,-2.187846798,67.30081819,Good,324,Promising
1367,45,Iowa,0,10,Fortnightly,28,-1.966201546,79.354223,-3.966201546,82.87325183,Average,312,Need Attention
1368,60,Iowa,0,25,Quarterly,3,-0.609484851,65.87597856,-2.609484851,70.99295588,Average,133,At Risk
1369,21,Wisconsin,0,2,Weekly,57,-1.931585993,79.01033625,-3.931585993,82.57013547,Good,412,Recent Customer
1370,32,Iowa,0,48,Fortnightly,28,2.142310348,38.53838592,0.142310348,46.89644298,Average,354,Loyal Customer
1371,27,Montana,0,41,Every 3 Months,4,0.693160949,52.93489913,-1.306839051,59.58613994,Poor,253,At Risk
1372,40,Mississippi,0,42,Monthly,12,0.84463035,51.4301328,-1.15536965,58.25977512,Average,353,Loyal Customer
1373,64,Michigan,0,44,Bi-Weekly,114,3.52012703,24.85052456,1.52012703,34.83138179,Good,553,Loyal Customer
1374,18,Virginia,0,6,Quarterly,3,-2.89598121,88.59107962,-4.89598121,91.01500878,Average,112,Hibernating
1375,22,New York,0,5,Quarterly,3,-0.558352826,65.36800963,-2.558352826,70.54521054,Average,115,Need Attention
1376,42,Maine,0,8,Annually,1,-3.189787176,91.50988252,-5.189787176,93.58776537,Good,111,Hibernating
1377,57,New Jersey,0,24,Annually,1,-0.646490388,66.2436085,-2.646490388,71.31700049,Good,133,At Risk
1378,33,Maryland,0,42,Monthly,12,0.422375054,55.62501012,-1.577624946,61.95731779,Average,353,Loyal Customer
1379,37,Kentucky,0,24,Weekly,57,0.140335468,58.42692042,-1.859664532,64.42704029,Average,432,Potential Loyalist
1380,21,Minnesota,0,38,Bi-Weekly,114,3.231442825,27.71844555,1.231442825,37.35928891,Average,543,Loyal Customer
1381,51,Massachusetts,0,41,Fortnightly,28,-0.031298426,60.13201006,-2.031298426,65.92997857,Good,351,Loyal Customer
1382,30,Illinois,0,48,Quarterly,3,1.953918704,40.40995471,-0.046081296,48.54612304,Average,155,At Risk
1383,68,Michigan,0,16,Quarterly,3,-1.570330278,75.42145668,-3.570330278,79.4067449,Good,123,Need Attention
1384,36,Wisconsin,0,4,Monthly,12,-2.039341188,80.08082567,-4.039341188,83.51371022,Average,313,Need Attention
1385,46,Alaska,0,8,Weekly,57,1.017306573,49.71468819,-0.982693427,56.74770952,Good,415,Recent Customer
1386,41,Mississippi,0,1,Bi-Weekly,114,0.670051263,53.16448133,-1.329948737,59.78850342,Average,513,Recent Customer
1387,68,Oregon,0,4,Quarterly,3,-2.358826336,83.25473731,-4.358826336,86.31133048,Good,113,Lost
1388,21,Maryland,0,20,Monthly,12,0.208376892,57.75096578,-1.791623108,63.83122522,Average,325,Promising
1389,62,Arkansas,0,40,Quarterly,3,-1.260104048,72.33952736,-3.260104048,76.69020176,Average,141,Need Attention
1390,59,Illinois,0,8,Fortnightly,28,-0.753438199,67.30607699,-2.753438199,72.25350525,Average,314,Need Attention
1391,25,Arkansas,0,42,Weekly,57,0.921937025,50.66213292,-1.078062975,57.58282746,Good,452,Loyal Customer
1392,53,Mississippi,0,38,Annually,1,-1.197434266,71.71693707,-3.197434266,76.14142429,Average,141,Need Attention
1393,31,Arkansas,0,34,Every 3 Months,4,-0.678162764,66.55825637,-2.678162764,71.59434446,Good,242,Need Attention
1394,46,Idaho,0,14,Fortnightly,28,-0.929234819,69.05252105,-2.929234819,73.79289507,Average,323,Promising
1395,26,Iowa,0,39,Weekly,57,0.925384276,50.62788635,-1.074615724,57.55264109,Good,442,Loyal Customer
1396,47,West Virginia,0,40,Bi-Weekly,114,2.018679478,39.76659156,0.018679478,47.97903548,Average,541,Loyal Customer
1397,37,Wisconsin,0,49,Monthly,12,-0.106450062,60.87860079,-2.106450062,66.58805529,Average,351,Loyal Customer
1398,55,Massachusetts,0,33,Annually,1,0.061001861,59.21505677,-1.938998139,65.12173708,Good,143,At Risk
1399,30,Texas,0,25,Weekly,57,0.040660149,59.41714064,-1.959339851,65.29986237,Poor,432,Potential Loyalist
1400,19,Nebraska,0,48,Annually,1,1.690561259,43.02626808,-0.309438741,50.85225253,Average,154,At Risk
1401,36,Nevada,0,22,Every 3 Months,4,-2.48007153,84.45924255,-4.48007153,87.37303245,Average,231,Need Attention
1402,23,Indiana,0,1,Weekly,57,-1.029625613,70.04984913,-3.029625613,74.67198232,Average,413,Recent Customer
1403,62,North Dakota,0,47,Monthly,12,-0.624933425,66.02945177,-2.624933425,71.12823367,Average,351,Loyal Customer
1404,26,Georgia,0,20,Bi-Weekly,114,0.127437144,58.55505827,-1.872562856,64.53998643,Average,521,Potential Loyalist
1405,36,New Mexico,0,10,Weekly,57,-1.715575837,76.86439253,-3.715575837,80.67860972,Average,411,Recent Customer
1406,33,New Hampshire,0,39,Monthly,12,2.157069016,38.39176657,0.157069016,46.76720646,Average,345,Loyal Customer
1407,32,Washington,0,15,Monthly,12,-1.784552754,77.54964078,-3.784552754,81.28261657,Average,322,Promising
1408,56,Nevada,0,11,Annually,1,-1.715340893,76.86205849,-3.715340893,80.67655239,Good,123,Need Attention
1409,58,Maine,0,38,Weekly,57,1.48954042,45.02330108,-0.51045958,52.61252207,Good,443,Loyal Customer
1410,34,Idaho,0,41,Fortnightly,28,0.602084517,53.83969409,-1.397915483,60.38366456,Good,352,Loyal Customer
1411,61,Tennessee,0,18,Annually,1,0.120463645,58.62433621,-1.879536355,64.60105093,Good,125,Need Attention
1412,48,Louisiana,0,13,Quarterly,3,-3.08700209,90.48876844,-5.08700209,92.68771214,Average,121,Hibernating
1413,25,Michigan,0,43,Annually,1,2.146712325,38.49465467,0.146712325,46.85789639,Average,155,At Risk
1414,51,New Hampshire,0,12,Quarterly,3,-0.833824765,68.10467392,-2.833824765,72.95742244,Average,124,Need Attention
1415,29,Minnesota,0,3,Bi-Weekly,114,0.259572977,57.24236045,-1.740427023,63.38291892,Good,512,Recent Customer
1416,54,Illinois,0,12,Every 3 Months,4,-0.343229042,63.23087152,-2.343229042,68.66144642,Average,225,About to Sleep
1417,48,Idaho,0,46,Quarterly,3,0.548699221,54.37004805,-1.451300779,60.85114103,Average,153,At Risk
1418,62,Montana,0,21,Fortnightly,28,-1.8380897,78.0815013,-3.8380897,81.75142098,Good,331,Promising
1419,18,Alabama,0,23,Every 3 Months,4,-0.215117196,61.95814983,-2.215117196,67.53961557,Good,234,At Risk
1420,43,Montana,0,4,Quarterly,3,-1.556541275,75.28447042,-3.556541275,79.2859994,Average,114,Need Attention
1421,22,California,0,45,Every 3 Months,4,0.378910732,56.05680458,-1.621089268,62.33791973,Good,253,At Risk
1422,68,Pennsylvania,0,24,Fortnightly,28,1.536505411,44.55672937,-0.463494589,52.20126598,Average,335,Promising
1423,44,Texas,0,3,Bi-Weekly,114,-0.753839732,67.310066,-2.753839732,72.25702133,Average,511,Recent Customer
1424,51,Michigan,0,12,Every 3 Months,4,-1.609994927,75.81550346,-3.609994927,79.75407443,Average,223,About to Sleep
1425,66,Connecticut,0,34,Every 3 Months,4,-1.649349943,76.20647419,-3.649349943,80.0986926,Average,241,Need Attention
1426,59,Wyoming,0,39,Annually,1,-0.663726642,66.41484133,-2.663726642,71.46793237,Average,142,Need Attention
1427,60,Michigan,0,35,Every 3 Months,4,-0.946740201,69.22642752,-2.946740201,73.94618361,Good,242,Need Attention
1428,31,South Dakota,0,8,Annually,1,-0.698480934,66.76010637,-2.698480934,71.77226361,Good,115,Need Attention
1429,20,North Dakota,0,42,Quarterly,3,2.003038735,39.92197385,0.003038735,48.11599602,Good,155,At Risk
1430,24,Maryland,0,6,Every 3 Months,4,-2.954317371,89.17061773,-4.954317371,91.52583823,Good,212,About to Sleep
1431,48,Michigan,0,3,Fortnightly,28,-2.873044434,88.36321519,-4.873044434,90.81415941,Good,311,Lost
1432,39,South Dakota,0,29,Quarterly,3,0.723060583,52.63786249,-1.276939417,59.32431925,Average,135,At Risk
1433,34,Florida,0,32,Quarterly,3,-1.391663144,73.64649562,-3.391663144,77.84221899,Good,141,Need Attention
1434,70,Minnesota,0,45,Weekly,57,2.058579071,39.37021074,0.058579071,47.62964862,Average,453,Loyal Customer
1435,59,New York,0,21,Bi-Weekly,114,2.054587242,39.4098674,0.054587242,47.66460368,Good,533,Potential Loyalist
1436,45,Oregon,0,41,Weekly,57,3.259565409,27.43906293,1.259565409,37.11302922,Good,455,Champion
1437,35,Minnesota,0,23,Fortnightly,28,0.74944461,52.37575149,-1.25055539,59.09328351,Average,334,Promising
1438,69,Montana,0,14,Annually,1,0.012458567,59.69730807,-1.987541433,65.54681381,Good,125,Need Attention
1439,58,Washington,0,24,Monthly,12,-1.499315799,74.71596636,-3.499315799,78.78489583,Average,332,Promising
1440,25,New Mexico,0,25,Fortnightly,28,-0.589995326,65.6823607,-2.589995326,70.82229289,Good,332,Promising
1441,27,Arizona,0,13,Monthly,12,-0.656240466,66.34047024,-2.656240466,71.40237853,Good,324,Promising
1442,34,Nebraska,0,3,Every 3 Months,4,-3.710929651,96.68715033,-5.710929651,98.15122866,Average,211,About to Sleep
1443,53,Idaho,0,42,Annually,1,1.73968129,42.53828721,-0.26031871,50.42212552,Average,155,At Risk
1444,58,Idaho,0,2,Monthly,12,-2.642275611,86.07065211,-4.642275611,88.79339713,Good,312,Need Attention
1445,32,Vermont,0,26,Quarterly,3,-1.680347349,76.51441661,-3.680347349,80.37012611,Average,132,Need Attention
1446,64,Arkansas,0,24,Annually,1,-1.237647802,72.11643674,-3.237647802,76.49356023,Average,132,Need Attention
1447,63,Wyoming,0,6,Quarterly,3,-3.107108858,90.68851828,-5.107108858,92.86378011,Average,111,Hibernating
1448,23,New Mexico,0,25,Monthly,12,-0.62780394,66.05796877,-2.62780394,71.15336976,Average,333,Promising
1449,64,West Virginia,0,11,Every 3 Months,4,-0.201328193,61.82116356,-2.201328193,67.41887007,Average,225,About to Sleep
1450,18,New York,0,20,Every 3 Months,4,-1.858465597,78.28392478,-3.858465597,81.92984561,Poor,222,About to Sleep
1451,25,Illinois,0,25,Quarterly,3,-1.411769912,73.84624546,-3.411769912,78.01828696,Average,132,Need Attention
1452,54,Utah,0,35,Quarterly,3,-1.141757218,71.1638158,-3.141757218,75.65387976,Poor,141,Need Attention
1453,60,Colorado,0,11,Quarterly,3,-3.183230158,91.44474211,-5.183230158,93.53034785,Good,121,Hibernating
1454,36,Virginia,0,41,Fortnightly,28,2.417782287,35.80172164,0.417782287,44.48423108,Average,355,Loyal Customer
1455,66,Georgia,0,17,Annually,1,-1.764460924,77.35003935,-3.764460924,81.10667941,Average,122,Hibernating
1456,60,Alabama,0,1,Every 3 Months,4,-1.569204655,75.41027423,-3.569204655,79.39688821,Good,214,About to Sleep
1457,59,Montana,0,30,Every 3 Months,4,1.325108635,46.65684167,-0.674891365,54.05239398,Average,235,At Risk
1458,58,Pennsylvania,0,47,Fortnightly,28,1.313024017,46.77689579,-0.686975983,54.15821477,Good,353,Loyal Customer
1459,35,Missouri,0,34,Weekly,57,-0.054132662,60.3588558,-2.054132662,66.12993003,Average,441,Loyal Customer
1460,20,Maine,0,18,Fortnightly,28,-1.623514802,75.94981608,-3.623514802,79.87246327,Good,321,Promising
1461,70,Pennsylvania,0,33,Bi-Weekly,114,3.77204495,22.34785668,1.77204495,32.62542423,Good,545,Champion
1462,54,Oregon,0,42,Quarterly,3,1.918587676,40.76094931,-0.081412324,48.85550455,Good,155,At Risk
1463,38,Utah,0,2,Quarterly,3,-1.06161193,70.36761584,-3.06161193,74.95207537,Good,115,Need Attention
1464,54,Oklahoma,0,1,Monthly,12,-2.627051351,85.91940734,-4.627051351,88.66008359,Good,312,Need Attention
1465,33,Montana,0,23,Quarterly,3,0.476601907,55.08629575,-1.523398093,61.48247211,Good,135,At Risk
1466,46,Nebraska,0,42,Bi-Weekly,114,3.846154257,21.61162091,1.846154257,31.97647482,Average,554,Champion
1467,58,Alabama,0,3,Annually,1,-1.846899989,78.16902675,-3.846899989,81.82856962,Good,114,Need Attention
1468,30,Ohio,0,16,Fortnightly,28,-2.099772636,80.68117933,-4.099772636,84.04288738,Good,321,Promising
1469,42,Arkansas,0,46,Fortnightly,28,0.483737687,55.01540565,-1.516262313,61.41998657,Average,352,Loyal Customer
1470,28,Mississippi,0,31,Every 3 Months,4,1.309884375,46.80808643,-0.690115625,54.18570753,Good,245,At Risk
1471,43,California,0,15,Every 3 Months,4,-2.795757005,87.5954065,-4.795757005,90.13738029,Average,221,About to Sleep
1472,31,Alaska,0,48,Every 3 Months,4,1.34665066,46.44283333,-0.65334934,53.86375796,Average,254,At Risk
1473,39,Indiana,0,11,Weekly,57,-1.815251156,77.85461276,-3.815251156,81.5514318,Average,421,Potential Loyalist
1474,69,Wisconsin,0,20,Every 3 Months,4,-0.929503947,69.05519469,-2.929503947,73.79525174,Good,223,About to Sleep
1475,31,New Jersey,0,6,Monthly,12,-1.309730177,72.83253604,-3.309730177,77.12476051,Average,314,Need Attention
1476,44,Rhode Island,0,24,Monthly,12,-0.52812862,65.06774854,-2.52812862,70.28054768,Good,333,Promising
1477,39,Wyoming,0,18,Monthly,12,-1.154617062,71.29157138,-3.154617062,75.76648894,Good,323,Promising
1478,24,Oregon,0,1,Every 3 Months,4,-3.553804543,95.1261976,-5.553804543,96.77533877,Good,211,About to Sleep
1479,28,Washington,0,13,Bi-Weekly,114,-0.23047386,62.11070995,-2.23047386,67.67408853,Good,521,Potential Loyalist
1480,48,Washington,0,2,Weekly,57,0.770847897,52.16312145,-1.229152103,58.90586238,Good,415,Recent Customer
1481,39,New Hampshire,0,26,Quarterly,3,-0.075777227,60.57388282,-2.075777227,66.31946396,Average,134,At Risk
1482,64,Maryland,0,31,Quarterly,3,-1.460889943,74.33422632,-3.460889943,78.44841397,Average,141,Need Attention
1483,28,Wisconsin,0,43,Weekly,57,2.21570418,37.80925801,0.21570418,46.25375873,Good,453,Loyal Customer
1484,39,Massachusetts,0,12,Bi-Weekly,114,1.304869463,46.85790686,-0.695130537,54.22962137,Good,523,Potential Loyalist
1485,49,Nebraska,0,22,Every 3 Months,4,-1.508884351,74.81102473,-3.508884351,78.8686843,Good,232,Need Attention
1486,22,Nebraska,0,3,Fortnightly,28,-1.775180667,77.45653418,-3.775180667,81.20054846,Average,313,Need Attention
1487,25,Idaho,0,23,Every 3 Months,4,-0.299568255,62.79712529,-2.299568255,68.2791241,Good,234,At Risk
1488,40,Arizona,0,26,Annually,1,-1.39477291,73.67738947,-3.39477291,77.86945013,Good,132,Need Attention
1489,23,Hawaii,0,37,Weekly,57,0.829156207,51.58386001,-1.170843793,58.39527679,Good,442,Loyal Customer
1490,24,Missouri,0,42,Quarterly,3,-0.994973861,69.70560277,-2.994973861,74.36854899,Good,151,Need Attention
1491,66,Louisiana,0,15,Bi-Weekly,114,1.132520094,48.57010435,-0.867479906,55.73882481,Good,523,Potential Loyalist
1492,27,Arkansas,0,10,Quarterly,3,-2.027916601,79.9673286,-4.027916601,83.41366909,Average,113,Lost
1493,62,North Carolina,0,3,Quarterly,3,-3.188112666,91.49324717,-5.188112666,93.57310227,Good,112,Hibernating
1494,70,North Dakota,0,44,Quarterly,3,-0.096460732,60.77936222,-2.096460732,66.5005822,Average,152,Need Attention
1495,43,Montana,0,23,Fortnightly,28,0.453865903,55.31216561,-1.546134097,61.68156338,Average,334,Promising
1496,45,Rhode Island,0,6,Weekly,57,-2.203610681,81.71275397,-4.203610681,84.952161,Good,411,Recent Customer
1497,63,Idaho,0,9,Bi-Weekly,114,2.659533658,33.40005289,0.659533658,42.36729844,Good,515,Recent Customer
1498,69,Michigan,0,16,Every 3 Months,4,-2.473177029,84.39074942,-4.473177029,87.3126597,Average,221,About to Sleep
1499,59,Illinois,0,46,Fortnightly,28,0.18815898,57.95181976,-1.81184102,64.00826644,Average,351,Loyal Customer
1500,19,Georgia,0,24,Every 3 Months,4,0.276364898,57.07554182,-1.723635102,63.23587791,Average,235,At Risk
1501,63,Alabama,0,22,Monthly,12,-0.328777982,63.08730808,-2.328777982,68.53490352,Good,334,Promising
1502,37,Alaska,0,13,Every 3 Months,4,-1.751895776,77.22521142,-3.751895776,80.99665078,Average,223,About to Sleep
1503,37,Massachusetts,0,20,Fortnightly,28,-0.176069789,61.57023502,-2.176069789,67.19769101,Average,323,Promising
1504,50,Michigan,0,46,Quarterly,3,-0.549164547,65.27672906,-2.549164547,70.46475197,Average,151,Need Attention
1505,60,Alaska,0,10,Monthly,12,-0.695018745,66.7257114,-2.695018745,71.74194642,Good,314,Need Attention
1506,46,North Dakota,0,39,Monthly,12,-1.220973346,71.95078507,-3.220973346,76.34754783,Average,341,Loyal Customer
1507,35,South Carolina,0,44,Quarterly,3,-0.687618145,66.65219045,-2.687618145,71.67714194,Average,151,Need Attention
1508,66,Pennsylvania,0,7,Annually,1,-0.936609851,69.12578799,-2.936609851,73.85747566,Average,115,Need Attention
1509,35,Colorado,0,3,Every 3 Months,4,-1.219623409,71.93737418,-3.219623409,76.3357269,Good,214,About to Sleep
1510,20,New Hampshire,0,44,Annually,1,0.273564766,57.10335961,-1.726435234,63.26039769,Good,153,At Risk
1511,55,Maryland,0,31,Annually,1,-1.639796329,76.11156422,-3.639796329,80.01503493,Average,141,Need Attention
1512,34,Georgia,0,48,Weekly,57,3.575250884,24.30289898,1.575250884,34.34868138,Average,455,Champion
1513,60,Wisconsin,0,18,Bi-Weekly,114,0.115660135,58.67205647,-1.884339865,64.6431136,Average,521,Potential Loyalist
1514,22,Texas,0,27,Monthly,12,-1.418311991,73.91123746,-3.418311991,78.07557367,Good,331,Promising
1515,26,Utah,0,1,Weekly,57,0.279365803,57.04572946,-1.720634197,63.20960004,Average,415,Recent Customer
1516,39,Indiana,0,34,Weekly,57,2.690526757,33.09215327,0.690526757,42.09590267,Average,445,Champion
1517,20,Nevada,0,5,Bi-Weekly,114,1.115860577,48.73560762,-0.884139423,55.88470641,Good,513,Recent Customer
1518,57,New Hampshire,0,12,Quarterly,3,-2.438394887,84.04520771,-4.438394887,87.00808459,Average,122,Hibernating
1519,68,New York,0,14,Fortnightly,28,-0.295851876,62.76020508,-2.295851876,68.24658107,Good,324,Promising
1520,50,Texas,0,40,Weekly,57,2.26137696,37.35552371,0.26137696,45.85381809,Good,444,Champion
1521,21,Iowa,0,39,Quarterly,3,0.486366923,54.98928561,-1.513633077,61.39696326,Good,143,At Risk
1522,29,Washington,0,50,Weekly,57,2.362487537,36.35104499,0.362487537,44.96842796,Average,453,Loyal Customer
1523,38,Tennessee,0,5,Monthly,12,-1.378956976,73.52026674,-3.378956976,77.73095549,Good,314,Need Attention
1524,54,Georgia,0,35,Annually,1,1.086191579,49.03035302,-0.913808421,56.14450749,Average,145,At Risk
1525,22,Massachusetts,0,6,Bi-Weekly,114,1.522891612,44.69197507,-0.477108388,52.32047728,Good,514,Recent Customer
1526,29,Oregon,0,22,Fortnightly,28,-1.515509724,74.87684422,-3.515509724,78.92670039,Good,331,Promising
1527,41,Oklahoma,0,27,Monthly,12,-1.967243875,79.36457797,-3.967243875,82.88237914,Average,331,Promising
1528,26,Wisconsin,0,33,Fortnightly,28,1.103908363,48.85434638,-0.896091637,55.98936778,Good,344,Loyal Customer
1529,69,Oregon,0,47,Bi-Weekly,114,4.31896484,16.91450423,2.31896484,27.83623709,Good,554,Champion
1530,20,Georgia,0,48,Bi-Weekly,114,3.881485285,21.26062631,1.881485285,31.6670933,Average,553,Loyal Customer
1531,59,New Mexico,0,22,Quarterly,3,-2.590637488,85.55765537,-4.590637488,88.34122006,Average,131,Lost
1532,63,Mississippi,0,8,Bi-Weekly,114,1.956923917,40.38009956,-0.043076083,48.51980744,Good,514,Recent Customer
1533,68,Wisconsin,0,5,Every 3 Months,4,-2.685739933,86.50244658,-4.685739933,89.17399908,Good,212,About to Sleep
1534,50,New Hampshire,0,16,Quarterly,3,-1.40142816,73.74350576,-3.40142816,77.92772783,Average,123,Need Attention
1535,55,Wyoming,0,26,Fortnightly,28,0.239291005,57.44385084,-1.760708995,63.56052109,Average,333,Promising
1536,36,West Virginia,0,8,Monthly,12,-1.08682552,70.61809918,-3.08682552,75.172862,Good,314,Need Attention
1537,18,Michigan,0,17,Quarterly,3,-0.361014182,63.40755724,-2.361014182,68.8171847,Average,124,Need Attention
1538,68,Alaska,0,50,Annually,1,2.166819093,38.29490483,0.166819093,46.68182842,Average,155,At Risk
1539,56,Illinois,0,22,Bi-Weekly,114,2.166039571,38.30264897,0.166039571,46.68865443,Average,533,Potential Loyalist
1540,32,Hawaii,0,19,Every 3 Months,4,-1.336534982,73.09882724,-3.336534982,77.35948086,Good,223,About to Sleep
1541,28,Colorado,0,14,Monthly,12,0.215271394,57.68247264,-1.784728606,63.77085247,Average,325,Promising
1542,24,Illinois,0,35,Bi-Weekly,114,3.572694312,24.32829713,1.572694312,34.37106839,Average,544,Champion
1543,59,Hawaii,0,43,Weekly,57,1.244517001,47.45747583,-0.755482999,54.75810687,Average,452,Loyal Customer
1544,56,Wisconsin,0,24,Annually,1,0.36692232,56.17590295,-1.63307768,62.44289808,Good,135,At Risk
1545,30,Arkansas,0,17,Bi-Weekly,114,0.088658865,58.94029944,-1.911341135,64.87955432,Average,521,Potential Loyalist
1546,48,Delaware,0,49,Annually,1,0.155217936,58.27907117,-1.844782064,64.2967197,Good,152,Need Attention
1547,60,Oregon,0,17,Annually,1,-1.722235394,76.93055162,-3.722235394,80.73692514,Average,122,Hibernating
1548,46,South Carolina,0,40,Quarterly,3,-0.288916868,62.69130954,-2.288916868,68.18585362,Average,142,Need Attention
1549,69,Maryland,0,43,Weekly,57,0.737810647,52.49132861,-1.262189353,59.19515808,Average,451,Loyal Customer
1550,19,Kansas,0,19,Every 3 Months,4,-1.336534982,73.09882724,-3.336534982,77.35948086,Average,223,About to Sleep
1551,66,Arkansas,0,40,Quarterly,3,-1.133427459,71.08106417,-3.133427459,75.58093896,Average,141,Need Attention
1552,64,Minnesota,0,13,Monthly,12,-2.640840354,86.05639361,-4.640840354,88.78082909,Average,321,Promising
1553,54,New Mexico,0,20,Monthly,12,-1.311742171,72.8525241,-3.311742171,77.14237884,Average,322,Promising
1554,27,Delaware,0,21,Quarterly,3,-1.646451578,76.17768051,-3.646451578,80.07331264,Good,132,Need Attention
1555,64,Utah,0,18,Bi-Weekly,114,1.171298373,48.18486319,-0.828701627,55.39925692,Average,522,Potential Loyalist
1556,43,Ohio,0,44,Quarterly,3,0.030215857,59.52089902,-1.969784143,65.3913194,Good,152,Need Attention
1557,43,Alabama,0,26,Quarterly,3,-0.793611229,67.70517425,-2.793611229,72.6052865,Average,133,At Risk
1558,27,South Dakota,0,34,Quarterly,3,-1.210984017,71.8515465,-3.210984017,76.26007475,Average,141,Need Attention
1559,35,New Mexico,0,24,Every 3 Months,4,-0.145890397,61.27041913,-2.145890397,66.93342058,Average,234,At Risk
1560,43,Oregon,0,23,Fortnightly,28,1.213925435,47.76138645,-0.786074565,55.02598657,Good,335,Promising
1561,57,Oregon,0,3,Weekly,57,0.164466223,58.18719445,-1.835533777,64.21573566,Average,414,Recent Customer
1562,50,Mississippi,0,2,Quarterly,3,-3.257339465,92.18097787,-5.257339465,94.17929726,Average,112,Hibernating
1563,37,Alabama,0,23,Bi-Weekly,114,2.657521665,33.42004096,0.657521665,42.38491677,Average,534,Potential Loyalist
1564,68,Kansas,0,8,Weekly,57,-1.178420963,71.52805022,-3.178420963,75.97493142,Good,412,Recent Customer
1565,22,California,0,30,Every 3 Months,4,-1.504001843,74.76251966,-3.504001843,78.82592988,Good,231,Need Attention
1566,58,Idaho,0,48,Annually,1,2.197267613,37.9924153,0.197267613,46.41520133,Good,155,At Risk
1567,48,Wyoming,0,21,Bi-Weekly,114,3.532480776,24.7277968,1.532480776,34.72320433,Average,535,Potential Loyalist
1568,30,Minnesota,0,9,Monthly,12,-2.748845432,87.12936547,-4.748845432,89.72659197,Good,311,Lost
1569,51,Washington,0,8,Monthly,12,-1.002374461,69.77912372,-3.002374461,74.43335347,Good,314,Need Attention
1570,20,Hawaii,0,29,Weekly,57,1.077626877,49.11543869,-0.922373123,56.21950561,Average,433,Potential Loyalist
1571,30,Missouri,0,3,Every 3 Months,4,-3.035321179,89.97534663,-5.035321179,92.23516039,Good,212,About to Sleep
1572,28,Colorado,0,11,Fortnightly,28,0.12985067,58.5310812,-1.87014933,64.51885202,Good,325,Promising
1573,37,Washington,0,16,Monthly,12,0.227048403,57.56547444,-1.772951597,63.6677253,Average,325,Promising
1574,36,North Dakota,0,25,Weekly,57,-0.550497264,65.28996888,-2.550497264,70.47642211,Good,431,Potential Loyalist
1575,18,Minnesota,0,32,Bi-Weekly,114,1.169286379,48.20485125,-0.830713621,55.41687525,Good,541,Loyal Customer
1576,52,California,0,28,Fortnightly,28,-1.226825519,72.00892323,-3.226825519,76.39879327,Average,331,Promising
1577,56,Michigan,0,36,Monthly,12,0.893750381,50.94215194,-1.106249619,57.8296481,Average,344,Loyal Customer
1578,68,Delaware,0,7,Fortnightly,28,-2.42723512,83.93434148,-4.42723512,86.91036239,Good,311,Lost
1579,62,California,0,2,Quarterly,3,-0.766033223,67.43120172,-2.766033223,72.3637955,Good,115,Need Attention
1580,35,Oklahoma,0,6,Monthly,12,-0.971925941,69.47663419,-2.971925941,74.16672637,Average,314,Need Attention
1581,65,North Dakota,0,30,Annually,1,0.022223583,59.60029793,-1.977776417,65.46130497,Average,134,At Risk
1582,69,Ohio,0,46,Quarterly,3,1.435435341,45.56080569,-0.564564659,53.08630142,Good,154,At Risk
1583,28,Hawaii,0,39,Monthly,12,-0.334237226,63.14154271,-2.334237226,68.58270822,Poor,342,Loyal Customer
1584,37,Maryland,0,8,Annually,1,-0.614029875,65.92113091,-2.614029875,71.03275507,Good,115,Need Attention
1585,41,Hawaii,0,46,Quarterly,3,2.195494872,38.01002653,0.195494872,46.43072461,Average,155,At Risk
1586,37,Alabama,0,40,Fortnightly,28,-0.52278052,65.01461806,-2.52278052,70.23371623,Average,341,Loyal Customer
1587,25,Oklahoma,0,21,Weekly,57,1.114969898,48.74445603,-0.885030102,55.89250577,Good,434,Potential Loyalist
1588,41,Alabama,0,33,Fortnightly,28,2.117321072,38.78664083,0.117321072,47.11526537,Average,345,Loyal Customer
1589,48,Vermont,0,3,Monthly,12,-3.544235991,95.03113923,-5.544235991,96.69155029,Average,311,Lost
1590,42,Ohio,0,48,Weekly,57,2.772965823,32.27316587,0.772965823,41.37401246,Average,454,Champion
1591,54,Wisconsin,0,8,Annually,1,-1.120736229,70.95498368,-3.120736229,75.46980628,Average,114,Need Attention
1592,18,South Dakota,0,24,Annually,1,0.831403145,51.56153791,-1.168596855,58.37560114,Average,135,At Risk
1593,56,Iowa,0,10,Every 3 Months,4,-0.777261346,67.54274703,-2.777261346,72.46211626,Average,214,About to Sleep
1594,61,Maryland,0,25,Monthly,12,0.976766182,50.11743498,-1.023233818,57.10270761,Good,335,Promising
1595,40,Colorado,0,3,Fortnightly,28,-2.408563609,83.74885015,-4.408563609,86.74686247,Average,312,Need Attention
1596,34,Wisconsin,0,45,Fortnightly,28,0.24560877,57.38108727,-1.75439123,63.50519862,Average,351,Loyal Customer
1597,42,Mississippi,0,15,Monthly,12,-2.460161226,84.26144448,-4.460161226,87.19868485,Good,321,Promising
1598,43,Mississippi,0,34,Quarterly,3,-1.7599159,77.304887,-3.7599159,81.06688022,Average,141,Need Attention
1599,47,California,0,21,Bi-Weekly,114,2.941323362,30.60062504,0.941323362,39.89976407,Good,535,Potential Loyalist
1600,48,Delaware,0,22,Bi-Weekly,114,1.701558746,42.91701401,-0.298441254,50.75595137,Average,533,Potential Loyalist
1601,20,Montana,0,24,Weekly,57,-0.830851711,68.07513824,-2.830851711,72.93138843,Good,431,Potential Loyalist
1602,65,Indiana,0,33,Monthly,12,0.010461511,59.71714773,-1.989538489,65.56430133,Average,343,Loyal Customer
1603,54,West Virginia,0,13,Fortnightly,28,-1.420716913,73.93512906,-3.420716913,78.09663273,Average,322,Promising
1604,23,Iowa,0,17,Bi-Weekly,114,3.21334805,27.89820732,1.21334805,37.51773855,Good,525,Potential Loyalist
1605,18,Maine,0,25,Every 3 Months,4,0.641170404,53.451397,-1.358829596,60.04140305,Good,235,At Risk
1606,70,Connecticut,0,15,Bi-Weekly,114,0.879166917,51.08703074,-1.120833083,57.95735041,Average,522,Potential Loyalist
1607,55,Kansas,0,4,Fortnightly,28,-3.183847401,91.45087408,-5.183847401,93.53575283,Good,311,Lost
1608,49,Vermont,0,43,Quarterly,3,1.016627296,49.72143644,-0.983372704,56.75365771,Average,154,At Risk
1609,26,Nebraska,0,12,Bi-Weekly,114,1.178192874,48.11637005,-0.821807126,55.33888417,Good,523,Potential Loyalist
1610,33,Nevada,0,3,Monthly,12,-0.630674454,66.08648577,-2.630674454,71.17850586,Good,315,Need Attention
1611,20,Tennessee,0,1,Annually,1,-3.674374768,96.32399739,-5.674374768,97.83113028,Average,111,Hibernating
1612,41,Arkansas,0,6,Monthly,12,-3.252104535,92.12897168,-5.252104535,94.1334568,Good,311,Lost
1613,18,Wisconsin,0,26,Monthly,12,-0.094096316,60.75587303,-2.094096316,66.47987784,Good,333,Promising
1614,26,Illinois,0,6,Fortnightly,28,-2.623138508,85.88053537,-4.623138508,88.62582018,Good,311,Lost
1615,30,Kansas,0,22,Bi-Weekly,114,1.152626862,48.37035452,-0.847373138,55.56275684,Average,532,Potential Loyalist
1616,64,New York,0,45,Bi-Weekly,114,3.631579358,23.74330613,1.631579358,33.85543253,Average,553,Loyal Customer
1617,26,Colorado,0,50,Quarterly,3,0.192223474,57.91144123,-1.807776526,63.97267508,Average,152,Need Attention
1618,43,Wisconsin,0,50,Fortnightly,28,1.816283121,41.77728958,-0.183716879,49.75134994,Good,353,Loyal Customer
1619,63,Michigan,0,39,Quarterly,3,0.7397201,52.47235922,-1.2602799,59.17843766,Good,144,At Risk
1620,57,Hawaii,0,50,Bi-Weekly,114,4.653321826,13.59284895,2.653321826,24.90838932,Average,554,Champion
1621,25,Virginia,0,27,Every 3 Months,4,-1.120524827,70.95288352,-3.120524827,75.4679551,Average,232,Need Attention
1622,68,Ohio,0,38,Fortnightly,28,0.225502002,57.5808371,-1.774497998,63.68126659,Average,342,Loyal Customer
1623,31,Missouri,0,37,Every 3 Months,4,-0.597158955,65.75352747,-2.597158955,70.8850223,Good,242,Need Attention
1624,64,Indiana,0,50,Annually,1,0.857827678,51.2990245,-1.142172322,58.1442107,Average,153,At Risk
1625,38,Florida,0,40,Every 3 Months,4,-0.853959383,68.30470043,-2.853959383,73.13373428,Average,241,Need Attention
1626,34,Minnesota,0,3,Bi-Weekly,114,0.0062198,59.75928683,-1.9937802,65.60144452,Average,512,Recent Customer
1627,32,Nevada,0,45,Bi-Weekly,114,2.491490061,35.06947488,0.491490061,43.83879774,Average,551,Loyal Customer
1628,69,Maine,0,8,Annually,1,-3.612042471,95.70475983,-5.612042471,97.28530804,Average,111,Hibernating
1629,45,Massachusetts,0,7,Monthly,12,-1.578307614,75.50070719,-3.578307614,79.47659966,Average,313,Need Attention
1630,35,North Dakota,0,13,Quarterly,3,-0.3845682,63.64155364,-2.3845682,69.02343904,Average,125,Need Attention
1631,63,New Jersey,0,29,Every 3 Months,4,-0.939845699,69.15793439,-2.939845699,73.88581086,Average,232,Need Attention
1632,65,Indiana,0,7,Fortnightly,28,-2.342784061,83.09536602,-4.342784061,86.17085386,Average,312,Need Attention
1633,35,Oregon,0,50,Every 3 Months,4,-0.330593512,63.10534438,-2.330593512,68.55080148,Good,251,Need Attention
1634,54,North Dakota,0,33,Bi-Weekly,114,3.560917302,24.44529533,1.560917302,34.47419557,Good,544,Champion
1635,28,South Carolina,0,30,Every 3 Months,4,-1.926257138,78.95739698,-3.926257138,82.52347255,Average,231,Need Attention
1636,68,North Carolina,0,40,Annually,1,-1.270108315,72.43891434,-3.270108315,76.77780566,Average,141,Need Attention
1637,58,North Dakota,0,49,Fortnightly,28,-0.026415918,60.08350499,-2.026415918,65.88722415,Good,351,Loyal Customer
1638,35,Massachusetts,0,32,Fortnightly,28,-1.24549703,72.19441456,-3.24549703,76.56229319,Average,341,Loyal Customer
1639,68,Tennessee,0,18,Weekly,57,-0.190574266,61.71432913,-2.190574266,67.32470168,Good,422,Potential Loyalist
1640,41,Missouri,0,50,Annually,1,1.153406385,48.36261038,-0.846593615,55.55593083,Average,153,At Risk
1641,65,Tennessee,0,13,Weekly,57,-0.536708261,65.15298262,-2.536708261,70.35567661,Good,422,Potential Loyalist
1642,50,Colorado,0,1,Every 3 Months,4,-3.553804543,95.1261976,-5.553804543,96.77533877,Average,211,About to Sleep
1643,18,Mississippi,0,16,Fortnightly,28,-0.284074867,62.64320688,-2.284074867,68.14345389,Good,324,Promising
1644,38,Ohio,0,6,Monthly,12,-1.098602529,70.73509738,-3.098602529,75.27598917,Average,314,Need Attention
1645,68,North Carolina,0,21,Monthly,12,0.488731339,54.96579642,-1.511268661,61.3762589,Average,335,Promising
1646,53,Ohio,0,36,Every 3 Months,4,-0.961964461,69.37767229,-2.961964461,74.07949716,Average,242,Need Attention
1647,58,Nebraska,0,20,Every 3 Months,4,-0.338346534,63.18236645,-2.338346534,68.618692,Average,224,About to Sleep
1648,34,Hawaii,0,8,Quarterly,3,-1.152957491,71.27508444,-3.152957491,75.75195665,Good,114,Need Attention
1649,36,Oklahoma,0,22,Monthly,12,-0.328777982,63.08730808,-2.328777982,68.53490352,Average,334,Promising
1650,58,Wisconsin,0,3,Quarterly,3,-2.132474428,81.00605389,-4.132474428,84.32924559,Good,113,Lost
1651,60,Arkansas,0,46,Fortnightly,28,0.357061098,56.27386884,-1.642938902,62.52924937,Average,352,Loyal Customer
1652,59,Texas,0,42,Monthly,12,1.520238822,44.7183291,-0.479761178,52.34370684,Average,354,Loyal Customer
1653,65,New Mexico,0,1,Fortnightly,28,-2.800370384,87.64123793,-4.800370384,90.17777805,Good,311,Lost
1654,31,Colorado,0,29,Bi-Weekly,114,3.83294199,21.74287761,1.83294199,32.09217004,Average,535,Potential Loyalist
1655,43,Indiana,0,14,Quarterly,3,-2.975549762,89.38155002,-4.975549762,91.71176289,Average,121,Hibernating
1656,37,Arizona,0,4,Monthly,12,-1.068154009,70.43260785,-3.068154009,75.00936208,Average,314,Need Attention
1657,21,Indiana,0,41,Every 3 Months,4,-0.362477289,63.42209242,-2.362477289,68.82999662,Average,252,Need Attention
1658,69,Indiana,0,4,Bi-Weekly,114,-0.304583167,62.84694572,-2.304583167,68.32303794,Average,512,Recent Customer
1659,32,Alaska,0,47,Weekly,57,2.450385846,35.47782296,0.450385846,44.19873305,Good,453,Loyal Customer
1660,53,Utah,0,44,Annually,1,-0.444269236,64.23465104,-2.444269236,69.54622023,Average,152,Need Attention
1661,59,Louisiana,0,37,Monthly,12,-0.303788706,62.83905318,-2.303788706,68.31608113,Good,342,Loyal Customer
1662,64,Iowa,0,21,Quarterly,3,0.084795132,58.97868353,-1.915204868,64.91338768,Average,135,At Risk
1663,63,New Mexico,0,46,Fortnightly,28,-0.149645256,61.30772162,-2.149645256,66.96630057,Good,351,Loyal Customer
1664,43,Maine,0,1,Bi-Weekly,114,-1.103420977,70.78296605,-3.103420977,75.31818264,Average,511,Recent Customer
1665,19,Minnesota,0,35,Weekly,57,1.070732375,49.18393183,-0.929267625,56.27987836,Good,443,Loyal Customer
1666,40,New Mexico,0,49,Monthly,12,0.358030763,56.26423575,-1.641969237,62.52075835,Average,352,Loyal Customer
1667,51,Arkansas,0,47,Annually,1,0.903500458,50.84529021,-1.096499542,57.74427006,Average,153,At Risk
1668,51,Oklahoma,0,24,Every 3 Months,4,-1.62378393,75.95248972,-3.62378393,79.87481993,Average,232,Need Attention
1669,66,Utah,0,28,Fortnightly,28,-1.015697871,69.91148458,-3.015697871,74.55002193,Good,331,Promising
1670,42,Wisconsin,0,22,Quarterly,3,-0.986067366,69.61712158,-2.986067366,74.29055791,Average,133,At Risk
1671,22,Utah,0,20,Weekly,57,0.876840981,51.11013765,-1.123159019,57.97771783,Average,424,Potential Loyalist
1672,31,Utah,0,25,Weekly,57,-0.93052703,69.06535846,-2.93052703,73.80421051,Good,431,Potential Loyalist
1673,18,South Carolina,0,15,Quarterly,3,-0.879497545,68.55840822,-2.879497545,73.35736308,Average,124,Need Attention
1674,21,Hawaii,0,49,Bi-Weekly,114,3.908486554,20.99238335,1.908486554,31.43065258,Average,553,Loyal Customer
1675,35,Alaska,0,10,Fortnightly,28,-1.290593074,72.6424193,-3.290593074,76.95718355,Average,313,Need Attention
1676,35,Colorado,0,21,Annually,1,0.201467453,57.81960731,-1.798532547,63.89172878,Good,135,At Risk
1677,27,West Virginia,0,34,Weekly,57,0.62147581,53.6470521,-1.37852419,60.21386176,Average,442,Loyal Customer
1678,65,Oregon,0,41,Weekly,57,0.726033637,52.60832681,0.726033637,41.78498127,Average,451,Loyal Customer
1679,41,Ohio,0,30,Fortnightly,28,0.727325848,52.59548939,0.727325848,41.77366583,Good,334,Promising
1680,60,Massachusetts,0,24,Bi-Weekly,114,1.755561285,42.38052808,1.755561285,32.76976595,Good,533,Potential Loyalist
1681,61,Louisiana,0,6,Annually,1,-3.074887596,90.36841752,-3.074887596,75.06832576,Average,112,Hibernating
1682,24,Virginia,0,14,Bi-Weekly,114,2.878991065,31.2198626,2.878991065,22.93228233,Average,525,Potential Loyalist
1683,65,New York,0,37,Bi-Weekly,114,4.5556585,14.56308111,4.5556585,8.250289097,Good,545,Champion
1684,23,Arkansas,0,37,Quarterly,3,-0.032116441,60.14013659,-0.032116441,48.42383766,Average,143,At Risk
1685,30,New Mexico,0,28,Weekly,57,2.275165963,37.21853745,2.275165963,28.21976861,Good,435,Potential Loyalist
1686,33,Minnesota,0,43,Bi-Weekly,114,2.901968347,30.99159577,2.901968347,22.73107827,Good,552,Loyal Customer
1687,22,Illinois,0,25,Annually,1,-0.155008294,61.36100049,-0.155008294,49.49995885,Good,134,At Risk
1688,67,Georgia,0,4,Annually,1,-1.81989872,77.90078378,-1.81989872,64.07882492,Average,114,Need Attention
1689,28,Mississippi,0,13,Fortnightly,28,-2.349678563,83.16385915,-2.349678563,68.71792263,Average,321,Promising
1690,32,North Carolina,0,32,Monthly,12,0.532392126,54.53205019,0.532392126,43.4806326,Good,344,Loyal Customer
1691,40,Nevada,0,1,Annually,1,-3.716600298,96.74348512,-3.716600298,80.68758056,Average,111,Hibernating
1692,64,Connecticut,0,4,Annually,1,-2.199928486,81.67617336,-2.199928486,67.40661332,Average,113,Lost
1693,56,Utah,0,33,Bi-Weekly,114,3.349789655,26.54273399,3.349789655,18.80966292,Average,544,Champion
1694,63,Tennessee,0,45,Fortnightly,28,2.483561835,35.14823751,2.483561835,26.39491848,Good,355,Loyal Customer
1695,20,Mississippi,0,20,Fortnightly,28,-0.133844259,61.15074729,-0.133844259,49.31463277,Average,323,Promising
1696,54,Nebraska,0,1,Fortnightly,28,-0.266838613,62.47197405,-0.266838613,50.47921804,Good,315,Need Attention
1697,31,West Virginia,0,7,Bi-Weekly,114,1.296539704,46.94065849,1.296539704,36.78925818,Good,514,Recent Customer
1698,36,South Carolina,0,48,Every 3 Months,4,2.022259133,39.73102963,2.022259133,30.43438571,Average,255,At Risk
1699,25,Iowa,0,46,Quarterly,3,-0.084683722,60.66236402,-0.084683722,48.88415105,Good,152,Need Attention
1700,20,North Dakota,0,34,Annually,1,0.13022866,58.52732607,0.13022866,47.00223811,Good,143,At Risk
1701,62,West Virginia,0,36,Monthly,12,0.682622733,53.0395906,0.682622733,42.16511545,Good,344,Loyal Customer
1702,69,Mississippi,0,44,Every 3 Months,4,-0.197022421,61.77838806,-0.197022421,49.86786195,Average,252,Need Attention
1703,54,Alabama,0,48,Weekly,57,3.237446647,27.65880083,3.237446647,19.79341154,Good,454,Champion
1704,39,California,0,12,Annually,1,-3.292909746,92.53434931,-3.292909746,76.97746984,Good,121,Hibernating
1705,56,Idaho,0,19,Every 3 Months,4,-2.814428516,87.78089784,-2.814428516,72.78757623,Average,221,About to Sleep
1706,39,South Dakota,0,49,Bi-Weekly,114,2.51504408,34.83547848,2.51504408,26.11923942,Average,551,Loyal Customer
1707,37,North Dakota,0,25,Fortnightly,28,1.056800326,49.32233918,1.056800326,38.88857249,Average,335,Promising
1708,25,Nevada,0,25,Bi-Weekly,114,3.04932844,29.52765318,3.04932844,21.44069721,Good,534,Potential Loyalist
1709,35,Florida,0,1,Quarterly,3,-2.482055674,84.47895394,-2.482055674,69.87710292,Average,113,Lost
1710,45,Indiana,0,19,Annually,1,-0.232564852,62.13148282,-0.232564852,50.17909464,Average,124,Need Attention
1711,19,Arkansas,0,7,Quarterly,3,-2.02446935,79.93308203,-2.02446935,65.87017873,Average,113,Lost
1712,21,North Carolina,0,19,Monthly,12,0.47695433,55.08279462,0.47695433,43.96608209,Good,325,Promising
1713,65,Illinois,0,9,Fortnightly,28,-0.050828457,60.32603033,-0.050828457,48.58769228,Average,315,Need Attention
1714,49,Missouri,0,37,Quarterly,3,-1.510009974,74.82220718,-1.510009974,61.36523701,Good,141,Need Attention
1715,30,South Dakota,0,15,Monthly,12,-0.728914516,67.0624475,-0.728914516,54.52545591,Good,324,Promising
1716,23,Idaho,0,30,Bi-Weekly,114,2.888756081,31.12285247,2.888756081,22.84677349,Average,534,Potential Loyalist
1717,69,Connecticut,0,30,Every 3 Months,4,-0.91284443,68.88969142,-0.91284443,56.13606616,Good,232,Need Attention
1718,29,Hawaii,0,16,Bi-Weekly,114,1.117295834,48.72134912,1.117295834,38.35883438,Average,522,Potential Loyalist
1719,54,Maryland,0,14,Every 3 Months,4,0.048577733,59.33848374,0.048577733,47.71722686,Average,225,About to Sleep
1720,45,Maryland,0,8,Quarterly,3,-2.799753142,87.63510596,-2.799753142,72.65906909,Average,112,Hibernating
1721,25,Massachusetts,0,40,Bi-Weekly,114,4.214407013,17.95322953,4.214407013,11.23850961,Average,544,Champion
1722,34,Delaware,0,24,Monthly,12,-1.921571095,78.91084367,-1.921571095,64.96913452,Good,331,Promising
1723,46,Massachusetts,0,14,Fortnightly,28,-1.224813526,71.98893517,-1.224813526,58.86787096,Average,322,Promising
1724,70,New York,0,39,Annually,1,-1.508237233,74.80459596,-1.508237233,61.34971373,Average,141,Need Attention
1725,42,Delaware,0,21,Weekly,57,0.903842251,50.84189469,0.903842251,40.22797313,Average,434,Potential Loyalist
1726,45,Massachusetts,0,32,Quarterly,3,-1.391663144,73.64649562,-1.391663144,60.32891501,Average,141,Need Attention
1727,57,Indiana,0,45,Weekly,57,0.707362127,52.79381814,0.707362127,41.94848119,Average,451,Loyal Customer
1728,49,Virginia,0,19,Monthly,12,-1.212066851,71.86230388,-1.212066851,58.75625277,Good,323,Promising
1729,23,Wyoming,0,1,Every 3 Months,4,-2.87819607,88.4143939,-2.87819607,73.34596651,Good,212,About to Sleep
1730,47,Illinois,0,12,Fortnightly,28,-2.630033009,85.9490285,-2.630033009,71.17288895,Average,321,Promising
1731,23,Alabama,0,26,Weekly,57,-0.861300231,68.37762777,-0.861300231,55.68471155,Good,431,Potential Loyalist
1732,21,Idaho,0,12,Monthly,12,-0.26098644,62.41383589,-0.26098644,50.4279726,Average,325,Promising
1733,45,Rhode Island,0,36,Every 3 Months,4,-0.370807047,63.50484405,-0.370807047,51.38963344,Average,242,Need Attention
1734,67,New York,0,22,Annually,1,0.059566604,59.22931527,0.059566604,47.62100114,Average,135,At Risk
1735,31,Missouri,0,16,Quarterly,3,0.245367492,57.38348424,0.245367492,45.99400743,Average,125,Need Attention
1736,58,Texas,0,31,Annually,1,-1.470894211,74.4336133,-1.470894211,61.02271389,Average,141,Need Attention
1737,57,Tennessee,0,43,Quarterly,3,0.552146471,54.33580148,0.552146471,43.30765067,Average,153,At Risk
1738,42,Ohio,0,50,Bi-Weekly,114,5.497832416,5.203094323,5.497832416,0,Good,555,Champion
1739,60,Tennessee,0,37,Weekly,57,1.546990209,44.45256858,1.546990209,34.59615027,Average,443,Loyal Customer
1740,21,Minnesota,0,23,Weekly,57,2.140159616,38.55975228,2.140159616,29.40197221,Good,435,Potential Loyalist
1741,69,Wisconsin,0,10,Every 3 Months,4,-3.395244177,93.55098638,-3.395244177,77.87357684,Average,211,About to Sleep
1742,41,Delaware,0,20,Monthly,12,-1.227291112,72.01354864,-1.227291112,58.88956632,Average,322,Promising
1743,51,Kansas,0,18,Every 3 Months,4,-0.350123543,63.29936465,-0.350123543,51.20851519,Good,224,About to Sleep
1744,23,Missouri,0,3,Weekly,57,-0.342240131,63.22104723,-0.342240131,51.13948289,Average,414,Recent Customer
1745,57,Michigan,0,23,Weekly,57,0.662266083,53.24182287,0.662266083,42.34337156,Average,433,Potential Loyalist
1746,40,West Virginia,0,27,Weekly,57,-0.580945784,65.59245841,-0.580945784,53.22974522,Average,431,Potential Loyalist
1747,65,Alabama,0,44,Fortnightly,28,0.556411737,54.29342838,0.556411737,43.27030123,Average,352,Loyal Customer
1748,61,New Hampshire,0,41,Quarterly,3,-1.190877249,71.65179666,-1.190877249,58.5707028,Average,151,Need Attention
1749,34,Montana,0,41,Annually,1,1.712680021,42.80653018,1.712680021,33.14526226,Average,155,At Risk
1750,43,Wyoming,0,36,Every 3 Months,4,0.473703543,55.11508942,0.473703543,43.99454809,Average,244,At Risk
1751,31,Missouri,0,38,Every 3 Months,4,1.245540084,47.44731206,1.245540084,37.23584411,Average,245,At Risk
1752,57,Ohio,0,34,Annually,1,-1.009860637,69.85349482,-1.009860637,56.98560332,Average,142,Need Attention
1753,34,South Dakota,0,14,Quarterly,3,-2.806647643,87.70359909,-2.806647643,72.71944184,Average,121,Hibernating
1754,25,Colorado,0,23,Fortnightly,28,-1.615185043,75.86706445,-1.615185043,62.28621849,Good,331,Promising
1755,66,Massachusetts,0,18,Fortnightly,28,0.82556591,51.61952767,0.82556591,40.9134118,Average,325,Promising
1756,56,Delaware,0,45,Monthly,12,-0.805612553,67.82440089,-0.805612553,55.19707393,Good,351,Loyal Customer
1757,49,New Hampshire,0,14,Weekly,57,-0.298579344,62.787301,-0.298579344,50.75716057,Average,423,Potential Loyalist
1758,19,Michigan,0,48,Annually,1,2.239493143,37.57292757,2.239493143,28.53214308,Average,155,At Risk
1759,27,Pennsylvania,0,17,Bi-Weekly,114,1.43987581,45.51669203,1.43987581,35.53411379,Good,523,Potential Loyalist
1760,68,Louisiana,0,1,Weekly,57,-1.071851142,70.46933686,-1.071851142,57.5284326,Good,413,Recent Customer
1761,20,Minnesota,0,39,Weekly,57,0.967609805,50.20839862,0.967609805,39.66958284,Average,442,Loyal Customer
1762,21,Hawaii,0,24,Weekly,57,2.082709826,39.13048478,2.082709826,29.90504002,Good,435,Potential Loyalist
1763,36,Idaho,0,41,Fortnightly,28,0.264280281,57.19559594,0.264280281,45.82839472,Average,352,Loyal Customer
1764,37,Vermont,0,28,Annually,1,0.812731634,51.74702924,0.812731634,41.02579709,Average,135,At Risk
1765,61,Delaware,0,34,Quarterly,3,-0.282022367,62.62281641,-0.282022367,50.61217689,Average,143,At Risk
1766,68,New Mexico,0,41,Quarterly,3,1.553782171,44.38509413,1.553782171,34.53667543,Good,155,At Risk
1767,60,Alaska,0,27,Bi-Weekly,114,2.047692741,39.47836053,2.047692741,30.21167245,Good,533,Potential Loyalist
1768,69,Minnesota,0,46,Fortnightly,28,2.595014163,34.04101908,2.595014163,25.41896923,Average,355,Loyal Customer
1769,25,Nebraska,0,2,Every 3 Months,4,-2.93564586,88.9851264,-2.93564586,73.84903433,Average,212,About to Sleep
1770,32,Alaska,0,45,Monthly,12,1.516791571,44.75257567,1.516791571,34.86058924,Good,354,Loyal Customer
1771,53,Michigan,0,34,Weekly,57,-0.307485839,62.87578219,-0.307485839,50.83515165,Good,441,Loyal Customer
1772,46,Indiana,0,9,Annually,1,-0.967058371,69.42827752,-0.967058371,56.61079878,Good,114,Need Attention
1773,58,Hawaii,0,1,Annually,1,-3.54769818,95.0655342,-3.54769818,79.20856349,Average,111,Hibernating
1774,21,West Virginia,0,17,Annually,1,0.009011316,59.73155463,0.009011316,48.06369621,Average,125,Need Attention
1775,46,New York,0,6,Weekly,57,0.118793443,58.64092875,0.118793443,47.10237233,Average,414,Recent Customer
1776,18,Iowa,0,12,Bi-Weekly,114,0.71371205,52.7307351,0.71371205,41.89287713,Average,522,Potential Loyalist
1777,56,Arizona,0,10,Every 3 Months,4,-1.579546407,75.51301393,-1.579546407,61.97414336,Average,213,About to Sleep
1778,18,Minnesota,0,4,Fortnightly,28,-2.212660222,81.80265626,-2.212660222,67.5181007,Good,312,Need Attention
1779,49,Texas,0,8,Bi-Weekly,114,2.421404741,35.76573451,2.421404741,26.93920652,Good,515,Recent Customer
1780,29,Virginia,0,41,Weekly,57,1.866122935,41.28215806,1.866122935,31.80161606,Good,453,Loyal Customer
1781,67,North Dakota,0,49,Weekly,57,3.222222387,27.81004559,3.222222387,19.92672509,Good,454,Champion
1782,31,Iowa,0,49,Quarterly,3,-0.214807562,61.95507378,-0.214807562,50.02360023,Average,151,Need Attention
1783,52,Utah,0,40,Fortnightly,28,2.13742784,38.58689099,2.13742784,29.42589342,Average,345,Loyal Customer
1784,42,Ohio,0,30,Monthly,12,-0.619474181,65.97521714,-0.619474181,53.56712499,Average,332,Promising
1785,32,Louisiana,0,4,Quarterly,3,-3.414464574,93.7419306,-3.414464574,78.04188317,Good,111,Hibernating
1786,47,Iowa,0,22,Monthly,12,-2.017799163,79.86681734,-2.017799163,65.81177022,Good,331,Promising
1787,45,Maryland,0,22,Monthly,12,-1.806671515,77.76937868,-1.806671515,63.96299889,Good,331,Promising
1788,20,Montana,0,10,Quarterly,3,-2.703525074,86.6791323,-2.703525074,71.81643338,Good,112,Hibernating
1789,66,Illinois,0,23,Bi-Weekly,114,1.221853661,47.68262382,1.221853661,37.44325787,Average,532,Potential Loyalist
1790,52,Arizona,0,43,Quarterly,3,-0.587942826,65.66197023,-0.587942826,53.29101588,Average,151,Need Attention
1791,50,North Carolina,0,31,Bi-Weekly,114,1.14228511,48.47309422,1.14228511,38.14001199,Average,541,Loyal Customer
1792,62,Montana,0,38,Annually,1,1.716127271,42.77228361,1.716127271,33.11507588,Good,145,At Risk
1793,38,Iowa,0,22,Every 3 Months,4,-0.959952467,69.35768422,-0.959952467,56.54857485,Average,233,At Risk
1794,65,Iowa,0,45,Every 3 Months,4,2.025706383,39.69678306,2.025706383,30.40419933,Average,255,At Risk
1795,60,Ohio,0,21,Fortnightly,28,-1.204706758,71.78918533,-1.204706758,58.69180299,Average,332,Promising
1796,68,Wisconsin,0,9,Fortnightly,28,-2.879938936,88.43170832,-2.879938936,73.36122818,Good,311,Lost
1797,62,South Carolina,0,34,Weekly,57,0.241446045,57.42244169,0.241446045,46.02834618,Average,441,Loyal Customer
1798,62,Oregon,0,26,Weekly,57,-0.312368347,62.92428726,-0.312368347,50.87790607,Average,431,Potential Loyalist
1799,40,North Dakota,0,1,Weekly,57,-0.058438434,60.40163131,-0.058438434,48.65433019,Average,414,Recent Customer
1800,32,California,0,47,Weekly,57,1.690326315,43.02860212,1.690326315,33.34100588,Average,452,Loyal Customer
1801,22,Mississippi,0,30,Weekly,57,0.935726028,50.52514665,0.935726028,39.94877798,Average,433,Potential Loyalist
1802,33,New Jersey,0,48,Fortnightly,28,1.382250816,46.08916509,1.382250816,36.0387158,Average,353,Loyal Customer
1803,57,Rhode Island,0,31,Bi-Weekly,114,4.098072177,19.10895303,4.098072177,12.25721329,Average,545,Champion
1804,60,New Hampshire,0,33,Fortnightly,28,2.032870013,39.62561629,2.032870013,30.34146992,Average,345,Loyal Customer
1805,30,Louisiana,0,39,Weekly,57,0.883158746,51.04737408,0.883158746,40.40909137,Good,442,Loyal Customer
1806,41,Arizona,0,46,Weekly,57,2.212256929,37.84350458,2.212256929,28.77064112,Good,453,Loyal Customer
1807,58,Rhode Island,0,24,Annually,1,-0.562039329,65.40463304,-0.562039329,53.06418798,Average,133,At Risk
1808,34,Vermont,0,37,Fortnightly,28,0.156275203,58.2685678,0.156275203,46.7741576,Average,342,Loyal Customer
1809,67,Tennessee,0,7,Monthly,12,-1.282728908,72.56429307,-1.282728908,59.37501581,Good,314,Need Attention
1810,58,Alaska,0,6,Fortnightly,28,0.2481975,57.35536964,0.2481975,45.96922604,Average,315,Need Attention
1811,41,Maryland,0,16,Bi-Weekly,114,0.188334184,57.95007921,0.188334184,46.49342826,Average,521,Potential Loyalist
1812,42,Wisconsin,0,33,Annually,1,0.483257157,55.02017945,0.483257157,43.91089042,Average,144,At Risk
1813,50,Nevada,0,18,Bi-Weekly,114,1.804681316,41.89254722,1.804681316,32.33963893,Good,523,Potential Loyalist
1814,40,Illinois,0,24,Weekly,57,0.689267352,52.97357991,0.689267352,42.10693084,Average,433,Potential Loyalist
1815,32,Montana,0,24,Quarterly,3,0.545828706,54.39856505,0.545828706,43.36297314,Average,135,At Risk
1816,51,New Mexico,0,48,Every 3 Months,4,1.38887619,46.0233456,1.38887619,35.98069972,Good,254,At Risk
1817,26,Virginia,0,4,Weekly,57,0.022565375,59.59690241,0.022565375,47.94500803,Good,414,Recent Customer
1818,32,Delaware,0,20,Weekly,57,-1.065533377,70.40657329,-1.065533377,57.47311013,Good,421,Potential Loyalist
1819,58,North Carolina,0,47,Every 3 Months,4,-0.073793084,60.55417143,-0.073793084,48.78878552,Average,252,Need Attention
1820,51,Nevada,0,50,Quarterly,3,2.092372302,39.03449332,2.092372302,29.82042908,Good,155,At Risk
1821,19,Washington,0,31,Monthly,12,1.349901447,46.41053853,1.349901447,36.32198798,Good,345,Loyal Customer
1822,57,Maine,0,29,Quarterly,3,-0.75483295,67.31993309,-0.75483295,54.75241462,Average,133,At Risk
1823,66,Connecticut,0,4,Annually,1,-1.186515777,71.60846781,-1.186515777,58.53251091,Good,115,Need Attention
1824,62,Louisiana,0,40,Bi-Weekly,114,2.778739009,32.21581239,2.778739009,23.81015469,Good,542,Loyal Customer
1825,58,Illinois,0,31,Monthly,12,-0.634698441,66.1264619,-0.634698441,53.70043853,Average,342,Loyal Customer
1826,23,South Dakota,0,41,Weekly,57,2.415054818,35.82881756,2.415054818,26.99481059,Good,454,Champion
1827,45,Indiana,0,44,Annually,1,0.526917943,54.58643322,0.526917943,43.52856811,Good,153,At Risk
1828,20,Vermont,0,31,Weekly,57,0.075991177,59.06614604,0.075991177,47.47717687,Good,442,Loyal Customer
1829,33,New Hampshire,0,45,Every 3 Months,4,1.519000029,44.73063584,1.519000029,34.84125054,Average,254,At Risk
1830,30,Oregon,0,50,Quarterly,3,2.514627597,34.83961601,2.514627597,26.12288641,Good,155,At Risk
1831,50,Kansas,0,7,Annually,1,-1.189963028,71.64271438,-1.189963028,58.56269728,Good,114,Need Attention
1832,62,Maine,0,5,Every 3 Months,4,-1.630101695,76.01525329,-1.630101695,62.41683842,Average,214,About to Sleep
1833,69,Louisiana,0,48,Monthly,12,-0.21790239,61.98581922,-0.21790239,50.05070056,Good,351,Loyal Customer
1834,34,Louisiana,0,19,Fortnightly,28,-0.794228472,67.71130622,-0.794228472,55.09738749,Good,323,Promising
1835,49,Indiana,0,39,Fortnightly,28,-0.169752024,61.50747145,-0.169752024,49.62906456,Good,341,Loyal Customer
1836,65,Kentucky,0,45,Quarterly,3,1.281757483,47.08751185,1.281757483,36.91870096,Average,154,At Risk
1837,66,South Carolina,0,35,Monthly,12,-0.146663598,61.27810046,-0.146663598,49.42688725,Good,343,Loyal Customer
1838,41,Montana,0,8,Monthly,12,-0.960148931,69.35963599,-0.960148931,56.55029522,Good,314,Need Attention
1839,37,Vermont,0,11,Quarterly,3,-3.225455688,91.86422984,-3.225455688,76.38679814,Good,121,Hibernating
1840,32,Mississippi,0,32,Annually,1,0.456255887,55.28842242,0.456255887,44.14733114,Average,144,At Risk
1841,42,Wyoming,0,46,Every 3 Months,4,2.348286359,36.49212598,2.348286359,27.57947874,Average,255,At Risk
1842,31,Vermont,0,7,Every 3 Months,4,-2.082805511,80.51262014,-2.082805511,66.38100819,Average,213,About to Sleep
1843,61,Alabama,0,1,Annually,1,-1.689774881,76.60807402,-1.689774881,62.93937574,Good,114,Need Attention
1844,36,Kentucky,0,32,Monthly,12,0.659068714,53.273587,0.659068714,42.3713698,Good,344,Loyal Customer
1845,60,South Dakota,0,31,Annually,1,-1.808698447,77.78951515,-1.808698447,63.98074802,Average,141,Need Attention
1846,51,Delaware,0,39,Quarterly,3,0.993073277,49.95543284,0.993073277,39.44660808,Average,144,At Risk
1847,68,Wisconsin,0,9,Quarterly,3,-2.13936893,81.07454702,-2.13936893,66.87631436,Average,113,Lost
1848,46,Arizona,0,49,Weekly,57,4.024507448,19.8397787,4.024507448,12.90139401,Good,455,Champion
1849,19,Maine,0,34,Every 3 Months,4,0.461926534,55.23208762,0.461926534,44.09767527,Average,244,At Risk
1850,30,New Mexico,0,35,Monthly,12,-0.653369952,66.31195323,-0.653369952,53.86393846,Good,342,Loyal Customer
1851,51,Wyoming,0,50,Weekly,57,3.080321539,29.21975355,3.080321539,21.16930144,Average,454,Champion
1852,28,Delaware,0,4,Fortnightly,28,-0.692541159,66.70109793,-0.692541159,54.20694708,Average,314,Need Attention
1853,41,Pennsylvania,0,32,Weekly,57,2.003141275,39.92095517,2.003141275,30.60179413,Average,444,Champion
1854,29,North Dakota,0,11,Fortnightly,28,-0.75688545,67.34032356,-0.75688545,54.77038765,Average,323,Promising
1855,25,Kentucky,0,49,Annually,1,0.915277468,50.72829201,0.915277468,40.12783891,Average,153,At Risk
1856,60,Rhode Island,0,9,Annually,1,-1.220411548,71.94520391,-1.220411548,58.82932438,Good,114,Need Attention
1857,63,Arizona,0,30,Bi-Weekly,114,2.297598667,36.99568071,2.297598667,28.02333323,Average,533,Potential Loyalist
1858,51,Colorado,0,33,Monthly,12,1.108325279,48.81046672,1.108325279,38.43738641,Good,345,Loyal Customer
1859,22,Maine,0,8,Annually,1,-1.585217054,75.56934873,-1.585217054,62.02379924,Good,114,Need Attention
1860,54,New Jersey,0,29,Fortnightly,28,-1.242049779,72.160168,-1.242049779,59.01880284,Average,331,Promising
1861,18,Kansas,0,4,Monthly,12,-1.785988011,77.56389928,-1.785988011,63.78188064,Good,313,Need Attention
1862,29,South Dakota,0,19,Monthly,12,-0.916488145,68.92588976,-0.916488145,56.1679729,Average,323,Promising
1863,59,New Hampshire,0,10,Fortnightly,28,-2.135103664,81.03217393,-2.135103664,66.83896492,Good,312,Need Attention
1864,25,Connecticut,0,39,Monthly,12,-1.178747817,71.53129734,-1.178747817,58.46448958,Good,341,Loyal Customer
1865,19,Wyoming,0,21,Quarterly,3,-0.506362281,64.85151177,-0.506362281,52.57664344,Average,134,At Risk
1866,56,Missouri,0,12,Monthly,12,-1.316624678,72.90102917,-1.316624678,59.67182928,Average,323,Promising
1867,31,Alaska,0,9,Fortnightly,28,-1.866526227,78.36400277,-1.866526227,64.48712577,Good,312,Need Attention
1868,45,Delaware,0,20,Quarterly,3,-1.420099671,73.92899709,-1.420099671,60.57792377,Average,123,Need Attention
1869,23,Indiana,0,44,Fortnightly,28,1.14756915,48.42060014,1.14756915,38.09374149,Good,353,Loyal Customer
1870,18,West Virginia,0,16,Every 3 Months,4,-0.61525373,65.93328924,-0.61525373,53.53016796,Average,224,About to Sleep
1871,43,Wyoming,0,27,Fortnightly,28,1.701960278,42.91302501,1.701960278,33.23913131,Good,335,Promising
1872,56,Illinois,0,14,Every 3 Months,4,0.048577733,59.33848374,0.048577733,47.71722686,Average,225,About to Sleep
1873,43,Alaska,0,24,Monthly,12,-0.401452032,63.80928535,-0.401452032,51.6579809,Good,333,Promising
1874,64,Wisconsin,0,49,Weekly,57,1.659877795,43.33109165,1.659877795,33.60763297,Average,452,Loyal Customer
1875,67,Indiana,0,14,Weekly,57,-1.227540994,72.01603108,-1.227540994,58.89175445,Average,421,Potential Loyalist
1876,63,Tennessee,0,6,Quarterly,3,-1.586989795,75.58695995,-1.586989795,62.03932251,Average,114,Need Attention
1877,54,Illinois,0,20,Quarterly,3,-2.095708143,80.64080079,-2.095708143,66.49399205,Average,122,Hibernating
1878,69,Pennsylvania,0,3,Annually,1,-2.226929755,81.94441633,-2.226929755,67.64305404,Average,113,Lost
1879,34,Oklahoma,0,5,Monthly,12,-3.194654746,91.55823918,-3.194654746,76.117085,Average,311,Lost
1880,56,Tennessee,0,46,Bi-Weekly,114,2.476265801,35.22071965,2.476265801,26.45880731,Average,551,Loyal Customer
1881,34,New Jersey,0,8,Monthly,12,-2.818072231,87.81709617,-2.818072231,72.81948297,Average,311,Lost
1882,58,New Jersey,0,13,Bi-Weekly,114,0.529585671,54.55993079,0.529585671,43.50520774,Good,522,Potential Loyalist
1883,44,Tennessee,0,25,Quarterly,3,-0.989514617,69.65136814,-0.989514617,56.8074403,Good,133,At Risk
1884,25,Georgia,0,39,Fortnightly,28,0.801435155,51.85925363,0.801435155,41.12471642,Good,343,Loyal Customer
1885,27,Arizona,0,15,Bi-Weekly,114,0.203558445,57.79883444,0.203558445,46.36011471,Good,521,Potential Loyalist
1886,26,Nevada,0,35,Monthly,12,-0.104438068,60.85861273,-0.104438068,49.05713298,Good,343,Loyal Customer
1887,18,Arkansas,0,46,Bi-Weekly,114,4.925346513,10.89043123,4.925346513,5.013059818,Good,555,Champion
1888,64,North Dakota,0,3,Monthly,12,-2.699725401,86.64138461,-2.699725401,71.78316097,Average,312,Need Attention
1889,62,South Dakota,0,48,Weekly,57,3.490799824,25.14187444,3.490799824,17.57488594,Average,455,Champion
1890,59,North Carolina,0,27,Weekly,57,0.685820101,53.00782647,0.685820101,42.13711721,Poor,433,Potential Loyalist
1891,36,Hawaii,0,5,Weekly,57,-0.837169476,68.1379018,-0.837169476,55.47340692,Average,413,Recent Customer
1892,69,New Hampshire,0,48,Quarterly,3,1.44721235,45.44380749,1.44721235,35.46987026,Average,154,At Risk
1893,39,California,0,12,Weekly,57,-1.49267118,74.64995567,-1.49267118,61.21340723,Good,421,Potential Loyalist
1894,28,Delaware,0,10,Fortnightly,28,-2.810712137,87.74397763,-2.810712137,72.75503319,Average,311,Lost
1895,42,Arizona,0,48,Bi-Weekly,114,5.021574582,9.934457567,5.021574582,4.170424111,Poor,555,Champion
1896,31,Washington,0,3,Monthly,12,-1.981891399,79.51009317,-1.981891399,65.49733843,Good,313,Need Attention
1897,57,Nevada,0,19,Monthly,12,-1.29651791,72.70127934,-1.29651791,59.49576131,Average,322,Promising
1898,53,Alaska,0,11,Fortnightly,28,0.509880436,54.75569162,0.509880436,43.67775963,Average,325,Promising
1899,59,Texas,0,25,Monthly,12,1.061217241,49.27845952,1.061217241,38.8498951,Average,335,Promising
1900,32,New York,0,42,Weekly,57,1.006388084,49.82315745,1.006388084,39.33001495,Good,452,Loyal Customer
1901,65,Iowa,0,34,Quarterly,3,0.942517989,50.4576722,0.942517989,39.88930314,Average,145,At Risk
1902,56,Arizona,0,50,Quarterly,3,1.670117007,43.22937063,1.670117007,33.51797175,Average,154,At Risk
1903,31,New Mexico,0,21,Monthly,12,-2.382604669,83.49096215,-2.382604669,69.00624508,Good,331,Promising
1904,59,North Carolina,0,37,Weekly,57,1.631441268,43.61359312,1.631441268,33.85664174,Average,443,Loyal Customer
1905,22,Nevada,0,46,Monthly,12,1.417116252,45.7427959,1.417116252,35.73341132,Good,354,Loyal Customer
1906,47,Idaho,0,14,Fortnightly,28,-1.900421998,78.70073887,-1.900421998,64.78393924,Good,321,Promising
1907,23,Vermont,0,24,Fortnightly,28,-1.419281656,73.92087056,-1.419281656,60.5707607,Good,331,Promising
1908,69,New Mexico,0,36,Every 3 Months,4,0.642605661,53.4371385,0.642605661,42.51553103,Good,244,At Risk
1909,18,Georgia,0,19,Bi-Weekly,114,2.211712351,37.84891467,2.211712351,28.77540981,Average,524,Potential Loyalist
1910,50,Kentucky,0,12,Monthly,12,-0.387663029,63.67229908,-0.387663029,51.5372354,Good,324,Promising
1911,29,New York,0,13,Quarterly,3,-2.495844677,84.61594021,-2.495844677,69.99784842,Average,122,Hibernating
1912,65,Arizona,0,32,Bi-Weekly,114,3.533916033,24.7135383,3.533916033,17.19733231,Good,544,Champion
1913,29,Colorado,0,5,Bi-Weekly,114,0.609154223,53.7694604,0.609154223,42.80845363,Average,513,Recent Customer
1914,49,Kentucky,0,29,Annually,1,-1.018190395,69.93624645,-1.018190395,57.05854412,Average,132,Need Attention
1915,28,Alaska,0,40,Fortnightly,28,2.517457606,34.81150141,2.517457606,26.09810501,Average,345,Loyal Customer
1916,51,Alabama,0,44,Weekly,57,2.580509686,34.1851132,2.580509686,25.54597989,Good,454,Champion
1917,26,Connecticut,0,3,Bi-Weekly,114,0.217347447,57.66184818,0.217347447,46.23936921,Average,512,Recent Customer
1918,38,Hawaii,0,35,Bi-Weekly,114,3.319341134,26.84522352,3.319341134,19.07629002,Average,544,Champion
1919,35,Idaho,0,33,Monthly,12,-1.087402256,70.62382875,-1.087402256,57.6646083,Good,341,Loyal Customer
1920,34,Virginia,0,20,Bi-Weekly,114,1.647556207,43.45349994,1.647556207,33.71552883,Average,523,Potential Loyalist
1921,51,Connecticut,0,40,Every 3 Months,4,1.341768152,46.4913384,1.341768152,36.39320841,Average,244,At Risk
1922,47,Michigan,0,13,Annually,1,-2.632525533,85.97379038,-2.632525533,71.19471512,Average,122,Hibernating
1923,18,Kentucky,0,9,Monthly,12,-1.482079546,74.54473353,-1.482079546,61.12065997,Good,313,Need Attention
1924,64,Nebraska,0,7,Annually,1,-3.047886327,90.10017456,-3.047886327,74.83188504,Good,112,Hibernating
1925,30,Michigan,0,42,Quarterly,3,0.567370731,54.18455672,0.567370731,43.17433712,Good,153,At Risk
1926,59,Utah,0,44,Fortnightly,28,0.049705382,59.32728116,0.049705382,47.70735243,Average,351,Loyal Customer
1927,66,New Mexico,0,6,Annually,1,-0.710257943,66.87710457,-0.710257943,54.3620868,Average,115,Need Attention
1928,40,Florida,0,8,Every 3 Months,4,-3.195893538,91.57054592,-3.195893538,76.12793268,Average,211,About to Sleep
1929,25,Mississippi,0,10,Weekly,57,0.986858052,50.01717772,0.986858052,39.50103264,Average,415,Recent Customer
1930,59,Hawaii,0,46,Quarterly,3,-0.422487958,64.01826587,-0.422487958,51.84218519,Good,151,Need Attention
1931,66,North Carolina,0,26,Weekly,57,0.405465655,55.79299583,0.405465655,44.59208353,Average,433,Potential Loyalist
1932,54,Illinois,0,6,Every 3 Months,4,-2.785415253,87.4926668,-2.785415253,72.53351718,Average,212,About to Sleep
1933,42,Maryland,0,47,Every 3 Months,4,-0.200469672,61.81263462,-0.200469672,49.89804832,Good,252,Need Attention
1934,48,Montana,0,28,Annually,1,-0.285132133,62.65371025,-0.285132133,50.63940803,Good,133,At Risk
1935,34,Michigan,0,23,Annually,1,-1.644678837,76.16006929,-1.644678837,62.54448538,Average,132,Need Attention
1936,19,North Carolina,0,45,Fortnightly,28,1.639051244,43.53799213,1.639051244,33.79000383,Good,353,Loyal Customer
1937,70,Minnesota,0,44,Every 3 Months,4,0.605262639,53.80812116,0.605262639,42.84253087,Good,253,At Risk
1938,43,Delaware,0,11,Monthly,12,-1.765881243,77.36414945,-1.765881243,63.60581267,Good,323,Promising
1939,46,Kentucky,0,39,Bi-Weekly,114,1.569422913,44.22971184,1.569422913,34.39971489,Average,541,Loyal Customer
1940,66,Ohio,0,20,Every 3 Months,4,-1.182857124,71.57212108,-1.182857124,58.50047336,Average,223,About to Sleep
1941,50,Alaska,0,48,Fortnightly,28,2.733467761,32.66555769,2.733467761,24.20657926,Average,355,Loyal Customer
1942,55,Vermont,0,46,Quarterly,3,2.36439699,36.3320756,2.36439699,27.43840356,Average,155,At Risk
1943,63,Alabama,0,22,Monthly,12,-2.060024693,80.28630507,-2.060024693,66.18152449,Average,331,Promising
1944,32,Wisconsin,0,45,Annually,1,0.300566036,56.83511664,0.300566036,45.51065299,Average,153,At Risk
1945,30,Arkansas,0,49,Every 3 Months,4,0.318013691,56.66178365,0.318013691,45.35786994,Average,252,Need Attention
1946,35,Georgia,0,9,Every 3 Months,4,-2.746636974,87.10742564,-2.746636974,72.19394929,Average,212,About to Sleep
1947,59,Louisiana,0,41,Quarterly,3,-0.093013481,60.74511565,-0.093013481,48.95709185,Good,152,Need Attention
1948,59,New York,0,2,Monthly,12,-3.275658554,92.36296808,-3.275658554,76.82640716,Average,311,Lost
1949,54,Connecticut,0,39,Bi-Weekly,114,2.160580326,38.3568836,2.160580326,29.22315515,Average,542,Loyal Customer
1950,63,Nebraska,0,12,Quarterly,3,-0.791599236,67.68518619,-0.791599236,55.07436419,Good,124,Need Attention
1951,43,Arkansas,0,26,Every 3 Months,4,0.11923979,58.63649454,0.11923979,47.09846383,Good,234,At Risk
1952,33,Connecticut,0,32,Bi-Weekly,114,2.351601206,36.45919477,2.351601206,27.55045179,Average,543,Loyal Customer
1953,57,Maryland,0,50,Bi-Weekly,114,4.822223944,11.91489802,4.822223944,5.916068274,Good,554,Champion
1954,25,Colorado,0,3,Fortnightly,28,-2.746367846,87.104752,-2.746367846,72.19159263,Good,311,Lost
1955,26,Colorado,0,3,Quarterly,3,-1.541317015,75.13322565,-1.541317015,61.63938187,Good,114,Need Attention
1956,50,Maine,0,37,Monthly,12,0.160692119,58.22468814,0.160692119,46.73548021,Good,343,Loyal Customer
1957,70,Oklahoma,0,20,Fortnightly,28,-1.400610145,73.73537923,-1.400610145,60.40726078,Good,322,Promising
1958,68,South Carolina,0,26,Bi-Weekly,114,1.978465942,40.16609122,1.978465942,30.81786744,Good,533,Potential Loyalist
1959,39,Nevada,0,47,Quarterly,3,1.082406844,49.06795231,1.082406844,38.66434512,Average,153,At Risk
1960,46,Colorado,0,7,Every 3 Months,4,-0.689363036,66.66952501,-0.689363036,54.17911737,Average,215,About to Sleep
1961,57,Massachusetts,0,40,Annually,1,0.756717102,52.30350323,0.756717102,41.51629685,Average,144,At Risk
1962,47,Nevada,0,45,Quarterly,3,0.60614901,53.79931555,0.60614901,42.83476923,Average,153,At Risk
1963,40,Iowa,0,20,Fortnightly,28,-1.062805909,70.37947738,-1.062805909,57.44922664,Good,322,Promising
1964,52,Michigan,0,11,Weekly,57,-1.561897979,75.33768637,-1.561897979,61.81960221,Average,421,Potential Loyalist
1965,40,West Virginia,0,50,Monthly,12,0.849512857,51.38162774,0.849512857,40.70371671,Good,352,Loyal Customer
1966,67,Indiana,0,25,Quarterly,3,0.530604446,54.54980982,0.530604446,43.49628669,Good,135,At Risk
1967,67,Indiana,0,5,Fortnightly,28,0.010068583,59.72105126,0.010068583,48.05443809,Average,315,Need Attention
1968,37,Georgia,0,4,Annually,1,-1.355417895,73.28641874,-1.355417895,60.01152798,Average,114,Need Attention
1969,67,Minnesota,0,25,Weekly,57,1.096298387,48.92994736,1.096298387,38.54270171,Good,434,Potential Loyalist
1970,64,Louisiana,0,11,Fortnightly,28,-2.234778983,82.02239415,-2.234778983,67.711787,Average,321,Promising
1971,28,Maryland,0,4,Bi-Weekly,114,2.144497546,38.5166573,2.144497546,29.36398647,Average,515,Recent Customer
1972,54,Pennsylvania,0,1,Monthly,12,-3.471561941,94.30916197,-3.471561941,78.54186495,Average,311,Lost
1973,54,Louisiana,0,48,Every 3 Months,4,-0.342370521,63.22234258,-0.342370521,51.14062467,Average,251,Need Attention
1974,24,Maryland,0,9,Every 3 Months,4,-3.506696505,94.6582048,-3.506696505,78.8495261,Good,211,About to Sleep
1975,27,Tennessee,0,2,Fortnightly,28,-2.35111382,83.17811765,-2.35111382,68.73049068,Good,312,Need Attention
1976,53,Illinois,0,4,Quarterly,3,-1.472090216,74.44549496,-1.472090216,61.03318689,Average,114,Need Attention
1977,32,Wyoming,0,43,Fortnightly,28,0.782763644,52.04474496,0.782763644,41.28821634,Average,352,Loyal Customer
1978,24,Florida,0,32,Annually,1,-0.768284469,67.45356663,-0.768284469,54.87020489,Average,142,Need Attention
1979,45,Massachusetts,0,1,Quarterly,3,-1.637545083,76.08919932,-1.637545083,62.48201758,Average,114,Need Attention
1980,49,Tennessee,0,38,Fortnightly,28,2.421229537,35.76747507,2.421229537,26.94074072,Average,345,Loyal Customer
1981,51,Iowa,0,25,Fortnightly,28,1.352379033,46.38592506,1.352379033,36.30029262,Good,335,Promising
1982,69,Michigan,0,42,Quarterly,3,1.749685558,42.43890024,1.749685558,32.82121764,Good,155,At Risk
1983,41,Kansas,0,32,Monthly,12,0.701294244,52.85409926,0.701294244,42.00161553,Average,344,Loyal Customer
1984,59,Georgia,0,21,Quarterly,3,0.549275957,54.36431848,0.549275957,43.33278677,Average,135,At Risk
1985,26,West Virginia,0,26,Fortnightly,28,-0.098513231,60.79975269,-0.098513231,49.00525125,Average,333,Promising
1986,23,Tennessee,0,6,Fortnightly,28,0.163746441,58.1943451,0.163746441,46.70873457,Average,315,Need Attention
1987,62,Arkansas,0,14,Quarterly,3,-2.004362582,79.7333322,-2.004362582,65.69411076,Average,122,Hibernating
1988,69,Vermont,0,4,Quarterly,3,-3.75226881,97.09783245,-3.75226881,80.99991731,Average,111,Hibernating
1989,46,Virginia,0,26,Weekly,57,1.545554952,44.46682708,1.545554952,34.60871832,Average,434,Potential Loyalist
1990,35,Maryland,0,39,Bi-Weekly,114,2.371707974,36.25944494,2.371707974,27.37438382,Good,542,Loyal Customer
1991,32,Connecticut,0,15,Annually,1,-0.002765693,59.84855283,-0.002765693,48.16682338,Average,125,Need Attention
1992,46,Missouri,0,1,Every 3 Months,4,-3.680481131,96.3846608,-3.680481131,80.37129759,Average,211,About to Sleep
1993,33,New Jersey,0,28,Monthly,12,1.311123168,46.79577969,1.311123168,36.66155587,Good,335,Promising
1994,32,Arkansas,0,17,Weekly,57,1.640347763,43.52511192,1.640347763,33.77865066,Good,425,Potential Loyalist
1995,33,Nevada,0,24,Weekly,57,0.85816947,51.29562898,0.85816947,40.62791377,Average,433,Potential Loyalist
1996,67,Missouri,0,29,Quarterly,3,0.385256347,55.99376434,0.385256347,44.76904941,Average,134,At Risk
1997,67,South Dakota,0,18,Every 3 Months,4,-2.588076608,85.53221441,-2.588076608,70.80549135,Average,221,About to Sleep
1998,42,Connecticut,0,10,Bi-Weekly,114,-0.353703198,63.33492658,-0.353703198,51.23986098,Good,511,Recent Customer
1999,20,Vermont,0,19,Quarterly,3,-1.784905176,77.55314191,-1.784905176,63.77239863,Average,122,Hibernating
2000,39,Tennessee,0,26,Monthly,12,0.792639804,51.94663067,0.792639804,41.20173425,Good,335,Promising
2001,26,California,0,25,Bi-Weekly,114,0.769149846,52.17999067,0.769149846,41.40742764,Average,531,Potential Loyalist
2002,51,Wyoming,0,2,Fortnightly,28,-0.408739462,63.88168201,-0.408739462,51.72179439,Average,315,Need Attention
2003,31,New York,0,19,Every 3 Months,4,-0.914279687,68.90394993,-0.914279687,56.14863421,Average,223,About to Sleep
2004,68,Maine,0,32,Quarterly,3,0.255132507,57.2864741,0.255132507,45.90849859,Average,144,At Risk
2005,44,Georgia,0,13,Bi-Weekly,114,1.754126028,42.39478658,1.754126028,32.782334,Average,524,Potential Loyalist
2006,18,Tennessee,0,30,Fortnightly,28,1.191806673,47.98112435,1.191806673,37.70636889,Average,334,Promising
2007,58,New Mexico,0,2,Annually,1,-0.818263021,67.95007643,-0.818263021,55.30784968,Good,115,Need Attention
2008,26,Virginia,0,8,Quarterly,3,-3.390910555,93.5079342,-3.390910555,77.83562883,Average,111,Hibernating
2009,57,Florida,0,27,Every 3 Months,4,-1.078299297,70.53339578,-1.078299297,57.58489685,Poor,232,Need Attention
2010,37,Alabama,0,26,Bi-Weekly,114,3.87861477,21.28914332,3.87861477,14.17892542,Average,535,Potential Loyalist
2011,24,Texas,0,3,Bi-Weekly,114,-1.007192909,69.82699238,-1.007192909,56.96224296,Good,511,Recent Customer
2012,57,West Virginia,0,4,Monthly,12,-0.519222125,64.97926734,-0.519222125,52.68925262,Average,315,Need Attention
2013,48,Nevada,0,5,Fortnightly,28,-1.763403657,77.33953598,-1.763403657,63.58411731,Average,313,Need Attention
2014,39,Virginia,0,25,Quarterly,3,-0.313906144,62.93956444,-0.313906144,50.89137203,Good,134,At Risk
2015,51,Wisconsin,0,47,Bi-Weekly,114,2.249913893,37.46940307,2.249913893,28.4408922,Average,551,Loyal Customer
2016,57,Virginia,0,8,Fortnightly,28,-0.331182904,63.11119968,-0.331182904,51.0426586,Good,314,Need Attention
2017,53,Maine,0,20,Fortnightly,28,-0.97835485,69.54050191,-0.97835485,56.70971811,Average,322,Promising
2018,70,Massachusetts,0,42,Every 3 Months,4,-0.715505785,66.92923903,-0.715505785,54.40804032,Good,251,Need Attention
2019,60,Arkansas,0,20,Weekly,57,1.89025369,41.0424321,1.89025369,31.59031143,Good,425,Potential Loyalist
2020,31,Idaho,0,23,Fortnightly,28,0.116061667,58.66806746,0.116061667,47.12629354,Good,333,Promising
2021,41,Pennsylvania,0,26,Quarterly,3,-2.229279233,81.96775712,-2.229279233,67.6636276,Good,131,Lost
2022,62,Maine,0,48,Quarterly,3,-0.284034361,62.64280447,-0.284034361,50.62979522,Good,151,Need Attention
2023,59,Alabama,0,16,Bi-Weekly,114,0.61058948,53.75520189,0.61058948,42.79588558,Good,522,Potential Loyalist
2024,46,Idaho,0,28,Bi-Weekly,114,2.708076953,32.91780159,2.708076953,24.42891773,Good,533,Potential Loyalist
2025,62,Arkansas,0,39,Weekly,57,0.080873685,59.01764098,0.080873685,47.43442245,Average,441,Loyal Customer
2026,42,Delaware,0,43,Fortnightly,28,-0.146198005,61.27347505,-0.146198005,49.42281022,Average,351,Loyal Customer
2027,37,Maine,0,45,Every 3 Months,4,-0.3811488,63.60758375,-0.3811488,51.48019256,Average,251,Need Attention
2028,50,Nebraska,0,50,Every 3 Months,4,1.569555317,44.22839647,1.569555317,34.39855548,Good,254,At Risk
2029,29,Ohio,0,10,Bi-Weekly,114,2.137603044,38.58515043,2.137603044,29.42435922,Average,514,Recent Customer
2030,25,Montana,0,40,Quarterly,3,-1.260104048,72.33952736,-1.260104048,59.17689778,Good,141,Need Attention
2031,66,New Mexico,0,38,Monthly,12,0.694399742,52.9225924,0.694399742,42.06198828,Average,343,Loyal Customer
2032,21,North Carolina,0,2,Monthly,12,-2.473373493,84.39270118,-2.473373493,69.80107609,Good,312,Need Attention
2033,46,South Carolina,0,13,Annually,1,-2.632525533,85.97379038,-2.632525533,71.19471512,Good,122,Hibernating
2034,57,Illinois,0,33,Annually,1,-0.445704493,64.24890954,-0.445704493,52.0454843,Average,143,At Risk
2035,61,Alabama,0,27,Monthly,12,-1.629439639,76.00867612,-1.629439639,62.41104102,Average,331,Promising
2036,53,Oklahoma,0,43,Weekly,57,2.342380769,36.55079482,2.342380769,27.63119195,Good,454,Champion
2037,37,Minnesota,0,46,Weekly,57,2.254482459,37.42401685,2.254482459,28.40088686,Average,453,Loyal Customer
2038,39,Illinois,0,7,Bi-Weekly,114,2.056599236,39.38987933,2.056599236,30.13368138,Good,515,Recent Customer
2039,53,Arkansas,0,35,Fortnightly,28,1.031234314,49.57632364,1.031234314,39.11244516,Good,344,Loyal Customer
2040,35,Minnesota,0,31,Bi-Weekly,114,2.197923348,37.98590093,2.197923348,28.89615531,Average,542,Loyal Customer
2041,69,South Carolina,0,42,Quarterly,3,-1.037199391,70.12509051,-1.037199391,57.22499927,Average,151,Need Attention
2042,66,New York,0,14,Bi-Weekly,114,0.218782705,57.64758968,0.218782705,46.22680116,Average,521,Potential Loyalist
2043,19,Alabama,0,35,Monthly,12,-0.146663598,61.27810046,-0.146663598,49.42688725,Good,343,Loyal Customer
2044,47,New York,0,49,Weekly,57,1.19539697,47.9454567,1.19539697,37.67492991,Average,451,Loyal Customer
2045,49,Missouri,0,17,Fortnightly,28,-0.299299127,62.79445165,-0.299299127,50.76346346,Average,323,Promising
2046,31,Georgia,0,26,Quarterly,3,-2.355955822,83.22622031,-2.355955822,68.7728904,Good,131,Lost
2047,39,Oklahoma,0,30,Every 3 Months,4,-1.546227373,75.18200739,-1.546227373,61.68238017,Average,231,Need Attention
2048,58,Connecticut,0,32,Annually,1,0.625158005,53.6104715,0.625158005,42.66831408,Average,144,At Risk
2049,45,Michigan,0,35,Quarterly,3,0.125008668,58.57918386,0.125008668,47.04794776,Average,143,At Risk
2050,68,Rhode Island,0,15,Annually,1,-3.00077829,89.63218176,-3.00077829,74.41937635,Average,121,Hibernating
2051,35,Mississippi,0,10,Annually,1,-0.306674159,62.86771859,-0.306674159,50.82804405,Average,115,Need Attention
2052,65,Massachusetts,0,14,Monthly,12,0.173045864,58.10196038,0.173045864,46.62730276,Average,325,Promising
2053,45,New Hampshire,0,30,Annually,1,-0.948963597,69.24851575,-0.948963597,56.45234913,Average,132,Need Attention
2054,19,Wyoming,0,16,Fortnightly,28,-0.706330162,66.83808419,-0.706330162,54.32769258,Good,323,Promising
2055,65,New Jersey,0,14,Annually,1,-1.718788144,76.89630505,-1.718788144,63.19343479,Average,123,Need Attention
2056,28,Texas,0,28,Weekly,57,-0.258365808,62.38780133,-0.258365808,50.40502464,Average,431,Potential Loyalist
2057,55,Minnesota,0,29,Monthly,12,-0.815377568,67.92141103,-0.815377568,55.28258277,Good,332,Promising
2058,66,South Dakota,0,5,Every 3 Months,4,-3.065769699,90.27783616,-3.065769699,74.9884835,Good,212,About to Sleep
2059,29,Washington,0,17,Quarterly,3,0.314594291,56.69575354,0.314594291,45.38781245,Average,125,Need Attention
2060,56,California,0,50,Weekly,57,1.982457771,40.12643457,1.982457771,30.78291238,Average,452,Loyal Customer
2061,21,Wisconsin,0,23,Quarterly,3,-0.747938449,67.25143995,-0.747938449,54.69204187,Average,133,At Risk
2062,32,Michigan,0,22,Annually,1,-0.573816339,65.52163124,-0.573816339,53.16731515,Average,134,At Risk
2063,54,South Carolina,0,15,Quarterly,3,-1.301752841,72.75328553,-1.301752841,59.54160177,Average,123,Need Attention
2064,61,Indiana,0,32,Monthly,12,1.081324009,49.07870968,1.081324009,38.67382713,Average,345,Loyal Customer
2065,31,Arkansas,0,5,Monthly,12,-0.238867679,62.19409799,-0.238867679,50.2342863,Good,315,Need Attention
2066,27,Oregon,0,6,Bi-Weekly,114,0.002772549,59.7935334,0.002772549,48.11832692,Average,512,Recent Customer
2067,64,Illinois,0,44,Fortnightly,28,2.583237154,34.15801728,2.583237154,25.5220964,Good,355,Loyal Customer
2068,60,Maryland,0,23,Fortnightly,28,-1.868538221,78.38399084,-1.868538221,64.50474409,Average,331,Promising
2069,70,Vermont,0,44,Monthly,12,1.700917949,42.92337998,1.700917949,33.24825862,Average,354,Loyal Customer
2070,36,Texas,0,3,Quarterly,3,-1.330189367,73.035787,-1.330189367,59.79061054,Average,114,Need Attention
2071,56,Nebraska,0,14,Monthly,12,-0.080307313,60.61888676,-0.080307313,48.84582836,Average,325,Promising
2072,69,South Carolina,0,37,Quarterly,3,1.783581329,42.10216414,1.783581329,32.52440417,Good,145,At Risk
2073,39,Massachusetts,0,22,Weekly,57,0.719715872,52.67109038,0.719715872,41.84030374,Average,433,Potential Loyalist
2074,38,Texas,0,2,Every 3 Months,4,-3.78015645,97.37488102,-3.78015645,81.24411967,Average,211,About to Sleep
2075,36,Florida,0,44,Fortnightly,28,0.936441502,50.5180388,0.936441502,39.94251282,Average,353,Loyal Customer
2076,46,South Carolina,0,49,Monthly,12,-0.190901121,61.71757625,-0.190901121,49.81425984,Good,351,Loyal Customer
2077,59,Florida,0,22,Bi-Weekly,114,0.392567331,55.92113368,0.392567331,44.70502967,Good,531,Potential Loyalist
2078,64,Nebraska,0,26,Annually,1,-1.817028206,77.87226678,-1.817028206,64.05368882,Average,131,Lost
2079,49,Hawaii,0,40,Weekly,57,0.952385545,50.35964339,0.952385545,39.80289639,Average,442,Loyal Customer
2080,32,Montana,0,16,Quarterly,3,-2.879321693,88.42557635,-2.879321693,73.3558232,Average,121,Hibernating
2081,29,South Dakota,0,17,Bi-Weekly,114,1.059846044,49.29208162,1.059846044,38.86190219,Average,522,Potential Loyalist
2082,24,Alabama,0,48,Bi-Weekly,114,4.514868228,14.96831034,4.514868228,8.607475317,Good,554,Champion
2083,41,Arkansas,0,28,Every 3 Months,4,0.722174212,52.6466681,0.722174212,41.81877691,Average,235,At Risk
2084,41,Mississippi,0,26,Fortnightly,28,-0.056287702,60.38026496,-0.056287702,48.63549698,Average,333,Promising
2085,32,Vermont,0,43,Quarterly,3,1.945588946,40.49270635,1.945588946,31.10575985,Good,155,At Risk
2086,69,New York,0,38,Weekly,57,1.109510654,48.79869066,1.109510654,38.42700649,Good,442,Loyal Customer
2087,65,North Dakota,0,36,Every 3 Months,4,1.275988604,47.14482253,1.275988604,36.96921702,Good,245,At Risk
2088,54,Wisconsin,0,1,Weekly,57,0.321591332,56.62624173,0.321591332,45.32654179,Good,415,Recent Customer
2089,39,California,0,49,Annually,1,2.097592294,38.98263553,2.097592294,29.77471943,Good,155,At Risk
2090,37,Maryland,0,41,Every 3 Months,4,0.270905654,57.12977645,0.270905654,45.77037863,Average,253,At Risk
2091,51,Massachusetts,0,21,Monthly,12,-0.313553722,62.93606332,-0.313553722,50.88828599,Average,334,Promising
2092,26,Washington,0,24,Quarterly,3,0.756956354,52.30112639,0.756956354,41.5142018,Average,135,At Risk
2093,42,Minnesota,0,27,Weekly,57,0.179113747,58.04167925,0.179113747,46.57416842,Average,432,Potential Loyalist
2094,21,Washington,0,4,Annually,1,-0.9331626,69.09154142,-0.9331626,56.31398531,Good,115,Need Attention
2095,53,South Carolina,0,19,Annually,1,-2.681645564,86.46177124,-2.681645564,71.62484213,Average,121,Hibernating
2096,36,New Mexico,0,1,Fortnightly,28,-1.618055558,75.89558145,-1.618055558,62.31135459,Good,313,Need Attention
2097,21,North Carolina,0,27,Annually,1,-0.987741875,69.63375692,-0.987741875,56.79191703,Good,133,At Risk
2098,33,Iowa,0,5,Weekly,57,-1.428326889,74.01073004,-1.428326889,60.64996666,Average,412,Recent Customer
2099,49,Louisiana,0,20,Quarterly,3,-2.433512379,83.99670264,-2.433512379,69.45202618,Average,121,Hibernating
2100,31,Oklahoma,0,50,Annually,1,1.702338269,42.90926988,1.702338269,33.23582138,Average,154,At Risk
2101,68,Michigan,0,36,Fortnightly,28,-0.546334539,65.24861446,-0.546334539,52.92666659,Good,341,Loyal Customer
2102,49,Oregon,0,12,Bi-Weekly,114,-0.299700659,62.79844065,-0.299700659,50.76697954,Average,521,Potential Loyalist
2103,23,Idaho,0,23,Monthly,12,-2.117474482,80.85703756,-2.117474482,66.68459231,Good,331,Promising
2104,30,Indiana,0,21,Weekly,57,1.494999664,44.96906645,1.494999664,35.05141339,Average,435,Potential Loyalist
2105,53,New Mexico,0,47,Weekly,57,3.379347496,26.24909287,3.379347496,18.55083519,Average,455,Champion
2106,65,South Carolina,0,38,Bi-Weekly,114,2.006902468,39.88358976,2.006902468,30.56885867,Good,541,Loyal Customer
2107,60,Vermont,0,40,Every 3 Months,4,-0.769508324,67.46572496,-0.769508324,54.88092176,Good,241,Need Attention
2108,46,Delaware,0,35,Quarterly,3,0.589489493,53.96481882,0.589489493,42.98065083,Average,144,At Risk
2109,54,North Dakota,0,4,Quarterly,3,-2.781081631,87.44961463,-2.781081631,72.49556917,Good,112,Hibernating
2110,59,California,0,28,Every 3 Months,4,-1.7269065,76.97695652,-1.7269065,63.26452441,Average,231,Need Attention
2111,52,Montana,0,36,Every 3 Months,4,1.444890722,45.4668716,1.444890722,35.49019995,Average,245,At Risk
2112,41,Missouri,0,15,Annually,1,-0.425020989,64.04343015,-0.425020989,51.86436605,Average,125,Need Attention
2113,43,Tennessee,0,7,Fortnightly,28,-0.991567116,69.67175861,-0.991567116,56.82541333,Good,313,Need Attention
2114,63,Virginia,0,29,Every 3 Months,4,-1.277649935,72.51383624,-1.277649935,59.33054102,Average,232,Need Attention
2115,37,Vermont,0,12,Annually,1,-2.068369389,80.3692051,-2.068369389,66.2545961,Average,122,Hibernating
2116,44,Rhode Island,0,16,Bi-Weekly,114,2.595189367,34.03927852,2.595189367,25.41743503,Average,525,Potential Loyalist
2117,67,Kansas,0,50,Bi-Weekly,114,2.330917702,36.66467417,2.330917702,27.73157004,Average,551,Loyal Customer
2118,27,Colorado,0,11,Annually,1,-3.108783367,90.70515362,-3.108783367,75.36513923,Average,121,Hibernating
2119,60,Georgia,0,28,Quarterly,3,-1.204089515,71.78305337,-1.204089515,58.68639802,Good,132,Need Attention
2120,58,Nebraska,0,36,Bi-Weekly,114,2.79741052,32.03032106,2.79741052,23.64665477,Average,543,Loyal Customer
2121,53,Missouri,0,38,Quarterly,3,1.768357069,42.25340891,1.768357069,32.65771772,Average,145,At Risk
2122,43,Alaska,0,32,Monthly,12,0.321264478,56.62948885,0.321264478,45.32940394,Average,343,Loyal Customer
2123,32,Virginia,0,42,Weekly,57,0.837485966,51.50110838,0.837485966,40.80903202,Good,452,Loyal Customer
2124,54,Nebraska,0,22,Bi-Weekly,114,2.419392748,35.78572258,2.419392748,26.95682485,Average,534,Potential Loyalist
2125,47,Rhode Island,0,22,Quarterly,3,-0.943841836,69.19763385,-0.943841836,56.40749966,Good,133,At Risk
2126,57,New Hampshire,0,31,Quarterly,3,0.819288651,51.68188883,0.819288651,40.96837957,Good,145,At Risk
2127,63,Alabama,0,28,Monthly,12,-1.222408604,71.96504357,-1.222408604,58.8468119,Good,332,Promising
2128,70,North Carolina,0,40,Weekly,57,1.079062134,49.10118019,1.079062134,38.69363359,Good,442,Loyal Customer
2129,62,New Mexico,0,21,Weekly,57,-0.151795988,61.32908797,-0.151795988,49.4718298,Average,432,Potential Loyalist
2130,40,Minnesota,0,12,Every 3 Months,4,-1.736671516,77.07396665,-1.736671516,63.35003325,Average,223,About to Sleep
2131,25,Arizona,0,33,Annually,1,0.103227391,58.79556904,0.103227391,47.23867883,Average,143,At Risk
2132,19,Montana,0,9,Fortnightly,28,-1.528721991,75.00810092,-1.528721991,61.52909163,Average,313,Need Attention
2133,25,Vermont,0,15,Weekly,57,1.1218644,48.6759629,1.1218644,38.31882904,Good,425,Potential Loyalist
2134,21,Maine,0,13,Annually,1,-2.716976592,86.81276584,-2.716976592,71.93422365,Average,121,Hibernating
2135,55,Virginia,0,35,Fortnightly,28,-0.193306043,61.74146785,-0.193306043,49.83531891,Average,342,Loyal Customer
2136,34,California,0,1,Every 3 Months,4,-0.935821712,69.11795826,-0.935821712,56.33727022,Good,215,About to Sleep
2137,47,New York,0,25,Fortnightly,28,1.310153503,46.80541279,1.310153503,36.67004689,Average,335,Promising
2138,27,Indiana,0,20,Every 3 Months,4,-1.436210301,74.08904747,-1.436210301,60.71899896,Good,222,About to Sleep
2139,67,Mississippi,0,36,Quarterly,3,-0.734726182,67.12018325,-0.734726182,54.57634665,Average,142,Need Attention
2140,40,New York,0,33,Weekly,57,2.705751017,32.9409085,2.705751017,24.44928514,Average,445,Champion
2141,53,New Mexico,0,36,Fortnightly,28,1.944971703,40.49883832,1.944971703,31.11116483,Average,345,Loyal Customer
2142,24,Kentucky,0,32,Annually,1,1.300766478,46.89866779,1.300766478,36.7522458,Good,145,At Risk
2143,47,North Dakota,0,21,Quarterly,3,-1.899804755,78.6946069,-1.899804755,64.77853426,Good,132,Need Attention
2144,53,Arkansas,0,48,Bi-Weekly,114,4.008161873,20.00216312,4.008161873,13.04452652,Average,553,Loyal Customer
2145,47,Maryland,0,25,Quarterly,3,-2.298506032,82.65548781,-2.298506032,68.26982259,Average,131,Lost
2146,38,Connecticut,0,32,Annually,1,0.24512824,57.38586108,0.24512824,45.99610248,Good,144,At Risk
2147,48,Utah,0,45,Every 3 Months,4,-0.887855154,68.64143652,-0.887855154,55.91724377,Good,251,Need Attention
2148,47,Missouri,0,4,Fortnightly,28,-2.254885751,82.22214399,-2.254885751,67.88785497,Good,312,Need Attention
2149,19,Nebraska,0,19,Bi-Weekly,114,1.113848583,48.75559568,1.113848583,38.38902075,Good,522,Potential Loyalist
2150,38,Hawaii,0,1,Weekly,57,-2.634195735,85.99038292,-2.634195735,71.20934049,Good,411,Recent Customer
2151,57,Illinois,0,12,Weekly,57,-1.070415885,70.45507836,-1.070415885,57.51586456,Average,422,Potential Loyalist
2152,70,Vermont,0,18,Monthly,12,-1.070166003,70.45259592,-1.070166003,57.51367642,Average,323,Promising
2153,38,New Jersey,0,43,Bi-Weekly,114,2.901968347,30.99159577,2.901968347,22.73107827,Good,552,Loyal Customer
2154,35,Kentucky,0,31,Annually,1,1.062637561,49.26434942,1.062637561,38.83745786,Good,145,At Risk
2155,46,Wyoming,0,33,Every 3 Months,4,0.434925264,55.50033059,0.434925264,44.33411599,Average,244,At Risk
2156,32,Hawaii,0,46,Monthly,12,0.572605662,54.13255052,0.572605662,43.12849666,Average,352,Loyal Customer
2157,38,Missouri,0,41,Bi-Weekly,114,4.241408282,17.68498656,4.241408282,11.00206889,Average,554,Champion
2158,41,Mississippi,0,41,Fortnightly,28,1.362144048,46.28891492,1.362144048,36.21478377,Good,353,Loyal Customer
2159,19,Massachusetts,0,9,Fortnightly,28,-0.177505046,61.58449352,-0.177505046,49.69695508,Good,314,Need Attention
2160,18,Louisiana,0,34,Annually,1,-0.249801105,62.30271565,-0.249801105,50.33002651,Average,143,At Risk
2161,45,West Virginia,0,21,Annually,1,0.285918512,56.98063185,0.285918512,45.63891626,Average,135,At Risk
2162,23,Washington,0,5,Fortnightly,28,-1.087795185,70.62773228,-1.087795185,57.66804904,Average,314,Need Attention
2163,60,Oregon,0,32,Weekly,57,0.651924331,53.34456257,0.651924331,42.43393068,Average,442,Loyal Customer
2164,52,New York,0,44,Monthly,12,0.814181829,51.73262234,0.814181829,41.01309823,Good,353,Loyal Customer
2165,42,Iowa,0,46,Bi-Weekly,114,1.927333917,40.67406015,1.927333917,31.26561278,Good,551,Loyal Customer
2166,29,Idaho,0,42,Every 3 Months,4,0.255681394,57.28102121,0.255681394,45.90369218,Good,253,At Risk
2167,31,New Jersey,0,50,Bi-Weekly,114,5.075577121,9.397971636,5.075577121,3.697542671,Average,555,Champion
2168,30,Ohio,0,33,Fortnightly,28,-0.036180934,60.18051512,-0.036180934,48.45942901,Good,342,Loyal Customer
2169,23,Connecticut,0,32,Quarterly,3,0.339583567,56.44749864,0.339583567,45.16899005,Good,144,At Risk
2170,31,Florida,0,32,Bi-Weekly,114,1.887120381,41.07355982,1.887120381,31.61774872,Average,542,Loyal Customer
2171,40,South Carolina,0,37,Every 3 Months,4,-1.06163978,70.36789252,-1.06163978,57.43901526,Good,241,Need Attention
2172,39,Missouri,0,9,Fortnightly,28,0.413652367,55.71166528,0.413652367,44.52039534,Good,315,Need Attention
2173,28,Rhode Island,0,6,Fortnightly,28,-0.174057795,61.55024695,-0.174057795,49.66676871,Average,315,Need Attention
2174,23,Delaware,0,36,Quarterly,3,1.587677941,44.04835803,1.587677941,34.23986196,Good,145,At Risk
2175,42,Colorado,0,1,Annually,1,-2.914315237,88.77321823,-2.914315237,73.66224949,Average,112,Hibernating
2176,68,Nebraska,0,48,Fortnightly,28,1.08667211,49.02557921,1.08667211,38.62699567,Average,352,Loyal Customer
2177,24,Vermont,0,44,Quarterly,3,1.888139156,41.06343884,1.888139156,31.60882767,Average,155,At Risk
2178,24,Montana,0,9,Bi-Weekly,114,2.448406011,35.49749155,2.448406011,26.7027658,Average,515,Recent Customer
2179,21,Florida,0,32,Annually,1,1.300766478,46.89866779,1.300766478,36.7522458,Good,145,At Risk
2180,49,Delaware,0,14,Monthly,12,-0.33366049,63.13581315,-0.33366049,51.06435396,Average,324,Promising
2181,41,Connecticut,0,43,Quarterly,3,-0.461266237,64.40350703,-0.461266237,52.18175308,Good,152,Need Attention
2182,22,Hawaii,0,32,Bi-Weekly,114,2.773856501,32.26431746,2.773856501,23.85290911,Average,543,Loyal Customer
2183,42,New Mexico,0,26,Bi-Weekly,114,3.87861477,21.28914332,3.87861477,14.17892542,Average,535,Potential Loyalist
2184,30,Kansas,0,2,Monthly,12,-3.064530906,90.26552942,-3.064530906,74.97763583,Good,312,Need Attention
2185,38,Nevada,0,16,Every 3 Months,4,-2.430951499,83.97126169,-2.430951499,69.42960145,Average,221,About to Sleep
2186,40,North Carolina,0,50,Every 3 Months,4,-0.161691393,61.42739346,-0.161691393,49.55848043,Poor,251,Need Attention
2187,55,New Mexico,0,6,Every 3 Months,4,-3.587700314,95.4629337,-3.587700314,79.55884826,Good,211,About to Sleep
2188,37,Idaho,0,20,Annually,1,-0.3744657,63.54119078,-0.3744657,51.42167099,Good,124,Need Attention
2189,41,California,0,9,Weekly,57,-0.686938868,66.64544221,-0.686938868,54.15788978,Good,413,Recent Customer
2190,38,Wisconsin,0,47,Bi-Weekly,114,5.121249901,8.944237339,5.121249901,3.297602029,Good,555,Champion
2191,42,Alaska,0,33,Annually,1,0.398806098,55.85915492,0.398806098,44.65039896,Good,144,At Risk
2192,26,Pennsylvania,0,46,Bi-Weekly,114,3.996384864,20.11916132,3.996384864,13.14765369,Average,554,Champion
2193,41,Virginia,0,9,Monthly,12,-2.664394373,86.29039001,-2.664394373,71.47377945,Average,311,Lost
2194,27,California,0,8,Monthly,12,-0.917923402,68.94014826,-0.917923402,56.18054095,Good,314,Need Attention
2195,61,Kentucky,0,48,Quarterly,3,-0.452936479,64.3207554,-0.452936479,52.10881228,Average,151,Need Attention
2196,58,New York,0,2,Monthly,12,-2.008892668,79.77833614,-2.008892668,65.73377915,Average,313,Need Attention
2197,25,Vermont,0,31,Weekly,57,1.004952827,49.83741596,1.004952827,39.342583,Good,443,Loyal Customer
2198,33,Pennsylvania,0,40,Monthly,12,1.71958946,42.73788865,1.71958946,33.0847587,Average,345,Loyal Customer
2199,57,New York,0,35,Monthly,12,1.035651229,49.53244398,1.035651229,39.07376777,Average,344,Loyal Customer
2200,39,North Carolina,0,40,Monthly,12,-0.01165725,59.93688563,-0.01165725,48.24468365,Good,342,Loyal Customer
2201,60,Wyoming,0,27,Every 3 Months,4,-0.951622709,69.27493259,-0.951622709,56.47563405,Good,232,Need Attention
2202,39,Ohio,0,10,Annually,1,-3.304686755,92.65134751,-3.304686755,77.08059702,Good,111,Hibernating
2203,42,Alabama,0,23,Weekly,57,-0.477823214,64.56799162,-0.477823214,52.32673677,Good,432,Potential Loyalist
2204,53,Rhode Island,0,32,Quarterly,3,0.550711214,54.35005998,0.550711214,43.32021872,Average,144,At Risk
2205,20,Oregon,0,6,Monthly,12,-2.618721592,85.83665571,-2.618721592,71.07383881,Average,312,Need Attention
2206,46,North Dakota,0,27,Weekly,57,1.150300926,48.39346143,1.150300926,38.06982027,Average,433,Potential Loyalist
2207,46,Illinois,0,25,Fortnightly,28,-0.463318737,64.4238975,-0.463318737,52.19972611,Average,332,Promising
2208,69,New Mexico,0,11,Annually,1,-2.686528072,86.51027631,-2.686528072,71.66759656,Average,122,Hibernating
2209,28,Colorado,0,23,Monthly,12,-1.230738362,72.04779521,-1.230738362,58.9197527,Average,332,Promising
2210,42,Utah,0,44,Quarterly,3,-1.10987344,70.84706777,-1.10987344,57.86138064,Good,151,Need Attention
2211,30,Virginia,0,35,Fortnightly,28,-0.868914515,68.45327155,-0.868914515,55.75138718,Average,341,Loyal Customer
2212,50,Maine,0,45,Every 3 Months,4,1.899029795,40.95524626,1.899029795,31.51346214,Average,255,At Risk
2213,59,Nebraska,0,22,Quarterly,3,-0.226007835,62.06634241,-0.226007835,50.12167712,Average,134,At Risk
2214,54,Hawaii,0,18,Quarterly,3,0.214918972,57.68597377,0.214918972,46.26063453,Average,125,Need Attention
2215,50,Idaho,0,20,Weekly,57,2.016930278,39.78396891,2.016930278,30.48104863,Good,425,Potential Loyalist
2216,25,West Virginia,0,28,Fortnightly,28,1.644510489,43.4837575,1.644510489,33.74219912,Average,335,Promising
2217,41,Vermont,0,15,Bi-Weekly,114,0.456911622,55.28190805,0.456911622,44.14158911,Good,522,Potential Loyalist
2218,35,Indiana,0,42,Fortnightly,28,-0.299875863,62.80018121,-0.299875863,50.76851374,Average,351,Loyal Customer
2219,67,Idaho,0,20,Quarterly,3,-0.786716728,67.63668112,-0.786716728,55.03160977,Average,123,Need Attention
2220,33,Minnesota,0,16,Fortnightly,28,0.602661253,53.83396452,0.602661253,42.8653103,Average,325,Promising
2221,19,Wyoming,0,47,Annually,1,0.819049399,51.68426567,0.819049399,40.97047462,Good,153,At Risk
2222,25,Kansas,0,34,Annually,1,1.01696478,49.71808371,1.01696478,39.2373985,Average,145,At Risk
2223,32,Georgia,0,30,Weekly,57,1.273530264,47.1692448,1.273530264,36.99074385,Good,433,Potential Loyalist
2224,30,Kansas,0,5,Quarterly,3,-1.909569771,78.79161704,-1.909569771,64.8640431,Good,113,Lost
2225,18,Nebraska,0,38,Quarterly,3,-1.314106586,72.87601329,-1.314106586,59.64977922,Good,141,Need Attention
2226,38,Washington,0,18,Annually,1,-1.104076712,70.78948041,-1.104076712,57.8106207,Good,123,Need Attention
2227,22,Missouri,0,28,Annually,1,-0.074004486,60.5562716,-0.074004486,48.7906367,Good,134,At Risk
2228,40,Washington,0,42,Fortnightly,28,1.684724025,43.08425784,1.684724025,33.39006318,Good,354,Loyal Customer
2229,54,Kansas,0,5,Weekly,57,-1.132748182,71.07431592,-1.132748182,58.06168679,Average,412,Recent Customer
2230,70,Minnesota,0,50,Monthly,12,2.791887216,32.0851921,2.791887216,23.69502042,Average,355,Loyal Customer
2231,52,Colorado,0,33,Fortnightly,28,-0.542887288,65.2143679,-0.542887288,52.89648022,Average,342,Loyal Customer
2232,34,Utah,0,1,Weekly,57,-1.451880908,74.24472644,-1.451880908,60.85622101,Good,412,Recent Customer
2233,65,North Carolina,0,14,Fortnightly,28,-0.675881642,66.53559466,-0.675881642,54.06106549,Good,323,Promising
2234,38,Florida,0,48,Monthly,12,-0.133451331,61.14684376,-0.133451331,49.31119203,Good,351,Loyal Customer
2235,35,New Hampshire,0,26,Weekly,57,0.996623068,49.92016759,0.996623068,39.41552379,Good,433,Potential Loyalist
2236,40,Illinois,0,44,Annually,1,1.455879593,45.35770313,1.455879593,35.39397423,Good,154,At Risk
2237,23,Louisiana,0,18,Fortnightly,28,0.614438263,53.71696632,0.614438263,42.76218313,Average,325,Promising
2238,45,Alabama,0,31,Every 3 Months,4,-1.392549515,73.65530123,-1.392549515,60.33667665,Average,241,Need Attention
2239,40,Florida,0,18,Weekly,57,1.202868208,47.871234,1.202868208,37.60950688,Average,424,Potential Loyalist
2240,42,Alabama,0,41,Every 3 Months,4,1.917701305,40.76975493,1.917701305,31.34996221,Average,255,At Risk
2241,57,California,0,18,Every 3 Months,4,-0.730153309,67.07475424,-0.730153309,54.53630359,Good,224,About to Sleep
2242,18,Maryland,0,3,Bi-Weekly,114,1.357436745,46.33567943,1.357436745,36.256004,Average,514,Recent Customer
2243,18,Nevada,0,5,Bi-Weekly,114,1.031409518,49.57458308,1.031409518,39.11091096,Average,513,Recent Customer
2244,56,Massachusetts,0,13,Annually,1,-3.265908476,92.26610634,-3.265908476,76.74102912,Average,121,Hibernating
2245,35,South Carolina,0,22,Annually,1,-1.967258813,79.36472637,-1.967258813,65.36920597,Good,132,Need Attention
2246,49,Delaware,0,45,Fortnightly,28,2.568012894,34.30926205,2.568012894,25.65540995,Good,355,Loyal Customer
2247,49,Hawaii,0,39,Every 3 Months,4,1.779247708,42.14521632,1.779247708,32.56235219,Good,245,At Risk
2248,34,Florida,0,18,Annually,1,-2.244166009,82.11564916,-2.244166009,67.79398591,Good,122,Hibernating
2249,63,Rhode Island,0,19,Fortnightly,28,-0.245296588,62.25796571,-0.245296588,50.29058202,Average,323,Promising
2250,42,Wyoming,0,29,Weekly,57,0.317567345,56.66621786,0.317567345,45.36177844,Good,432,Potential Loyalist
2251,41,Colorado,0,19,Weekly,57,1.483222655,45.08606465,1.483222655,35.15454056,Good,425,Potential Loyalist
2252,26,Virginia,0,22,Monthly,12,0.726860256,52.6001148,0.726860256,41.77774286,Average,335,Promising
2253,48,Nebraska,0,21,Annually,1,0.45482063,55.30268092,0.45482063,44.15989919,Average,135,At Risk
2254,62,Oklahoma,0,22,Monthly,12,-1.933348104,79.02784187,-1.933348104,65.07226169,Average,331,Promising
2255,24,North Dakota,0,44,Every 3 Months,4,1.4075477,45.83785427,1.4075477,35.81719979,Good,254,At Risk
2256,48,Michigan,0,42,Quarterly,3,-0.446041977,64.25226227,-0.446041977,52.04843953,Good,152,Need Attention
2257,31,California,0,33,Quarterly,3,-1.78691717,77.57312997,-1.78691717,63.79001696,Good,141,Need Attention
2258,41,Tennessee,0,6,Annually,1,-3.286015244,92.46585618,-3.286015244,76.91709709,Good,111,Hibernating
2259,24,Ohio,0,44,Every 3 Months,4,1.069743464,49.19375612,1.069743464,38.77523393,Good,254,At Risk
2260,60,Florida,0,24,Annually,1,0.662501027,53.23948883,0.662501027,42.34131423,Average,135,At Risk
2261,38,Missouri,0,16,Quarterly,3,-0.430240981,64.09528794,-0.430240981,51.91007571,Good,124,Need Attention
2262,58,South Carolina,0,12,Fortnightly,28,-0.307628885,62.87720328,-0.307628885,50.83640426,Good,324,Promising
2263,53,Arizona,0,50,Monthly,12,-0.375027499,63.54677194,-0.375027499,51.42659046,Average,351,Loyal Customer
2264,44,Indiana,0,42,Quarterly,3,-0.403816448,63.83277454,-0.403816448,51.67868527,Average,152,Need Attention
2265,51,North Dakota,0,50,Monthly,12,2.580759568,34.18263075,2.580759568,25.54379176,Average,355,Loyal Customer
2266,36,Montana,0,10,Quarterly,3,-0.33889542,63.18781934,-0.33889542,51.11019442,Average,115,Need Attention
2267,20,Missouri,0,32,Weekly,57,0.483022212,55.0225135,0.483022212,43.91294775,Good,442,Loyal Customer
2268,32,Kentucky,0,37,Weekly,57,1.040283855,49.48642136,1.040283855,39.03320148,Average,442,Loyal Customer
2269,66,Georgia,0,15,Monthly,12,-2.629063344,85.93939541,-2.629063344,71.16439793,Average,321,Promising
2270,49,Kentucky,0,27,Annually,1,-1.578899289,75.50658516,-1.578899289,61.96847677,Good,132,Need Attention
2271,27,Georgia,0,7,Weekly,57,-0.065332935,60.47012444,-0.065332935,48.71470294,Average,414,Recent Customer
2272,29,Alaska,0,49,Quarterly,3,2.572077387,34.26888351,2.572077387,25.6198186,Average,155,At Risk
2273,29,Maine,0,44,Monthly,12,-0.11477982,60.96135242,-0.11477982,49.14769211,Good,352,Loyal Customer
2274,55,New Mexico,0,13,Bi-Weekly,114,2.851989795,31.48810557,2.851989795,23.16872305,Good,525,Potential Loyalist
2275,57,New York,0,38,Fortnightly,28,-0.576783059,65.551104,-0.576783059,53.19329369,Good,341,Loyal Customer
2276,29,Oklahoma,0,10,Weekly,57,-1.884477955,78.54234345,-1.884477955,64.6443228,Good,411,Recent Customer
2277,31,Wyoming,0,25,Weekly,57,1.603004742,43.89609459,1.603004742,34.10565051,Good,434,Potential Loyalist
2278,25,Alabama,0,18,Quarterly,3,-1.38965115,73.62650756,-1.38965115,60.31129668,Good,123,Need Attention
2279,61,Maryland,0,6,Every 3 Months,4,-3.503249255,94.62395824,-3.503249255,78.81933972,Average,211,About to Sleep
2280,53,West Virginia,0,35,Quarterly,3,0.251685257,57.32072067,0.251685257,45.93868496,Average,143,At Risk
2281,22,Kentucky,0,31,Fortnightly,28,-1.314723829,72.88214526,-1.314723829,59.6551842,Average,341,Loyal Customer
2282,28,Kansas,0,41,Annually,1,-1.074204928,70.49272045,-1.074204928,57.54904389,Average,151,Need Attention
2283,18,Idaho,0,8,Annually,1,-0.402902227,63.82369225,-0.402902227,51.67067976,Good,115,Need Attention
2284,44,Ohio,0,34,Fortnightly,28,-0.093630723,60.75124762,-0.093630723,48.96249683,Good,342,Loyal Customer
2285,32,Iowa,0,20,Annually,1,-1.007848643,69.83350675,-1.007848643,56.96798499,Good,123,Need Attention
2286,34,Michigan,0,38,Every 3 Months,4,1.878923027,41.15499609,1.878923027,31.68953011,Good,245,At Risk
2287,67,South Dakota,0,35,Quarterly,3,-0.972855099,69.48586488,-0.972855099,56.66155871,Poor,142,Need Attention
2288,66,Nebraska,0,6,Annually,1,-2.73708336,87.01251567,-2.73708336,72.11029162,Average,112,Hibernating
2289,28,California,0,50,Weekly,57,3.713704481,22.92743758,3.713704481,15.62298743,Average,455,Champion
2290,70,Nevada,0,47,Weekly,57,3.125994319,28.76601926,3.125994319,20.76936079,Good,454,Champion
2291,37,Kansas,0,23,Quarterly,3,-1.381321392,73.54375592,-1.381321392,60.23835588,Average,132,Need Attention
2292,28,Ohio,0,13,Quarterly,3,-2.833648913,87.97184206,-2.833648913,72.95588256,Good,121,Hibernating
2293,43,Vermont,0,31,Monthly,12,-1.183630325,71.57980241,-1.183630325,58.50724401,Average,341,Loyal Customer
2294,37,Georgia,0,16,Every 3 Months,4,-0.995283495,69.70867882,-0.995283495,56.85795637,Average,223,About to Sleep
2295,54,Maryland,0,40,Annually,1,1.727904281,42.65528541,1.727904281,33.01194871,Good,145,At Risk
2296,50,Connecticut,0,45,Quarterly,3,-0.956195582,69.32036161,-0.956195582,56.51567711,Average,151,Need Attention
2297,46,Washington,0,50,Every 3 Months,4,2.20293826,37.9360805,2.20293826,28.85224147,Poor,255,At Risk
2298,60,California,0,1,Quarterly,3,-1.426417436,73.99176066,-1.426417436,60.63324624,Good,114,Need Attention
2299,40,Montana,0,10,Every 3 Months,4,-0.608359228,65.86479611,-0.608359228,53.46979521,Average,215,About to Sleep
2300,64,Idaho,0,48,Every 3 Months,4,0.755493247,52.31566157,0.755493247,41.52701372,Average,253,At Risk
2301,18,Pennsylvania,0,38,Monthly,12,1.581135862,44.11335004,1.581135862,34.29714867,Good,345,Loyal Customer
2302,37,Maine,0,21,Annually,1,-2.754319614,87.1837485,-2.754319614,72.2612235,Average,131,Lost
2303,36,Montana,0,38,Monthly,12,-0.487915084,64.66824887,-0.487915084,52.41510776,Average,342,Loyal Customer
2304,51,New Jersey,0,31,Fortnightly,28,0.796552647,51.9077587,0.796552647,41.16747084,Good,344,Loyal Customer
2305,26,Louisiana,0,9,Fortnightly,28,-0.641985871,66.19885856,-0.641985871,53.76425202,Good,314,Need Attention
2306,68,Maine,0,47,Weekly,57,2.323709258,36.73628615,2.323709258,27.79469187,Average,453,Loyal Customer
2307,27,Florida,0,8,Bi-Weekly,114,1.745796269,42.47753822,1.745796269,32.85527479,Average,514,Recent Customer
2308,28,Missouri,0,30,Annually,1,1.077861821,49.11310465,1.077861821,38.70414431,Average,135,At Risk
2309,49,North Dakota,0,22,Quarterly,3,-0.057105716,60.38839149,-0.057105716,48.64266005,Average,134,At Risk
2310,70,Connecticut,0,3,Quarterly,3,-0.781257483,67.58244649,-0.781257483,54.98380506,Good,115,Need Attention
2311,30,Virginia,0,15,Monthly,12,-0.855591104,68.32091069,-0.855591104,55.63471871,Good,323,Promising
2312,27,Montana,0,10,Every 3 Months,4,-3.09966547,90.61457226,-3.09966547,75.28529697,Good,211,About to Sleep
2313,19,Vermont,0,19,Every 3 Months,4,-2.39217322,83.58602052,-2.39217322,69.09003356,Average,221,About to Sleep
2314,64,Georgia,0,36,Fortnightly,28,-0.546334539,65.24861446,-0.546334539,52.92666659,Good,341,Loyal Customer
2315,42,Virginia,0,12,Every 3 Months,4,-0.132101394,61.13343286,-0.132101394,49.2993711,Good,225,About to Sleep
2316,69,Vermont,0,49,Quarterly,3,1.727566797,42.65863814,1.727566797,33.01490394,Average,154,At Risk
2317,28,Montana,0,7,Annually,1,-2.921209738,88.84171136,-2.921209738,73.72262224,Average,112,Hibernating
2318,47,New Jersey,0,28,Monthly,12,-1.391310722,73.6429945,-1.391310722,60.32582897,Good,331,Promising
2319,69,Wyoming,0,30,Annually,1,-1.793474187,77.63827038,-1.793474187,63.84743448,Average,131,Lost
2320,56,Maine,0,29,Monthly,12,-1.153181805,71.27731288,-1.153181805,58.24061691,Good,332,Promising
2321,28,New Mexico,0,9,Every 3 Months,4,-2.028802972,79.97613421,-2.028802972,65.90812675,Average,213,About to Sleep
2322,50,Colorado,0,27,Fortnightly,28,-1.169375729,71.43819074,-1.169375729,58.38242148,Average,331,Promising
2323,39,Connecticut,0,21,Fortnightly,28,0.653216542,53.33172516,0.653216542,42.42261524,Good,334,Promising
2324,35,Maryland,0,36,Monthly,12,1.653809912,43.39137278,1.653809912,33.66076731,Good,345,Loyal Customer
2325,59,Oregon,0,19,Annually,1,-2.554968976,85.20330804,-2.554968976,70.51557933,Average,121,Hibernating
2326,44,New York,0,47,Weekly,57,1.985905022,40.092188,1.985905022,30.75272601,Good,453,Loyal Customer
2327,66,Oklahoma,0,38,Annually,1,0.238233738,57.45435421,0.238233738,46.05647523,Average,143,At Risk
2328,20,Alabama,0,22,Bi-Weekly,114,3.390579927,26.13750476,3.390579927,18.4524767,Good,535,Potential Loyalist
2329,45,North Dakota,0,29,Bi-Weekly,114,1.426086807,45.6536783,1.426086807,35.65485929,Average,532,Potential Loyalist
2330,49,Nebraska,0,42,Annually,1,1.950808938,40.44084856,1.950808938,31.0600502,Good,155,At Risk
2331,60,Arizona,0,47,Every 3 Months,4,0.939619625,50.48646588,0.939619625,39.91468311,Average,253,At Risk
2332,61,Illinois,0,10,Bi-Weekly,114,1.842024337,41.52156455,1.842024337,32.01263909,Good,514,Recent Customer
2333,36,South Carolina,0,10,Monthly,12,-1.835108042,78.05188015,-1.835108042,64.21200766,Average,313,Need Attention
2334,33,Kansas,0,1,Every 3 Months,4,-1.653655714,76.24924969,-1.653655714,62.62309277,Average,214,About to Sleep
2335,49,Kansas,0,7,Monthly,12,-0.944924671,69.20839122,-0.944924671,56.41698167,Good,314,Need Attention
2336,31,Idaho,0,10,Fortnightly,28,-2.092878135,80.61268619,-2.092878135,66.46921065,Average,312,Need Attention
2337,19,California,0,11,Weekly,57,1.14053591,48.49047157,1.14053591,38.15532912,Average,425,Potential Loyalist
2338,39,North Dakota,0,5,Annually,1,-1.497318744,74.6961267,-1.497318744,61.25410433,Average,114,Need Attention
2339,66,Georgia,0,21,Quarterly,3,-0.675264399,66.52946269,-0.675264399,54.05566051,Good,133,At Risk
2340,25,Illinois,0,24,Quarterly,3,-0.594260591,65.7247338,-0.594260591,53.34633835,Average,133,At Risk
2341,63,Delaware,0,37,Fortnightly,28,-0.772686447,67.49729789,-0.772686447,54.90875148,Average,341,Loyal Customer
2342,56,Connecticut,0,22,Every 3 Months,4,-2.142267294,81.1033407,-2.142267294,66.90169433,Good,231,Need Attention
2343,20,Tennessee,0,16,Fortnightly,28,0.518210194,54.67293998,0.518210194,43.60481884,Good,325,Promising
2344,58,Maryland,0,44,Monthly,12,0.349701005,56.34698738,0.349701005,45.08039517,Good,352,Loyal Customer
2345,34,Rhode Island,0,14,Bi-Weekly,114,2.752314476,32.4783258,2.752314476,24.04154513,Average,525,Potential Loyalist
2346,28,New York,0,23,Every 3 Months,4,-2.030814965,79.99612227,-2.030814965,65.92574508,Average,231,Need Attention
2347,22,New Mexico,0,46,Fortnightly,28,1.666052514,43.26974917,1.666052514,33.55356311,Average,353,Loyal Customer
2348,37,California,0,46,Every 3 Months,4,0.912618356,50.75470884,0.912618356,40.15112383,Good,253,At Risk
2349,54,Maine,0,16,Every 3 Months,4,-0.319675023,62.99687512,-0.319675023,50.94188809,Good,224,About to Sleep
2350,65,New York,0,40,Every 3 Months,4,-0.769508324,67.46572496,-0.769508324,54.88092176,Average,241,Need Attention
2351,57,Hawaii,0,21,Annually,1,-2.500966437,84.66682211,-2.500966437,70.04269789,Good,131,Lost
2352,38,New Hampshire,0,25,Bi-Weekly,114,1.740337025,42.53177285,1.740337025,32.9030795,Good,532,Potential Loyalist
2353,70,Nebraska,0,25,Quarterly,3,-1.327318853,73.00726999,-1.327318853,59.76547444,Average,132,Need Attention
2354,56,Montana,0,25,Every 3 Months,4,-0.245565716,62.26063936,-0.245565716,50.29293868,Good,234,At Risk
2355,56,Wisconsin,0,27,Monthly,12,0.397385778,55.87326502,0.397385778,44.6628362,Good,334,Promising
2356,22,Tennessee,0,12,Monthly,12,-2.456713976,84.22719792,-2.456713976,69.65519449,Good,321,Promising
2357,57,Montana,0,27,Quarterly,3,-0.682158901,66.59795582,-0.682158901,54.11603326,Average,133,At Risk
2358,53,Michigan,0,40,Bi-Weekly,114,3.496573011,25.08452096,3.496573011,17.52433215,Good,543,Loyal Customer
2359,53,Texas,0,38,Quarterly,3,1.557229421,44.35084756,1.557229421,34.50648906,Average,145,At Risk
2360,19,Pennsylvania,0,44,Every 3 Months,4,1.491998759,44.9988788,1.491998759,35.07769126,Average,254,At Risk
2361,49,New York,0,27,Every 3 Months,4,0.272917648,57.10978838,0.272917648,45.75276031,Good,234,At Risk
2362,44,Alabama,0,30,Every 3 Months,4,-0.195010428,61.75839999,-0.195010428,49.85024362,Good,233,At Risk
2363,27,Virginia,0,24,Monthly,12,-1.372639211,73.45750317,-1.372639211,60.16232904,Average,332,Promising
2364,60,Pennsylvania,0,38,Bi-Weekly,114,3.864825767,21.42612958,3.864825767,14.29967092,Good,544,Champion
2365,62,Mississippi,0,4,Quarterly,3,-2.189924218,81.57678639,-2.189924218,67.31900943,Good,113,Lost
2366,52,Wyoming,0,32,Monthly,12,1.292451657,46.98127103,1.292451657,36.82505579,Poor,345,Loyal Customer
2367,30,New Mexico,0,32,Fortnightly,28,0.654651799,53.31746666,0.654651799,42.41004719,Average,343,Loyal Customer
2368,66,North Dakota,0,28,Bi-Weekly,114,3.425910955,25.78651016,3.425910955,18.14309519,Average,535,Potential Loyalist
2369,29,New Jersey,0,6,Every 3 Months,4,-2.954317371,89.17061773,-2.954317371,74.01253425,Average,212,About to Sleep
2370,24,Vermont,0,24,Monthly,12,-2.132698742,81.00828233,-2.132698742,66.81790585,Good,331,Promising
2371,51,Alaska,0,38,Weekly,57,2.038472303,39.56996057,2.038472303,30.29241261,Average,444,Champion
2372,67,Indiana,0,28,Annually,1,-2.058604374,80.27219497,-2.058604374,66.16908725,Average,131,Lost
2373,50,Alabama,0,9,Fortnightly,28,-2.077653875,80.46144143,-2.077653875,66.3358971,Average,312,Need Attention
2374,37,Michigan,0,21,Every 3 Months,4,-2.675974918,86.40543644,-2.675974918,71.57518626,Good,231,Need Attention
2375,69,Washington,0,31,Monthly,12,0.463165327,55.21978089,0.463165327,44.08682759,Good,344,Loyal Customer
2376,60,Virginia,0,18,Quarterly,3,-1.094072444,70.69009344,-1.094072444,57.72301681,Average,123,Need Attention
2377,21,Tennessee,0,5,Weekly,57,0.725175117,52.61685575,0.725175117,41.79249904,Good,415,Recent Customer
2378,44,South Dakota,0,22,Annually,1,0.43959637,55.45392569,0.43959637,44.29321274,Good,135,At Risk
2379,26,New Hampshire,0,37,Bi-Weekly,114,3.457794732,25.46976213,3.457794732,17.86390004,Average,544,Champion
2380,40,South Dakota,0,22,Monthly,12,0.009026254,59.73140623,0.009026254,48.0635654,Good,334,Promising
2381,41,Pennsylvania,0,36,Fortnightly,28,0.931558995,50.56654387,0.931558995,39.98526724,Poor,343,Loyal Customer
2382,62,Wisconsin,0,23,Annually,1,-2.489189427,84.54982391,-2.489189427,69.93957072,Good,131,Lost
2383,39,California,0,44,Weekly,57,1.989352272,40.05794143,1.989352272,30.72253963,Average,453,Loyal Customer
2384,53,Rhode Island,0,25,Annually,1,-0.281684883,62.61946369,-0.281684883,50.60922166,Good,134,At Risk
2385,24,Alabama,0,40,Quarterly,3,-0.753397693,67.30567459,-0.753397693,54.73984658,Average,141,Need Attention
2386,41,Oklahoma,0,12,Weekly,57,-1.450445651,74.23046794,-1.450445651,60.84365296,Average,421,Potential Loyalist
2387,19,Illinois,0,14,Monthly,12,-2.402711437,83.69071199,-2.402711437,69.18231305,Average,321,Promising
2388,36,Tennessee,0,14,Monthly,12,0.215271394,57.68247264,0.215271394,46.25754849,Good,325,Promising
2389,21,Alabama,0,10,Annually,1,-1.488988985,74.61337506,-1.488988985,61.18116353,Good,113,Lost
2390,25,Kansas,0,17,Every 3 Months,4,-0.123771635,61.05068123,-0.123771635,49.2264303,Average,225,About to Sleep
2391,65,Arizona,0,24,Fortnightly,28,0.016386348,59.65828769,0.016386348,47.99911562,Good,333,Promising
2392,42,Michigan,0,31,Quarterly,3,0.270356768,57.13522934,0.270356768,45.77518504,Good,144,At Risk
2393,40,Missouri,0,36,Annually,1,0.057554611,59.24930333,0.057554611,47.63861947,Average,143,At Risk
2394,58,Louisiana,0,38,Every 3 Months,4,1.752246438,42.41345928,1.752246438,32.79879291,Good,245,At Risk
2395,40,Connecticut,0,23,Fortnightly,28,-0.770674453,67.47730982,-0.770674453,54.89113315,Average,332,Promising
2396,62,Connecticut,0,47,Bi-Weekly,114,4.656769076,13.55860238,4.656769076,7.364898968,Average,554,Champion
2397,38,Oregon,0,20,Weekly,57,1.256870747,47.33474807,1.256870747,37.13662544,Average,424,Potential Loyalist
2398,37,West Virginia,0,41,Monthly,12,-0.829166571,68.05839729,-0.829166571,55.40332827,Average,351,Loyal Customer
2399,65,Florida,0,44,Fortnightly,28,2.118756329,38.77238232,2.118756329,29.58939334,Good,354,Loyal Customer
2400,55,New Hampshire,0,31,Monthly,12,-0.76137503,67.3849251,-0.76137503,54.80970133,Average,342,Loyal Customer
2401,43,Oregon,0,11,Bi-Weekly,114,2.375731961,36.21946881,2.375731961,27.33914716,Good,525,Potential Loyalist
2402,43,Oregon,0,25,Bi-Weekly,114,2.838200792,31.62509183,2.838200792,23.28946855,Good,534,Potential Loyalist
2403,45,Utah,0,31,Weekly,57,2.313944242,36.83329629,2.313944242,27.88020071,Average,445,Champion
2404,64,Missouri,0,40,Weekly,57,0.107874955,58.74939801,0.107874955,47.19798173,Good,441,Loyal Customer
2405,28,West Virginia,0,23,Bi-Weekly,114,0.884049425,51.03852567,0.884049425,40.40129201,Average,531,Potential Loyalist
2406,69,California,0,5,Quarterly,3,-0.558352826,65.36800963,-0.558352826,53.03190656,Good,115,Need Attention
2407,54,California,0,26,Weekly,57,0.616593302,53.69555717,0.616593302,42.7433122,Good,433,Potential Loyalist
2408,52,Illinois,0,11,Bi-Weekly,114,0.264455485,57.19385538,0.264455485,45.82686052,Average,522,Potential Loyalist
2409,23,Hawaii,0,44,Every 3 Months,4,0.394134992,55.90555982,0.394134992,44.69130221,Good,253,At Risk
2410,26,Washington,0,47,Every 3 Months,4,-0.158244143,61.39314689,-0.158244143,49.52829405,Average,252,Need Attention
2411,48,Wisconsin,0,46,Monthly,12,0.234801425,57.48845237,0.234801425,46.0865308,Average,352,Loyal Customer
2412,49,Virginia,0,35,Every 3 Months,4,1.502340512,44.89613911,1.502340512,34.98713214,Average,245,At Risk
2413,53,Oregon,0,8,Bi-Weekly,114,0.605706972,53.80370696,0.605706972,42.83864001,Good,512,Recent Customer
2414,69,Pennsylvania,0,30,Weekly,57,2.49807062,35.00410059,2.49807062,26.2678701,Average,435,Potential Loyalist
2415,26,Virginia,0,14,Bi-Weekly,114,-0.034570472,60.16451606,-0.034570472,48.44532676,Average,521,Potential Loyalist
2416,21,Hawaii,0,30,Weekly,57,-0.077686681,60.5928522,-0.077686681,48.82288039,Good,431,Potential Loyalist
2417,59,Nebraska,0,26,Every 3 Months,4,0.330367437,56.53905588,0.330367437,45.24969249,Good,234,At Risk
2418,21,Alaska,0,32,Fortnightly,28,-1.118820441,70.93595137,-1.118820441,57.93972641,Average,341,Loyal Customer
2419,22,Michigan,0,47,Every 3 Months,4,1.192972802,47.96953949,1.192972802,37.69615751,Good,254,At Risk
2420,26,North Carolina,0,11,Every 3 Months,4,-2.523732317,84.89298878,-2.523732317,70.24205078,Average,222,About to Sleep
2421,41,North Carolina,0,28,Annually,1,0.559378457,54.26395563,0.559378457,43.24432269,Good,135,At Risk
2422,37,Minnesota,0,2,Every 3 Months,4,-2.89342033,88.56563867,-2.89342033,73.47928006,Good,212,About to Sleep
2423,30,Georgia,0,45,Weekly,57,2.987540721,30.14148065,2.987540721,21.98175077,Good,454,Champion
2424,49,West Virginia,0,7,Every 3 Months,4,-1.069392802,70.44491459,-1.069392802,57.50690578,Average,214,About to Sleep
2425,49,Delaware,0,28,Bi-Weekly,114,2.243596128,37.53216664,2.243596128,28.49621467,Good,533,Potential Loyalist
2426,58,North Dakota,0,34,Quarterly,3,-0.577601074,65.55923053,-0.577601074,53.20045676,Average,142,Need Attention
2427,70,Florida,0,26,Every 3 Months,4,-1.400879273,73.73805287,-1.400879273,60.40961744,Good,232,Need Attention
2428,27,Oregon,0,45,Quarterly,3,-0.787293464,67.64241068,-0.787293464,55.03666005,Average,151,Need Attention
2429,65,Idaho,0,34,Annually,1,-1.094311696,70.69247028,-1.094311696,57.72511186,Good,142,Need Attention
2430,57,Virginia,0,47,Fortnightly,28,1.313024017,46.77689579,1.313024017,36.64491079,Good,353,Loyal Customer
2431,20,North Dakota,0,42,Quarterly,3,2.129715324,38.66351066,2.129715324,29.49342924,Good,155,At Risk
2432,34,Alabama,0,27,Every 3 Months,4,-0.022661059,60.0462025,-0.022661059,48.34104018,Average,234,At Risk
2433,59,Hawaii,0,43,Monthly,12,0.998308208,49.90342664,0.998308208,39.40076761,Average,353,Loyal Customer
2434,54,Oregon,0,16,Bi-Weekly,114,2.088483013,39.0731313,2.088483013,29.85448623,Average,524,Potential Loyalist
2435,36,Utah,0,40,Monthly,12,-0.096108309,60.77586109,-0.096108309,48.98419219,Good,342,Loyal Customer
2436,21,Hawaii,0,29,Bi-Weekly,114,1.046057042,49.42906788,1.046057042,38.98264769,Good,531,Potential Loyalist
2437,52,Connecticut,0,38,Quarterly,3,-1.356332116,73.29550102,-1.356332116,60.01953349,Average,141,Need Attention
2438,43,Wyoming,0,34,Weekly,57,1.254858753,47.35473613,1.254858753,37.15424377,Average,443,Loyal Customer
2439,32,Delaware,0,30,Weekly,57,-0.668844094,66.46568044,-0.668844094,53.99944013,Average,431,Potential Loyalist
2440,55,Arkansas,0,45,Annually,1,-0.07946373,60.61050623,-0.07946373,48.8384414,Average,152,Need Attention
2441,31,Indiana,0,47,Annually,1,2.001364226,39.93860919,2.001364226,30.61735514,Good,155,At Risk
2442,45,California,0,5,Monthly,12,-2.899076039,88.62182506,-2.899076039,73.52880513,Good,312,Need Attention
2443,53,Wyoming,0,50,Bi-Weekly,114,5.371155827,6.461557517,5.371155827,1.109262801,Good,555,Champion
2444,24,South Dakota,0,24,Bi-Weekly,114,0.826599635,51.60925817,0.826599635,40.90435983,Average,531,Potential Loyalist
2445,47,West Virginia,0,15,Bi-Weekly,114,1.681451978,43.11676385,1.681451978,33.41871536,Average,523,Potential Loyalist
2446,63,Tennessee,0,50,Weekly,57,3.924832129,20.82999893,3.924832129,13.77421609,Good,455,Champion
2447,38,Alaska,0,7,Monthly,12,-1.536082085,75.08121946,-1.536082085,61.59354141,Average,313,Need Attention
2448,59,South Dakota,0,10,Fortnightly,28,-1.670622839,76.41780888,-1.670622839,62.77166798,Average,312,Need Attention
2449,54,Tennessee,0,38,Bi-Weekly,114,1.584647173,44.07846707,1.584647173,34.26640134,Average,541,Loyal Customer
2450,26,Alabama,0,31,Fortnightly,28,0.163169704,58.20007467,0.163169704,46.71378485,Good,343,Loyal Customer
2451,68,North Carolina,0,7,Quarterly,3,-1.306635349,72.8017906,-1.306635349,59.58435619,Good,114,Need Attention
2452,41,Oklahoma,0,27,Monthly,12,-0.362673753,63.42404418,-0.362673753,51.31841301,Average,333,Promising
2453,68,New York,0,45,Every 3 Months,4,0.970068145,50.18397635,0.970068145,39.64805601,Good,253,At Risk
2454,21,Iowa,0,13,Annually,1,-0.141219291,61.22401423,-0.141219291,49.37921335,Good,125,Need Attention
2455,32,Alaska,0,33,Annually,1,0.272129509,57.11761811,0.272129509,45.75966176,Good,144,At Risk
2456,20,Alaska,0,25,Every 3 Months,4,0.894523581,50.93447061,0.894523581,40.30957347,Average,235,At Risk
2457,59,Nebraska,0,5,Monthly,12,-0.914476151,68.90590169,-0.914476151,56.15035458,Average,314,Need Attention
2458,53,Delaware,0,23,Quarterly,3,-1.845802217,78.15812097,-1.845802217,64.30565282,Average,132,Need Attention
2459,66,Texas,0,17,Weekly,57,1.175866938,48.13947697,1.175866938,37.8459476,Good,425,Potential Loyalist
2460,47,Missouri,0,14,Weekly,57,-1.100864405,70.75756789,-1.100864405,57.78249165,Good,422,Potential Loyalist
2461,58,Maine,0,28,Annually,1,-1.594123549,75.65782992,-1.594123549,62.10179031,Good,132,Need Attention
2462,28,Pennsylvania,0,19,Weekly,57,1.356546066,46.34452784,1.356546066,36.26380336,Good,425,Potential Loyalist
2463,68,Missouri,0,31,Bi-Weekly,114,4.224748765,17.85048983,4.224748765,11.14795048,Good,545,Champion
2464,60,Mississippi,0,25,Bi-Weekly,114,0.515796669,54.69691705,0.515796669,43.62595324,Average,531,Potential Loyalist
2465,47,Hawaii,0,4,Bi-Weekly,114,1.72224225,42.71153462,1.72224225,33.06152914,Average,514,Recent Customer
2466,18,Texas,0,20,Weekly,57,0.454585686,55.30501496,0.454585686,44.16195652,Good,423,Potential Loyalist
2467,32,South Dakota,0,37,Annually,1,1.055743059,49.33284255,1.055743059,38.89783061,Average,144,At Risk
2468,27,New Jersey,0,28,Annually,1,-0.074004486,60.5562716,-0.074004486,48.7906367,Average,134,At Risk
2469,65,Connecticut,0,6,Weekly,57,-2.28806174,82.55172944,-2.28806174,68.17836555,Average,411,Recent Customer
2470,68,Maryland,0,27,Annually,1,0.701279306,52.85424767,0.701279306,42.00174634,Good,135,At Risk
2471,55,Arizona,0,29,Fortnightly,28,0.700324579,52.86373236,0.700324579,42.01010655,Average,334,Promising
2472,30,Oklahoma,0,1,Annually,1,-1.478647233,74.51063537,-1.478647233,61.0906044,Good,114,Need Attention
2473,24,Utah,0,31,Annually,1,0.175901441,58.07359177,0.175901441,46.60229747,Good,144,At Risk
2474,57,Arkansas,0,28,Quarterly,3,1.076089079,49.13071587,1.076089079,38.71966759,Average,135,At Risk
2475,23,North Carolina,0,19,Quarterly,3,-0.475913761,64.54902224,-0.475913761,52.31001635,Average,124,Need Attention
2476,69,California,0,36,Monthly,12,-0.457466564,64.36575934,-0.457466564,52.14848067,Average,342,Loyal Customer
2477,60,Colorado,0,28,Monthly,12,-0.293446954,62.73631348,-0.293446954,50.71221802,Average,333,Promising
2478,25,California,0,29,Weekly,57,0.106439697,58.76365651,0.106439697,47.21054978,Average,432,Potential Loyalist
2479,18,Vermont,0,9,Every 3 Months,4,-0.42423285,64.03560042,-0.42423285,51.8574646,Good,215,About to Sleep
2480,37,Kansas,0,26,Every 3 Months,4,0.96375038,50.24673992,0.96375038,39.70337848,Good,235,At Risk
2481,61,Ohio,0,7,Fortnightly,28,-0.020379937,60.02354079,-0.020379937,48.32106519,Average,315,Need Attention
2482,41,New Jersey,0,35,Weekly,57,2.717528027,32.8239103,2.717528027,24.34615797,Average,445,Champion
2483,69,Arizona,0,46,Every 3 Months,4,1.883805535,41.10649102,1.883805535,31.64677568,Good,255,At Risk
2484,32,Arizona,0,8,Monthly,12,-0.15786387,61.38936909,-0.15786387,49.52496414,Average,315,Need Attention
2485,60,New Hampshire,0,50,Every 3 Months,4,2.582968026,34.16069092,2.582968026,25.52445306,Good,255,At Risk
2486,43,Louisiana,0,37,Annually,1,-0.168797297,61.49798676,-0.168797297,49.62070435,Good,143,At Risk
2487,61,Texas,0,6,Fortnightly,28,-1.483049211,74.55436662,-1.483049211,61.12915099,Good,313,Need Attention
2488,57,Montana,0,16,Bi-Weekly,114,-0.107244522,60.88649333,-0.107244522,49.08170813,Average,521,Potential Loyalist
2489,56,New Hampshire,0,30,Monthly,12,0.773968293,52.132122,0.773968293,41.36523417,Good,334,Promising
2490,66,South Dakota,0,50,Quarterly,3,-0.103355233,60.84785535,-0.103355233,49.04765097,Average,151,Need Attention
2491,52,Montana,0,5,Every 3 Months,4,-1.334522989,73.07883917,-1.334522989,59.82855855,Good,214,About to Sleep
2492,63,North Carolina,0,15,Monthly,12,-1.742327224,77.13015305,-1.742327224,63.39955832,Poor,322,Promising
2493,50,South Dakota,0,34,Bi-Weekly,114,4.305752574,17.04576093,4.305752574,10.43862833,Good,545,Champion
2494,21,Maine,0,6,Every 3 Months,4,-3.587700314,95.4629337,-3.587700314,79.55884826,Good,211,About to Sleep
2495,42,Oklahoma,0,26,Annually,1,-2.112606912,80.8086809,-2.112606912,66.64196869,Average,131,Lost
2496,40,Nebraska,0,34,Every 3 Months,4,-1.058192529,70.33364595,-1.058192529,57.40882888,Average,242,Need Attention
2497,67,Illinois,0,37,Weekly,57,2.307049741,36.90178942,2.307049741,27.94057346,Average,444,Champion
2498,35,Colorado,0,28,Annually,1,-1.425221431,73.979879,-1.425221431,60.62277324,Good,132,Need Attention
2499,18,Massachusetts,0,38,Fortnightly,28,-0.070076705,60.51725122,-0.070076705,48.75624248,Average,342,Loyal Customer
2500,52,Louisiana,0,2,Quarterly,3,-1.779445932,77.49890727,-1.779445932,63.72459393,Average,114,Need Attention
2501,59,Massachusetts,0,32,Bi-Weekly,114,3.660592621,23.4550751,3.660592621,16.0880695,Average,544,Champion
2502,49,West Virginia,0,30,Bi-Weekly,114,3.944394319,20.63565918,3.944394319,13.60291681,Good,535,Potential Loyalist
2503,46,Idaho,0,17,Every 3 Months,4,-1.812792816,77.83019048,-1.812792816,64.01660099,Good,222,About to Sleep
2504,69,Ohio,0,5,Bi-Weekly,114,1.495890343,44.96021804,1.495890343,35.04361402,Poor,514,Recent Customer
2505,56,Rhode Island,0,31,Bi-Weekly,114,4.013621118,19.94792849,4.013621118,12.99672182,Good,545,Champion
2506,27,Illinois,0,43,Quarterly,3,1.143303885,48.46297324,1.143303885,38.13109093,Average,154,At Risk
2507,57,New York,0,19,Annually,1,-0.274790381,62.55097055,-0.274790381,50.54884891,Good,124,Need Attention
2508,58,Louisiana,0,32,Every 3 Months,4,-1.238871657,72.12859508,-1.238871657,58.99097312,Average,242,Need Attention
2509,23,California,0,5,Bi-Weekly,114,2.044822226,39.50687753,2.044822226,30.23680855,Average,515,Recent Customer
2510,19,Washington,0,9,Quarterly,3,-2.350496577,83.17198568,-2.350496577,68.7250857,Good,112,Hibernating
2511,40,South Dakota,0,48,Weekly,57,1.506199937,44.85779781,1.506199937,34.95333649,Good,452,Loyal Customer
2512,54,Idaho,0,1,Quarterly,3,-3.537693912,94.96614722,-3.537693912,79.1209596,Average,111,Hibernating
2513,50,North Dakota,0,20,Monthly,12,-0.720584757,66.97969587,-0.720584757,54.45251512,Good,323,Promising
2514,69,Washington,0,42,Annually,1,0.092885639,58.89830874,0.092885639,47.32923795,Average,153,At Risk
2515,42,Alaska,0,45,Bi-Weekly,114,2.57594112,34.23049942,2.57594112,25.58598523,Good,552,Loyal Customer
2516,37,Kansas,0,41,Monthly,12,1.957718377,40.37220702,1.957718377,30.99954664,Good,355,Loyal Customer
2517,46,Utah,0,36,Quarterly,3,0.574265233,54.11606358,0.574265233,43.11396437,Good,144,At Risk
2518,64,Wyoming,0,10,Annually,1,-2.755754871,87.198007,-2.755754871,72.27379154,Average,112,Hibernating
2519,20,Maine,0,31,Annually,1,-0.753060209,67.30232186,-0.753060209,54.73689134,Good,142,Need Attention
2520,40,Michigan,0,21,Quarterly,3,0.25369725,57.3007326,0.25369725,45.92106664,Good,135,At Risk
2521,64,Illinois,0,16,Every 3 Months,4,-1.50198985,74.7425316,-1.50198985,61.29500757,Average,223,About to Sleep
2522,29,Minnesota,0,18,Every 3 Months,4,-2.334723431,83.01528802,-2.334723431,68.58696574,Good,221,About to Sleep
2523,20,Massachusetts,0,20,Weekly,57,0.032330391,59.49989228,0.032330391,47.85949919,Poor,423,Potential Loyalist
2524,43,New Jersey,0,21,Annually,1,-2.585417496,85.50579758,-2.585417496,70.78220643,Average,131,Lost
2525,60,Kansas,0,23,Quarterly,3,-0.916840567,68.92939088,-0.916840567,56.17105894,Average,133,At Risk
2526,39,Kentucky,0,20,Weekly,57,0.834615452,51.52962538,0.834615452,40.83416811,Good,424,Potential Loyalist
2527,47,Rhode Island,0,30,Bi-Weekly,114,1.15750937,48.32184945,1.15750937,38.00669844,Average,531,Potential Loyalist
2528,19,Illinois,0,33,Every 3 Months,4,-1.169644858,71.44086438,-1.169644858,58.38477814,Average,242,Need Attention
2529,52,Alabama,0,31,Monthly,12,-0.634698441,66.1264619,-0.634698441,53.70043853,Good,342,Loyal Customer
2530,34,Tennessee,0,48,Monthly,12,1.175540084,48.14272409,1.175540084,37.84880975,Good,353,Loyal Customer
2531,25,Massachusetts,0,28,Weekly,57,2.486293611,35.12109879,2.486293611,26.37099727,Average,435,Potential Loyalist
2532,43,Texas,0,7,Every 3 Months,4,-3.307345867,92.67776435,-3.307345867,77.10388193,Good,211,About to Sleep
2533,55,Nebraska,0,4,Weekly,57,0.318144081,56.66048829,0.318144081,45.35672816,Average,415,Recent Customer
2534,66,Pennsylvania,0,49,Bi-Weekly,114,3.232878082,27.70418705,3.232878082,19.83341688,Average,552,Loyal Customer
2535,41,Virginia,0,22,Weekly,57,-0.293696836,62.73879593,-0.293696836,50.71440615,Average,432,Potential Loyalist
2536,47,Vermont,0,39,Fortnightly,28,1.730396805,42.63052354,1.730396805,32.99012254,Average,344,Loyal Customer
2537,51,Oklahoma,0,45,Every 3 Months,4,-0.212246682,61.92963282,-0.212246682,50.00117549,Good,252,Need Attention
2538,44,Maine,0,30,Fortnightly,28,-0.201635801,61.82421948,-0.201635801,49.90825971,Good,332,Promising
2539,18,New Jersey,0,33,Bi-Weekly,114,1.534091885,44.58070644,1.534091885,34.70909641,Good,541,Loyal Customer
2540,33,Massachusetts,0,24,Bi-Weekly,114,2.642297405,33.57128572,2.642297405,25.00492634,Good,534,Potential Loyalist
2541,24,New Jersey,0,11,Quarterly,3,-2.465396157,84.31345067,-2.465396157,69.73122133,Average,122,Hibernating
2542,33,Washington,0,13,Every 3 Months,4,-1.625219187,75.96674823,-1.625219187,62.374084,Average,223,About to Sleep
2543,61,Arkansas,0,27,Annually,1,-2.254507761,82.21838886,-2.254507761,67.88454504,Average,131,Lost
2544,27,West Virginia,0,30,Bi-Weekly,114,2.339824197,36.57619297,2.339824197,27.65357896,Average,533,Potential Loyalist
2545,46,Delaware,0,39,Quarterly,3,0.655269041,53.31133469,0.655269041,42.40464221,Poor,144,At Risk
2546,38,Texas,0,10,Annually,1,-2.249048517,82.16415423,-2.249048517,67.83674034,Average,112,Hibernating
2547,63,Texas,0,4,Quarterly,3,-3.836719869,97.93680791,-3.836719869,81.73942585,Average,111,Hibernating
2548,47,Mississippi,0,16,Weekly,57,1.613346494,43.79335489,1.613346494,34.01509138,Average,425,Potential Loyalist
2549,42,Texas,0,34,Monthly,12,0.248590428,57.35146611,0.248590428,45.9657853,Average,343,Loyal Customer
2550,41,Virginia,0,11,Every 3 Months,4,-1.679221726,76.50323416,-1.679221726,62.84696544,Average,223,About to Sleep
2551,53,New Hampshire,0,30,Fortnightly,28,-0.074959213,60.56575629,-0.074959213,48.7989969,Average,333,Promising
2552,29,Minnesota,0,40,Annually,1,-0.932304079,69.08301249,-0.932304079,56.30646754,Good,141,Need Attention
2553,61,Maryland,0,13,Annually,1,-2.125819179,80.9399376,-2.125819179,66.75766391,Average,122,Hibernating
2554,69,Vermont,0,28,Every 3 Months,4,-1.980259677,79.49388291,-1.980259677,65.48305001,Good,231,Need Attention
2555,51,Kansas,0,49,Bi-Weekly,114,4.161839731,18.47545696,4.161839731,11.698823,Good,553,Loyal Customer
2556,24,Idaho,0,23,Weekly,57,1.126746908,48.62745783,1.126746908,38.27607462,Average,434,Potential Loyalist
2557,24,Montana,0,4,Quarterly,3,-1.007609391,69.83112991,-1.007609391,56.96588995,Average,115,Need Attention
2558,70,Oklahoma,0,17,Fortnightly,28,-2.199447955,81.67139955,-2.199447955,67.40240548,Average,321,Promising
2559,49,California,0,24,Fortnightly,28,-1.334830597,73.08189509,-1.334830597,59.83125217,Average,331,Promising
2560,48,Mississippi,0,21,Every 3 Months,4,-0.522472912,65.01156214,-0.522472912,52.71771863,Good,234,At Risk
2561,58,California,0,17,Bi-Weekly,114,1.693228987,42.99976565,1.693228987,33.31558819,Average,523,Potential Loyalist
2562,32,New York,0,22,Quarterly,3,-2.632863017,85.9771431,-2.632863017,71.19767035,Average,131,Lost
2563,57,Arizona,0,27,Fortnightly,28,0.139615686,58.43407107,0.139615686,46.92003919,Good,333,Promising
2564,69,Massachusetts,0,1,Every 3 Months,4,-1.484753596,74.57129877,-1.484753596,61.1440757,Good,214,About to Sleep
2565,42,Kentucky,0,27,Weekly,57,2.079262576,39.16473134,2.079262576,29.93522639,Average,435,Potential Loyalist
2566,30,Vermont,0,8,Quarterly,3,-2.630851024,85.95715503,-2.630851024,71.18005202,Average,112,Hibernating
2567,35,Missouri,0,43,Quarterly,3,-0.419040708,63.9840193,-0.419040708,51.81199881,Average,152,Need Attention
2568,19,Michigan,0,24,Fortnightly,28,-1.630409304,76.01830921,-1.630409304,62.41953204,Good,331,Promising
2569,52,Texas,0,29,Fortnightly,28,1.798188347,41.95705134,1.798188347,32.3964956,Good,335,Promising
2570,42,New York,0,10,Bi-Weekly,114,1.757573278,42.36054002,1.757573278,32.75214762,Good,514,Recent Customer
2571,36,New Mexico,0,12,Fortnightly,28,-2.376679832,83.43210211,-2.376679832,68.95436335,Good,321,Promising
2572,45,Mississippi,0,48,Fortnightly,28,0.115484931,58.67379703,0.115484931,47.13134382,Average,351,Loyal Customer
2573,54,Washington,0,40,Quarterly,3,-0.457818987,64.36926047,-0.457818987,52.15156671,Average,142,Need Attention
2574,54,New Mexico,0,1,Annually,1,-1.183068526,71.57422125,-1.183068526,58.50232453,Good,115,Need Attention
2575,27,Florida,0,26,Fortnightly,28,0.112614416,58.70231403,0.112614416,47.15647991,Good,333,Promising
2576,53,Minnesota,0,9,Annually,1,-0.375900958,63.55544928,-0.375900958,51.43423904,Good,115,Need Attention
2577,20,New Hampshire,0,19,Quarterly,3,-1.996032824,79.65058056,-1.996032824,65.62116997,Good,122,Hibernating
2578,52,Minnesota,0,37,Monthly,12,-0.557141883,65.35597957,-0.557141883,53.02130275,Good,342,Loyal Customer
2579,54,Vermont,0,3,Quarterly,3,-2.765857371,87.29836986,-2.765857371,72.36225562,Average,112,Hibernating
2580,65,Minnesota,0,40,Weekly,57,0.023423896,59.58837347,0.023423896,47.93749027,Average,441,Loyal Customer
2581,43,Massachusetts,0,13,Quarterly,3,-2.875874442,88.39132979,-2.875874442,73.32563683,Average,121,Hibernating
2582,57,Wyoming,0,48,Monthly,12,1.977825145,40.17245719,1.977825145,30.82347867,Good,354,Loyal Customer
2583,19,South Dakota,0,4,Every 3 Months,4,-0.559239197,65.37681525,-0.559239197,53.0396682,Average,215,About to Sleep
2584,69,Oklahoma,0,9,Weekly,57,0.959856783,50.28542069,0.959856783,39.73747336,Poor,415,Recent Customer
2585,26,Florida,0,26,Bi-Weekly,114,0.965053233,50.23379678,0.965053233,39.69196985,Average,531,Potential Loyalist
2586,57,Wisconsin,0,19,Weekly,57,-0.712504881,66.89942668,-0.712504881,54.38176245,Good,422,Potential Loyalist
2587,20,Maine,0,1,Every 3 Months,4,-3.722706661,96.80414853,-3.722706661,80.74105186,Good,211,About to Sleep
2588,55,Connecticut,0,29,Every 3 Months,4,-1.74213076,77.12820129,-1.74213076,63.39783796,Average,231,Need Attention
2589,44,Delaware,0,38,Bi-Weekly,114,2.598059882,34.01076152,2.598059882,25.39229893,Average,542,Loyal Customer
2590,52,North Dakota,0,31,Annually,1,-0.66860915,66.4633464,-0.66860915,53.99738281,Good,143,At Risk
2591,57,California,0,35,Annually,1,0.15722993,58.25908311,0.15722993,46.76579739,Good,143,At Risk
2592,40,New Mexico,0,40,Quarterly,3,0.344466074,56.39899357,0.344466074,45.12623563,Average,143,At Risk
2593,23,Iowa,0,13,Quarterly,3,-3.12922762,90.90825618,-3.12922762,75.54416243,Good,121,Hibernating
2594,36,Colorado,0,9,Every 3 Months,4,-2.831088033,87.9464011,-2.831088033,72.93345782,Good,212,About to Sleep
2595,59,Montana,0,25,Every 3 Months,4,0.176689579,58.06576204,0.176689579,46.59539601,Average,234,At Risk
2596,29,Iowa,0,3,Bi-Weekly,114,0.470700625,55.14492179,0.470700625,44.02084361,Average,513,Recent Customer
2597,63,Louisiana,0,35,Monthly,12,0.95120017,50.37141944,0.95120017,39.8132763,Average,344,Loyal Customer
2598,60,Alabama,0,13,Bi-Weekly,114,-0.146022801,61.27173449,-0.146022801,49.42127602,Good,521,Potential Loyalist
2599,64,Nevada,0,31,Annually,1,0.724833324,52.62025127,0.724833324,41.79549199,Average,145,At Risk
2600,63,Vermont,0,48,Monthly,12,2.737884677,32.62167803,2.737884677,24.16790186,Average,355,Loyal Customer
2601,21,New York,0,6,Bi-Weekly,114,1.818470319,41.75556095,1.818470319,32.21889343,Average,514,Recent Customer
2602,61,Mississippi,0,43,Monthly,12,-0.395134267,63.74652178,-0.395134267,51.60265843,Average,351,Loyal Customer
2603,65,South Carolina,0,1,Quarterly,3,-3.073213087,90.35178218,-3.073213087,75.05366266,Average,112,Hibernating
2604,69,Washington,0,8,Annually,1,-2.049697878,80.18371377,-2.049697878,66.09109617,Average,113,Lost
2605,47,Colorado,0,6,Weekly,57,-0.894619265,68.7086343,-0.894619265,55.97647474,Average,413,Recent Customer
2606,41,Nevada,0,32,Fortnightly,28,1.794741096,41.99129791,1.794741096,32.42668198,Average,345,Loyal Customer
2607,68,Nevada,0,46,Bi-Weekly,114,5.22092522,7.95401711,5.22092522,2.424779948,Good,555,Champion
2608,41,Oklahoma,0,38,Every 3 Months,4,-0.823510863,68.00221089,-0.823510863,55.3538032,Average,242,Need Attention
2609,42,Mississippi,0,48,Fortnightly,28,1.846731641,41.47480004,1.846731641,31.97141887,Good,353,Loyal Customer
2610,66,Arkansas,0,18,Bi-Weekly,114,3.155898261,28.46893982,3.155898261,20.50750238,Average,525,Potential Loyalist
2611,66,West Virginia,0,25,Quarterly,3,0.657281035,53.29134662,0.657281035,42.38702389,Average,135,At Risk
2612,33,Michigan,0,4,Fortnightly,28,0.109743902,58.73083103,0.109743902,47.18161601,Good,315,Need Attention
2613,55,Louisiana,0,27,Quarterly,3,-2.202277964,81.69951415,-2.202277964,67.42718688,Average,131,Lost
2614,58,South Dakota,0,14,Monthly,12,-0.080307313,60.61888676,-0.080307313,48.84582836,Average,325,Promising
2615,18,North Dakota,0,36,Fortnightly,28,0.889333465,50.9860316,0.889333465,40.35502151,Good,343,Loyal Customer
2616,49,Arizona,0,6,Quarterly,3,-1.967019561,79.36234953,-1.967019561,65.36711092,Average,113,Lost
2617,61,Georgia,0,46,Annually,1,0.454243894,55.30841049,0.454243894,44.16494947,Average,153,At Risk
2618,31,Idaho,0,29,Annually,1,1.050860551,49.38134762,1.050860551,38.94058503,Good,135,At Risk
2619,70,Louisiana,0,12,Monthly,12,-0.683241736,66.6087132,-0.683241736,54.12551527,Good,324,Promising
2620,68,Connecticut,0,47,Weekly,57,1.352522079,46.38450397,1.352522079,36.29904001,Average,452,Loyal Customer
2621,27,Ohio,0,28,Annually,1,-2.143055433,81.11117043,-2.143055433,66.90859579,Average,131,Lost
2622,48,Maine,0,21,Annually,1,-1.656455846,76.27706749,-1.656455846,62.64761255,Average,132,Need Attention
2623,63,New Hampshire,0,15,Annually,1,-0.847276284,68.23830746,-0.847276284,55.56190872,Good,124,Need Attention
2624,49,Massachusetts,0,38,Annually,1,0.787165622,52.0010137,0.787165622,41.24966976,Good,144,At Risk
2625,19,South Dakota,0,19,Annually,1,-1.24597756,72.19918837,-1.24597756,59.05319705,Average,123,Need Attention
2626,30,Colorado,0,31,Weekly,57,0.70937412,52.77383008,0.70937412,41.93086287,Average,442,Loyal Customer
2627,50,Rhode Island,0,30,Every 3 Months,4,-0.955069959,69.30917916,-0.955069959,56.50582043,Good,232,Need Attention
2628,66,Missouri,0,40,Quarterly,3,-1.133427459,71.08106417,-1.133427459,58.06763498,Average,141,Need Attention
2629,25,Wyoming,0,42,Bi-Weekly,114,2.959418137,30.42086327,2.959418137,22.22801045,Average,552,Loyal Customer
2630,61,New Hampshire,0,25,Annually,1,-1.463999709,74.36512016,-1.463999709,60.96234114,Average,132,Need Attention
2631,29,Maine,0,20,Quarterly,3,-0.153333785,61.34436515,-0.153333785,49.48529576,Good,124,Need Attention
2632,53,Connecticut,0,3,Weekly,57,-1.524554958,74.96670371,-1.524554958,61.49260237,Average,412,Recent Customer
2633,24,Alaska,0,14,Annually,1,-2.9433285,89.06144926,-2.9433285,73.91630853,Good,121,Hibernating
2634,51,Alaska,0,32,Fortnightly,28,1.668064507,43.2497611,1.668064507,33.53594478,Good,345,Loyal Customer
2635,26,North Carolina,0,20,Every 3 Months,4,-1.140631595,71.15263335,-1.140631595,58.13071909,Average,223,About to Sleep
2636,59,Colorado,0,34,Fortnightly,28,1.38426281,46.06917702,1.38426281,36.02109748,Average,344,Loyal Customer
2637,41,Utah,0,6,Annually,1,-2.948211008,89.10995433,-2.948211008,73.95906296,Good,112,Hibernating
2638,20,Alabama,0,2,Annually,1,-3.942952206,98.99216855,-3.942952206,82.66966545,Average,111,Hibernating
2639,22,Hawaii,0,35,Annually,1,-1.193987015,71.68269051,-1.193987015,58.59793394,Good,141,Need Attention
2640,18,New Hampshire,0,33,Quarterly,3,-1.237985286,72.11978946,-1.237985286,58.98321148,Average,141,Need Attention
2641,30,Indiana,0,45,Bi-Weekly,114,4.180511242,18.28996563,4.180511242,11.53532308,Good,554,Champion
2642,25,Vermont,0,20,Every 3 Months,4,-1.056180536,70.31365789,-1.056180536,57.39121056,Average,223,About to Sleep
2643,39,Iowa,0,48,Annually,1,1.943914436,40.50934169,1.943914436,31.12042295,Good,155,At Risk
2644,49,Maryland,0,37,Monthly,12,-0.472690824,64.51700411,-0.472690824,52.28179421,Average,342,Loyal Customer
2645,25,New Mexico,0,4,Every 3 Months,4,-1.19262214,71.66913121,-1.19262214,58.5859822,Average,214,About to Sleep
2646,23,Louisiana,0,24,Bi-Weekly,114,2.980101641,30.21538387,2.980101641,22.0468922,Good,534,Potential Loyalist
2647,33,New Mexico,0,4,Every 3 Months,4,-2.332711437,82.99529996,-2.332711437,68.56934742,Average,213,About to Sleep
2648,60,South Carolina,0,25,Annually,1,-0.872842296,68.49229192,-0.872842296,55.7857814,Average,133,At Risk
2649,51,Illinois,0,14,Bi-Weekly,114,2.41451024,35.83422765,2.41451024,26.99957927,Average,524,Potential Loyalist
2650,23,Minnesota,0,14,Fortnightly,28,-2.491579411,84.57356711,-2.491579411,69.96049898,Average,321,Promising
2651,20,Oregon,0,46,Every 3 Months,4,-0.311922001,62.91985305,-0.311922001,50.87399758,Good,251,Need Attention
2652,51,Tennessee,0,27,Quarterly,3,-1.315541844,72.89027179,-1.315541844,59.66234727,Good,132,Need Attention
2653,23,Maryland,0,46,Monthly,12,-0.736385754,67.13667019,-0.736385754,54.59087894,Average,351,Loyal Customer
2654,67,Wisconsin,0,24,Every 3 Months,4,-1.792686048,77.63044065,-1.792686048,63.84053302,Good,232,Need Attention
2655,23,Idaho,0,4,Annually,1,-1.81989872,77.90078378,-1.81989872,64.07882492,Good,114,Need Attention
2656,26,Wyoming,0,2,Fortnightly,28,-0.704318168,66.81809613,-0.704318168,54.31007426,Average,314,Need Attention
2657,52,Indiana,0,29,Fortnightly,28,0.869226697,51.18578143,0.869226697,40.53108948,Average,334,Promising
2658,52,Texas,0,7,Fortnightly,28,-0.442635233,64.21841811,-0.442635233,52.01860786,Average,314,Need Attention
2659,52,Ohio,0,39,Monthly,12,-0.080884049,60.62461633,-0.080884049,48.85087864,Average,342,Loyal Customer
2660,35,Kansas,0,46,Fortnightly,28,0.314835569,56.69335657,0.314835569,45.38569966,Good,351,Loyal Customer
2661,24,South Carolina,0,44,Annually,1,1.582556181,44.09923994,1.582556181,34.28471143,Good,155,At Risk
2662,43,Michigan,0,20,Annually,1,0.385593831,55.99041162,0.385593831,44.76609418,Good,125,Need Attention
2663,25,Nebraska,0,44,Fortnightly,28,2.836590331,31.64109089,2.836590331,23.3035708,Average,355,Loyal Customer
2664,46,Wisconsin,0,23,Annually,1,-1.264649071,72.38467971,-1.264649071,59.21669697,Average,133,At Risk
2665,22,Illinois,0,37,Weekly,57,2.518177388,34.80435076,2.518177388,26.09180213,Average,444,Champion
2666,70,Louisiana,0,4,Weekly,57,-0.315238861,62.95280426,-0.315238861,50.90304217,Average,414,Recent Customer
2667,49,Ohio,0,14,Fortnightly,28,0.633109774,53.53147499,0.633109774,42.59868321,Good,325,Promising
2668,48,Maryland,0,31,Fortnightly,28,-0.216860061,61.97546425,-0.216860061,50.04157325,Good,342,Loyal Customer
2669,59,Texas,0,9,Quarterly,3,-1.21040728,71.84581693,-1.21040728,58.74172049,Good,114,Need Attention
2670,39,Illinois,0,31,Weekly,57,-0.261813059,62.4220479,-0.261813059,50.43521101,Average,441,Loyal Customer
2671,30,Pennsylvania,0,26,Bi-Weekly,114,1.556210647,44.36096854,1.556210647,34.51541011,Good,532,Potential Loyalist
2672,37,Alabama,0,41,Every 3 Months,4,0.566484361,54.19336233,0.566484361,43.18209876,Good,253,At Risk
2673,56,West Virginia,0,13,Annually,1,-2.970329769,89.32969223,-2.970329769,74.15274925,Average,121,Hibernating
2674,67,Nevada,0,4,Monthly,12,-3.601685781,95.60187173,-3.601685781,79.68131413,Average,311,Lost
2675,40,Florida,0,15,Every 3 Months,4,-2.204599591,81.72257826,-2.204599591,67.44751657,Average,222,About to Sleep
2676,24,Virginia,0,38,Bi-Weekly,114,2.133579057,38.62512656,2.133579057,29.45959587,Average,542,Loyal Customer
2677,43,Kentucky,0,3,Fortnightly,28,-0.888444547,68.64729182,-0.888444547,55.92240487,Average,314,Need Attention
2678,45,Connecticut,0,6,Every 3 Months,4,-2.743189723,87.07317907,-2.743189723,72.16376291,Average,212,About to Sleep
2679,33,Montana,0,34,Bi-Weekly,114,4.094624926,19.14319959,4.094624926,12.28739966,Average,545,Champion
2680,53,Montana,0,7,Quarterly,3,-1.644439585,76.15769245,-1.644439585,62.54239033,Average,113,Lost
2681,44,Nebraska,0,21,Annually,1,-2.036485612,80.05245707,-2.036485612,65.97540095,Average,132,Need Attention
2682,23,Massachusetts,0,17,Monthly,12,-2.617286335,85.82239721,-2.617286335,71.06127076,Good,321,Promising
2683,59,North Carolina,0,5,Every 3 Months,4,-1.883454873,78.53217968,-1.883454873,64.63536402,Average,213,About to Sleep
2684,68,Montana,0,21,Fortnightly,28,-1.626962053,75.98406265,-1.626962053,62.38934566,Good,331,Promising
2685,46,Washington,0,42,Bi-Weekly,114,2.706064959,32.93778966,2.706064959,24.44653605,Good,552,Loyal Customer
2686,56,Virginia,0,49,Quarterly,3,-0.552611798,65.31097563,-0.552611798,52.98163437,Average,151,Need Attention
2687,40,Georgia,0,33,Fortnightly,28,0.977231775,50.11280957,0.977231775,39.5853266,Average,344,Loyal Customer
2688,61,Delaware,0,12,Bi-Weekly,114,1.896026876,40.98507862,1.896026876,31.53975765,Average,524,Potential Loyalist
2689,53,West Virginia,0,18,Every 3 Months,4,-1.067957545,70.43065609,-1.067957545,57.49433773,Average,223,About to Sleep
2690,29,Wyoming,0,47,Quarterly,3,-0.2688101,62.49155971,-0.2688101,50.49648167,Average,151,Need Attention
2691,44,New Mexico,0,18,Weekly,57,-0.992859327,69.68459603,-0.992859327,56.83672877,Good,421,Potential Loyalist
2692,43,Nebraska,0,48,Monthly,12,-0.386804508,63.66377014,-0.386804508,51.52971763,Average,351,Loyal Customer
2693,40,Washington,0,18,Every 3 Months,4,0.072131752,59.10448734,0.072131752,47.51097252,Good,225,About to Sleep
2694,55,Hawaii,0,46,Quarterly,3,1.139856634,48.49721981,1.139856634,38.1612773,Average,154,At Risk
2695,66,Louisiana,0,34,Every 3 Months,4,-1.480447824,74.52852326,-1.480447824,61.10637156,Good,241,Need Attention
2696,50,Tennessee,0,10,Bi-Weekly,114,2.47540728,35.22924858,2.47540728,26.46632508,Average,515,Recent Customer
2697,57,South Dakota,0,12,Monthly,12,-3.090096918,90.51951389,-3.090096918,75.2015085,Good,321,Promising
2698,42,Delaware,0,36,Quarterly,3,-0.312470887,62.92530594,-0.312470887,50.87880398,Average,143,At Risk
2699,55,Virginia,0,34,Quarterly,3,-0.239796837,62.20332868,-0.239796837,50.24242262,Average,143,At Risk
2700,25,Utah,0,49,Annually,1,2.393171001,36.04622141,2.393171001,27.18643956,Average,155,At Risk
2701,22,California,0,36,Weekly,57,1.773342117,42.20388516,1.773342117,32.61406539,Average,443,Loyal Customer
2702,49,Idaho,0,18,Fortnightly,28,-1.83464245,78.04725474,-1.83464245,64.20793063,Average,321,Promising
2703,70,Texas,0,39,Fortnightly,28,-0.085300965,60.66849599,-0.085300965,48.88955603,Good,342,Loyal Customer
2704,56,Tennessee,0,34,Weekly,57,0.537024751,54.48602757,0.537024751,43.44006631,Good,442,Loyal Customer
2705,52,Tennessee,0,35,Weekly,57,1.112957905,48.76444409,1.112957905,38.39682012,Average,443,Loyal Customer
2706,65,Washington,0,1,Bi-Weekly,114,1.387885265,46.0331899,1.387885265,35.9893769,Good,514,Recent Customer
2707,24,Alabama,0,48,Quarterly,3,0.011544346,59.70639035,0.011544346,48.04151535,Average,152,Need Attention
2708,32,Nebraska,0,19,Weekly,57,1.440997125,45.50555238,1.440997125,35.52429482,Good,425,Potential Loyalist
2709,57,Alabama,0,44,Weekly,57,3.425020276,25.79535857,3.425020276,18.15089455,Average,455,Champion
2710,35,Illinois,0,9,Bi-Weekly,114,0.801610359,51.85751307,0.801610359,41.12318222,Average,513,Recent Customer
2711,69,Wisconsin,0,3,Fortnightly,28,-1.986308314,79.55397283,-1.986308314,65.53601582,Good,312,Need Attention
2712,30,Nebraska,0,50,Monthly,12,-0.375027499,63.54677194,-0.375027499,51.42659046,Good,351,Loyal Customer
2713,37,North Dakota,0,7,Quarterly,3,-0.504350288,64.8315237,-0.504350288,52.55902512,Good,115,Need Attention
2714,19,Mississippi,0,20,Annually,1,-1.26120182,72.35043314,-1.26120182,59.1865106,Average,123,Need Attention
2715,53,Iowa,0,16,Bi-Weekly,114,0.906168186,50.81878777,0.906168186,40.20760571,Average,522,Potential Loyalist
2716,25,Mississippi,0,29,Fortnightly,28,1.544835169,44.47397773,1.544835169,34.61502121,Good,335,Promising
2717,47,Colorado,0,21,Weekly,57,-0.447374694,64.26550209,-0.447374694,52.06010967,Average,432,Potential Loyalist
2718,18,Nebraska,0,19,Every 3 Months,4,-1.040956276,70.16241312,-1.040956276,57.25789701,Good,223,About to Sleep
2719,22,Virginia,0,10,Bi-Weekly,114,2.390956221,36.06822405,2.390956221,27.20583361,Good,515,Recent Customer
2720,69,Louisiana,0,4,Monthly,12,-1.02592848,70.01312012,-1.02592848,57.12630383,Good,314,Need Attention
2721,55,Maryland,0,45,Quarterly,3,0.310570304,56.73572967,0.310570304,45.4230491,Average,153,At Risk
2722,19,Minnesota,0,17,Fortnightly,28,-0.214848068,61.95547618,-0.214848068,50.02395493,Good,324,Promising
2723,23,Maine,0,22,Fortnightly,28,0.680217811,53.06348219,0.680217811,42.18617452,Average,334,Promising
2724,54,Texas,0,3,Every 3 Months,4,-2.697516943,86.61944478,-2.697516943,71.76382227,Average,212,About to Sleep
2725,52,Missouri,0,11,Fortnightly,28,0.256527259,57.27261801,0.256527259,45.89628524,Poor,325,Promising
2726,64,Mississippi,0,4,Annually,1,-0.595358364,65.73563957,-0.595358364,53.35595117,Average,115,Need Attention
2727,33,Michigan,0,11,Bi-Weekly,114,2.544634079,34.54151789,2.544634079,25.86013009,Average,525,Potential Loyalist
2728,40,Colorado,0,47,Fortnightly,28,2.579789903,34.19226385,2.579789903,25.55228278,Average,355,Loyal Customer
2729,26,Florida,0,17,Weekly,57,-1.230988244,72.05027765,-1.230988244,58.92194083,Good,421,Potential Loyalist
2730,31,Montana,0,32,Monthly,12,0.447941067,55.37102565,0.447941067,44.22014113,Good,344,Loyal Customer
2731,23,Wisconsin,0,37,Annually,1,-1.139984476,71.14620458,-1.139984476,58.1250525,Good,141,Need Attention
2732,52,Wisconsin,0,44,Quarterly,3,-0.560941556,65.39372726,-0.560941556,53.05457516,Poor,151,Need Attention
2733,21,Delaware,0,27,Every 3 Months,4,0.06179,59.20722704,0.06179,47.60153164,Good,234,At Risk
2734,31,North Carolina,0,46,Annually,1,1.63655872,43.56275401,1.63655872,33.81182999,Good,154,At Risk
2735,63,New York,0,13,Bi-Weekly,114,2.725313207,32.74656876,2.725313207,24.27798585,Average,525,Potential Loyalist
2736,46,California,0,2,Bi-Weekly,114,-0.738615471,67.15882123,-0.738615471,54.61040381,Average,511,Recent Customer
2737,44,Montana,0,45,Annually,1,-0.881748791,68.58077312,-0.881748791,55.86377247,Good,151,Need Attention
2738,57,North Carolina,0,35,Every 3 Months,4,0.657829921,53.28589373,0.657829921,42.38221748,Good,244,At Risk
2739,50,Ohio,0,39,Every 3 Months,4,1.145864765,48.43753229,1.145864765,38.10866619,Good,244,At Risk
2740,33,Alaska,0,39,Every 3 Months,4,1.103639235,48.85702002,1.103639235,38.47842046,Poor,244,At Risk
2741,19,Pennsylvania,0,34,Fortnightly,28,0.962007515,50.26405434,0.962007515,39.71864015,Good,344,Loyal Customer
2742,68,Maine,0,41,Monthly,12,1.493237552,44.98657207,1.493237552,35.06684358,Good,354,Loyal Customer
2743,27,Texas,0,47,Annually,1,1.832462108,41.61656012,1.832462108,32.0963722,Average,155,At Risk
2744,61,New Jersey,0,17,Quarterly,3,0.145692173,58.37370447,0.145692173,46.86682951,Good,125,Need Attention
2745,38,Wyoming,0,40,Monthly,12,0.790627811,51.96661873,0.790627811,41.21935258,Average,343,Loyal Customer
2746,28,Michigan,0,44,Bi-Weekly,114,5.082471622,9.329478504,5.082471622,3.637169922,Good,555,Champion
2747,39,Ohio,0,21,Every 3 Months,4,-2.46484727,84.30799778,-2.46484727,69.72641492,Average,231,Need Attention
2748,18,West Virginia,0,21,Every 3 Months,4,-0.902502678,68.78695173,-0.902502678,56.04550704,Average,233,At Risk
2749,24,Virginia,0,16,Annually,1,0.193137694,57.90235894,0.193137694,46.45136559,Average,125,Need Attention
2750,64,Vermont,0,15,Annually,1,-1.776237933,77.46703755,-1.776237933,63.6965026,Average,123,Need Attention
2751,51,Alaska,0,26,Every 3 Months,4,-0.387466565,63.67034732,-0.387466565,51.53551503,Average,233,At Risk
2752,27,Minnesota,0,50,Monthly,12,0.891738387,50.96214,0.891738387,40.33396245,Average,353,Loyal Customer
2753,48,Colorado,0,30,Bi-Weekly,114,2.677628433,33.22029112,2.677628433,24.69554482,Good,533,Potential Loyalist
2754,69,Rhode Island,0,48,Quarterly,3,0.813829407,51.73612346,0.813829407,41.01618427,Average,153,At Risk
2755,59,New Jersey,0,21,Bi-Weekly,114,1.927910654,40.66833059,1.927910654,31.26056251,Average,533,Potential Loyalist
2756,59,Nevada,0,18,Annually,1,0.289365763,56.94638528,0.289365763,45.60872989,Average,125,Need Attention
2757,42,Minnesota,0,41,Monthly,12,-0.95584316,69.31686048,-0.95584316,56.51259108,Good,351,Loyal Customer
2758,39,Delaware,0,11,Monthly,12,0.134267585,58.48720154,0.134267585,46.96687065,Good,325,Promising
2759,32,Illinois,0,8,Bi-Weekly,114,2.590306859,34.08778359,2.590306859,25.46018945,Average,515,Recent Customer
2760,68,Washington,0,42,Every 3 Months,4,0.424583512,55.60307029,0.424583512,44.42467511,Average,253,At Risk
2761,41,Alaska,0,41,Bi-Weekly,114,4.199182753,18.1044743,4.199182753,11.37182316,Good,554,Champion
2762,31,Michigan,0,3,Every 3 Months,4,-1.304074469,72.77634964,-1.304074469,59.56193146,Average,214,About to Sleep
2763,58,Georgia,0,10,Every 3 Months,4,-2.550733586,85.16123175,-2.550733586,70.4784915,Average,212,About to Sleep
2764,28,West Virginia,0,35,Quarterly,3,-0.381697686,63.61303664,-0.381697686,51.48499897,Average,143,At Risk
2765,63,Arizona,0,2,Weekly,57,-1.720458345,76.9128976,-1.720458345,63.20806016,Average,412,Recent Customer
2766,64,Colorado,0,24,Quarterly,3,-0.383132943,63.62729514,-0.383132943,51.49756702,Good,134,At Risk
2767,66,Tennessee,0,47,Monthly,12,2.330853642,36.66531057,2.330853642,27.73213099,Average,355,Loyal Customer
2768,31,Iowa,0,31,Monthly,12,1.392126976,45.9910508,1.392126976,35.95223371,Good,345,Loyal Customer
2769,55,Kansas,0,28,Bi-Weekly,114,0.892379183,50.95577404,0.892379183,40.32835121,Average,531,Potential Loyalist
2770,32,Oklahoma,0,13,Weekly,57,1.067861861,49.21244883,1.067861861,38.79171048,Average,425,Potential Loyalist
2771,50,Nebraska,0,22,Quarterly,3,-1.619450309,75.90943755,-1.619450309,62.32356794,Average,132,Need Attention
2772,58,Maryland,0,12,Fortnightly,28,-1.321041594,72.94490883,-1.321041594,59.71050667,Average,323,Promising
2773,18,Pennsylvania,0,10,Every 3 Months,4,-0.312780521,62.92838199,-0.312780521,50.88151534,Average,215,About to Sleep
2774,39,Arizona,0,45,Quarterly,3,2.252944662,37.43929403,2.252944662,28.41435281,Good,155,At Risk
2775,56,Oklahoma,0,42,Quarterly,3,-0.403816448,63.83277454,-0.403816448,51.67868527,Good,152,Need Attention
2776,37,Montana,0,16,Weekly,57,-1.426891632,73.99647154,-1.426891632,60.63739862,Average,421,Potential Loyalist
2777,46,Wyoming,0,6,Annually,1,-2.019249358,79.88122424,-2.019249358,65.82446908,Average,113,Lost
2778,52,Idaho,0,28,Every 3 Months,4,-2.022485207,79.91337064,-2.022485207,65.85280428,Good,231,Need Attention
2779,70,Pennsylvania,0,24,Bi-Weekly,114,1.966688932,40.28308942,1.966688932,30.92099461,Average,533,Potential Loyalist
2780,61,Montana,0,14,Fortnightly,28,-0.591430583,65.6966192,-0.591430583,53.32155696,Good,323,Promising
2781,33,Ohio,0,29,Fortnightly,28,0.61587352,53.70270782,0.61587352,42.74961508,Good,334,Promising
2782,65,Mississippi,0,33,Weekly,57,0.341121364,56.43222146,0.341121364,45.1555241,Good,442,Loyal Customer
2783,41,Idaho,0,30,Annually,1,-1.54012101,75.12134399,-1.54012101,61.62890887,Average,131,Lost
2784,19,Virginia,0,26,Quarterly,3,-1.59589629,75.67544115,-1.59589629,62.11731359,Good,132,Need Attention
2785,33,Idaho,0,12,Every 3 Months,4,-1.187739632,71.62062615,-1.187739632,58.54322778,Average,224,About to Sleep
2786,53,Louisiana,0,13,Monthly,12,-0.487338348,64.66251931,-0.487338348,52.41005748,Average,324,Promising
2787,54,Colorado,0,41,Every 3 Months,4,0.017552477,59.64670283,0.017552477,47.98890424,Average,252,Need Attention
2788,36,West Virginia,0,4,Fortnightly,28,-0.734766688,67.12058566,-0.734766688,54.57670135,Good,314,Need Attention
2789,56,Rhode Island,0,2,Annually,1,-1.029390668,70.04751509,-1.029390668,57.15662101,Average,115,Need Attention
2790,28,North Carolina,0,28,Bi-Weekly,114,3.425910955,25.78651016,3.425910955,18.14309519,Good,535,Potential Loyalist
2791,34,Maine,0,24,Annually,1,-0.730941447,67.08258396,-0.730941447,54.54320505,Good,133,At Risk
2792,43,Iowa,0,14,Fortnightly,28,-0.84478376,68.21354559,-0.84478376,55.54008256,Average,323,Promising
2793,54,Kentucky,0,11,Weekly,57,-0.970740566,69.46485813,-0.970740566,56.64304247,Average,422,Potential Loyalist
2794,37,Massachusetts,0,27,Bi-Weekly,114,2.174369329,38.21989733,2.174369329,29.10240965,Average,533,Potential Loyalist
2795,33,New York,0,7,Fortnightly,28,-2.849490415,88.12921879,-2.849490415,73.09460108,Average,311,Lost
2796,33,Nebraska,0,49,Annually,1,-0.1825863,61.63497302,-0.1825863,49.74144985,Average,151,Need Attention
2797,55,Oklahoma,0,21,Annually,1,-0.516366549,64.95089874,-0.516366549,52.66424734,Average,134,At Risk
2798,63,Oklahoma,0,10,Every 3 Months,4,-2.508508057,84.74174402,-2.508508057,70.10873723,Average,212,About to Sleep
2799,52,Rhode Island,0,37,Weekly,57,-0.184256501,61.65156556,-0.184256501,49.75607523,Good,441,Loyal Customer
2800,23,Maine,0,9,Every 3 Months,4,-0.593134968,65.71355134,-0.593134968,53.33648167,Average,215,About to Sleep
2801,70,Arkansas,0,14,Bi-Weekly,114,2.076706004,39.1901295,2.076706004,29.95761341,Average,524,Potential Loyalist
2802,64,New Mexico,0,30,Annually,1,-0.61115936,65.8926139,-0.61115936,53.494315,Average,133,At Risk
2803,22,Hawaii,0,42,Fortnightly,28,2.782587792,32.17757682,2.782587792,23.77645224,Average,355,Loyal Customer
2804,46,Idaho,0,31,Monthly,12,-0.76137503,67.3849251,-0.76137503,54.80970133,Average,342,Loyal Customer
2805,65,South Carolina,0,48,Every 3 Months,4,1.557778308,44.34539467,1.557778308,34.50168265,Average,254,At Risk
2806,18,Nevada,0,48,Quarterly,3,2.418399529,35.79558967,2.418399529,26.96552212,Good,155,At Risk
2807,45,South Carolina,0,50,Annually,1,0.055542617,59.2692914,0.055542617,47.6562378,Average,152,Need Attention
2808,56,Maryland,0,10,Fortnightly,28,0.567330225,54.18495912,0.567330225,43.17469182,Good,315,Need Attention
2809,49,Tennessee,0,45,Every 3 Months,4,0.758940497,52.281415,0.758940497,41.49682735,Average,253,At Risk
2810,66,Arkansas,0,27,Quarterly,3,1.00686228,49.81844657,1.00686228,39.32586258,Average,135,At Risk
2811,27,Arizona,0,10,Fortnightly,28,-2.346231312,83.12961258,-2.346231312,68.68773625,Good,311,Lost
2812,69,Ohio,0,19,Quarterly,3,0.073018123,59.09568173,0.073018123,47.50321088,Average,125,Need Attention
2813,66,North Dakota,0,1,Every 3 Months,4,-1.062498301,70.37642145,-1.062498301,57.44653303,Average,215,About to Sleep
2814,45,Vermont,0,39,Quarterly,3,-0.189241549,61.70108931,-0.189241549,49.79972756,Average,142,Need Attention
2815,31,Minnesota,0,14,Monthly,12,-2.444936966,84.11019972,-2.444936966,69.55206732,Average,321,Promising
2816,33,Idaho,0,40,Every 3 Months,4,0.62393415,53.62262983,0.62393415,42.67903095,Average,243,At Risk
2817,43,Maryland,0,45,Weekly,57,0.707362127,52.79381814,0.707362127,41.94848119,Average,451,Loyal Customer
2818,25,South Carolina,0,6,Weekly,57,-0.430138441,64.09426926,-0.430138441,51.9091778,Average,413,Recent Customer
2819,46,California,0,12,Annually,1,-1.13940774,71.14047501,-1.13940774,58.12000222,Good,124,Need Attention
2820,67,Georgia,0,19,Monthly,12,-2.309930619,82.76898489,-2.309930619,68.36986372,Average,321,Promising
2821,26,Vermont,0,5,Bi-Weekly,114,2.002596697,39.92636526,2.002596697,30.60656282,Average,515,Recent Customer
2822,35,Georgia,0,37,Monthly,12,0.836300591,51.51288444,0.836300591,40.81941193,Good,344,Loyal Customer
2823,61,New Jersey,0,33,Quarterly,3,-1.153534227,71.280814,-1.153534227,58.24370295,Good,142,Need Attention
2824,26,Utah,0,47,Bi-Weekly,114,3.812258486,21.94835701,3.812258486,14.75998431,Good,553,Loyal Customer
2825,39,Utah,0,49,Quarterly,3,2.192047621,38.04427309,2.192047621,28.947607,Good,155,At Risk
2826,69,North Carolina,0,28,Annually,1,-0.496259781,64.75114891,-0.496259781,52.48817937,Good,133,At Risk
2827,32,Florida,0,23,Annually,1,-1.644678837,76.16006929,-1.644678837,62.54448538,Average,132,Need Attention
2828,20,Wisconsin,0,11,Bi-Weekly,114,2.713536197,32.86356696,2.713536197,24.38111302,Average,525,Potential Loyalist
2829,25,Tennessee,0,33,Quarterly,3,0.788840131,51.98437836,0.788840131,41.23500666,Average,144,At Risk
2830,56,Arizona,0,47,Weekly,57,2.492611376,35.05833523,2.492611376,26.3156748,Average,453,Loyal Customer
2831,63,Oregon,0,13,Every 3 Months,4,-0.274002243,62.54314082,-0.274002243,50.54194745,Average,225,About to Sleep
2832,34,Virginia,0,4,Weekly,57,-1.075298393,70.50358343,-1.075298393,57.55861898,Good,413,Recent Customer
2833,29,Maryland,0,40,Quarterly,3,-0.668946634,66.46669912,-0.668946634,54.00033804,Good,142,Need Attention
2834,43,Arkansas,0,19,Monthly,12,-1.085390263,70.60384068,-1.085390263,57.64698997,Average,323,Promising
2835,39,Texas,0,17,Weekly,57,-0.597605302,65.75796168,-0.597605302,53.37562682,Average,422,Potential Loyalist
2836,33,Vermont,0,7,Annually,1,-1.02106091,69.96476345,-1.02106091,57.08368021,Good,114,Need Attention
2837,51,Wyoming,0,21,Bi-Weekly,114,1.463429829,45.28269563,1.463429829,35.32785944,Good,532,Potential Loyalist
2838,65,Alabama,0,44,Weekly,57,3.171667099,28.31228496,3.171667099,20.36942015,Good,455,Champion
2839,51,Maine,0,2,Weekly,57,-1.340428579,73.13750801,-1.340428579,59.88027175,Average,412,Recent Customer
2840,70,South Dakota,0,30,Monthly,12,0.689517234,52.97109746,0.689517234,42.1047427,Average,334,Promising
2841,40,West Virginia,0,41,Annually,1,-0.229694337,62.10296582,-0.229694337,50.15395854,Average,152,Need Attention
2842,19,Ohio,0,31,Weekly,57,-0.050685411,60.32460924,-0.050685411,48.58643967,Average,441,Loyal Customer
2843,28,Arizona,0,48,Quarterly,3,2.545076118,34.53712648,2.545076118,25.85625932,Good,155,At Risk
2844,51,Ohio,0,41,Weekly,57,0.346003872,56.38371639,0.346003872,45.11276968,Average,451,Loyal Customer
2845,32,New Mexico,0,42,Annually,1,1.190749406,47.99162772,1.190749406,37.71562701,Good,154,At Risk
2846,26,South Dakota,0,39,Every 3 Months,4,0.976962647,50.11548321,0.976962647,39.58768326,Good,244,At Risk
2847,50,Oklahoma,0,15,Bi-Weekly,114,0.456911622,55.28190805,0.456911622,44.14158911,Average,522,Potential Loyalist
2848,68,Connecticut,0,3,Every 3 Months,4,-3.87983177,98.36510125,-3.87983177,82.11694175,Average,211,About to Sleep
2849,33,Wisconsin,0,28,Quarterly,3,-0.021774688,60.03739689,-0.021774688,48.33327854,Good,134,At Risk
2850,56,New Hampshire,0,27,Bi-Weekly,114,0.823152385,51.64350474,0.823152385,40.9345462,Good,531,Potential Loyalist
2851,57,Nebraska,0,36,Annually,1,0.775388613,52.1180119,0.775388613,41.35279693,Average,144,At Risk
2852,58,Nevada,0,42,Monthly,12,1.224660115,47.65474322,1.224660115,37.41868273,Average,354,Loyal Customer
2853,40,New York,0,30,Weekly,57,1.484657912,45.07180615,1.484657912,35.14197251,Average,434,Potential Loyalist
2854,37,Pennsylvania,0,9,Weekly,57,-0.940292046,69.1623686,-0.940292046,56.37641538,Average,412,Recent Customer
2855,36,Delaware,0,25,Monthly,12,-1.852344296,78.22311298,-1.852344296,64.36293953,Average,331,Promising
2856,29,Mississippi,0,33,Quarterly,3,1.295546485,46.95052558,1.295546485,36.79795546,Average,145,At Risk
2857,65,Iowa,0,31,Monthly,12,-0.592472911,65.70697417,-0.592472911,53.33068427,Average,342,Loyal Customer
2858,44,Utah,0,35,Monthly,12,1.584583113,44.07910347,1.584583113,34.2669623,Average,345,Loyal Customer
2859,34,Maryland,0,46,Monthly,12,2.092724724,39.0309922,2.092724724,29.81734304,Average,355,Loyal Customer
2860,31,Utah,0,29,Annually,1,-1.693798868,76.64805015,-1.693798868,62.97461239,Average,131,Lost
2861,28,Rhode Island,0,49,Weekly,57,1.406524618,45.84801804,1.406524618,35.82615857,Average,452,Loyal Customer
2862,66,Maryland,0,27,Monthly,12,-0.61602693,65.94097057,-0.61602693,53.53693861,Average,333,Promising
2863,68,Hawaii,0,5,Every 3 Months,4,-1.461199577,74.33730237,-1.461199577,60.93782135,Good,214,About to Sleep
2864,37,Connecticut,0,18,Monthly,12,-1.154617062,71.29157138,-1.154617062,58.25318496,Average,323,Promising
2865,58,Illinois,0,31,Weekly,57,0.371569884,56.12973193,0.371569884,44.888897,Average,442,Loyal Customer
2866,28,California,0,27,Fortnightly,28,1.617509219,43.75200047,1.617509219,33.97863984,Average,335,Promising
2867,54,Connecticut,0,19,Annually,1,-0.570369088,65.48738467,-0.570369088,53.13712878,Average,124,Need Attention
2868,21,Colorado,0,33,Fortnightly,28,0.259397773,57.244101,0.259397773,45.87114914,Good,343,Loyal Customer
2869,45,Colorado,0,42,Every 3 Months,4,0.002328217,59.7979476,0.002328217,48.12221778,Average,252,Need Attention
2870,57,Georgia,0,16,Weekly,57,-0.033449158,60.15337641,-0.033449158,48.4355078,Good,423,Potential Loyalist
2871,47,North Dakota,0,49,Every 3 Months,4,-0.146467133,61.27614869,-0.146467133,49.42516688,Good,251,Need Attention
2872,46,Idaho,0,40,Bi-Weekly,114,2.483160303,35.15222651,2.483160303,26.39843456,Average,542,Loyal Customer
2873,63,Connecticut,0,5,Annually,1,-2.679633571,86.44178317,-2.679633571,71.60722381,Average,112,Hibernating
2874,44,Montana,0,8,Monthly,12,-2.522493524,84.88068205,-2.522493524,70.2312031,Average,312,Need Attention
2875,36,Colorado,0,2,Annually,1,-3.689599028,96.47524216,-3.689599028,80.45113984,Average,111,Hibernating
2876,24,Kentucky,0,14,Weekly,57,0.799284423,51.88061998,0.799284423,41.14354963,Average,424,Potential Loyalist
2877,65,New Mexico,0,5,Fortnightly,28,-0.454412242,64.33541631,-0.454412242,52.12173503,Average,314,Need Attention
2878,32,New Jersey,0,34,Monthly,12,-0.469243574,64.48275754,-0.469243574,52.25160784,Average,342,Loyal Customer
2879,63,California,0,13,Annually,1,-0.521249057,64.99940381,-0.521249057,52.70700176,Good,125,Need Attention
2880,62,North Dakota,0,31,Annually,1,-0.499707032,64.78539547,-0.499707032,52.51836574,Good,143,At Risk
2881,19,Florida,0,43,Quarterly,3,0.552146471,54.33580148,0.552146471,43.30765067,Good,153,At Risk
2882,38,Texas,0,6,Annually,1,-0.836934532,68.13556776,-0.836934532,55.4713496,Good,115,Need Attention
2883,59,Oklahoma,0,23,Bi-Weekly,114,1.644108956,43.48774651,1.644108956,33.7457152,Average,532,Potential Loyalist
2884,22,Rhode Island,0,10,Weekly,57,-0.871065247,68.4746379,-0.871065247,55.77022039,Average,412,Recent Customer
2885,55,Arkansas,0,47,Every 3 Months,4,0.390687741,55.93980638,0.390687741,44.72148858,Average,252,Need Attention
2886,29,Nevada,0,14,Bi-Weekly,114,2.330059181,36.67320311,2.330059181,27.7390878,Average,524,Potential Loyalist
2887,42,Utah,0,29,Weekly,57,-0.189139009,61.70007063,-0.189139009,49.79882965,Good,431,Potential Loyalist
2888,23,Kentucky,0,12,Bi-Weekly,114,-0.088573011,60.70100199,-0.088573011,48.9182082,Average,521,Potential Loyalist
2889,70,Wisconsin,0,25,Quarterly,3,-1.496220971,74.68522092,-1.496220971,61.24449151,Good,132,Need Attention
2890,64,Minnesota,0,21,Annually,1,-1.783132435,77.53553068,-1.783132435,63.75687535,Average,132,Need Attention
2891,39,North Dakota,0,23,Monthly,12,-0.850708597,68.27240563,-0.850708597,55.59196429,Average,333,Promising
2892,47,Ohio,0,10,Monthly,12,-0.990597452,69.66212552,-0.990597452,56.81692231,Poor,314,Need Attention
2893,22,Nevada,0,47,Monthly,12,0.135126106,58.4786726,0.135126106,46.95935288,Average,352,Loyal Customer
2894,69,Kentucky,0,44,Every 3 Months,4,-1.083758541,70.58763041,-1.083758541,57.63270156,Average,251,Need Attention
2895,35,Kentucky,0,41,Annually,1,-0.86307728,68.39528179,-0.86307728,55.70027255,Average,151,Need Attention
2896,56,Montana,0,29,Monthly,12,0.873643613,51.14190177,0.873643613,40.49241209,Good,335,Promising
2897,30,Delaware,0,2,Every 3 Months,4,-0.993271502,69.68869076,-0.993271502,56.84033804,Average,215,About to Sleep
2898,43,Montana,0,2,Fortnightly,28,-1.717730877,76.88580168,-1.717730877,63.18417667,Poor,313,Need Attention
2899,23,New Jersey,0,29,Annually,1,-1.651573338,76.22856242,-1.651573338,62.60485813,Good,131,Lost
2900,50,Nebraska,0,22,Fortnightly,28,-0.12206725,61.03374909,-0.12206725,49.21150559,Good,333,Promising
2901,41,Maryland,0,23,Bi-Weekly,114,2.319717429,36.77594281,2.319717429,27.82964693,Good,533,Potential Loyalist
2902,41,Alabama,0,46,Quarterly,3,-0.000232663,59.82338855,-0.000232663,48.14464252,Average,152,Need Attention
2903,27,North Carolina,0,19,Bi-Weekly,114,0.564916699,54.20893619,0.564916699,43.19582623,Good,521,Potential Loyalist
2904,38,Delaware,0,24,Every 3 Months,4,-1.66600946,76.37197746,-1.66600946,62.73127022,Average,232,Need Attention
2905,41,Iowa,0,43,Monthly,12,-0.057330031,60.39061993,-0.057330031,48.64462429,Good,352,Loyal Customer
2906,58,New York,0,14,Fortnightly,28,-1.140362466,71.14995971,-1.140362466,58.12836243,Good,323,Promising
2907,58,Virginia,0,7,Annually,1,-3.427916093,93.87556414,-3.427916093,78.15967344,Average,111,Hibernating
2908,19,Maryland,0,50,Bi-Weekly,114,4.822223944,11.91489802,4.822223944,5.916068274,Average,554,Champion
2909,43,Texas,0,15,Every 3 Months,4,-0.262225233,62.42614262,-0.262225233,50.43882028,Average,225,About to Sleep
2910,27,Louisiana,0,40,Every 3 Months,4,1.088414975,49.00826479,1.088414975,38.61173401,Average,244,At Risk
2911,32,Mississippi,0,41,Monthly,12,-0.575813394,65.5414709,-0.575813394,53.18480267,Average,351,Loyal Customer
2912,28,Ohio,0,34,Quarterly,3,-1.042081898,70.17359557,-1.042081898,57.2677537,Average,142,Need Attention
2913,48,Oregon,0,27,Bi-Weekly,114,1.329858739,46.60965196,1.329858739,36.49749499,Good,532,Potential Loyalist
2914,43,Wyoming,0,12,Every 3 Months,4,-0.638807748,66.16728564,-0.638807748,53.73642231,Average,224,About to Sleep
2915,45,Pennsylvania,0,1,Bi-Weekly,114,1.007855499,49.80857948,1.007855499,39.3171653,Average,514,Recent Customer
2916,26,Oregon,0,39,Bi-Weekly,114,1.86500162,41.29329772,1.86500162,31.81143502,Good,541,Loyal Customer
2917,62,Oklahoma,0,13,Bi-Weekly,114,1.58522391,44.07273751,1.58522391,34.26135106,Average,523,Potential Loyalist
2918,58,Colorado,0,50,Annually,1,0.308895794,56.75236501,0.308895794,45.4377122,Average,152,Need Attention
2919,19,New York,0,36,Weekly,57,1.984469765,40.1064465,1.984469765,30.76529405,Good,444,Champion
2920,64,Minnesota,0,31,Monthly,12,0.209812149,57.73670727,0.209812149,46.30535319,Average,343,Loyal Customer
2921,33,Texas,0,3,Bi-Weekly,114,1.146309097,48.43311809,1.146309097,38.10477533,Good,514,Recent Customer
2922,20,Wisconsin,0,11,Fortnightly,28,-2.57258322,85.378296,-2.57258322,70.66982114,Good,321,Promising
2923,45,Kentucky,0,16,Quarterly,3,-1.021398394,69.96811618,-1.021398394,57.08663545,Average,123,Need Attention
2924,28,Pennsylvania,0,12,Quarterly,3,-1.213854531,71.8800635,-1.213854531,58.77190686,Good,124,Need Attention
2925,47,Rhode Island,0,37,Every 3 Months,4,0.289577165,56.94428511,0.289577165,45.60687871,Average,243,At Risk
2926,54,Illinois,0,43,Every 3 Months,4,1.845027256,41.49173219,1.845027256,31.98634358,Average,255,At Risk
2927,64,Maryland,0,9,Weekly,57,0.495375958,54.89978573,0.495375958,43.8047703,Good,414,Recent Customer
2928,45,Missouri,0,15,Bi-Weekly,114,-0.049794733,60.31576083,-0.049794733,48.57864031,Average,521,Potential Loyalist
2929,40,Alabama,0,17,Weekly,57,0.964739291,50.23691562,0.964739291,39.69471894,Average,424,Potential Loyalist
2930,31,Maine,0,42,Fortnightly,28,0.797987905,51.89350019,0.797987905,41.15490279,Good,353,Loyal Customer
2931,38,Mississippi,0,14,Monthly,12,-1.684877435,76.55942055,-1.684877435,62.89649051,Good,322,Promising
2932,36,Alabama,0,49,Bi-Weekly,114,2.599495139,33.99650302,2.599495139,25.37973089,Good,551,Loyal Customer
2933,65,Alaska,0,3,Quarterly,3,-1.07683619,70.51886061,-1.07683619,57.57208493,Average,115,Need Attention
2934,27,Illinois,0,28,Monthly,12,-0.63125119,66.09221534,-0.63125119,53.67025216,Average,333,Promising
2935,38,Idaho,0,41,Quarterly,3,-1.233102778,72.0712844,-1.233102778,58.94045706,Good,151,Need Attention
2936,58,North Carolina,0,11,Weekly,57,-1.688574568,76.59614956,-1.688574568,62.92886502,Good,421,Potential Loyalist
2937,31,Washington,0,46,Weekly,57,1.029942103,49.58916106,1.029942103,39.1237606,Average,451,Loyal Customer
2938,28,West Virginia,0,15,Weekly,57,-0.904961018,68.811374,-0.904961018,56.06703386,Good,422,Potential Loyalist
2939,28,Maine,0,15,Monthly,12,-1.488974047,74.61322666,-1.488974047,61.18103272,Average,323,Promising
2940,32,Kentucky,0,34,Weekly,57,0.705926869,52.80807664,0.705926869,41.96104924,Good,442,Loyal Customer
2941,61,Massachusetts,0,13,Monthly,12,-0.2762107,62.56508065,-0.2762107,50.56128615,Good,325,Promising
2942,38,Pennsylvania,0,27,Monthly,12,0.735190015,52.51736317,0.735190015,41.70480206,Average,335,Promising
2943,54,Hawaii,0,37,Weekly,57,1.631441268,43.61359312,1.631441268,33.85664174,Average,443,Loyal Customer
2944,29,Virginia,0,37,Monthly,12,-0.346014236,63.25854091,-0.346014236,51.17253141,Average,342,Loyal Customer
2945,50,New York,0,4,Every 3 Months,4,-0.685915786,66.63527844,-0.685915786,54.148931,Average,215,About to Sleep
2946,32,Delaware,0,1,Every 3 Months,4,-2.835970541,87.99490617,-2.835970541,72.97621225,Good,212,About to Sleep
2947,38,Hawaii,0,29,Quarterly,3,0.258579758,57.25222754,0.258579758,45.87831221,Average,134,At Risk
2948,52,Nebraska,0,50,Annually,1,1.068955326,49.20158585,1.068955326,38.78213539,Good,153,At Risk
2949,61,Vermont,0,38,Bi-Weekly,114,4.033727886,19.74817865,4.033727886,12.82065385,Average,544,Champion
2950,25,Iowa,0,15,Annually,1,-0.087216752,60.6875283,-0.087216752,48.90633192,Average,125,Need Attention
2951,22,Iowa,0,44,Every 3 Months,4,1.914254055,40.80400149,1.914254055,31.38014859,Good,255,At Risk
2952,47,Arkansas,0,14,Weekly,57,1.559343955,44.32984082,1.559343955,34.48797282,Good,425,Potential Loyalist
2953,50,Alabama,0,5,Monthly,12,-3.405782393,93.65567784,-3.405782393,77.96585634,Good,311,Lost
2954,45,Maryland,0,11,Annually,1,-0.828604773,68.05281613,-0.828604773,55.3984088,Good,124,Need Attention
2955,33,South Dakota,0,15,Annually,1,-2.831876171,87.95423083,-2.831876171,72.94035928,Average,121,Hibernating
2956,42,Vermont,0,46,Annually,1,0.960950248,50.27455771,0.960950248,39.72789827,Average,153,At Risk
2957,52,Montana,0,30,Monthly,12,1.027321471,49.61519561,1.027321471,39.14670857,Average,335,Promising
2958,69,South Dakota,0,2,Annually,1,-1.958352318,79.27624518,-1.958352318,65.29121489,Good,114,Need Attention
2959,55,Ohio,0,28,Monthly,12,1.395574227,45.95680423,1.395574227,35.92204734,Good,335,Promising
2960,38,Texas,0,9,Quarterly,3,-3.195007168,91.56174031,-3.195007168,76.12017104,Good,111,Hibernating
2961,57,Indiana,0,47,Weekly,57,1.690326315,43.02860212,1.690326315,33.34100588,Average,452,Loyal Customer
2962,33,New Hampshire,0,21,Bi-Weekly,114,1.167851122,48.21910975,1.167851122,37.91613931,Average,532,Potential Loyalist
2963,57,California,0,42,Every 3 Months,4,-0.377701549,63.57333718,-0.377701549,51.45000619,Good,252,Need Attention
2964,52,Maine,0,28,Weekly,57,2.444068081,35.54058653,2.444068081,26.74075154,Average,435,Potential Loyalist
2965,44,Ohio,0,13,Fortnightly,28,-2.391904092,83.58334688,-2.391904092,69.0876769,Average,321,Promising
2966,48,Delaware,0,25,Fortnightly,28,-0.716671914,66.94082389,-0.716671914,54.41825171,Good,332,Promising
2967,52,Oklahoma,0,38,Every 3 Months,4,-0.274578979,62.54887039,-0.274578979,50.54699773,Average,242,Need Attention
2968,34,Indiana,0,40,Annually,1,-0.763401961,67.40506156,-0.763401961,54.82745047,Average,142,Need Attention
2969,26,South Carolina,0,25,Every 3 Months,4,-1.216752895,71.90885718,-1.216752895,58.79728683,Good,232,Need Attention
2970,36,Vermont,0,20,Every 3 Months,4,-0.971729477,69.47468242,-0.971729477,56.65170202,Good,223,About to Sleep
2971,24,Kansas,0,44,Bi-Weekly,114,4.069058914,19.39718406,4.069058914,12.51127233,Average,554,Champion
2972,30,Utah,0,9,Every 3 Months,4,-0.128654143,61.0991863,-0.128654143,49.26918473,Average,215,About to Sleep
2973,31,New York,0,11,Every 3 Months,4,-2.565957846,85.31247651,-2.565957846,70.61180505,Good,222,About to Sleep
2974,25,Indiana,0,3,Fortnightly,28,-1.395150901,73.68114459,-1.395150901,60.35945608,Average,313,Need Attention
2975,57,Tennessee,0,34,Weekly,57,2.943879934,30.57522688,2.943879934,22.36407308,Good,445,Champion
2976,61,Georgia,0,48,Every 3 Months,4,1.219974072,47.70129652,1.219974072,37.45971679,Good,253,At Risk
2977,30,Nebraska,0,28,Fortnightly,28,1.686736018,43.06426977,1.686736018,33.37244486,Average,335,Promising
2978,38,Washington,0,20,Annually,1,-1.683457116,76.54531045,-1.683457116,62.88405327,Average,122,Hibernating
2979,53,Idaho,0,49,Fortnightly,28,1.409252086,45.82092212,1.409252086,35.80227508,Average,353,Loyal Customer
2980,31,Louisiana,0,14,Weekly,57,1.221539719,47.68574267,1.221539719,37.44600696,Average,425,Potential Loyalist
2981,70,New Jersey,0,9,Monthly,12,-0.21531366,61.96010159,-0.21531366,50.02803196,Good,315,Need Attention
2982,21,Delaware,0,37,Annually,1,-0.971082358,69.46825365,-0.971082358,56.64603543,Good,142,Need Attention
2983,33,Wisconsin,0,4,Weekly,57,-1.413102629,73.85948528,-1.413102629,60.51665312,Average,412,Recent Customer
2984,60,West Virginia,0,1,Quarterly,3,-3.073213087,90.35178218,-3.073213087,75.05366266,Average,112,Hibernating
2985,45,Texas,0,36,Bi-Weekly,114,1.741772282,42.51751435,1.741772282,32.89051145,Good,541,Loyal Customer
2986,46,Hawaii,0,21,Bi-Weekly,114,0.872272416,51.15552387,0.872272416,40.50441918,Average,532,Potential Loyalist
2987,62,Arizona,0,16,Monthly,12,-0.068530304,60.50188856,-0.068530304,48.74270119,Average,325,Promising
2988,63,Louisiana,0,42,Monthly,12,-0.337684477,63.17578928,-0.337684477,51.09959062,Poor,352,Loyal Customer
2989,69,Nevada,0,31,Monthly,12,-0.296894205,62.77056005,-0.296894205,50.7424044,Good,343,Loyal Customer
2990,46,Rhode Island,0,6,Weekly,57,-2.330287269,82.97121717,-2.330287269,68.54811982,Good,411,Recent Customer
2991,69,Illinois,0,24,Monthly,12,0.738637265,52.4831166,0.738637265,41.67461569,Good,335,Promising
2992,66,Utah,0,7,Bi-Weekly,114,1.380990763,46.10168303,1.380990763,36.04974965,Average,514,Recent Customer
2993,41,North Dakota,0,25,Weekly,57,0.84294521,51.44687375,0.84294521,40.76122731,Average,433,Potential Loyalist
2994,32,Kansas,0,18,Bi-Weekly,114,0.031209076,59.51103193,0.031209076,47.86931815,Good,521,Potential Loyalist
2995,69,Nevada,0,14,Quarterly,3,0.191364953,57.91997017,0.191364953,46.46688887,Average,125,Need Attention
2996,29,Virginia,0,42,Bi-Weekly,114,4.859566965,11.54391536,4.859566965,5.58906843,Poor,555,Champion
2997,70,Utah,0,6,Every 3 Months,4,-0.716364306,66.93776797,-0.716364306,54.41555809,Average,215,About to Sleep
2998,41,Idaho,0,14,Every 3 Months,4,-2.31605192,82.82979669,-2.31605192,68.42346582,Average,222,About to Sleep
2999,31,Alaska,0,30,Quarterly,3,-0.685606151,66.63220239,-0.685606151,54.14621964,Good,133,At Risk
3000,31,New Hampshire,0,10,Monthly,12,-2.04623569,80.1493188,-2.04623569,66.06077899,Average,312,Need Attention
3001,57,Ohio,0,7,Weekly,57,-0.149783994,61.3090999,-0.149783994,49.45421148,Average,414,Recent Customer
3002,29,Montana,0,28,Quarterly,3,-1.837472458,78.07536934,-1.837472458,64.23271202,Good,131,Lost
3003,70,Louisiana,0,19,Quarterly,3,-2.460513649,84.26494561,-2.460513649,69.6884669,Average,121,Hibernating
3004,51,Oregon,0,13,Every 3 Months,4,-1.836346835,78.06418688,-1.836346835,64.22285533,Average,223,About to Sleep
3005,45,Arizona,0,23,Fortnightly,28,0.580542492,54.05370242,0.580542492,43.0589966,Average,334,Promising
3006,18,Alaska,0,5,Weekly,57,-0.49936524,64.78199995,-0.49936524,52.51537279,Average,413,Recent Customer
3007,37,Utah,0,17,Bi-Weekly,114,3.25557358,27.47871959,3.25557358,19.6346803,Average,525,Potential Loyalist
3008,23,New York,0,31,Weekly,57,1.089403886,48.99844049,1.089403886,38.60307446,Average,443,Loyal Customer
3009,39,New Mexico,0,19,Weekly,57,1.356546066,46.34452784,1.356546066,36.26380336,Good,425,Potential Loyalist
3010,62,Louisiana,0,8,Fortnightly,28,-0.71121267,66.88658926,-0.71121267,54.37044701,Good,314,Need Attention
3011,70,Ohio,0,15,Annually,1,-2.11404217,80.8229394,-2.11404217,66.65453674,Average,122,Hibernating
3012,20,Nevada,0,18,Every 3 Months,4,-0.772378838,67.49424197,-0.772378838,54.90605786,Average,224,About to Sleep
3013,42,Idaho,0,16,Annually,1,-1.20030478,71.74545408,-1.20030478,58.65325641,Average,123,Need Attention
3014,41,Arizona,0,13,Monthly,12,-1.542976586,75.14971259,-1.542976586,61.65391416,Good,323,Promising
3015,24,Utah,0,38,Every 3 Months,4,0.401029493,55.83706669,0.401029493,44.63092946,Good,243,At Risk
3016,37,Wyoming,0,27,Bi-Weekly,114,0.654250266,53.32145566,0.654250266,42.41356327,Average,531,Potential Loyalist
3017,30,Indiana,0,31,Quarterly,3,-1.75646865,77.27064044,-1.75646865,63.52338986,Good,141,Need Attention
3018,58,Wisconsin,0,24,Bi-Weekly,114,2.557846346,34.41026119,2.557846346,25.74443487,Average,534,Potential Loyalist
3019,43,Texas,0,21,Bi-Weekly,114,1.083400063,49.05808522,1.083400063,38.65564785,Average,532,Potential Loyalist
3020,19,Utah,0,15,Annually,1,-2.156267699,81.24242713,-2.156267699,67.02429101,Average,122,Hibernating
3021,23,Arkansas,0,48,Every 3 Months,4,1.768905955,42.24795602,1.768905955,32.65291131,Average,254,At Risk
3022,65,Pennsylvania,0,47,Quarterly,3,1.50466214,44.87307499,1.50466214,34.96680245,Good,154,At Risk
3023,58,Georgia,0,23,Weekly,57,-0.90007851,68.76286893,-0.90007851,56.02427944,Good,431,Potential Loyalist
3024,50,Indiana,0,4,Quarterly,3,-3.414464574,93.7419306,-3.414464574,78.04188317,Average,111,Hibernating
3025,67,Idaho,0,47,Every 3 Months,4,1.741904686,42.51619898,1.741904686,32.88935203,Good,254,At Risk
3026,40,Montana,0,7,Monthly,12,-1.747209732,77.17865812,-1.747209732,63.44231275,Average,313,Need Attention
3027,55,Tennessee,0,6,Annually,1,-1.681445122,76.52532239,-1.681445122,62.86643494,Poor,114,Need Attention
3028,52,West Virginia,0,47,Quarterly,3,-0.648839866,66.26694929,-0.648839866,53.82427007,Average,151,Need Attention
3029,62,California,0,7,Every 3 Months,4,-0.267107741,62.47464769,-0.267107741,50.4815747,Average,215,About to Sleep
3030,64,Georgia,0,1,Quarterly,3,-1.468642965,74.41124839,-1.468642965,61.00300051,Average,114,Need Attention
3031,43,Maryland,0,23,Weekly,57,-0.984529569,69.6018444,-0.984529569,56.76378797,Average,431,Potential Loyalist
3032,61,Idaho,0,30,Monthly,12,0.436164057,55.48802385,0.436164057,44.32326831,Good,334,Promising
3033,26,California,0,24,Quarterly,3,-0.889839298,68.66114791,-0.889839298,55.93461822,Average,133,At Risk
3034,22,Alabama,0,9,Weekly,57,-0.602487809,65.80646675,-0.602487809,53.41838124,Average,413,Recent Customer
3035,51,Utah,0,25,Quarterly,3,-1.707348619,76.78265958,-1.707348619,63.09326285,Average,132,Need Attention
3036,69,Kentucky,0,18,Bi-Weekly,114,1.846906845,41.47305949,1.846906845,31.96988466,Good,523,Potential Loyalist
3037,50,Vermont,0,7,Fortnightly,28,-1.413822412,73.86663593,-1.413822412,60.522956,Good,313,Need Attention
3038,51,Iowa,0,2,Annually,1,-3.056216086,90.18292619,-3.056216086,74.90482584,Good,112,Hibernating
3039,56,Georgia,0,36,Annually,1,-0.913632568,68.89752115,-0.913632568,56.14296762,Good,142,Need Attention
3040,59,Alabama,0,31,Bi-Weekly,114,2.071246759,39.24436413,2.071246759,30.00541811,Average,542,Loyal Customer
3041,18,Nebraska,0,10,Fortnightly,28,-2.304005782,82.71012485,-2.304005782,68.31798199,Good,311,Lost
3042,48,Rhode Island,0,27,Monthly,12,0.439611308,55.45377729,0.439611308,44.29308193,Good,334,Promising
3043,53,South Dakota,0,14,Every 3 Months,4,-2.864983804,88.2831372,-2.864983804,73.23027129,Average,221,About to Sleep
3044,45,Illinois,0,17,Monthly,12,0.549628379,54.36081736,0.549628379,43.32970073,Average,325,Promising
3045,21,North Carolina,0,10,Quarterly,3,-1.478984717,74.51398809,-1.478984717,61.09355964,Average,113,Lost
3046,42,Florida,0,4,Bi-Weekly,114,-0.262357637,62.42745799,-0.262357637,50.43997969,Good,512,Recent Customer
3047,60,Pennsylvania,0,25,Every 3 Months,4,-1.174527366,71.48936945,-1.174527366,58.42753256,Average,232,Need Attention
3048,21,Vermont,0,3,Bi-Weekly,114,1.230760156,47.59414263,1.230760156,37.3652668,Good,514,Recent Customer
3049,69,Colorado,0,47,Fortnightly,28,2.83314308,31.67533746,2.83314308,23.33375717,Average,355,Loyal Customer
3050,40,Utah,0,41,Bi-Weekly,114,3.270221103,27.33320438,3.270221103,19.50641703,Average,553,Loyal Customer
3051,31,Kentucky,0,28,Every 3 Months,4,0.173242328,58.10000861,0.173242328,46.62558239,Average,234,At Risk
3052,44,Wyoming,0,49,Every 3 Months,4,1.120298752,48.69151675,1.120298752,38.33253887,Good,253,At Risk
3053,48,Maine,0,7,Fortnightly,28,-2.258333002,82.25639055,-2.258333002,67.91804134,Good,312,Need Attention
3054,32,Maine,0,22,Monthly,12,0.600183667,53.85857799,0.600183667,42.88700566,Average,335,Promising
3055,42,New Hampshire,0,34,Monthly,12,0.544169135,54.41505199,0.544169135,43.37750543,Good,344,Loyal Customer
3056,27,Kansas,0,5,Bi-Weekly,114,-0.826513781,68.03204326,-0.826513781,55.38009871,Good,511,Recent Customer
3057,69,New Jersey,0,15,Bi-Weekly,114,1.428098801,45.63369023,1.428098801,35.63724096,Average,523,Potential Loyalist
3058,67,North Carolina,0,26,Weekly,57,-0.861300231,68.37762777,-0.861300231,55.68471155,Average,431,Potential Loyalist
3059,41,West Virginia,0,3,Fortnightly,28,-1.015121135,69.90575501,-1.015121135,57.03166767,Average,314,Need Attention
3060,46,Kentucky,0,42,Quarterly,3,0.905174968,50.82865486,0.905174968,40.21630299,Average,154,At Risk
3061,47,California,0,1,Monthly,12,-1.318059936,72.91528767,-1.318059936,59.68439733,Good,314,Need Attention
3062,33,South Dakota,0,20,Every 3 Months,4,-1.098406065,70.73314562,-1.098406065,57.76096482,Good,223,About to Sleep
3063,51,California,0,39,Monthly,12,1.988166897,40.06971749,1.988166897,30.73291955,Average,345,Loyal Customer
3064,26,Connecticut,0,24,Fortnightly,28,-0.870349772,68.46753005,-0.870349772,55.76395523,Average,332,Promising
3065,22,Idaho,0,49,Quarterly,3,1.600890208,43.91710133,1.600890208,34.12416674,Average,154,At Risk
3066,49,North Dakota,0,7,Bi-Weekly,114,0.874284409,51.13553581,0.874284409,40.48680086,Average,513,Recent Customer
3067,58,Michigan,0,13,Every 3 Months,4,-2.047474483,80.16162554,-2.047474483,66.07162667,Good,222,About to Sleep
3068,70,Missouri,0,2,Weekly,57,-2.522743406,84.88316449,-2.522743406,70.23339123,Average,411,Recent Customer
3069,32,California,0,4,Weekly,57,-1.624230277,75.95692393,-1.624230277,62.36542445,Good,412,Recent Customer
3070,62,Delaware,0,17,Quarterly,3,-0.741043947,67.18294682,-0.741043947,54.63166912,Good,124,Need Attention
3071,52,Alabama,0,43,Bi-Weekly,114,1.973006697,40.22032586,1.973006697,30.86567214,Average,551,Loyal Customer
3072,23,New Hampshire,0,6,Monthly,12,-2.618721592,85.83665571,-2.618721592,71.07383881,Average,312,Need Attention
3073,26,New York,0,46,Quarterly,3,2.322171461,36.75156333,2.322171461,27.80815782,Average,155,At Risk
3074,58,Oregon,0,7,Bi-Weekly,114,1.043186527,49.45758488,1.043186527,39.00778379,Average,513,Recent Customer
3075,26,Massachusetts,0,34,Fortnightly,28,0.328624572,56.55637031,0.328624572,45.26495416,Good,343,Loyal Customer
3076,54,Utah,0,21,Every 3 Months,4,0.279812149,57.04129525,0.279812149,45.69238756,Average,235,At Risk
3077,66,New Hampshire,0,13,Bi-Weekly,114,0.740713319,52.46249213,0.740713319,41.65643641,Average,522,Potential Loyalist
3078,60,Illinois,0,33,Bi-Weekly,114,3.898721538,21.08939348,3.898721538,14.00285745,Average,545,Champion
3079,32,Alaska,0,24,Bi-Weekly,114,3.571259054,24.34255563,3.571259054,16.87033246,Poor,535,Potential Loyalist
3080,48,Wyoming,0,4,Annually,1,-3.466694372,94.2608053,-3.466694372,78.49924133,Good,111,Hibernating
3081,69,Colorado,0,5,Bi-Weekly,114,0.017996809,59.64228863,0.017996809,47.98501337,Good,512,Recent Customer
3082,64,Vermont,0,11,Weekly,57,-0.970740566,69.46485813,-0.970740566,56.64304247,Good,422,Potential Loyalist
3083,56,Utah,0,20,Annually,1,0.51227042,54.73194842,0.51227042,43.65683138,Good,125,Need Attention
3084,22,Illinois,0,28,Quarterly,3,-2.217502224,81.85075892,-2.217502224,67.56050043,Average,131,Lost
3085,46,Idaho,0,43,Monthly,12,-0.226232149,62.06857085,-0.226232149,50.12364136,Average,352,Loyal Customer
3086,24,Nevada,0,10,Every 3 Months,4,-2.170703821,81.38584217,-2.170703821,67.1507031,Average,212,About to Sleep
3087,47,Utah,0,26,Every 3 Months,4,-0.091887858,60.7339332,-0.091887858,48.94723516,Average,234,At Risk
3088,62,North Carolina,0,29,Monthly,12,0.789192553,51.98087724,0.789192553,41.23192062,Average,334,Promising
3089,34,Arkansas,0,35,Quarterly,3,0.125008668,58.57918386,0.125008668,47.04794776,Average,143,At Risk
3090,50,North Carolina,0,23,Bi-Weekly,114,0.377343071,56.07237845,0.377343071,44.83834322,Good,531,Potential Loyalist
3091,29,Texas,0,15,Quarterly,3,-2.441842138,84.07945427,-2.441842138,69.52496698,Good,122,Hibernating
3092,68,Nevada,0,46,Annually,1,1.552107661,44.40172947,1.552107661,34.55133853,Average,154,At Risk
3093,52,Utah,0,14,Bi-Weekly,114,1.147744354,48.41885959,1.147744354,38.09220728,Average,523,Potential Loyalist
3094,29,Pennsylvania,0,17,Every 3 Months,4,-1.137184344,71.11838678,-1.137184344,58.10053272,Good,223,About to Sleep
3095,22,Georgia,0,9,Weekly,57,-0.475811221,64.54800355,-0.475811221,52.30911844,Average,413,Recent Customer
3096,62,Minnesota,0,13,Fortnightly,28,-1.209589265,71.8376904,-1.209589265,58.73455742,Average,323,Promising
3097,69,Kansas,0,20,Monthly,12,-0.720584757,66.97969587,-0.720584757,54.45251512,Average,323,Promising
3098,48,Delaware,0,39,Quarterly,3,-0.907075551,68.83238075,-0.907075551,56.0855501,Average,141,Need Attention
3099,66,New Mexico,0,50,Quarterly,3,1.163410653,48.26322341,1.163410653,37.95502296,Average,153,At Risk
3100,42,Michigan,0,21,Bi-Weekly,114,3.490255246,25.14728453,3.490255246,17.57965462,Average,535,Potential Loyalist
3101,50,Vermont,0,3,Weekly,57,0.206691753,57.76770672,0.206691753,46.33267742,Average,415,Recent Customer
3102,32,Idaho,0,9,Fortnightly,28,-0.261956105,62.42346898,-0.261956105,50.43646362,Average,314,Need Attention
3103,51,South Dakota,0,29,Bi-Weekly,114,3.495137754,25.09877946,3.495137754,17.5369002,Good,535,Potential Loyalist
3104,27,Illinois,0,42,Weekly,57,0.879711495,51.08162065,0.879711495,40.43927775,Average,452,Loyal Customer
3105,43,Georgia,0,41,Fortnightly,28,0.855437694,51.3227677,0.855437694,40.65183498,Good,353,Loyal Customer
3106,48,Oregon,0,17,Monthly,12,-2.19503104,81.62751989,-2.19503104,67.36372809,Average,321,Promising
3107,62,Alabama,0,20,Annually,1,-1.26120182,72.35043314,-1.26120182,59.1865106,Good,123,Need Attention
3108,65,Hawaii,0,18,Bi-Weekly,114,0.453464371,55.31615462,0.453464371,44.17177548,Good,521,Potential Loyalist
3109,50,Oregon,0,7,Monthly,12,-1.367179967,73.40326854,-1.367179967,60.11452434,Average,314,Need Attention
3110,60,Illinois,0,47,Fortnightly,28,2.790917551,32.09482519,2.790917551,23.70351144,Good,355,Loyal Customer
3111,19,Texas,0,2,Bi-Weekly,114,-0.02078147,60.0275298,-0.02078147,48.32458126,Good,512,Recent Customer
3112,21,Kansas,0,25,Quarterly,3,0.15057468,58.3251994,0.15057468,46.82407509,Good,134,At Risk
3113,19,Texas,0,26,Annually,1,0.843180154,51.44453971,0.843180154,40.75916999,Average,135,At Risk
3114,46,Nebraska,0,2,Weekly,57,0.47526919,55.09953557,0.47526919,43.98083827,Average,415,Recent Customer
3115,21,Arkansas,0,45,Bi-Weekly,114,3.378226181,26.26023252,3.378226181,18.56065415,Good,553,Loyal Customer
3116,26,South Dakota,0,9,Bi-Weekly,114,0.75938483,52.2770008,0.75938483,41.49293649,Good,513,Recent Customer
3117,50,Montana,0,1,Weekly,57,-0.734046906,67.11343501,-0.734046906,54.57039847,Average,413,Recent Customer
3118,43,Florida,0,4,Bi-Weekly,114,0.286574246,56.97411748,0.286574246,45.63317422,Average,512,Recent Customer
3119,61,Virginia,0,31,Quarterly,3,1.241543947,47.48701152,1.241543947,37.2708369,Good,145,At Risk
3120,63,Louisiana,0,21,Every 3 Months,4,-0.184668676,61.65566029,-0.184668676,49.75968449,Good,234,At Risk
3121,46,Louisiana,0,32,Fortnightly,28,1.076907094,49.12258934,1.076907094,38.71250452,Good,344,Loyal Customer
3122,63,Louisiana,0,16,Weekly,57,-0.877959748,68.54313103,-0.877959748,55.83059314,Average,422,Potential Loyalist
3123,23,Georgia,0,34,Fortnightly,28,-0.093630723,60.75124762,-0.093630723,48.96249683,Average,342,Loyal Customer
3124,57,Iowa,0,40,Bi-Weekly,114,3.918828306,20.88964365,3.918828306,13.82678948,Average,544,Champion
3125,57,California,0,4,Every 3 Months,4,-2.543839085,85.09273862,-2.543839085,70.41811875,Average,212,About to Sleep
3126,33,Oregon,0,3,Quarterly,3,-3.694819021,96.52709995,-3.694819021,80.4968495,Good,111,Hibernating
3127,57,Maine,0,28,Bi-Weekly,114,3.045881189,29.56189974,3.045881189,21.47088359,Average,534,Potential Loyalist
3128,55,Louisiana,0,43,Every 3 Months,4,1.971703844,40.23326899,1.971703844,30.87708077,Average,255,At Risk
3129,65,Arkansas,0,20,Annually,1,-2.316840059,82.83762642,-2.316840059,68.43036728,Good,121,Hibernating
3130,60,Maryland,0,40,Every 3 Months,4,-1.360665737,73.3385532,-1.360665737,60.0574815,Good,241,Need Attention
3131,52,Vermont,0,34,Every 3 Months,4,-1.776026531,77.46493738,-1.776026531,63.69465143,Good,241,Need Attention
3132,34,North Dakota,0,11,Every 3 Months,4,-1.721447256,76.92272189,-1.721447256,63.21671971,Average,223,About to Sleep
3133,33,Michigan,0,26,Quarterly,3,0.895409952,50.925665,0.895409952,40.30181183,Good,135,At Risk
3134,58,Arkansas,0,29,Bi-Weekly,114,2.777303752,32.2300709,2.777303752,23.82272274,Good,533,Potential Loyalist
3135,35,Kentucky,0,47,Weekly,57,2.450385846,35.47782296,2.450385846,26.68542907,Good,453,Loyal Customer
3136,68,Indiana,0,48,Fortnightly,28,2.564565643,34.34350861,2.564565643,25.68559632,Good,355,Loyal Customer
3137,58,Minnesota,0,29,Bi-Weekly,114,1.257184689,47.33162922,1.257184689,37.13387636,Average,531,Potential Loyalist
3138,34,Louisiana,0,14,Monthly,12,-1.938230612,79.07634694,-1.938230612,65.11501611,Average,322,Promising
3139,47,Kentucky,0,40,Every 3 Months,4,1.806248977,41.87697335,1.806248977,32.32591147,Good,245,At Risk
3140,35,Georgia,0,4,Weekly,57,0.275918552,57.07997602,0.275918552,45.72648243,Good,415,Recent Customer
3141,34,Alaska,0,37,Weekly,57,0.829156207,51.58386001,0.829156207,40.88197281,Good,442,Loyal Customer
3142,36,Mississippi,0,47,Bi-Weekly,114,2.418816011,35.79145214,2.418816011,26.96187513,Good,551,Loyal Customer
3143,23,Kansas,0,1,Quarterly,3,-4.044400266,100,-4.044400266,83.55801081,Good,111,Hibernating
3144,68,Arizona,0,26,Quarterly,3,-2.271504763,82.38724485,-2.271504763,68.03338187,Average,131,Lost
3145,23,Maine,0,12,Quarterly,3,-1.213854531,71.8800635,-1.213854531,58.77190686,Average,124,Need Attention
3146,57,Texas,0,16,Fortnightly,28,-2.015321577,79.84220386,-2.015321577,65.79007487,Good,321,Promising
3147,21,Virginia,0,19,Annually,1,-0.232564852,62.13148282,-0.232564852,50.17909464,Good,124,Need Attention
3148,45,North Dakota,0,21,Weekly,57,2.043931548,39.51572594,2.043931548,30.24460791,Good,435,Potential Loyalist
3149,37,West Virginia,0,15,Weekly,57,-1.073863136,70.48932493,-1.073863136,57.54605093,Good,421,Potential Loyalist
3150,18,North Carolina,0,9,Annually,1,-2.740530611,87.04676224,-2.740530611,72.140478,Good,112,Hibernating
3151,55,Georgia,0,7,Bi-Weekly,114,-0.561383595,65.39811867,-0.561383595,53.05844594,Average,511,Recent Customer
3152,52,New Mexico,0,47,Quarterly,3,0.955730256,50.3264155,0.955730256,39.77360792,Average,153,At Risk
3153,49,North Carolina,0,17,Monthly,12,0.211824143,57.71671921,0.211824143,46.28773486,Average,325,Promising
3154,56,Alabama,0,46,Fortnightly,28,2.552788634,34.46050681,2.552788634,25.7887235,Average,355,Loyal Customer
3155,27,Connecticut,0,32,Quarterly,3,-0.462701494,64.41776553,-0.462701494,52.19432113,Good,143,At Risk
3156,22,Montana,0,34,Annually,1,1.101415839,48.87910825,1.101415839,38.49788997,Good,145,At Risk
3157,18,Montana,0,18,Monthly,12,-1.407970239,73.80849777,-1.407970239,60.47171056,Average,322,Promising
3158,21,Maine,0,5,Fortnightly,28,-2.565688718,85.30980287,-2.565688718,70.60944839,Average,311,Lost
3159,30,Mississippi,0,44,Monthly,12,1.532015831,44.6013309,1.532015831,34.72727569,Good,354,Loyal Customer
3160,62,Louisiana,0,4,Quarterly,3,-0.965383862,69.41164218,-0.965383862,56.59613568,Average,115,Need Attention
3161,28,Nebraska,0,37,Fortnightly,28,1.887521914,41.06957081,1.887521914,31.61423265,Average,345,Loyal Customer
3162,66,Massachusetts,0,43,Monthly,12,1.462789032,45.2890616,1.462789032,35.33347068,Good,354,Loyal Customer
3163,66,Wisconsin,0,28,Quarterly,3,0.527157195,54.58405638,0.527157195,43.52647306,Average,135,At Risk
3164,49,Nebraska,0,36,Monthly,12,0.513720615,54.71754152,0.513720615,43.64413252,Average,343,Loyal Customer
3165,40,Arizona,0,16,Annually,1,-2.593747254,85.58854921,-2.593747254,70.85514722,Average,121,Hibernating
3166,49,Hawaii,0,38,Every 3 Months,4,1.54111879,44.51089794,1.54111879,34.64756424,Average,245,At Risk
3167,19,Georgia,0,37,Fortnightly,28,1.591943207,44.00598493,1.591943207,34.20251252,Average,344,Loyal Customer
3168,24,Oregon,0,9,Bi-Weekly,114,1.815023068,41.78980752,1.815023068,32.24907981,Average,514,Recent Customer
3169,31,Montana,0,14,Fortnightly,28,-2.364902823,83.31510391,-2.364902823,68.85123618,Average,321,Promising
3170,35,Georgia,0,3,Weekly,57,-0.891172015,68.67438774,-0.891172015,55.94628836,Average,413,Recent Customer
3171,65,Rhode Island,0,10,Fortnightly,28,-1.923976017,78.93473527,-1.923976017,64.99019358,Good,312,Need Attention
3172,68,Tennessee,0,26,Bi-Weekly,114,0.796151115,51.9117477,0.796151115,41.17098692,Average,531,Potential Loyalist
3173,57,Missouri,0,30,Bi-Weekly,114,2.170922079,38.2541439,2.170922079,29.13259603,Average,533,Potential Loyalist
3174,69,Washington,0,32,Fortnightly,28,-0.189858792,61.70722128,-0.189858792,49.80513253,Good,342,Loyal Customer
3175,45,Oklahoma,0,35,Monthly,12,-0.146663598,61.27810046,-0.146663598,49.42688725,Average,343,Loyal Customer
3176,35,Connecticut,0,26,Every 3 Months,4,-1.400879273,73.73805287,-1.400879273,60.40961744,Average,232,Need Attention
3177,36,Arkansas,0,39,Monthly,12,-0.503139345,64.81949364,-0.503139345,52.54842131,Good,342,Loyal Customer
3178,55,Missouri,0,31,Monthly,12,-0.423570793,64.02902324,-0.423570793,51.8516672,Average,343,Loyal Customer
3179,66,Washington,0,28,Annually,1,-1.678574608,76.49680539,-1.678574608,62.84129885,Average,131,Lost
3180,57,Idaho,0,12,Bi-Weekly,114,2.44495876,35.53173812,2.44495876,26.73295217,Good,525,Potential Loyalist
3181,18,Montana,0,46,Weekly,57,3.310120697,26.93682356,3.310120697,19.15703018,Average,455,Champion
3182,31,Montana,0,27,Every 3 Months,4,-0.951622709,69.27493259,-0.951622709,56.47563405,Good,232,Need Attention
3183,50,Georgia,0,4,Annually,1,-0.679809423,66.57461504,-0.679809423,54.0954597,Average,115,Need Attention
3184,50,Mississippi,0,14,Every 3 Months,4,-1.640443448,76.11799299,-1.640443448,62.50739755,Average,223,About to Sleep
3185,61,Hawaii,0,30,Quarterly,3,-0.685606151,66.63220239,-0.685606151,54.14621964,Good,133,At Risk
3186,52,Ohio,0,6,Annually,1,-1.639219593,76.10583466,-1.639219593,62.49668067,Good,114,Need Attention
3187,38,Virginia,0,43,Annually,1,1.851133619,41.43106879,1.851133619,31.93287228,Good,155,At Risk
3188,67,Texas,0,28,Weekly,57,1.388429843,46.02777981,1.388429843,35.98460822,Average,434,Potential Loyalist
3189,42,Vermont,0,39,Monthly,12,0.425822305,55.59076355,0.425822305,44.41382743,Average,343,Loyal Customer
3190,25,Kansas,0,30,Bi-Weekly,114,3.648815612,23.5720733,3.648815612,16.19119668,Good,535,Potential Loyalist
3191,41,California,0,5,Fortnightly,28,-0.707765419,66.85234269,-0.707765419,54.34026063,Average,314,Need Attention
3192,62,Mississippi,0,42,Every 3 Months,4,0.804613278,51.82768071,0.804613278,41.09688671,Good,253,At Risk
3193,19,Iowa,0,20,Fortnightly,28,0.246185506,57.3753577,0.246185506,45.98684436,Average,324,Promising
3194,63,Virginia,0,35,Fortnightly,28,2.25577467,37.41117943,2.25577467,28.38957141,Good,345,Loyal Customer
3195,43,Maryland,0,10,Bi-Weekly,114,0.786386099,52.00875784,0.786386099,41.25649577,Good,513,Recent Customer
3196,68,Missouri,0,36,Quarterly,3,-0.05911771,60.40837955,-0.05911771,48.66027838,Good,143,At Risk
3197,24,Wisconsin,0,21,Fortnightly,28,-0.402421697,63.81891844,-0.402421697,51.66647192,Average,333,Promising
3198,27,Maine,0,29,Every 3 Months,4,0.03134148,59.50971657,0.03134148,47.86815874,Average,234,At Risk
3199,61,Pennsylvania,0,39,Weekly,57,3.078886281,29.23401205,3.078886281,21.18186948,Average,445,Champion
3200,59,Maine,0,16,Monthly,12,-1.968679132,79.37883647,-1.968679132,65.38164321,Good,322,Promising
3201,67,Missouri,0,32,Monthly,12,-1.536658821,75.08694902,-1.536658821,61.59859169,Good,341,Loyal Customer
3202,46,Vermont,0,34,Monthly,12,-0.80704781,67.83865939,-0.80704781,55.20964198,Average,342,Loyal Customer
3203,65,Wisconsin,0,38,Annually,1,-0.85963003,68.36103522,-0.85963003,55.67008618,Good,142,Need Attention
3204,63,New Jersey,0,14,Annually,1,-2.858877441,88.2224738,-2.858877441,73.1768,Good,121,Hibernating
3205,57,New Mexico,0,23,Bi-Weekly,114,3.375355667,26.28874953,3.375355667,18.58579025,Good,535,Potential Loyalist
3206,40,Colorado,0,50,Every 3 Months,4,-0.49949563,64.78329531,-0.49949563,52.51651457,Good,251,Need Attention
3207,36,California,0,49,Monthly,12,0.822511588,51.6498707,0.822511588,40.94015743,Average,353,Loyal Customer
3208,67,Arizona,0,14,Annually,1,-2.858877441,88.2224738,-2.858877441,73.1768,Average,121,Hibernating
3209,61,Indiana,0,42,Weekly,57,0.584132789,54.01803477,0.584132789,43.02755762,Average,451,Loyal Customer
3210,64,Arkansas,0,39,Annually,1,-1.043756408,70.19023091,-1.043756408,57.28241679,Good,141,Need Attention
3211,30,Nevada,0,43,Bi-Weekly,114,3.704253408,23.02132887,3.704253408,15.70574719,Average,553,Loyal Customer
3212,53,Rhode Island,0,12,Monthly,12,-1.18994809,71.64256598,-1.18994809,58.56256648,Good,323,Promising
3213,27,Wyoming,0,21,Weekly,57,-1.207434226,71.81628125,-1.207434226,58.71568648,Average,431,Potential Loyalist
3214,27,Texas,0,33,Monthly,12,-0.116215077,60.97561093,-0.116215077,49.16026016,Average,343,Loyal Customer
3215,53,Washington,0,6,Annually,1,-1.343640886,73.16942054,-1.343640886,59.9084008,Average,114,Need Attention
3216,34,Rhode Island,0,10,Every 3 Months,4,-0.48168264,64.60633291,-0.48168264,52.36053241,Average,215,About to Sleep
3217,39,Illinois,0,18,Weekly,57,1.245093737,47.45174627,1.245093737,37.23975261,Average,425,Potential Loyalist
3218,44,Oregon,0,46,Weekly,57,2.043354811,39.5214555,2.043354811,30.24965819,Average,453,Loyal Customer
3219,37,Florida,0,49,Monthly,12,0.062452057,59.20064987,0.062452057,47.59573424,Average,351,Loyal Customer
3220,57,Kansas,0,39,Weekly,57,0.798707687,51.88634955,0.798707687,41.14859991,Average,442,Loyal Customer
3221,38,North Dakota,0,16,Monthly,12,-2.433159957,83.99320152,-2.433159957,69.44894015,Good,321,Promising
3222,21,New Hampshire,0,28,Annually,1,0.094897632,58.87832067,0.094897632,47.31161963,Average,134,At Risk
3223,45,Texas,0,22,Quarterly,3,0.069570872,59.12992829,0.069570872,47.53339725,Good,134,At Risk
3224,68,Montana,0,36,Bi-Weekly,114,3.135214756,28.67441921,3.135214756,20.68862063,Average,543,Loyal Customer
3225,37,Delaware,0,18,Monthly,12,-0.141204353,61.22386583,-0.141204353,49.37908255,Average,324,Promising
3226,53,New Hampshire,0,31,Weekly,57,2.693974008,33.0579067,2.693974008,24.55241231,Average,445,Champion
3227,57,Minnesota,0,38,Fortnightly,28,1.28114024,47.09364382,1.28114024,36.92410593,Average,344,Loyal Customer
3228,28,Alaska,0,42,Quarterly,3,0.820723909,51.66763033,0.820723909,40.95581152,Average,154,At Risk
3229,37,Connecticut,0,27,Annually,1,0.827955894,51.59578447,0.827955894,40.89248354,Good,135,At Risk
3230,54,Connecticut,0,24,Monthly,12,-0.274775443,62.55082215,-0.274775443,50.5487181,Average,333,Promising
3231,49,Kansas,0,38,Annually,1,-0.352923675,63.32718245,-0.352923675,51.23303497,Poor,142,Need Attention
3232,62,Nevada,0,9,Annually,1,-0.333675428,63.13596155,-0.333675428,51.06448477,Good,115,Need Attention
3233,45,Massachusetts,0,19,Monthly,12,-2.014351912,79.83257077,-2.014351912,65.78158385,Good,321,Promising
3234,45,Indiana,0,11,Bi-Weekly,114,1.784574548,42.09229705,1.784574548,32.5157069,Average,524,Potential Loyalist
3235,49,Washington,0,16,Quarterly,3,0.160916433,58.2224597,0.160916433,46.73351597,Poor,125,Need Attention
3236,27,Kansas,0,18,Monthly,12,-0.647910708,66.2577186,-0.647910708,53.81613375,Good,323,Promising
3237,63,South Carolina,0,8,Monthly,12,-0.664570225,66.42322187,-0.664570225,53.96201535,Good,314,Need Attention
3238,61,Vermont,0,4,Weekly,57,-0.906396275,68.8256325,-0.906396275,56.07960191,Average,413,Recent Customer
3239,25,Wyoming,0,37,Quarterly,3,1.107972857,48.81396784,1.107972857,38.44047245,Average,144,At Risk
3240,33,Colorado,0,30,Monthly,12,-1.337308183,73.10650857,-1.337308183,59.85294753,Average,331,Promising
3241,56,West Virginia,0,37,Monthly,12,-0.641592942,66.19495503,-0.641592942,53.76081128,Average,342,Loyal Customer
3242,50,Connecticut,0,30,Quarterly,3,-0.474478504,64.53476373,-0.474478504,52.2974483,Good,133,At Risk
3243,45,Oregon,0,17,Weekly,57,0.711386114,52.75384201,0.711386114,41.91324454,Average,424,Potential Loyalist
3244,45,Idaho,0,11,Every 3 Months,4,-0.032426075,60.14321264,-0.032426075,48.42654902,Good,225,About to Sleep
3245,65,Arkansas,0,42,Annually,1,1.275200465,47.15265226,1.275200465,36.97611847,Good,154,At Risk
3246,63,Kansas,0,20,Weekly,57,1.00351757,49.85167446,1.00351757,39.35515104,Average,424,Potential Loyalist
3247,70,Michigan,0,37,Monthly,12,1.934164359,40.60620342,1.934164359,31.20580099,Average,345,Loyal Customer
3248,53,Arkansas,0,12,Fortnightly,28,0.325754058,56.58488731,0.325754058,45.29009025,Average,325,Promising
3249,22,Pennsylvania,0,41,Quarterly,3,1.173752405,48.16048371,1.173752405,37.86446384,Good,154,At Risk
3250,26,Virginia,0,32,Quarterly,3,0.719613332,52.67210906,0.719613332,41.84120165,Average,144,At Risk
3251,23,Minnesota,0,15,Weekly,57,1.248540988,47.4174997,1.248540988,37.20956624,Average,425,Potential Loyalist
3252,25,Nevada,0,39,Quarterly,3,-1.456007435,74.28572125,-1.456007435,60.89235557,Average,141,Need Attention
3253,69,Montana,0,48,Fortnightly,28,-0.137868246,61.19072342,-0.137868246,49.34986942,Average,351,Loyal Customer
3254,36,Nebraska,0,8,Fortnightly,28,-1.260144554,72.33992977,-1.260144554,59.17725248,Average,313,Need Attention
3255,21,Indiana,0,11,Every 3 Months,4,-2.903762083,88.66837837,-2.903762083,73.56983919,Good,221,About to Sleep
3256,57,New Jersey,0,36,Monthly,12,-0.584143153,65.62422254,-0.584143153,53.25774347,Average,342,Loyal Customer
3257,60,Wisconsin,0,50,Every 3 Months,4,-0.415044571,63.94431985,-0.415044571,51.77700603,Good,251,Need Attention
3258,44,Minnesota,0,39,Every 3 Months,4,1.863698767,41.30624086,1.863698767,31.82284365,Average,245,At Risk
3259,31,New Jersey,0,11,Bi-Weekly,114,0.813387369,51.74051487,0.813387369,41.02005505,Good,522,Potential Loyalist
3260,57,Oklahoma,0,5,Every 3 Months,4,-0.616688987,65.94754774,-0.616688987,53.54273601,Average,215,About to Sleep
3261,39,Wisconsin,0,7,Annually,1,-3.047886327,90.10017456,-3.047886327,74.83188504,Good,112,Hibernating
3262,48,Rhode Island,0,50,Weekly,57,2.06690883,39.2874591,2.06690883,30.04340385,Average,453,Loyal Customer
3263,42,Indiana,0,21,Every 3 Months,4,-2.042591975,80.11312047,-2.042591975,66.02887225,Average,231,Need Attention
3264,56,Vermont,0,31,Fortnightly,28,0.669876059,53.16622189,0.669876059,42.27673364,Good,343,Loyal Customer
3265,28,Maine,0,39,Bi-Weekly,114,2.70951221,32.90354309,2.70951221,24.41634968,Good,542,Loyal Customer
3266,40,Alabama,0,28,Fortnightly,28,1.813412607,41.80580658,1.813412607,32.26318206,Average,335,Promising
3267,49,Alabama,0,33,Weekly,57,1.819014897,41.75015086,1.819014897,32.21412475,Good,444,Champion
3268,37,Idaho,0,42,Quarterly,3,-0.1926888,61.73533588,-0.1926888,49.82991393,Average,152,Need Attention
3269,22,Arkansas,0,5,Every 3 Months,4,-0.532237928,65.10857228,-0.532237928,52.80322748,Average,215,About to Sleep
3270,27,Ohio,0,25,Monthly,12,-0.501127351,64.79950557,-0.501127351,52.53080298,Good,333,Promising
3271,59,Illinois,0,48,Annually,1,-0.674068394,66.51758103,-0.674068394,54.04518751,Good,151,Need Attention
3272,35,Nevada,0,30,Weekly,57,0.809049439,51.78360985,0.809049439,41.05804078,Good,433,Potential Loyalist
3273,58,Texas,0,34,Quarterly,3,1.533675403,44.58484396,1.533675403,34.7127434,Average,145,At Risk
3274,58,Nevada,0,34,Every 3 Months,4,-0.720388293,66.9777441,-0.720388293,54.45079475,Average,242,Need Attention
3275,46,Oklahoma,0,14,Fortnightly,28,-2.533804941,84.99305484,-2.533804941,70.33025324,Average,321,Promising
3276,43,Alabama,0,2,Weekly,57,0.264141543,57.19697422,0.264141543,45.8296096,Average,415,Recent Customer
3277,39,South Dakota,0,41,Every 3 Months,4,2.044377894,39.51129173,2.044377894,30.24069941,Good,255,At Risk
3278,59,Texas,0,3,Monthly,12,-0.926253161,69.02289989,-0.926253161,56.25348175,Good,315,Need Attention
3279,59,Montana,0,18,Weekly,57,0.611710795,53.74406224,0.611710795,42.78606662,Average,424,Potential Loyalist
3280,59,Wyoming,0,1,Fortnightly,28,-2.166987442,81.34892196,-2.166987442,67.11816006,Average,312,Need Attention
3281,45,New York,0,5,Monthly,12,-2.012339919,79.81258271,-2.012339919,65.76396552,Average,313,Need Attention
3282,27,Oregon,0,41,Annually,1,0.699267312,52.87423573,0.699267312,42.01936467,Average,154,At Risk
3283,24,California,0,5,Monthly,12,-0.449995326,64.29153665,-0.449995326,52.08305764,Good,315,Need Attention
3284,47,North Carolina,0,10,Every 3 Months,4,-3.268567588,92.29252318,-3.268567588,76.76431404,Average,211,About to Sleep
3285,70,Kentucky,0,20,Annually,1,-0.332240171,63.12170305,-0.332240171,51.05191672,Good,124,Need Attention
3286,58,Hawaii,0,11,Weekly,57,-1.51967245,74.91819864,-1.51967245,61.44984795,Good,421,Potential Loyalist
3287,45,Illinois,0,4,Fortnightly,28,-1.241473043,72.15443844,-1.241473043,59.01375256,Good,313,Need Attention
3288,24,West Virginia,0,38,Weekly,57,1.700668067,42.92586242,1.700668067,33.25044675,Good,443,Loyal Customer
3289,67,South Carolina,0,19,Bi-Weekly,114,1.789457056,42.04379198,1.789457056,32.47295248,Good,523,Potential Loyalist
3290,31,Montana,0,16,Every 3 Months,4,-1.755343027,77.25945799,-1.755343027,63.51353318,Good,222,About to Sleep
3291,52,North Dakota,0,2,Monthly,12,-1.164382078,71.38858151,-1.164382078,58.3386938,Average,314,Need Attention
3292,29,New Mexico,0,11,Monthly,12,-1.850332302,78.20312491,-1.850332302,64.3453212,Average,322,Promising
3293,62,Missouri,0,18,Fortnightly,28,-2.130221156,80.98366886,-2.130221156,66.7962105,Good,321,Promising
3294,19,West Virginia,0,47,Fortnightly,28,2.748692021,32.51431292,2.748692021,24.07326571,Average,355,Loyal Customer
3295,62,South Carolina,0,15,Bi-Weekly,114,1.47032433,45.2142025,1.47032433,35.26748669,Good,523,Potential Loyalist
3296,70,West Virginia,0,15,Weekly,57,-1.116088665,70.90881266,-1.116088665,57.9158052,Average,421,Potential Loyalist
3297,20,Alaska,0,47,Quarterly,3,-0.775516455,67.52541248,-0.775516455,54.93353287,Good,151,Need Attention
3298,67,West Virginia,0,47,Monthly,12,1.950823876,40.44070016,1.950823876,31.05991939,Good,354,Loyal Customer
3299,65,New Mexico,0,6,Every 3 Months,4,-1.476423837,74.48854713,-1.476423837,61.0711349,Average,214,About to Sleep
3300,45,South Dakota,0,18,Monthly,12,-2.16802977,81.35927693,-2.16802977,67.12728737,Good,321,Promising
3301,26,Oklahoma,0,40,Bi-Weekly,114,4.045504895,19.63118045,4.045504895,12.71752668,Good,544,Champion
3302,36,Oklahoma,0,31,Fortnightly,28,0.247620764,57.3610992,0.247620764,45.97427632,Poor,343,Loyal Customer
3303,36,Alabama,0,31,Bi-Weekly,114,3.506914763,24.98178126,3.506914763,17.43377303,Good,544,Champion
3304,20,Mississippi,0,4,Fortnightly,28,-1.537051749,75.09085255,-1.537051749,61.60203243,Average,313,Need Attention
3305,30,Mississippi,0,36,Every 3 Months,4,0.853733309,51.33969984,0.853733309,40.66675969,Good,244,At Risk
3306,34,Nebraska,0,31,Bi-Weekly,114,1.775668053,42.18077825,1.775668053,32.59369798,Good,542,Loyal Customer
3307,63,Colorado,0,6,Fortnightly,28,-2.285334272,82.52463352,-2.285334272,68.15448206,Average,312,Need Attention
3308,18,Pennsylvania,0,1,Monthly,12,-3.175983235,91.37274785,-3.175983235,75.95358508,Good,312,Need Attention
3309,55,Utah,0,29,Monthly,12,0.19803514,57.85370547,0.19803514,46.40848036,Average,334,Promising
3310,48,Massachusetts,0,19,Monthly,12,-1.465420029,74.37923026,-1.465420029,60.97477838,Average,322,Promising
3311,45,Iowa,0,12,Fortnightly,28,-2.376679832,83.43210211,-2.376679832,68.95436335,Average,321,Promising
3312,29,Florida,0,18,Annually,1,-1.610783066,75.82333319,-1.610783066,62.24767191,Good,123,Need Attention
3313,55,Louisiana,0,45,Quarterly,3,1.281757483,47.08751185,1.281757483,36.91870096,Average,154,At Risk
3314,55,Kansas,0,45,Monthly,12,-0.383357257,63.62952358,-0.383357257,51.49953126,Average,351,Loyal Customer
3315,55,Kansas,0,8,Quarterly,3,-0.477349018,64.56328074,-0.477349018,52.3225844,Average,115,Need Attention
3316,48,Kentucky,0,4,Every 3 Months,4,-1.826005083,77.96144718,-1.826005083,64.13229621,Average,213,About to Sleep
3317,42,New Mexico,0,5,Fortnightly,28,-2.101207893,80.69543783,-2.101207893,66.54215145,Average,312,Need Attention
3318,21,North Carolina,0,30,Quarterly,3,-0.094448738,60.75937415,-0.094448738,48.9696599,Good,133,At Risk
3319,45,North Dakota,0,15,Monthly,12,-1.784552754,77.54964078,-1.784552754,63.76931259,Average,322,Promising
3320,23,North Dakota,0,17,Every 3 Months,4,-2.488401289,84.54199418,-2.488401289,69.93266926,Good,221,About to Sleep
3321,66,Illinois,0,45,Every 3 Months,4,-0.001119034,59.83219417,-0.001119034,48.15240416,Good,252,Need Attention
3322,32,Maine,0,3,Annually,1,-0.622359633,66.00388254,-0.622359633,53.59239189,Good,115,Need Attention
3323,52,Indiana,0,43,Weekly,57,3.271342418,27.32206473,3.271342418,19.49659807,Good,455,Champion
3324,54,North Dakota,0,4,Monthly,12,-1.194830598,71.69107104,-1.194830598,58.6053209,Average,314,Need Attention
3325,37,Missouri,0,41,Weekly,57,0.599357049,53.86679,0.599357049,42.89424407,Average,451,Loyal Customer
3326,29,Alaska,0,16,Monthly,12,0.438176051,55.46803579,0.438176051,44.30564998,Average,325,Promising
3327,47,North Dakota,0,10,Annually,1,-0.348899688,63.28720632,-0.348899688,51.19779832,Good,115,Need Attention
3328,47,Connecticut,0,2,Quarterly,3,-2.159475698,81.27429686,-2.159475698,67.05238233,Good,113,Lost
3329,42,Wisconsin,0,11,Bi-Weekly,114,0.137778896,58.45231857,0.137778896,46.93612332,Average,521,Potential Loyalist
3330,34,New Jersey,0,1,Bi-Weekly,114,0.247795968,57.35935864,0.247795968,45.97274211,Average,513,Recent Customer
3331,38,Missouri,0,41,Quarterly,3,1.891586407,41.02919228,1.891586407,31.57864129,Average,155,At Risk
3332,55,California,0,39,Quarterly,3,0.148562687,58.34518746,0.148562687,46.84169342,Average,143,At Risk
3333,27,Washington,0,1,Bi-Weekly,114,-1.061195448,70.36347832,-1.061195448,57.43512439,Average,511,Recent Customer
3334,55,Minnesota,0,3,Monthly,12,-3.079755166,90.41677419,-3.079755166,75.11094937,Good,311,Lost
3335,66,California,0,21,Annually,1,-2.627643025,85.92528531,-2.627643025,71.15196069,Average,131,Lost
3336,44,Texas,0,48,Quarterly,3,2.29172294,37.05405286,2.29172294,28.07478492,Average,155,At Risk
3337,39,Montana,0,24,Annually,1,-1.491000979,74.63336313,-1.491000979,61.19878186,Good,132,Need Attention
3338,23,Arizona,0,45,Bi-Weekly,114,1.984783707,40.10332766,1.984783707,30.76254497,Good,551,Loyal Customer
3339,29,Minnesota,0,46,Monthly,12,2.388303431,36.09457808,2.388303431,27.22906317,Average,355,Loyal Customer
3340,20,Nebraska,0,35,Fortnightly,28,2.25577467,37.41117943,2.25577467,28.38957141,Average,345,Loyal Customer
3341,42,Virginia,0,47,Fortnightly,28,0.426287897,55.58613814,0.426287897,44.4097504,Good,352,Loyal Customer
3342,55,Connecticut,0,35,Monthly,12,-0.231114657,62.11707592,-0.231114657,50.16639578,Good,342,Loyal Customer
3343,66,New Jersey,0,45,Weekly,57,2.945315191,30.56096838,2.945315191,22.35150503,Average,454,Champion
3344,24,Kentucky,0,6,Bi-Weekly,114,-0.377257217,63.56892298,-0.377257217,51.44611532,Average,511,Recent Customer
3345,62,Washington,0,20,Annually,1,-1.641231586,76.12582272,-1.641231586,62.514299,Good,122,Hibernating
3346,28,Florida,0,3,Bi-Weekly,114,1.948594158,40.46285119,1.948594158,31.07944426,Good,515,Recent Customer
3347,30,Oklahoma,0,30,Quarterly,3,1.256768207,47.33576675,1.256768207,37.13752335,Average,135,At Risk
3348,22,Iowa,0,28,Bi-Weekly,114,2.792528012,32.07882613,2.792528012,23.68940919,Good,534,Potential Loyalist
3349,28,New Hampshire,0,15,Every 3 Months,4,-0.811157117,67.87948313,-0.811157117,55.24562575,Average,224,About to Sleep
3350,35,Georgia,0,29,Quarterly,3,0.343030817,56.41325207,0.343030817,45.13880368,Average,134,At Risk
3351,45,Mississippi,0,15,Bi-Weekly,114,0.330235033,56.54037125,0.330235033,45.25085191,Good,521,Potential Loyalist
3352,43,New Hampshire,0,18,Fortnightly,28,-1.032357389,70.07698784,-1.032357389,57.18259955,Good,322,Promising
3353,55,Washington,0,7,Bi-Weekly,114,2.436629001,35.61448975,2.436629001,26.80589297,Average,515,Recent Customer
3354,31,Ohio,0,19,Every 3 Months,4,-0.872054157,68.48446219,-0.872054157,55.77887994,Good,223,About to Sleep
3355,42,Maryland,0,15,Weekly,57,-0.65160784,66.29444761,-0.65160784,53.84850826,Average,422,Potential Loyalist
3356,40,Delaware,0,3,Bi-Weekly,114,-0.711614202,66.89057827,-0.711614202,54.37396309,Average,511,Recent Customer
3357,39,Tennessee,0,13,Bi-Weekly,114,0.825164378,51.62351667,0.825164378,40.91692787,Average,522,Potential Loyalist
3358,41,Arkansas,0,37,Monthly,12,0.625172943,53.61032309,0.625172943,42.66818327,Average,343,Loyal Customer
3359,56,Tennessee,0,26,Annually,1,-0.761389968,67.3850735,-0.761389968,54.80983214,Average,133,At Risk
3360,43,New Hampshire,0,29,Monthly,12,0.366937258,56.17575455,0.366937258,44.92946329,Average,334,Promising
3361,22,Minnesota,0,47,Every 3 Months,4,1.699679156,42.93568671,1.699679156,33.2591063,Average,254,At Risk
3362,47,Florida,0,47,Bi-Weekly,114,2.249913893,37.46940307,2.249913893,28.4408922,Good,551,Loyal Customer
3363,50,Tennessee,0,48,Fortnightly,28,1.551152934,44.41121416,1.551152934,34.55969874,Average,353,Loyal Customer
3364,58,California,0,46,Bi-Weekly,114,2.054010506,39.41559696,2.054010506,30.15634998,Average,551,Loyal Customer
3365,50,Oregon,0,7,Monthly,12,-2.887299029,88.50482686,-2.887299029,73.42567796,Average,311,Lost
3366,43,Tennessee,0,45,Every 3 Months,4,0.590038379,53.95936593,0.590038379,42.97584442,Average,253,At Risk
3367,38,North Carolina,0,47,Quarterly,3,0.997955785,49.90692777,0.997955785,39.40385365,Average,153,At Risk
3368,44,Tennessee,0,6,Fortnightly,28,-1.905304506,78.74924394,-1.905304506,64.82669366,Average,312,Need Attention
3369,30,Nebraska,0,29,Every 3 Months,4,-1.911032878,78.80615221,-1.911032878,64.87685502,Good,231,Need Attention
3370,47,Maine,0,42,Monthly,12,0.295698466,56.88347331,0.295698466,45.55327661,Average,352,Loyal Customer
3371,30,Illinois,0,46,Fortnightly,28,0.145933451,58.3713075,0.145933451,46.86471672,Average,351,Loyal Customer
3372,49,Colorado,0,28,Annually,1,1.066084811,49.23010285,1.066084811,38.80727148,Good,135,At Risk
3373,56,Pennsylvania,0,14,Every 3 Months,4,-2.949434863,89.12211266,-2.949434863,73.96977983,Good,221,About to Sleep
3374,70,Minnesota,0,12,Every 3 Months,4,-1.947799164,79.17140531,-1.947799164,65.19880459,Average,223,About to Sleep
3375,22,Nevada,0,41,Annually,1,-0.229694337,62.10296582,-0.229694337,50.15395854,Average,152,Need Attention
3376,51,Connecticut,0,8,Annually,1,-0.360676698,63.40420452,-0.360676698,51.30092549,Good,115,Need Attention
3377,22,Ohio,0,24,Quarterly,3,-1.396545652,73.69500069,-1.396545652,60.37166943,Good,132,Need Attention
3378,37,Kentucky,0,18,Fortnightly,28,-1.750191391,77.20827928,-1.750191391,63.46842209,Good,321,Promising
3379,49,Minnesota,0,6,Quarterly,3,-1.418087677,73.90900903,-1.418087677,60.56030545,Good,114,Need Attention
3380,61,Tennessee,0,40,Weekly,57,1.332415311,46.5842538,1.332415311,36.47510798,Good,442,Loyal Customer
3381,41,North Dakota,0,6,Every 3 Months,4,-2.363159957,83.29778949,-2.363159957,68.83597451,Average,213,About to Sleep
3382,57,Minnesota,0,27,Quarterly,3,-0.344354664,63.24205397,-0.344354664,51.15799913,Good,133,At Risk
3383,34,Nebraska,0,2,Weekly,57,-1.973811522,79.42982398,-1.973811522,65.42658576,Average,411,Recent Customer
3384,27,Delaware,0,39,Bi-Weekly,114,2.413933504,35.83995721,2.413933504,27.00462955,Average,542,Loyal Customer
3385,39,Minnesota,0,9,Quarterly,3,-3.363909286,93.23969123,-3.363909286,77.59918811,Average,111,Hibernating
3386,62,Rhode Island,0,16,Every 3 Months,4,-0.361900552,63.41636285,-0.361900552,51.31164236,Average,224,About to Sleep
3387,34,Michigan,0,36,Quarterly,3,0.109784408,58.73042863,0.109784408,47.18126131,Average,143,At Risk
3388,53,New Jersey,0,2,Bi-Weekly,114,1.330435475,46.6039224,1.330435475,36.49244472,Average,514,Recent Customer
3389,35,South Dakota,0,21,Weekly,57,0.439361426,55.45625973,0.439361426,44.29527006,Good,433,Potential Loyalist
3390,38,North Carolina,0,39,Annually,1,0.05410736,59.2835499,0.05410736,47.66880585,Average,143,At Risk
3391,32,Oregon,0,38,Annually,1,0.533812445,54.51794009,0.533812445,43.46819536,Average,144,At Risk
3392,47,Montana,0,6,Every 3 Months,4,-2.15203231,81.20035084,-2.15203231,66.98720317,Average,213,About to Sleep
3393,53,New Jersey,0,6,Bi-Weekly,114,1.438440553,45.53095053,1.438440553,35.54668184,Good,514,Recent Customer
3394,60,Arizona,0,50,Monthly,12,2.496308509,35.02160622,2.496308509,26.28330029,Average,355,Loyal Customer
3395,31,Vermont,0,9,Annually,1,-0.291449899,62.71647382,-0.291449899,50.6947305,Good,115,Need Attention
3396,44,Colorado,0,15,Every 3 Months,4,-2.120148532,80.8836028,-2.120148532,66.70800803,Average,222,About to Sleep
3397,29,Tennessee,0,5,Quarterly,3,-3.091884598,90.53727351,-3.091884598,75.21716258,Good,112,Hibernating
3398,19,New Jersey,0,13,Bi-Weekly,114,0.402909083,55.81839398,0.402909083,44.61447054,Average,522,Potential Loyalist
3399,54,Montana,0,44,Fortnightly,28,1.232020209,47.58162468,1.232020209,37.35423295,Average,353,Loyal Customer
3400,40,Montana,0,36,Annually,1,-0.238024096,62.18571745,-0.238024096,50.22689934,Average,143,At Risk
3401,39,Nevada,0,18,Fortnightly,28,-0.94790633,69.23801238,-0.94790633,56.44309102,Good,322,Promising
3402,44,Nevada,0,39,Weekly,57,2.107699102,38.88222987,2.107699102,29.68621763,Average,444,Champion
3403,22,Louisiana,0,11,Every 3 Months,4,-1.636996197,76.08374643,-1.636996197,62.47721117,Good,223,About to Sleep
3404,30,Illinois,0,1,Bi-Weekly,114,0.712276792,52.7449936,0.712276792,41.90544517,Average,513,Recent Customer
3405,69,South Carolina,0,34,Annually,1,-1.263213814,72.3704212,-1.263213814,59.20412893,Average,141,Need Attention
3406,28,Washington,0,47,Bi-Weekly,114,4.825671194,11.88065146,4.825671194,5.885881899,Good,555,Champion
3407,57,Nebraska,0,24,Quarterly,3,-0.003103178,59.85190556,-0.003103178,48.16977861,Good,134,At Risk
3408,46,Alabama,0,20,Quarterly,3,-1.673452848,76.44592348,-1.673452848,62.79644938,Average,122,Hibernating
3409,48,Montana,0,11,Annually,1,-1.250860068,72.24769344,-1.250860068,59.09595147,Good,124,Need Attention
3410,24,Minnesota,0,3,Every 3 Months,4,-0.839593644,68.1619846,-0.839593644,55.49463452,Average,215,About to Sleep
3411,50,Ohio,0,38,Bi-Weekly,114,3.738149179,22.68459277,3.738149179,15.40893372,Good,544,Champion
3412,29,New York,0,45,Weekly,57,1.889676953,41.04816166,1.889676953,31.59536171,Good,453,Loyal Customer
3413,61,Indiana,0,31,Quarterly,3,0.650386533,53.35983975,0.650386533,42.44739664,Average,144,At Risk
3414,34,Delaware,0,16,Bi-Weekly,114,2.806317015,31.94183987,2.806317015,23.56866369,Poor,525,Potential Loyalist
3415,27,Connecticut,0,3,Quarterly,3,-0.823483013,68.00193422,-0.823483013,55.35355933,Good,115,Need Attention
3416,38,New York,0,15,Annually,1,-1.14285499,71.17472158,-1.14285499,58.15018859,Average,123,Need Attention
3417,25,Alabama,0,11,Every 3 Months,4,-1.974800433,79.43964828,-1.974800433,65.43524531,Average,223,About to Sleep
3418,54,Massachusetts,0,22,Fortnightly,28,-1.346607606,73.19889329,-1.346607606,59.93437934,Average,331,Promising
3419,53,South Carolina,0,35,Annually,1,-1.362889133,73.36064143,-1.362889133,60.07695101,Average,141,Need Attention
3420,23,West Virginia,0,5,Bi-Weekly,114,-0.657611663,66.35409233,-0.657611663,53.90108165,Average,511,Recent Customer
3421,19,Kentucky,0,35,Bi-Weekly,114,2.85486031,31.45958857,2.85486031,23.14358696,Average,543,Loyal Customer
3422,57,New Jersey,0,27,Weekly,57,-0.454269196,64.33399522,-0.454269196,52.12048242,Average,431,Potential Loyalist
3423,19,New York,0,9,Monthly,12,-0.299764719,62.79907705,-0.299764719,50.76754049,Average,315,Need Attention
3424,33,Massachusetts,0,21,Bi-Weekly,114,2.350165949,36.47345328,2.350165949,27.56301983,Average,534,Potential Loyalist
3425,33,Florida,0,23,Monthly,12,-0.470678831,64.49701604,-0.470678831,52.26417589,Average,333,Promising
3426,38,Michigan,0,3,Bi-Weekly,114,0.386249566,55.98389725,0.386249566,44.76035214,Good,513,Recent Customer
3427,47,Oregon,0,31,Annually,1,-1.428668681,74.01412556,-1.428668681,60.65295962,Good,141,Need Attention
3428,39,Michigan,0,44,Annually,1,-0.402043706,63.81516331,-0.402043706,51.66316199,Poor,152,Need Attention
3429,32,Washington,0,20,Monthly,12,-0.46723158,64.46276948,-0.46723158,52.23398951,Poor,324,Promising
3430,27,Alaska,0,34,Weekly,57,2.817203346,31.83369008,2.817203346,23.47333588,Good,445,Champion
3431,67,Montana,0,17,Every 3 Months,4,-0.714929049,66.92350947,-0.714929049,54.40299004,Good,224,About to Sleep
3432,46,New Mexico,0,20,Annually,1,-1.599006057,75.70633499,-1.599006057,62.14454473,Good,122,Hibernating
3433,36,Connecticut,0,46,Every 3 Months,4,0.068107765,59.14446347,0.068107765,47.54620917,Good,252,Need Attention
3434,62,Alaska,0,28,Annually,1,0.812731634,51.74702924,0.812731634,41.02579709,Good,135,At Risk
3435,31,Ohio,0,6,Fortnightly,28,-0.891891797,68.68153839,-0.891891797,55.95259125,Average,314,Need Attention
3436,68,Montana,0,50,Bi-Weekly,114,5.202253709,8.139508442,5.202253709,2.58827987,Average,555,Champion
3437,57,Nebraska,0,41,Monthly,12,1.577688612,44.14759661,1.577688612,34.32733505,Average,354,Loyal Customer
3438,22,Oklahoma,0,50,Annually,1,1.026729796,49.62107358,1.026729796,39.15188965,Average,153,At Risk
3439,26,Kentucky,0,33,Monthly,12,0.517167866,54.68329496,0.517167866,43.61394615,Average,344,Loyal Customer
3440,43,Idaho,0,25,Quarterly,3,0.657281035,53.29134662,0.657281035,42.38702389,Good,135,At Risk
3441,45,Maryland,0,2,Weekly,57,-0.791496696,67.68416751,-0.791496696,55.07346628,Good,413,Recent Customer
3442,64,Tennessee,0,15,Annually,1,0.039459836,59.4290651,0.039459836,47.79706911,Good,125,Need Attention
3443,28,Michigan,0,12,Weekly,57,0.534154237,54.51454457,0.534154237,43.4652024,Good,424,Potential Loyalist
3444,47,Tennessee,0,28,Bi-Weekly,114,0.850153654,51.37526177,0.850153654,40.69810548,Good,531,Potential Loyalist
3445,53,Rhode Island,0,12,Bi-Weekly,114,1.389320522,46.0189314,1.389320522,35.97680885,Average,523,Potential Loyalist
3446,42,Florida,0,3,Annually,1,-2.395831873,83.62236725,-2.395831873,69.12207111,Good,113,Lost
3447,51,Louisiana,0,20,Weekly,57,0.11678145,58.66091681,0.11678145,47.11999065,Good,423,Potential Loyalist
3448,62,Arkansas,0,3,Bi-Weekly,114,0.555151684,54.30594633,0.555151684,43.28133507,Good,513,Recent Customer
3449,18,Kentucky,0,32,Fortnightly,28,-0.949918323,69.25800045,-0.949918323,56.46070934,Good,341,Loyal Customer
3450,48,Kansas,0,35,Monthly,12,-0.78004654,67.57041643,-0.78004654,54.97320126,Good,342,Loyal Customer
3451,20,Vermont,0,31,Monthly,12,0.674292974,53.12234223,0.674292974,42.23805625,Average,344,Loyal Customer
3452,32,Nevada,0,13,Annually,1,-1.070180941,70.45274432,-1.070180941,57.51380723,Average,124,Need Attention
3453,26,Oklahoma,0,3,Fortnightly,28,-3.295299729,92.5580925,-3.295299729,76.9983981,Average,311,Lost
3454,31,Alabama,0,48,Bi-Weekly,114,3.754808696,22.51908951,3.754808696,15.26305213,Good,553,Loyal Customer
3455,55,Louisiana,0,15,Bi-Weekly,114,1.934805155,40.59983746,1.934805155,31.20018976,Good,524,Potential Loyalist
3456,49,Ohio,0,13,Annually,1,-0.394572468,63.74094062,-0.394572468,51.59773896,Good,125,Need Attention
3457,42,Texas,0,21,Monthly,12,-1.073613253,70.48684248,-1.073613253,57.5438628,Good,333,Promising
3458,64,Maryland,0,29,Fortnightly,28,1.333707522,46.57141639,1.333707522,36.46379254,Average,335,Promising
3459,68,West Virginia,0,24,Quarterly,3,-1.776575418,77.47039027,-1.776575418,63.69945783,Average,132,Need Attention
3460,68,Ohio,0,21,Annually,1,-2.036485612,80.05245707,-2.036485612,65.97540095,Average,132,Need Attention
3461,41,Indiana,0,5,Bi-Weekly,114,1.538115872,44.54073031,1.538115872,34.67385975,Average,514,Recent Customer
3462,51,Wyoming,0,47,Quarterly,3,-0.775516455,67.52541248,-0.775516455,54.93353287,Good,151,Need Attention
3463,44,Michigan,0,34,Every 3 Months,4,0.461926534,55.23208762,0.461926534,44.09767527,Good,244,At Risk
3464,27,Maine,0,45,Fortnightly,28,-0.092195466,60.73698912,-0.092195466,48.94992878,Average,351,Loyal Customer
3465,36,Utah,0,12,Annually,1,-1.730565153,77.01330325,-1.730565153,63.29656196,Average,123,Need Attention
3466,19,Iowa,0,31,Weekly,57,0.793825179,51.93485461,0.793825179,41.19135433,Average,443,Loyal Customer
3467,49,Maryland,0,43,Annually,1,-0.302368387,62.82494308,-0.302368387,50.79033991,Good,152,Need Attention
3468,18,Texas,0,5,Annually,1,-2.806310159,87.70024637,-2.806310159,72.71648661,Good,112,Hibernating
3469,36,Ohio,0,36,Quarterly,3,1.249873705,47.40425988,1.249873705,37.1978961,Average,145,At Risk
3470,36,North Dakota,0,12,Annually,1,-0.632701385,66.10662224,-0.632701385,53.68295101,Average,125,Need Attention
3471,19,West Virginia,0,31,Bi-Weekly,114,2.957982879,30.43512177,2.957982879,22.2405785,Good,544,Champion
3472,43,North Carolina,0,31,Bi-Weekly,114,2.831306291,31.69358496,2.831306291,23.3498413,Average,543,Loyal Customer
3473,31,Georgia,0,15,Weekly,57,-0.778284429,67.55291081,-0.778284429,54.95777106,Good,422,Potential Loyalist
3474,63,Kansas,0,11,Weekly,57,-1.139642684,71.14280906,-1.139642684,58.12205954,Poor,422,Potential Loyalist
3475,41,Maine,0,18,Monthly,12,-0.056753294,60.38489036,-0.056753294,48.63957401,Good,324,Promising
3476,48,South Carolina,0,9,Quarterly,3,-0.661475396,66.39247643,-0.661475396,53.93491501,Good,115,Need Attention
3477,68,South Carolina,0,11,Weekly,57,1.351663558,46.39303291,1.351663558,36.30655778,Average,425,Potential Loyalist
3478,53,Kentucky,0,38,Bi-Weekly,114,4.118178945,18.90920319,4.118178945,12.08114532,Average,545,Champion
3479,36,Arizona,0,42,Quarterly,3,0.314017554,56.7014831,0.314017554,45.39286273,Good,153,At Risk
3480,46,New York,0,41,Monthly,12,0.437599314,55.47376535,0.437599314,44.31070026,Good,353,Loyal Customer
3481,21,New Hampshire,0,45,Monthly,12,1.685693689,43.07462474,1.685693689,33.38157217,Average,354,Loyal Customer
3482,52,Ohio,0,41,Bi-Weekly,114,3.56579981,24.39679027,3.56579981,16.91813716,Average,553,Loyal Customer
3483,66,Hawaii,0,35,Weekly,57,1.408536611,45.82802997,1.408536611,35.80854025,Average,443,Loyal Customer
3484,19,Texas,0,21,Every 3 Months,4,-1.958140916,79.27414501,-1.958140916,65.28936371,Average,232,Need Attention
3485,44,Illinois,0,13,Bi-Weekly,114,1.965253675,40.29734793,1.965253675,30.93356266,Good,524,Potential Loyalist
3486,50,Massachusetts,0,23,Fortnightly,28,-1.868538221,78.38399084,-1.868538221,64.50474409,Average,331,Promising
3487,51,North Carolina,0,6,Weekly,57,0.583274268,54.02656371,0.583274268,43.03507539,Good,415,Recent Customer
3488,25,West Virginia,0,39,Annually,1,-1.339335114,73.12664503,-1.339335114,59.87069666,Average,141,Need Attention
3489,62,Delaware,0,7,Quarterly,3,-3.375686295,93.35668943,-3.375686295,77.70231528,Good,111,Hibernating
3490,48,Idaho,0,32,Every 3 Months,4,-1.661126952,76.32347239,-1.661126952,62.6885158,Good,241,Need Attention
3491,62,Oregon,0,43,Quarterly,3,1.438882591,45.52655912,1.438882591,35.54281106,Average,154,At Risk
3492,22,Maine,0,15,Monthly,12,-2.544612285,85.10041995,-2.544612285,70.4248894,Good,321,Promising
3493,48,South Dakota,0,48,Annually,1,1.014952787,49.73807178,1.014952787,39.25501683,Good,153,At Risk
3494,48,New Mexico,0,35,Weekly,57,2.295272731,37.01878762,2.295272731,28.04370064,Good,444,Champion
3495,62,Washington,0,41,Quarterly,3,-0.557494306,65.35948069,-0.557494306,53.02438879,Average,152,Need Attention
3496,24,Georgia,0,14,Weekly,57,-1.227540994,72.01603108,-1.227540994,58.89175445,Average,421,Potential Loyalist
3497,39,Idaho,0,22,Monthly,12,-1.637769397,76.09142775,-1.637769397,62.48398182,Good,332,Promising
3498,35,Colorado,0,16,Every 3 Months,4,-1.839794086,78.09843345,-1.839794086,64.25304171,Good,222,About to Sleep
3499,47,Kentucky,0,2,Bi-Weekly,114,-0.485262294,64.64189484,-0.485262294,52.3918782,Average,511,Recent Customer
3500,22,New Jersey,0,13,Every 3 Months,4,-2.849759544,88.13189243,-2.849759544,73.09695775,Average,221,About to Sleep
3501,38,Oregon,0,38,Fortnightly,28,0.309953061,56.74186164,0.309953061,45.42845408,Good,342,Loyal Customer
3502,53,Nebraska,0,43,Weekly,57,3.060214771,29.41950339,3.060214771,21.34536941,Good,455,Champion
3503,31,Massachusetts,0,26,Quarterly,3,-0.582483582,65.6077356,-0.582483582,53.24321118,Good,133,At Risk
3504,31,Nebraska,0,39,Weekly,57,3.16333734,28.39503659,3.16333734,20.44236095,Average,445,Champion
3505,65,Hawaii,0,50,Monthly,12,0.427257562,55.57650505,0.427257562,44.40125938,Good,352,Loyal Customer
3506,48,Indiana,0,40,Every 3 Months,4,-0.431704088,64.10982311,-0.431704088,51.92288763,Average,242,Need Attention
3507,18,Illinois,0,12,Fortnightly,28,-1.109913946,70.84747017,-1.109913946,57.86173533,Average,323,Promising
3508,46,Colorado,0,33,Every 3 Months,4,0.054895498,59.27572017,0.054895498,47.66190439,Good,243,At Risk
3509,52,Pennsylvania,0,49,Weekly,57,2.08213309,39.13621434,2.08213309,29.9100903,Good,453,Loyal Customer
3510,50,Ohio,0,43,Bi-Weekly,114,1.804104579,41.89827678,1.804104579,32.34468921,Good,551,Loyal Customer
3511,49,Pennsylvania,0,14,Monthly,12,0.257496923,57.26298491,0.257496923,45.88779422,Good,325,Promising
3512,69,Mississippi,0,21,Every 3 Months,4,-0.100217617,60.81668483,-0.100217617,49.02017596,Average,234,At Risk
3513,36,Kentucky,0,31,Quarterly,3,-0.911958059,68.88088581,-0.911958059,56.12830452,Average,142,Need Attention
3514,30,Alaska,0,29,Fortnightly,28,0.784775638,52.0247569,0.784775638,41.27059801,Good,334,Promising
3515,25,Georgia,0,32,Monthly,12,-0.438795053,64.18026801,-0.438795053,51.98498074,Good,342,Loyal Customer
3516,19,South Dakota,0,16,Bi-Weekly,114,2.38406172,36.13671718,2.38406172,27.26620636,Good,524,Potential Loyalist
3517,34,South Carolina,0,38,Bi-Weekly,114,2.893638588,31.0743474,2.893638588,22.80401906,Good,543,Loyal Customer
3518,29,Tennessee,0,34,Every 3 Months,4,0.293024416,56.91003855,0.293024416,45.57669234,Average,244,At Risk
3519,50,Colorado,0,30,Quarterly,3,1.172317148,48.17474221,1.172317148,37.87703188,Good,135,At Risk
3520,31,Wisconsin,0,14,Fortnightly,28,-0.591430583,65.6966192,-0.591430583,53.32155696,Average,323,Promising
3521,41,Georgia,0,33,Monthly,12,0.474942336,55.10278269,0.474942336,43.98370042,Average,344,Loyal Customer
3522,52,Maryland,0,35,Weekly,57,0.944055786,50.44239502,0.944055786,39.87583719,Average,442,Loyal Customer
3523,27,New Jersey,0,13,Quarterly,3,-0.511244789,64.90001683,-0.511244789,52.61939787,Average,125,Need Attention
3524,49,Nevada,0,30,Fortnightly,28,0.220619494,57.62934217,0.220619494,46.21071703,Average,333,Promising
3525,69,Michigan,0,30,Monthly,12,0.436164057,55.48802385,0.436164057,44.32326831,Average,334,Promising
3526,45,Wyoming,0,47,Annually,1,-0.194363309,61.75197122,-0.194363309,49.84457703,Average,152,Need Attention
3527,20,Massachusetts,0,1,Every 3 Months,4,-0.724694065,67.0205196,-0.724694065,54.48849889,Average,215,About to Sleep
3528,25,Washington,0,1,Weekly,57,0.574944509,54.10931534,0.574944509,43.10801618,Good,415,Recent Customer
3529,38,Maine,0,33,Annually,1,0.061001861,59.21505677,0.061001861,47.6084331,Good,143,At Risk
3530,55,Montana,0,43,Weekly,57,0.231104292,57.52518138,0.231104292,46.1189053,Average,451,Loyal Customer
3531,62,Oklahoma,0,37,Weekly,57,0.871381737,51.16437228,0.871381737,40.51221855,Average,442,Loyal Customer
3532,54,North Dakota,0,23,Quarterly,3,-1.212419274,71.865805,-1.212419274,58.75933881,Good,133,At Risk
3533,61,Connecticut,0,12,Annually,1,-1.350535387,73.23791367,-1.350535387,59.96877355,Good,123,Need Attention
3534,50,Texas,0,30,Fortnightly,28,1.867415146,41.26932065,1.867415146,31.79030062,Good,335,Promising
3535,65,Delaware,0,7,Weekly,57,0.39914789,55.8557594,0.39914789,44.647406,Average,414,Recent Customer
3536,68,Mississippi,0,20,Monthly,12,-1.227291112,72.01354864,-1.227291112,58.88956632,Good,322,Promising
3537,55,Minnesota,0,10,Monthly,12,-3.186324987,91.47548755,-3.186324987,76.0441442,Good,311,Lost
3538,57,Georgia,0,40,Every 3 Months,4,1.679572388,43.13543655,1.679572388,33.43517427,Average,245,At Risk
3539,56,Iowa,0,21,Monthly,12,-0.651357958,66.29196517,-0.651357958,53.84632013,Good,333,Promising
3540,29,New York,0,17,Bi-Weekly,114,1.43987581,45.51669203,1.43987581,35.53411379,Average,523,Potential Loyalist
3541,24,Nevada,0,5,Weekly,57,0.767400646,52.19736801,0.767400646,41.42274477,Good,415,Recent Customer
3542,59,Virginia,0,22,Annually,1,-0.742718457,67.19958216,-0.742718457,54.64633222,Good,133,At Risk
3543,62,Idaho,0,5,Weekly,57,-2.061709832,80.30304601,-2.061709832,66.19628067,Good,411,Recent Customer
3544,58,Colorado,0,18,Every 3 Months,4,-0.223446955,62.04090146,-0.223446955,50.09925239,Good,224,About to Sleep
3545,64,Wisconsin,0,42,Every 3 Months,4,0.255681394,57.28102121,0.255681394,45.90369218,Average,253,At Risk
3546,48,Connecticut,0,22,Annually,1,-2.347288579,83.14011595,-2.347288579,68.69699437,Average,131,Lost
3547,60,Kansas,0,37,Bi-Weekly,114,3.795598968,22.11386028,3.795598968,14.90586591,Average,544,Champion
3548,52,Pennsylvania,0,23,Annually,1,-2.151385191,81.19392206,-2.151385191,66.98153658,Average,131,Lost
3549,63,Utah,0,47,Fortnightly,28,0.468513427,55.16665041,0.468513427,44.03999613,Average,352,Loyal Customer
3550,44,Oregon,0,11,Fortnightly,28,-2.150327924,81.18341869,-2.150327924,66.97227846,Average,321,Promising
3551,63,West Virginia,0,32,Weekly,57,1.749788098,42.43788156,1.749788098,32.82031973,Good,444,Champion
3552,66,Montana,0,20,Weekly,57,-0.896631259,68.72862237,-0.896631259,55.99409306,Average,421,Potential Loyalist
3553,22,Kentucky,0,3,Quarterly,3,-2.00579784,79.7475907,-2.00579784,65.70667881,Average,113,Lost
3554,62,Minnesota,0,32,Weekly,57,2.805426336,31.95068828,2.805426336,23.57646306,Good,445,Champion
3555,39,Louisiana,0,5,Fortnightly,28,-1.678952598,76.50056051,-1.678952598,62.84460878,Good,313,Need Attention
3556,25,Delaware,0,45,Quarterly,3,-0.913970053,68.90087388,-0.913970053,56.14592285,Good,151,Need Attention
3557,70,Arizona,0,43,Bi-Weekly,114,4.590989528,14.21208651,4.590989528,7.94090758,Good,555,Champion
3558,52,Nevada,0,1,Every 3 Months,4,-3.80715772,97.64312399,-3.80715772,81.48056039,Good,211,About to Sleep
3559,68,Alaska,0,9,Quarterly,3,-0.408122219,63.87555004,-0.408122219,51.71638941,Good,115,Need Attention
3560,18,Utah,0,13,Every 3 Months,4,-3.018661662,89.80984336,-3.018661662,74.57597481,Average,221,About to Sleep
3561,18,Kansas,0,5,Annually,1,-0.652808153,66.30637207,-0.652808153,53.85901898,Average,115,Need Attention
3562,63,North Carolina,0,39,Fortnightly,28,-0.423105201,64.02439784,-0.423105201,51.84759017,Average,341,Loyal Customer
3563,47,Maryland,0,7,Weekly,57,-1.585451998,75.57168277,-1.585451998,62.02585656,Average,412,Recent Customer
3564,43,Maine,0,8,Every 3 Months,4,-0.620136238,65.98179431,-0.620136238,53.57292239,Good,215,About to Sleep
3565,60,Illinois,0,40,Annually,1,-0.678950902,66.5660861,-0.678950902,54.08794194,Good,142,Need Attention
3566,49,Pennsylvania,0,35,Monthly,12,-0.146663598,61.27810046,-0.146663598,49.42688725,Good,343,Loyal Customer
3567,28,Alaska,0,14,Monthly,12,-0.080307313,60.61888676,-0.080307313,48.84582836,Average,325,Promising
3568,32,New Mexico,0,26,Monthly,12,-0.60080267,65.7897258,-0.60080267,53.40362506,Good,333,Promising
3569,29,Arkansas,0,14,Quarterly,3,-1.033175403,70.08511438,-1.033175403,57.18976262,Good,124,Need Attention
3570,35,Alaska,0,9,Fortnightly,28,0.244750249,57.38961621,0.244750249,45.99941241,Average,315,Need Attention
3571,23,Louisiana,0,32,Annually,1,1.258540948,47.31815553,1.258540948,37.12200007,Good,145,At Risk
3572,70,North Dakota,0,15,Every 3 Months,4,-2.795757005,87.5954065,-2.795757005,72.62407631,Average,221,About to Sleep
3573,23,Rhode Island,0,25,Monthly,12,-1.852344296,78.22311298,-1.852344296,64.36293953,Good,331,Promising
3574,43,Connecticut,0,27,Monthly,12,-0.067095046,60.48763006,-0.067095046,48.73013314,Good,333,Promising
3575,29,New York,0,39,Quarterly,3,0.655269041,53.31133469,0.655269041,42.40464221,Good,144,At Risk
3576,61,Kentucky,0,49,Bi-Weekly,114,5.301929028,7.149288214,5.301929028,1.715457788,Average,555,Champion
3577,29,Maine,0,12,Bi-Weekly,114,-0.257475129,62.37895292,-0.257475129,50.39722527,Average,521,Potential Loyalist
3578,66,Missouri,0,13,Weekly,57,-1.212316734,71.86478632,-1.212316734,58.7584409,Average,421,Potential Loyalist
3579,46,Georgia,0,22,Quarterly,3,-2.548411958,85.13816764,-2.548411958,70.45816181,Average,131,Lost
3580,34,Arizona,0,19,Every 3 Months,4,-0.872054157,68.48446219,-0.872054157,55.77887994,Good,223,About to Sleep
3581,51,New Hampshire,0,3,Bi-Weekly,114,1.610789922,43.81875304,1.610789922,34.03747839,Average,514,Recent Customer
3582,26,Georgia,0,50,Weekly,57,3.8826066,21.24948666,3.8826066,14.14397036,Good,455,Champion
3583,23,California,0,15,Annually,1,-2.282944288,82.50089032,-2.282944288,68.13355381,Average,122,Hibernating
3584,52,Arizona,0,44,Every 3 Months,4,1.323096641,46.67682973,1.323096641,36.55670833,Average,254,At Risk
3585,39,Florida,0,48,Monthly,12,0.753284789,52.3376014,0.753284789,41.54635242,Good,353,Loyal Customer
3586,39,New York,0,4,Bi-Weekly,114,-0.093455519,60.74950706,-0.093455519,48.96096263,Good,512,Recent Customer
3587,33,Idaho,0,12,Bi-Weekly,114,-0.088573011,60.70100199,-0.088573011,48.9182082,Good,521,Potential Loyalist
3588,33,Virginia,0,33,Annually,1,1.03218904,49.56683895,1.03218904,39.10408495,Good,145,At Risk
3589,23,Michigan,0,40,Annually,1,0.0388831,59.43479467,0.0388831,47.80211939,Average,143,At Risk
3590,31,New Hampshire,0,38,Every 3 Months,4,0.73883373,52.48116484,0.73883373,41.67289532,Good,244,At Risk
3591,27,South Dakota,0,19,Every 3 Months,4,0.014681963,59.67521984,0.014681963,48.01404033,Average,225,About to Sleep
3592,48,South Dakota,0,38,Quarterly,3,1.388327303,46.02879849,1.388327303,35.98550612,Average,145,At Risk
3593,61,New Jersey,0,18,Fortnightly,28,0.361085086,56.23389271,0.361085086,44.98070873,Good,324,Promising
3594,63,Wyoming,0,24,Monthly,12,0.274156441,57.09748165,0.274156441,45.74191263,Good,334,Promising
3595,19,Alabama,0,29,Quarterly,3,0.680835053,53.05735022,0.680835053,42.18076954,Average,135,At Risk
3596,21,South Dakota,0,14,Annually,1,-2.352171087,83.18862102,-2.352171087,68.73974879,Average,122,Hibernating
3597,28,South Carolina,0,44,Fortnightly,28,2.203207388,37.93340686,2.203207388,28.84988481,Good,354,Loyal Customer
3598,29,New Mexico,0,18,Quarterly,3,-0.756268208,67.33419159,-0.756268208,54.76498267,Average,124,Need Attention
3599,23,Connecticut,0,19,Bi-Weekly,114,2.422839999,35.75147601,2.422839999,26.92663847,Good,524,Potential Loyalist
3600,37,Kansas,0,4,Weekly,57,-1.877583454,78.47385032,-1.877583454,64.58395005,Good,411,Recent Customer
3601,67,South Carolina,0,25,Bi-Weekly,114,3.04932844,29.52765318,3.04932844,21.44069721,Average,534,Potential Loyalist
3602,34,North Carolina,0,3,Monthly,12,-2.573048812,85.38292141,-2.573048812,70.67389817,Average,312,Need Attention
3603,58,Wyoming,0,40,Quarterly,3,-0.711172164,66.88618685,-0.711172164,54.37009231,Average,142,Need Attention
3604,45,Louisiana,0,5,Weekly,57,-1.090522653,70.65482819,-1.090522653,57.69193253,Average,412,Recent Customer
3605,63,Louisiana,0,17,Annually,1,-0.244341861,62.24848102,-0.244341861,50.28222181,Average,125,Need Attention
3606,68,Alabama,0,36,Every 3 Months,4,-0.750836813,67.28023363,-0.750836813,54.71742184,Good,242,Need Attention
3607,41,Minnesota,0,41,Annually,1,1.586003432,44.06499337,1.586003432,34.25452506,Good,155,At Risk
3608,50,New Mexico,0,20,Bi-Weekly,114,3.209900799,27.93245388,3.209900799,20.03462094,Average,525,Potential Loyalist
3609,24,Tennessee,0,2,Every 3 Months,4,-2.471165035,84.37076135,-2.471165035,69.78173739,Good,213,About to Sleep
3610,21,New Mexico,0,31,Monthly,12,-0.972502677,69.48236375,-0.972502677,56.65847267,Average,342,Loyal Customer
3611,18,Texas,0,23,Fortnightly,28,0.876121198,51.1172883,0.876121198,40.47071673,Good,335,Promising
3612,63,Washington,0,30,Annually,1,0.486704407,54.98593289,0.486704407,43.88070405,Average,134,At Risk
3613,47,Michigan,0,26,Every 3 Months,4,-1.949811157,79.19139338,-1.949811157,65.21642292,Average,231,Need Attention
3614,58,Minnesota,0,40,Annually,1,-1.143431727,71.18045114,-1.143431727,58.15523887,Average,141,Need Attention
3615,46,Delaware,0,19,Annually,1,-2.681645564,86.46177124,-2.681645564,71.62484213,Good,121,Hibernating
3616,35,California,0,4,Monthly,12,-3.179430485,91.40699442,-3.179430485,75.98377145,Good,311,Lost
3617,42,Wisconsin,0,33,Fortnightly,28,-1.091819172,70.66770841,-1.091819172,57.70328569,Average,341,Loyal Customer
3618,48,Kentucky,0,29,Monthly,12,-0.773152039,67.50192329,-0.773152039,54.91282851,Good,332,Promising
3619,28,Nevada,0,47,Bi-Weekly,114,3.981160604,20.27040608,3.981160604,13.28096724,Good,553,Loyal Customer
3620,44,North Carolina,0,50,Weekly,57,3.038096009,29.63924128,3.038096009,21.5390557,Good,454,Champion
3621,60,Louisiana,0,28,Fortnightly,28,1.053353075,49.35658574,1.053353075,38.91875886,Average,334,Promising
3622,38,New Jersey,0,5,Fortnightly,28,-2.650139777,86.14877833,-2.650139777,71.34895692,Good,311,Lost
3623,46,Wisconsin,0,12,Annually,1,-2.490624685,84.56408242,-2.490624685,69.95213877,Good,122,Hibernating
3624,39,Arkansas,0,4,Weekly,57,0.44482067,55.4020251,0.44482067,44.24746536,Average,415,Recent Customer
3625,22,Texas,0,22,Bi-Weekly,114,2.883873573,31.17135754,2.883873573,22.88952791,Good,534,Potential Loyalist
3626,44,Illinois,0,32,Weekly,57,2.805426336,31.95068828,2.805426336,23.57646306,Good,445,Champion
3627,69,Mississippi,0,32,Quarterly,3,1.352996275,46.37979309,1.352996275,36.29488764,Average,145,At Risk
3628,39,Delaware,0,48,Every 3 Months,4,0.628816658,53.57412476,0.628816658,42.63627653,Average,253,At Risk
3629,53,Georgia,0,35,Monthly,12,1.373455465,46.17654213,1.373455465,36.11573363,Average,345,Loyal Customer
3630,52,Kansas,0,44,Fortnightly,28,0.514186207,54.71291611,0.514186207,43.64005549,Good,352,Loyal Customer
3631,65,Oklahoma,0,29,Weekly,57,1.499882172,44.92056138,1.499882172,35.00865896,Good,434,Potential Loyalist
3632,48,New Jersey,0,26,Monthly,12,-0.854155847,68.30665219,-0.854155847,55.62215067,Average,332,Promising
3633,27,Utah,0,3,Quarterly,3,-1.710219133,76.81117658,-1.710219133,63.11839894,Average,114,Need Attention
3634,39,Montana,0,1,Bi-Weekly,114,0.121119379,58.61782184,0.121119379,47.08200491,Average,512,Recent Customer
3635,59,Ohio,0,17,Annually,1,-2.946775751,89.09569583,-2.946775751,73.94649491,Average,121,Hibernating
3636,52,Colorado,0,17,Fortnightly,28,-1.81941819,77.89600997,-1.81941819,64.07461708,Average,321,Promising
3637,50,California,0,36,Weekly,57,0.506576231,54.7885171,0.506576231,43.7066934,Good,442,Loyal Customer
3638,32,Utah,0,32,Fortnightly,28,0.654651799,53.31746666,0.654651799,42.41004719,Average,343,Loyal Customer
3639,40,Kansas,0,50,Bi-Weekly,114,2.204241113,37.92313737,2.204241113,28.84083284,Good,551,Loyal Customer
3640,26,Illinois,0,39,Annually,1,-0.494824524,64.73689041,-0.494824524,52.47561132,Average,142,Need Attention
3641,47,Minnesota,0,17,Monthly,12,-2.279482099,82.46649536,-2.279482099,68.10323662,Good,321,Promising
3642,51,New York,0,39,Every 3 Months,4,-0.374254298,63.53909062,-0.374254298,51.41981981,Average,242,Need Attention
3643,47,Arizona,0,5,Annually,1,-1.708446392,76.79356535,-1.708446392,63.10287566,Good,114,Need Attention
3644,53,Tennessee,0,47,Annually,1,2.254717403,37.4216828,2.254717403,28.39882953,Average,155,At Risk
3645,35,Arkansas,0,18,Weekly,57,-0.992859327,69.68459603,-0.992859327,56.83672877,Average,421,Potential Loyalist
3646,38,Colorado,0,31,Every 3 Months,4,0.972080139,50.16398828,0.972080139,39.63043769,Average,245,At Risk
3647,69,Nevada,0,39,Fortnightly,28,1.22369045,47.66437632,1.22369045,37.42717375,Good,343,Loyal Customer
3648,47,Kansas,0,12,Weekly,57,-0.859288237,68.3576397,-0.859288237,55.66709322,Average,422,Potential Loyalist
3649,31,New York,0,45,Bi-Weekly,114,3.842707006,21.64586748,3.842707006,14.49335722,Good,553,Loyal Customer
3650,68,Minnesota,0,33,Fortnightly,28,0.343848832,56.40512554,0.343848832,45.13164061,Good,343,Loyal Customer
3651,51,Ohio,0,3,Annually,1,-2.311380814,82.78339179,-2.311380814,68.38256257,Average,113,Lost
3652,20,Arizona,0,5,Every 3 Months,4,-3.276897347,92.37527481,-3.276897347,76.83725484,Average,211,About to Sleep
3653,27,Kentucky,0,23,Monthly,12,-1.948572364,79.17908664,-1.948572364,65.20557524,Average,331,Promising
3654,67,Minnesota,0,39,Fortnightly,28,-0.803134967,67.79978742,-0.803134967,55.17537857,Average,341,Loyal Customer
3655,21,Arkansas,0,10,Annually,1,-0.2222231,62.02874312,-0.2222231,50.08853551,Average,115,Need Attention
3656,20,Wyoming,0,4,Bi-Weekly,114,-0.684612933,66.6223353,-0.684612933,54.13752237,Average,511,Recent Customer
3657,35,North Dakota,0,18,Monthly,12,-0.690136237,66.67720633,-0.690136237,54.18588802,Average,323,Promising
3658,58,Alabama,0,1,Every 3 Months,4,-1.442528066,74.15181104,-1.442528066,60.77432143,Average,214,About to Sleep
3659,28,Mississippi,0,18,Fortnightly,28,-0.06117021,60.42877002,-0.06117021,48.67825141,Good,324,Promising
3660,27,Illinois,0,46,Annually,1,1.383205543,46.0796804,1.383205543,36.03035559,Good,154,At Risk
3661,19,Arkansas,0,13,Fortnightly,28,-0.322853145,63.02844804,-0.322853145,50.96971781,Average,324,Promising
3662,63,Kansas,0,5,Fortnightly,28,-2.354561071,83.21236422,-2.354561071,68.76067705,Average,312,Need Attention
3663,69,Rhode Island,0,11,Weekly,57,0.549378497,54.3632998,0.549378497,43.33188886,Good,424,Potential Loyalist
3664,65,Florida,0,49,Weekly,57,2.293260738,37.03877568,2.293260738,28.06131896,Good,453,Loyal Customer
3665,63,Missouri,0,1,Fortnightly,28,-1.40692791,73.79814279,-1.40692791,60.46258325,Good,313,Need Attention
3666,28,North Carolina,0,11,Quarterly,3,-0.987502623,69.63138008,-0.987502623,56.78982198,Average,124,Need Attention
3667,67,Alabama,0,47,Every 3 Months,4,0.390687741,55.93980638,0.390687741,44.72148858,Average,252,Need Attention
3668,51,Washington,0,20,Monthly,12,-1.480644289,74.53047503,-1.480644289,61.10809192,Average,322,Promising
3669,59,Michigan,0,18,Annually,1,-0.808498005,67.8530663,-0.808498005,55.22234083,Average,124,Need Attention
3670,25,Washington,0,43,Quarterly,3,0.172116706,58.11119106,0.172116706,46.63543907,Good,153,At Risk
3671,31,Vermont,0,4,Every 3 Months,4,-2.586064614,85.51222635,-2.586064614,70.78787302,Average,212,About to Sleep
3672,62,Illinois,0,20,Quarterly,3,-0.828942257,68.05616885,-0.828942257,55.40136403,Good,123,Need Attention
3673,51,New York,0,7,Monthly,12,-0.860473612,68.36941576,-0.860473612,55.67747314,Good,314,Need Attention
3674,32,Rhode Island,0,31,Fortnightly,28,-1.019145122,69.94573114,-1.019145122,57.06690433,Good,341,Loyal Customer
3675,35,Washington,0,41,Fortnightly,28,1.23546746,47.54737812,1.23546746,37.32404658,Average,353,Loyal Customer
3676,70,Virginia,0,3,Monthly,12,-1.179606338,71.53982628,-1.179606338,58.47200735,Good,314,Need Attention
3677,19,Wisconsin,0,16,Monthly,12,0.311499462,56.72649898,0.311499462,45.41491278,Good,325,Promising
3678,32,Michigan,0,43,Annually,1,-0.809074741,67.85879586,-0.809074741,55.22739111,Average,151,Need Attention
3679,56,Texas,0,29,Fortnightly,28,-0.439764718,64.1899011,-0.439764718,51.99347176,Average,332,Promising
3680,53,Idaho,0,5,Bi-Weekly,114,2.087047756,39.0873898,2.087047756,29.86705428,Poor,515,Recent Customer
3681,22,Iowa,0,30,Quarterly,3,-1.403440153,73.76349382,-1.403440153,60.43204218,Average,132,Need Attention
3682,26,Connecticut,0,33,Monthly,12,0.601618925,53.84431949,0.601618925,42.87443761,Good,344,Loyal Customer
3683,42,Wyoming,0,46,Bi-Weekly,114,3.616355098,23.8945509,3.616355098,16.4754421,Good,553,Loyal Customer
3684,30,Mississippi,0,17,Fortnightly,28,0.080730639,59.01906206,0.080730639,47.43567506,Average,324,Promising
3685,29,Pennsylvania,0,47,Bi-Weekly,114,4.783445665,12.30013919,4.783445665,6.255636166,Good,555,Champion
3686,47,Tennessee,0,17,Bi-Weekly,114,0.848718397,51.38952027,0.848718397,40.71067353,Average,522,Potential Loyalist
3687,59,Louisiana,0,17,Bi-Weekly,114,2.031033223,39.64386379,2.031033223,30.35755405,Good,524,Potential Loyalist
3688,34,Arkansas,0,28,Every 3 Months,4,-1.177974616,71.52361601,-1.177974616,58.45771894,Average,232,Need Attention
3689,52,West Virginia,0,8,Monthly,12,-0.368991518,63.48680775,-0.368991518,51.37373548,Average,315,Need Attention
3690,47,South Carolina,0,8,Quarterly,3,-3.179782908,91.41049554,-3.179782908,75.98685749,Good,111,Hibernating
3691,24,Kansas,0,4,Bi-Weekly,114,-0.853515051,68.30028623,-0.853515051,55.61653943,Average,511,Recent Customer
3692,63,Michigan,0,24,Weekly,57,-1.041979358,70.17257689,-1.041979358,57.26685579,Good,431,Potential Loyalist
3693,59,Alabama,0,29,Fortnightly,28,-0.904245543,68.80426615,-0.904245543,56.0607687,Good,331,Promising
3694,66,South Dakota,0,10,Weekly,57,-0.955516306,69.31361336,-0.955516306,56.50972893,Good,412,Recent Customer
3695,45,Rhode Island,0,11,Bi-Weekly,114,0.391132073,55.93539218,0.391132073,44.71759772,Average,522,Potential Loyalist
3696,38,Florida,0,18,Fortnightly,28,-1.707965861,76.78879154,-1.707965861,63.09866782,Good,321,Promising
3697,63,Connecticut,0,26,Annually,1,-1.225870792,71.99943854,-1.225870792,58.87712908,Average,132,Need Attention
3698,55,Pennsylvania,0,39,Weekly,57,1.896571455,40.97966853,1.896571455,31.53498896,Average,443,Loyal Customer
3699,25,California,0,4,Annually,1,-2.495507192,84.61258748,-2.495507192,69.99489319,Good,113,Lost
3700,51,Oklahoma,0,24,Weekly,57,0.393688646,55.90999403,0.393688646,44.69521071,Average,433,Potential Loyalist
3701,28,North Dakota,0,2,Every 3 Months,4,-1.288850208,72.62510488,-1.288850208,59.42861791,Average,214,About to Sleep
3702,46,New Mexico,0,36,Annually,1,0.226456729,57.57135241,0.226456729,46.1596024,Good,143,At Risk
3703,58,South Carolina,0,36,Weekly,57,1.646665528,43.46234835,1.646665528,33.72332819,Average,443,Loyal Customer
3704,30,Michigan,0,23,Every 3 Months,4,0.12268704,58.60224798,0.12268704,47.06827745,Average,234,At Risk
3705,68,Missouri,0,36,Quarterly,3,0.067558879,59.14991636,0.067558879,47.55101558,Good,143,At Risk
3706,28,Colorado,0,2,Annually,1,-2.169479966,81.37368383,-2.169479966,67.13998623,Average,113,Lost
3707,26,Kansas,0,17,Bi-Weekly,114,1.397650281,45.93617976,1.397650281,35.90386806,Good,523,Potential Loyalist
3708,35,Illinois,0,19,Weekly,57,1.060967359,49.28094196,1.060967359,38.85208323,Average,424,Potential Loyalist
3709,40,South Carolina,0,41,Monthly,12,2.126620495,38.6942561,2.126620495,29.52052957,Good,355,Loyal Customer
3710,31,Utah,0,27,Quarterly,3,-1.315541844,72.89027179,-1.315541844,59.66234727,Average,132,Need Attention
3711,60,Hawaii,0,32,Fortnightly,28,-0.443211969,64.22414767,-0.443211969,52.02365814,Average,342,Loyal Customer
3712,69,Texas,0,33,Annually,1,-0.150125786,61.31249542,-0.150125786,49.45720443,Average,143,At Risk
3713,51,Oregon,0,24,Quarterly,3,-0.298681884,62.78831968,-0.298681884,50.75805848,Average,134,At Risk
3714,49,Arizona,0,31,Every 3 Months,4,0.84540355,51.42245148,0.84540355,40.73970049,Average,245,At Risk
3715,18,New York,0,35,Weekly,57,0.141770726,58.41266191,0.141770726,46.90116826,Average,441,Loyal Customer
3716,63,Nebraska,0,2,Monthly,12,-3.191207495,91.52399262,-3.191207495,76.08689863,Average,311,Lost
3717,57,Vermont,0,42,Every 3 Months,4,0.171230335,58.11999668,0.171230335,46.64320071,Average,253,At Risk
3718,45,Maryland,0,47,Every 3 Months,4,1.868581274,41.25773579,1.868581274,31.78008923,Good,255,At Risk
3719,36,Tennessee,0,44,Bi-Weekly,114,3.055646205,29.46488961,3.055646205,21.38537474,Average,552,Loyal Customer
3720,20,Pennsylvania,0,8,Every 3 Months,4,-0.577910708,65.56230658,-0.577910708,53.20316812,Good,215,About to Sleep
3721,21,South Carolina,0,13,Quarterly,3,-1.735785145,77.06516104,-1.735785145,63.34227161,Average,123,Need Attention
3722,62,Connecticut,0,10,Annually,1,-1.826793222,77.96927691,-1.826793222,64.13919767,Good,113,Lost
3723,23,Kentucky,0,1,Fortnightly,28,-2.842595914,88.06072566,-2.842595914,73.03422833,Good,311,Lost
3724,26,Rhode Island,0,1,Monthly,12,-3.429336412,93.88967424,-3.429336412,78.17211068,Average,311,Lost
3725,30,Colorado,0,18,Annually,1,-0.808498005,67.8530663,-0.808498005,55.22234083,Average,124,Need Attention
3726,18,Oklahoma,0,2,Annually,1,-0.691586432,66.69161324,-0.691586432,54.19858688,Good,115,Need Attention
3727,47,Idaho,0,36,Every 3 Months,4,1.107086486,48.82277345,1.107086486,38.44823409,Good,245,At Risk
3728,41,Maine,0,17,Bi-Weekly,114,2.579965107,34.19052329,2.579965107,25.55074858,Average,524,Potential Loyalist
3729,62,Vermont,0,1,Annually,1,-3.674374768,96.32399739,-3.674374768,80.31782629,Average,111,Hibernating
3730,28,Rhode Island,0,50,Quarterly,3,1.923470184,40.71244425,1.923470184,31.29944615,Good,154,At Risk
3731,46,Florida,0,3,Bi-Weekly,114,1.441887804,45.49670397,1.441887804,35.51649546,Poor,514,Recent Customer
3732,54,West Virginia,0,45,Quarterly,3,0.732825599,52.54085236,0.732825599,41.72550643,Average,153,At Risk
3733,36,Indiana,0,28,Annually,1,0.770506105,52.16651697,0.770506105,41.39555135,Average,135,At Risk
3734,25,Illinois,0,6,Every 3 Months,4,-2.10980678,80.7808631,-2.10980678,66.61744891,Good,213,About to Sleep
3735,38,California,0,33,Every 3 Months,4,1.026082678,49.62750235,1.026082678,39.15755625,Average,245,At Risk
3736,38,Massachusetts,0,29,Annually,1,-1.187092514,71.61419738,-1.187092514,58.53756119,Average,132,Need Attention
3737,42,Idaho,0,2,Every 3 Months,4,-2.471165035,84.37076135,-2.471165035,69.78173739,Good,213,About to Sleep
3738,19,Kentucky,0,43,Bi-Weekly,114,1.846330109,41.47878905,1.846330109,31.97493494,Good,551,Loyal Customer
3739,34,Delaware,0,48,Fortnightly,28,0.875544462,51.12301786,0.875544462,40.47576701,Average,352,Loyal Customer
3740,38,Idaho,0,43,Weekly,57,0.695585117,52.91081634,0.695585117,42.05160837,Good,451,Loyal Customer
3741,42,Virginia,0,26,Bi-Weekly,114,3.751938182,22.54760651,3.751938182,15.28818822,Average,535,Potential Loyalist
3742,58,Arizona,0,26,Bi-Weekly,114,3.751938182,22.54760651,3.751938182,15.28818822,Average,535,Potential Loyalist
3743,56,Maryland,0,50,Bi-Weekly,114,4.737772885,12.75387349,4.737772885,6.655576809,Good,554,Champion
3744,62,Idaho,0,36,Quarterly,3,-1.325883596,72.99301149,-1.325883596,59.75290639,Average,141,Need Attention
3745,24,New Jersey,0,26,Fortnightly,28,-0.394091938,63.73616681,-0.394091938,51.59353112,Average,332,Promising
3746,60,Washington,0,2,Monthly,12,-2.895628788,88.5875785,-2.895628788,73.49861876,Good,312,Need Attention
3747,53,Idaho,0,49,Monthly,12,2.807111476,31.93394733,2.807111476,23.56170688,Average,355,Loyal Customer
3748,26,Rhode Island,0,32,Bi-Weekly,114,2.351601206,36.45919477,2.351601206,27.55045179,Good,543,Loyal Customer
3749,34,Delaware,0,3,Annually,1,-3.789274348,97.46546239,-3.789274348,81.32396192,Average,111,Hibernating
3750,24,Alaska,0,38,Every 3 Months,4,1.667795379,43.25243475,1.667795379,33.53830144,Average,245,At Risk
3751,42,Arizona,0,5,Monthly,12,-0.703348504,66.80846303,-0.703348504,54.30158324,Average,315,Need Attention
3752,36,Alabama,0,8,Every 3 Months,4,-0.324557531,63.04538019,-0.324557531,50.98464252,Good,215,About to Sleep
3753,24,Washington,0,43,Weekly,57,2.806861593,31.93642977,2.806861593,23.56389501,Good,454,Champion
3754,39,Louisiana,0,22,Fortnightly,28,-1.726637372,76.97428288,-1.726637372,63.26216775,Good,331,Promising
3755,46,Nebraska,0,10,Every 3 Months,4,-2.550733586,85.16123175,-2.550733586,70.4784915,Good,212,About to Sleep
3756,64,Pennsylvania,0,26,Monthly,12,0.961541922,50.26867974,0.961541922,39.72271718,Average,335,Promising
3757,64,South Carolina,0,42,Bi-Weekly,114,3.719477668,22.87008411,3.719477668,15.57243364,Good,554,Champion
3758,61,California,0,33,Weekly,57,0.552249011,54.3347828,0.552249011,43.30675276,Good,442,Loyal Customer
3759,61,Indiana,0,23,Quarterly,3,-1.127968215,71.02682954,-1.127968215,58.01983028,Average,133,At Risk
3760,44,Missouri,0,30,Quarterly,3,-0.347801915,63.27630054,-0.347801915,51.1881855,Average,133,At Risk
3761,65,Connecticut,0,36,Weekly,57,2.280048471,37.17003238,2.280048471,28.17701418,Average,444,Champion
3762,60,Nevada,0,3,Every 3 Months,4,-3.499802004,94.58971167,-3.499802004,78.78915335,Average,211,About to Sleep
3763,65,New York,0,13,Annually,1,-0.183444821,61.64350196,-0.183444821,49.74896762,Average,125,Need Attention
3764,27,Oklahoma,0,38,Every 3 Months,4,-1.330217217,73.03606367,-1.330217217,59.79085441,Good,241,Need Attention
3765,36,South Dakota,0,19,Monthly,12,-2.563283796,85.28591128,-2.563283796,70.58838932,Average,321,Promising
3766,22,Missouri,0,14,Bi-Weekly,114,1.063293295,49.25783505,1.063293295,38.83171582,Good,523,Potential Loyalist
3767,62,Texas,0,43,Annually,1,0.415465615,55.69365165,0.415465615,44.50451736,Good,153,At Risk
3768,59,New York,0,10,Fortnightly,28,-1.501720721,74.73985796,-1.501720721,61.29265091,Average,312,Need Attention
3769,50,Vermont,0,34,Quarterly,3,-1.168758487,71.43205877,-1.168758487,58.3770165,Good,141,Need Attention
3770,51,Arizona,0,31,Annually,1,0.767058854,52.20076354,0.767058854,41.42573773,Average,145,At Risk
3771,23,Montana,0,34,Weekly,57,0.537024751,54.48602757,0.537024751,43.44006631,Good,442,Loyal Customer
3772,21,Oklahoma,0,28,Bi-Weekly,114,3.468136484,25.36702243,3.468136484,17.77334092,Average,535,Potential Loyalist
3773,44,New Hampshire,0,35,Annually,1,-1.531791251,75.03859236,-1.531791251,61.55596808,Average,141,Need Attention
3774,25,Wisconsin,0,41,Quarterly,3,0.371467344,56.13075061,0.371467344,44.88979491,Average,153,At Risk
3775,57,Alaska,0,48,Fortnightly,28,2.480114584,35.18248407,2.480114584,26.42510486,Average,354,Loyal Customer
3776,41,South Dakota,0,45,Quarterly,3,0.775051128,52.12136462,0.775051128,41.35575216,Average,153,At Risk
3777,19,Alaska,0,10,Fortnightly,28,-2.599584489,85.64653897,-2.599584489,70.90626186,Good,311,Lost
3778,43,Utah,0,9,Weekly,57,-0.222458044,62.03107717,-0.222458044,50.09059284,Good,413,Recent Customer
3779,25,South Dakota,0,30,Annually,1,-0.442257242,64.21466298,-0.442257242,52.01529793,Average,133,At Risk
3780,60,California,0,45,Annually,1,1.229527685,47.60638656,1.229527685,37.37605912,Good,154,At Risk
3781,54,Mississippi,0,41,Quarterly,3,0.244790755,57.3892138,0.244790755,45.99905771,Good,153,At Risk
3782,52,Tennessee,0,40,Fortnightly,28,2.601908665,33.97252595,2.601908665,25.35859648,Average,345,Loyal Customer
3783,40,Alabama,0,42,Fortnightly,28,0.460183668,55.24940205,0.460183668,44.11293693,Average,352,Loyal Customer
3784,39,Maine,0,17,Fortnightly,28,-0.383750186,63.63342711,-0.383750186,51.50297199,Average,323,Promising
3785,54,Virginia,0,4,Annually,1,-2.537732722,85.03207521,-2.537732722,70.36464746,Good,113,Lost
3786,64,New Hampshire,0,6,Monthly,12,-0.380768527,63.60380595,-0.380768527,51.47686265,Average,315,Need Attention
3787,31,Tennessee,0,22,Weekly,57,-0.082569189,60.64135727,-0.082569189,48.86563482,Average,432,Potential Loyalist
3788,37,New York,0,46,Every 3 Months,4,1.588226828,44.04290514,1.588226828,34.23505555,Average,254,At Risk
3789,43,Kansas,0,27,Monthly,12,-0.151546105,61.32660552,-0.151546105,49.46964167,Average,333,Promising
3790,56,North Dakota,0,18,Every 3 Months,4,-0.561251191,65.39680331,-0.561251191,53.05728652,Average,224,About to Sleep
3791,27,Alaska,0,31,Weekly,57,0.456020943,55.29075646,0.456020943,44.14938847,Good,442,Loyal Customer
3792,40,Texas,0,1,Weekly,57,-1.367429849,73.40575098,-1.367429849,60.11671247,Average,412,Recent Customer
3793,43,Massachusetts,0,2,Fortnightly,28,-1.759956406,77.30528941,-1.759956406,63.55393094,Average,313,Need Attention
3794,62,Delaware,0,46,Annually,1,-1.02364964,69.99048108,-1.02364964,57.10634882,Good,151,Need Attention
3795,44,South Dakota,0,27,Weekly,57,1.74145834,42.52063319,1.74145834,32.89326053,Average,434,Potential Loyalist
3796,45,Arkansas,0,3,Weekly,57,0.50227046,54.8312926,0.50227046,43.74439755,Poor,415,Recent Customer
3797,40,Utah,0,47,Quarterly,3,1.673564258,43.19512407,1.673564258,33.48778538,Average,154,At Risk
3798,68,California,0,20,Quarterly,3,-1.757903907,77.28489894,-1.757903907,63.53595791,Poor,122,Hibernating
3799,63,Rhode Island,0,23,Annually,1,-0.420138481,63.99492508,-0.420138481,51.82161163,Average,134,At Risk
3800,60,Oklahoma,0,13,Monthly,12,-2.767516942,87.3148568,-2.767516942,72.37678791,Average,321,Promising
3801,19,Vermont,0,12,Bi-Weekly,114,-0.17302407,61.53997746,-0.17302407,49.65771674,Good,521,Potential Loyalist
3802,26,Kentucky,0,36,Fortnightly,28,1.691618526,43.0157647,1.691618526,33.32969043,Good,344,Loyal Customer
3803,70,Illinois,0,1,Monthly,12,-1.655864172,76.27118952,-1.655864172,62.64243146,Average,314,Need Attention
3804,48,Connecticut,0,14,Weekly,57,-0.298579344,62.787301,-0.298579344,50.75716057,Average,423,Potential Loyalist
3805,37,Florida,0,45,Annually,1,1.313978744,46.76741109,1.313978744,36.63655058,Average,154,At Risk
3806,48,New Jersey,0,31,Quarterly,3,-0.447477234,64.26652077,-0.447477234,52.06100758,Average,143,At Risk
3807,18,Missouri,0,41,Weekly,57,2.2461527,37.50676848,2.2461527,28.47382765,Average,454,Champion
3808,38,Michigan,0,36,Annually,1,-0.913632568,68.89752115,-0.913632568,56.14296762,Average,142,Need Attention
3809,33,Washington,0,6,Bi-Weekly,114,-0.503933805,64.82738617,-0.503933805,52.55537812,Good,511,Recent Customer
3810,57,New York,0,28,Annually,1,-1.720800137,76.91629312,-1.720800137,63.21105311,Average,131,Lost
3811,46,Wisconsin,0,29,Monthly,12,0.578064906,54.07831589,0.578064906,43.08069196,Average,334,Promising
3812,46,Idaho,0,14,Monthly,12,-2.529388025,84.94917518,-2.529388025,70.29157585,Good,321,Promising
3813,50,Michigan,0,7,Every 3 Months,4,-1.322745979,72.96184097,-1.322745979,59.72543138,Average,214,About to Sleep
3814,61,Georgia,0,31,Bi-Weekly,114,3.80249347,22.04536714,3.80249347,14.84549316,Good,545,Champion
3815,45,Michigan,0,26,Every 3 Months,4,0.837073791,51.50520311,0.837073791,40.81264128,Good,235,At Risk
3816,32,Maine,0,12,Fortnightly,28,-1.65884583,76.30081068,-1.65884583,62.66854081,Good,322,Promising
3817,29,Maryland,0,45,Fortnightly,28,2.399110776,35.98721297,2.399110776,27.13442702,Good,355,Loyal Customer
3818,66,Missouri,0,40,Annually,1,1.559002163,44.33323634,1.559002163,34.49096578,Average,145,At Risk
3819,70,Oregon,0,42,Monthly,12,-0.12655683,61.07835062,-0.12655683,49.25081928,Average,352,Loyal Customer
3820,36,Arkansas,0,45,Quarterly,3,2.295170191,37.0198063,2.295170191,28.04459854,Average,155,At Risk
3821,34,New Hampshire,0,34,Quarterly,3,0.098007399,58.84742683,0.098007399,47.28438848,Good,143,At Risk
3822,20,Oregon,0,34,Every 3 Months,4,-0.593711704,65.71928091,-0.593711704,53.34153195,Good,242,Need Attention
3823,70,Kansas,0,17,Every 3 Months,4,-2.066145994,80.34711687,-2.066145994,66.23512659,Average,222,About to Sleep
3824,50,California,0,27,Weekly,57,0.052437159,59.30014244,0.052437159,47.68343122,Average,432,Potential Loyalist
3825,54,Georgia,0,31,Quarterly,3,-1.75646865,77.27064044,-1.75646865,63.52338986,Good,141,Need Attention
3826,49,Hawaii,0,47,Fortnightly,28,0.384062368,56.00562587,0.384062368,44.77950467,Good,351,Loyal Customer
3827,50,Montana,0,25,Annually,1,-2.012931593,79.81846067,-2.012931593,65.76914661,Good,131,Lost
3828,62,Montana,0,47,Fortnightly,28,1.98863249,40.06509208,1.98863249,30.72884252,Good,354,Loyal Customer
3829,42,Mississippi,0,8,Weekly,57,0.426149159,55.58751643,0.426149159,44.41096528,Average,414,Recent Customer
3830,69,Washington,0,32,Fortnightly,28,-0.781016205,67.58004952,-0.781016205,54.98169227,Average,341,Loyal Customer
3831,22,Pennsylvania,0,33,Every 3 Months,4,-1.549674623,75.21625396,-1.549674623,61.71256654,Average,241,Need Attention
3832,36,Nevada,0,16,Every 3 Months,4,-0.235223964,62.15789966,-0.235223964,50.20237956,Good,225,About to Sleep
3833,64,Kansas,0,27,Weekly,57,-0.11646496,60.97809337,-0.11646496,49.16244829,Good,432,Potential Loyalist
3834,44,Arizona,0,17,Every 3 Months,4,0.129581542,58.53375484,0.129581542,47.0079047,Good,225,About to Sleep
3835,43,Tennessee,0,17,Quarterly,3,-1.332201361,73.05577506,-1.332201361,59.80822886,Good,123,Need Attention
3836,58,Pennsylvania,0,28,Bi-Weekly,114,2.285821658,37.11267891,2.285821658,28.1264604,Average,533,Potential Loyalist
3837,62,Alaska,0,38,Fortnightly,28,1.830072124,41.64030331,1.830072124,32.11730046,Poor,344,Loyal Customer
3838,45,New Mexico,0,33,Fortnightly,28,2.159546601,38.36715309,2.159546601,29.23220712,Good,345,Loyal Customer
3839,47,Rhode Island,0,24,Every 3 Months,4,-2.257166873,82.24480569,-2.257166873,67.90782996,Good,231,Need Attention
3840,66,Connecticut,0,14,Quarterly,3,-2.806647643,87.70359909,-2.806647643,72.71944184,Average,121,Hibernating
3841,30,Idaho,0,5,Fortnightly,28,-2.227884482,81.95390102,-2.227884482,67.65141425,Average,312,Need Attention
3842,68,Mississippi,0,8,Monthly,12,-1.804659522,77.74939061,-1.804659522,63.94538056,Good,313,Need Attention
3843,35,Colorado,0,42,Monthly,12,1.68914094,43.04037818,1.68914094,33.35138579,Good,354,Loyal Customer
3844,64,Georgia,0,48,Every 3 Months,4,1.34665066,46.44283333,1.34665066,36.35045398,Good,254,At Risk
3845,30,Montana,0,40,Quarterly,3,1.442329842,45.49231256,1.442329842,35.51262469,Good,145,At Risk
3846,58,California,0,46,Annually,1,0.327567305,56.56687368,0.327567305,45.27421227,Good,153,At Risk
3847,57,Pennsylvania,0,40,Every 3 Months,4,0.243904385,57.39801941,0.243904385,46.00681935,Good,243,At Risk
3848,60,Delaware,0,31,Fortnightly,28,-0.765791945,67.42880475,-0.765791945,54.84837873,Average,341,Loyal Customer
3849,22,New Hampshire,0,39,Every 3 Months,4,0.259128645,57.24677465,0.259128645,45.8735058,Average,243,At Risk
3850,46,Florida,0,36,Fortnightly,28,1.016010054,49.72756841,1.016010054,39.24575871,Average,343,Loyal Customer
3851,27,Mississippi,0,25,Every 3 Months,4,-0.118889127,61.00217616,-0.118889127,49.18367588,Good,234,At Risk
3852,50,Montana,0,24,Annually,1,0.113569143,58.69282934,0.113569143,47.1481197,Average,134,At Risk
3853,65,Mississippi,0,19,Weekly,57,1.060967359,49.28094196,1.060967359,38.85208323,Good,424,Potential Loyalist
3854,61,Tennessee,0,49,Bi-Weekly,114,4.499643967,15.11955511,4.499643967,8.740788864,Good,554,Champion
3855,57,Florida,0,4,Annually,1,-3.931175196,98.87517035,-3.931175196,82.56653827,Good,111,Hibernating
3856,40,Illinois,0,36,Quarterly,3,0.067558879,59.14991636,0.067558879,47.55101558,Good,143,At Risk
3857,39,Virginia,0,8,Quarterly,3,-1.152957491,71.27508444,-1.152957491,58.23865267,Poor,114,Need Attention
3858,42,Texas,0,29,Every 3 Months,4,-2.079934996,80.48410314,-2.079934996,66.35587209,Average,231,Need Attention
3859,30,Missouri,0,26,Quarterly,3,0.050899361,59.31541963,0.050899361,47.69689717,Average,134,At Risk
3860,65,Mississippi,0,47,Bi-Weekly,114,4.867896724,11.46116373,4.867896724,5.516127632,Average,555,Champion
3861,57,Pennsylvania,0,44,Annually,1,0.695820061,52.9084823,0.695820061,42.04955104,Good,153,At Risk
3862,64,Wyoming,0,49,Monthly,12,1.033639236,49.55243205,1.033639236,39.0913861,Good,353,Loyal Customer
3863,56,Idaho,0,9,Monthly,12,-2.073236959,80.41756177,-2.073236959,66.29721971,Average,312,Need Attention
3864,40,New Hampshire,0,28,Fortnightly,28,-0.931246812,69.07250911,-0.931246812,56.29720942,Average,331,Promising
3865,55,Wyoming,0,1,Fortnightly,28,-0.097936495,60.79402312,-0.097936495,49.00020097,Good,315,Need Attention
3866,25,Nebraska,0,28,Every 3 Months,4,-1.262425675,72.36259147,-1.262425675,59.19722747,Good,232,Need Attention
3867,58,Alaska,0,33,Fortnightly,28,-0.711789406,66.89231882,-0.711789406,54.37549729,Average,341,Loyal Customer
3868,46,Maryland,0,28,Monthly,12,-1.940242606,79.09633501,-1.940242606,65.13263444,Average,331,Promising
3869,18,Maryland,0,9,Annually,1,-3.205011436,91.66112728,-3.205011436,76.20777493,Average,111,Hibernating
3870,26,Arizona,0,28,Annually,1,-0.411808722,63.91217345,-0.411808722,51.74867083,Average,133,At Risk
3871,61,Ohio,0,19,Every 3 Months,4,-1.716564748,76.87421682,-1.716564748,63.17396528,Average,222,About to Sleep
3872,55,Minnesota,0,20,Every 3 Months,4,0.506164057,54.79261183,0.506164057,43.71030267,Good,225,About to Sleep
3873,41,New Hampshire,0,3,Monthly,12,-0.588448924,65.66699804,-0.588448924,53.29544761,Good,315,Need Attention
3874,42,Louisiana,0,22,Weekly,57,-0.251471307,62.3193082,-0.251471307,50.34465189,Good,432,Potential Loyalist
3875,70,Nevada,0,33,Bi-Weekly,114,2.463053535,35.35197635,2.463053535,26.57450253,Average,543,Loyal Customer
3876,63,New Hampshire,0,21,Annually,1,-1.445328199,74.17962883,-1.445328199,60.79884121,Average,132,Need Attention
3877,60,Wisconsin,0,7,Annually,1,-0.97883538,69.54527572,-0.97883538,56.71392595,Average,115,Need Attention
3878,28,Nevada,0,46,Monthly,12,2.47275449,35.25560261,2.47275449,26.48955464,Good,355,Loyal Customer
3879,60,South Carolina,0,24,Annually,1,-1.617677567,75.89182632,-1.617677567,62.30804466,Average,132,Need Attention
3880,26,Florida,0,6,Quarterly,3,-1.924794031,78.9428618,-1.924794031,64.99735665,Good,113,Lost
3881,42,Massachusetts,0,40,Monthly,12,-1.151746547,71.26305438,-1.151746547,58.22804886,Average,341,Loyal Customer
3882,56,Georgia,0,17,Weekly,57,-1.357664833,73.30874084,-1.357664833,60.03120363,Average,421,Potential Loyalist
3883,35,North Dakota,0,24,Fortnightly,28,1.325377763,46.65416802,1.325377763,36.53673334,Average,335,Promising
3884,34,North Dakota,0,22,Fortnightly,28,-1.219931018,71.9404301,-1.219931018,58.82511654,Good,332,Promising
3885,47,Maryland,0,3,Weekly,57,-2.1579379,81.25901968,-2.1579379,67.03891638,Good,411,Recent Customer
3886,49,New Mexico,0,39,Quarterly,3,0.401915864,55.82826107,0.401915864,44.62316782,Average,143,At Risk
3887,37,Iowa,0,40,Quarterly,3,1.65345749,43.3948739,1.65345749,33.66385335,Average,145,At Risk
3888,40,Kansas,0,1,Quarterly,3,-3.495468382,94.54665949,-3.495468382,78.75120533,Average,111,Hibernating
3889,45,Virginia,0,14,Bi-Weekly,114,1.781127297,42.12654362,1.781127297,32.54589328,Average,524,Potential Loyalist
3890,57,Alaska,0,49,Annually,1,1.084179586,49.05034108,1.084179586,38.64882184,Average,153,At Risk
3891,35,Nebraska,0,33,Annually,1,0.652159275,53.34222853,0.652159275,42.43187336,Average,144,At Risk
3892,36,Colorado,0,6,Quarterly,3,-3.318236506,92.78595693,-3.318236506,77.19924747,Good,111,Hibernating
3893,35,Michigan,0,5,Fortnightly,28,-0.369961183,63.49644084,-0.369961183,51.3822265,Average,315,Need Attention
3894,21,Massachusetts,0,29,Bi-Weekly,114,2.608401634,33.90802182,2.608401634,25.30173981,Average,533,Potential Loyalist
3895,66,Connecticut,0,44,Every 3 Months,4,1.365322171,46.257342,1.365322171,36.18695406,Average,254,At Risk
3896,40,Virginia,0,32,Weekly,57,-0.19258626,61.7343172,-0.19258626,49.82901602,Good,441,Loyal Customer
3897,52,Iowa,0,41,Bi-Weekly,114,2.805740279,31.94756943,2.805740279,23.57371397,Good,552,Loyal Customer
3898,46,New Jersey,0,24,Quarterly,3,-1.945477536,79.1483412,-1.945477536,65.1784749,Average,131,Lost
3899,44,Minnesota,0,24,Weekly,57,1.322650295,46.68126394,1.322650295,36.56061683,Average,434,Potential Loyalist
3900,52,California,0,33,Quarterly,3,0.704389072,52.82335382,0.704389072,41.9745152,Average,144,At Risk
