,Customer ID,Age,Gender,Item Purchased,Category,Purchase Amount (USD),Location,Size,Color,Season,Review Rating,Subscription Status,Shipping Type,Discount Applied,Promo Code Used,Previous Purchases,Payment Method,Frequency of Purchases,Avg_no_of_yearly_purchases,Aggregate,Depandancy_Score,aggval,Value,Satisfaction_flag,R_Score,F_Score,M_Score,RFM_Score,Customer_Segment
0,1,55,Male,Blouse,Clothing,53.0,Kentucky,L,Gray,Winter,3.1,1,Express,1,1,14.0,Venmo,Fortnightly,28.0,-0.14036246649087303,61.21550213846888,-2.140362466490873,66.88501441860437,Average,3,2,3,323,Promising
1,2,19,Male,Sweater,Clothing,64.0,Maine,L,Maroon,Winter,3.1,1,Express,1,1,2.0,Cash,Fortnightly,28.0,-0.5066032292936816,64.85390545589622,-2.5066032292936815,70.09205732306117,Average,3,1,3,313,Need Attention
2,3,50,Male,Jeans,Clothing,73.0,Massachusetts,S,Maroon,Spring,3.1,1,Free Shipping,1,1,23.0,Credit Card,Weekly,57.0,2.0845213779798923,39.112487993723164,0.08452137797989234,47.40248087415472,Average,4,3,4,434,Potential Loyalist
3,4,21,Male,Sandals,Footwear,90.0,Rhode Island,M,Maroon,Spring,3.5,1,Next Day Air,1,1,49.0,PayPal,Weekly,57.0,4.6022521529690525,14.10019844407057,2.6022521529690525,25.355588672783412,Average,4,5,5,455,Champion
4,5,45,Male,Blouse,Clothing,49.0,Oregon,M,Turquoise,Spring,2.7,1,Free Shipping,1,1,31.0,PayPal,Annually,1.0,0.16248873197214175,58.20683975817571,-1.8375112680278582,64.23305186887586,Average,1,4,2,142,Need Attention
5,6,46,Male,Sneakers,Footwear,20.0,Wyoming,M,White,Summer,2.9,1,Standard,1,1,14.0,Venmo,Weekly,57.0,-0.7764728774968253,67.53491402463368,-2.7764728774968255,72.45521191506967,Average,4,2,1,421,Potential Loyalist
6,7,63,Male,Shirt,Clothing,85.0,Montana,M,Gray,Fall,3.2,1,Free Shipping,1,1,49.0,Cash,Quarterly,3.0,2.980919973680839,30.207254181473882,0.9809199736808392,39.55303032717776,Average,1,5,5,155,At Risk
7,8,27,Male,Shorts,Clothing,34.0,Louisiana,L,Charcoal,Winter,3.2,1,Free Shipping,1,1,19.0,Credit Card,Weekly,57.0,0.16081853066766238,58.22343230216367,-1.8391814693323376,64.24767724045262,Average,4,2,1,421,Potential Loyalist
8,9,26,Male,Coat,Outerwear,97.0,West Virginia,L,Silver,Summer,2.6,1,Express,1,1,8.0,Venmo,Annually,1.0,0.5970977729674377,53.88923468210559,-1.4029022270325622,60.42733174512438,Average,1,1,5,115,Need Attention
9,10,57,Male,Handbag,Accessories,31.000000000000004,Missouri,M,Pink,Spring,4.8,1,2-Day Shipping,1,1,4.0,Cash,Quarterly,3.0,-2.4144645740367423,83.80747302926332,-4.414464574036742,86.79853516436042,Good,1,1,1,111,Hibernating
10,11,53,Male,Shoes,Footwear,34.0,Arkansas,L,Purple,Fall,4.1,1,Store Pickup,1,1,26.0,Bank Transfer,Bi-Weekly,114.0,2.1339553512875207,38.621388283522606,0.13395535128752067,46.96960477341141,Good,5,3,1,531,Potential Loyalist
11,12,30,Male,Shorts,Clothing,68.0,Hawaii,S,Olive,Winter,4.9,1,Store Pickup,1,1,10.0,Bank Transfer,Fortnightly,28.0,0.21611328051900325,57.67410895607902,-1.7838867194809969,63.7634803591242,Good,3,1,3,313,Need Attention
12,13,61,Male,Coat,Outerwear,72.0,Delaware,M,Gold,Winter,4.5,1,Express,1,1,37.0,Venmo,Fortnightly,28.0,2.254138970654222,37.42742921665688,0.2541389706542221,45.9171986437053,Good,3,4,4,344,Loyal Customer
13,14,65,Male,Dress,Clothing,51.0,New Hampshire,M,Violet,Spring,4.7,1,Express,1,1,31.0,PayPal,Weekly,57.0,1.709374120156008,42.83937250800947,-0.290625879843992,50.68751485596273,Good,4,4,2,442,Loyal Customer
14,15,64,Male,Coat,Outerwear,53.0,New York,L,Teal,Winter,4.7,1,Free Shipping,1,1,34.0,Debit Card,Weekly,57.0,2.0015055760980065,39.93720495492219,0.0015055760980065003,48.12942136091436,Good,4,4,3,443,Loyal Customer
15,16,64,Male,Skirt,Clothing,81.0,Rhode Island,M,Teal,Winter,2.8,1,Store Pickup,1,1,8.0,PayPal,Monthly,12.0,0.20875318665577192,57.74722749625357,-1.791246813344228,63.82793013969908,Average,3,1,4,314,Need Attention
16,17,25,Male,Sunglasses,Accessories,36.0,Alabama,S,Gray,Spring,4.1,1,Next Day Air,1,1,44.0,Debit Card,Bi-Weekly,114.0,3.4644887916946776,25.403260278115624,1.4644887916946776,35.3185864745615,Good,5,5,2,552,Loyal Customer
17,18,53,Male,Dress,Clothing,38.0,Mississippi,XL,Lavender,Winter,4.7,1,2-Day Shipping,1,1,36.0,Venmo,Quarterly,3.0,0.09637169949364677,58.8636766117996,-1.9036283005063532,64.81201571290887,Good,1,4,2,142,Need Attention
18,19,52,Male,Sweater,Clothing,48.0,Montana,S,Black,Summer,4.6,1,Free Shipping,1,1,17.0,Cash,Weekly,57.0,0.6135223460817429,53.72606545744287,-1.386477653918257,60.28350747427629,Good,4,2,2,422,Potential Loyalist
19,20,66,Male,Pants,Clothing,90.0,Rhode Island,M,Green,Summer,3.3,1,Standard,1,1,46.0,Debit Card,Bi-Weekly,114.0,5.883120983945473,1.3754613936426197,3.8831209839454726,14.139466074943222,Average,5,5,5,555,Champion
20,21,21,Male,Pants,Clothing,51.0,Louisiana,M,Black,Winter,2.8,1,Express,1,1,50.0,Cash,Every 3 Months,4.0,1.6405936675472979,43.52266899590049,-0.35940633245270215,51.2898013431795,Average,2,5,2,252,Need Attention
21,22,31,Male,Pants,Clothing,62.0,North Carolina,M,Charcoal,Winter,4.1,1,Store Pickup,1,1,22.0,Debit Card,Quarterly,3.0,0.14060922258043496,58.42420081581783,-1.859390777419565,64.42464311833339,Good,1,3,3,133,At Risk
22,23,56,Male,Pants,Clothing,37.0,California,M,Peach,Summer,3.2,1,Store Pickup,1,1,32.0,Debit Card,Annually,1.0,-0.27499082335731584,62.552961837094486,-2.274990823357316,68.06390808768421,Average,1,4,2,142,Need Attention
23,24,31,Male,Pants,Clothing,88.0,Oklahoma,XL,White,Winter,4.4,1,Express,1,1,40.0,Credit Card,Weekly,57.0,3.894759903240991,21.128750178085728,1.894759903240991,31.550852089352404,Good,4,4,5,445,Champion
24,25,18,Male,Jacket,Outerwear,22.0,Florida,M,Green,Fall,2.9,1,Store Pickup,1,1,16.0,Debit Card,Weekly,57.0,-0.5535682205191705,65.3204771683677,-2.5535682205191703,70.50331340694139,Average,4,2,1,421,Potential Loyalist
25,26,18,Male,Hoodie,Clothing,25.0,Texas,M,Silver,Summer,3.6,1,Express,1,1,14.0,PayPal,Annually,1.0,-2.0277795590093075,79.96596715561822,-4.027779559009307,83.41246905797452,Average,1,2,1,121,Hibernating
26,27,38,Male,Jewelry,Accessories,20.0,Nevada,M,Red,Spring,3.6,1,Next Day Air,1,1,13.0,Credit Card,Annually,1.0,-2.3081340055960684,82.75113650899789,-4.308134005596068,85.86743538061481,Average,1,2,1,121,Hibernating
27,28,56,Male,Shorts,Clothing,56.0,Kentucky,L,Cyan,Summer,5.0,1,Next Day Air,1,1,7.0,Bank Transfer,Every 3 Months,4.0,-1.1250310402970725,70.99765030265857,-3.1250310402970722,75.5074144450237,Good,2,1,3,213,About to Sleep
28,29,54,Male,Handbag,Accessories,94.0,North Carolina,M,Gray,Fall,4.4,1,Free Shipping,1,1,41.0,PayPal,Every 3 Months,4.0,2.833250246420991,31.674272820890337,0.8332502464209912,40.84612273826678,Good,2,5,5,255,At Risk
29,30,31,Male,Dress,Clothing,48.0,Wyoming,S,Black,Fall,4.1,1,Store Pickup,1,1,14.0,Credit Card,Weekly,57.0,0.4058419491887113,55.789257547906814,-1.5941580508112887,62.102092435036596,Good,4,2,2,422,Potential Loyalist
30,31,57,Male,Jewelry,Accessories,31.000000000000004,North Carolina,L,Black,Winter,4.7,1,Standard,1,1,16.0,Credit Card,Monthly,12.0,-1.3487088978536492,73.21976848726676,-3.3487088978536494,77.46608360154016,Good,3,2,1,321,Promising
31,32,33,Male,Dress,Clothing,79.0,West Virginia,L,Brown,Winter,4.7,1,Store Pickup,1,1,45.0,Venmo,Monthly,12.0,2.685693689287529,33.14016717648835,0.6856936892875289,42.13822415794336,Good,3,5,4,354,Loyal Customer
32,33,36,Male,Jacket,Outerwear,67.0,Kansas,M,Silver,Summer,4.9,1,Free Shipping,1,1,37.0,Venmo,Annually,1.0,1.3379090571989072,46.52967641363771,-0.6620909428010928,53.94030513876257,Good,1,4,3,143,At Risk
33,34,54,Male,Pants,Clothing,38.0,Colorado,L,Green,Summer,3.3,1,Store Pickup,1,1,45.0,Cash,Quarterly,3.0,0.719412890172742,52.67410034040778,-1.280587109827258,59.356260830627946,Average,1,5,2,152,Need Attention
34,35,36,Male,T-shirt,Clothing,91.0,North Dakota,L,Violet,Spring,4.6,1,2-Day Shipping,1,1,38.0,PayPal,Quarterly,3.0,2.472778362219957,35.25536545863828,0.47277836221995706,44.00264958043465,Good,1,4,5,145,At Risk
35,36,54,Male,Blouse,Clothing,33.0,Massachusetts,M,Cyan,Summer,4.0,1,2-Day Shipping,1,1,48.0,Credit Card,Bi-Weekly,114.0,3.614719398978603,23.91080068476539,1.614719398978603,34.003069328313195,Good,5,5,1,551,Loyal Customer
36,37,35,Male,T-shirt,Clothing,69.0,Illinois,M,Maroon,Winter,4.6,1,Free Shipping,1,1,44.0,PayPal,Fortnightly,28.0,2.612049974831179,33.87177753284271,0.6120499748311792,42.78309653669669,Good,3,5,4,354,Loyal Customer
37,38,35,Male,Jeans,Clothing,45.0,Indiana,S,Cyan,Summer,2.8,1,Store Pickup,1,1,10.0,PayPal,Weekly,57.0,0.002258164757885206,59.79864352912709,-1.9977418352421148,65.63613518414911,Average,4,1,2,412,Recent Customer
38,39,29,Male,Dress,Clothing,37.0,Florida,M,Red,Winter,,1,2-Day Shipping,1,1,44.0,Venmo,Every 3 Months,4.0,0.6340754604184662,53.521881415191785,-1.3659245395815338,60.10353100471665,Poor,2,5,2,252,Need Attention
39,40,70,Male,Pants,Clothing,60.0,Arizona,S,Turquoise,Summer,4.2,1,Express,1,1,18.0,Credit Card,Monthly,12.0,0.014285056285058495,59.67916288558559,-1.9857149437149415,65.53081988052286,Good,3,2,3,323,Promising
40,41,69,Male,Handbag,Accessories,76.0,Louisiana,L,Beige,Winter,4.6,1,Next Day Air,1,1,31.0,Debit Card,Quarterly,3.0,1.3548078266022983,46.36179630606258,-0.6451921733977017,53.792328496035935,Good,1,4,4,144,At Risk
41,42,67,Male,Scarf,Accessories,39.0,Alaska,M,Orange,Spring,4.5,1,Standard,1,1,40.0,Venmo,Annually,1.0,0.3632746274064024,56.21214079990063,-1.6367253725935975,62.47483965803532,Good,1,4,2,142,Need Attention
42,43,20,Male,Coat,Outerwear,100.0,Tennessee,M,Beige,Spring,4.1,1,Free Shipping,1,1,15.0,PayPal,Annually,1.0,1.2083619542912953,47.81665661042137,-0.7916380457087047,55.07470403525156,Good,1,2,5,125,Need Attention
43,44,25,Male,Scarf,Accessories,69.0,Ohio,L,Lavender,Fall,3.7,1,Store Pickup,1,1,19.0,PayPal,Fortnightly,28.0,0.8813800007225817,51.065044953375526,-1.1186199992774184,57.937971209699256,Average,3,2,4,324,Promising
44,45,39,Male,Hat,Accessories,53.0,Kentucky,S,Silver,Summer,4.6,1,Free Shipping,1,1,45.0,PayPal,Weekly,57.0,2.763000364705789,32.37216728988774,0.763000364705789,41.46127650479323,Good,4,5,3,453,Loyal Customer
45,46,50,Male,Socks,Clothing,21.0,Tennessee,XL,Indigo,Fall,2.9,1,2-Day Shipping,1,1,25.0,PayPal,Annually,1.0,-1.4351868884994583,74.07888041583045,-3.4351868884994583,78.22334127042954,Average,1,3,1,131,Lost
46,47,57,Male,Shirt,Clothing,43.0,California,L,White,Summer,2.9,1,Store Pickup,1,1,45.0,Cash,Quarterly,3.0,0.9305405377951591,50.57666168384941,-1.0694594622048408,57.50748949490776,Average,1,5,2,152,Need Attention
47,48,55,Male,Jewelry,Accessories,54.0,Montana,M,Charcoal,Winter,4.5,1,Free Shipping,1,1,36.0,Cash,Weekly,57.0,2.1821847035511777,38.14225582996789,0.18218470355117766,46.547277119930115,Good,4,4,3,443,Loyal Customer
48,49,42,Male,Shirt,Clothing,55.0,Nevada,M,Orange,Summer,2.7,1,Store Pickup,1,1,38.0,Cash,Monthly,12.0,1.1876933879495193,48.021987605717705,-0.8123066120504807,55.255691477841,Average,3,4,3,343,Loyal Customer
49,50,68,Male,Hoodie,Clothing,30.0,New Jersey,S,Indigo,Spring,4.6,1,Next Day Air,1,1,34.0,Debit Card,Bi-Weekly,114.0,2.5188676249043382,34.79749363419879,0.5188676249043382,43.59906194662674,Good,5,4,1,541,Loyal Customer
50,51,49,Male,Blouse,Clothing,28.0,Maryland,M,Red,Spring,,1,Store Pickup,1,1,39.0,Debit Card,Bi-Weekly,114.0,2.7805505606770904,32.19781561271558,0.7805505606770904,41.30759554631431,Poor,5,4,1,541,Loyal Customer
51,52,59,Male,Skirt,Clothing,59.0,Vermont,XL,Gray,Winter,4.7,1,2-Day Shipping,1,1,7.0,Credit Card,Quarterly,3.0,-1.0244693504581739,69.99862446207253,-3.024469350458174,74.62683072356704,Good,1,1,3,113,Lost
52,53,42,Male,T-shirt,Clothing,20.0,Alaska,M,Green,Summer,2.6,1,Free Shipping,1,1,26.0,Credit Card,Weekly,57.0,0.05424871007530152,59.28214566277791,-1.9457512899246985,65.18087207202844,Average,4,3,1,431,Potential Loyalist
53,54,29,Male,Skirt,Clothing,24.0,Mississippi,S,Peach,Winter,3.9,1,Next Day Air,1,1,35.0,Credit Card,Weekly,57.0,0.8461920188523303,51.414618466139395,-1.1538079811476698,58.24610012117136,Average,4,4,1,441,Loyal Customer
54,55,47,Male,Coat,Outerwear,94.0,New Mexico,M,Brown,Summer,4.2,1,Next Day Air,1,1,35.0,Debit Card,Bi-Weekly,114.0,5.2905283134356225,7.26254813343038,3.2905283134356225,19.3285938624882,Good,5,4,5,545,Champion
55,56,40,Male,Jacket,Outerwear,28.0,South Carolina,M,Lavender,Winter,3.0,1,2-Day Shipping,1,1,49.0,Credit Card,Annually,1.0,0.5218349933161793,54.63692957293722,-1.4781650066838208,61.08638171433882,Average,1,5,1,151,Need Attention
56,57,41,Male,Backpack,Accessories,73.0,Mississippi,XL,Brown,Summer,4.7,1,Store Pickup,1,1,46.0,Credit Card,Weekly,57.0,3.6767377541598023,23.294681966832957,1.6767377541598023,33.45999617499237,Good,4,5,4,454,Champion
57,58,21,Male,Coat,Outerwear,64.0,West Virginia,M,White,Summer,4.4,1,Store Pickup,1,1,17.0,Debit Card,Fortnightly,28.0,0.5317987551714767,54.537945003576525,-1.4682012448285233,60.999132519259646,Good,3,2,3,323,Promising
58,59,69,Male,Hoodie,Clothing,54.0,Missouri,M,Charcoal,Summer,4.2,1,Free Shipping,1,1,29.0,Venmo,Monthly,12.0,0.5224266677459406,54.63105160842119,-1.4775733322540594,61.08120062726595,Good,3,3,3,333,Promising
59,60,63,Male,Belt,Accessories,79.0,Louisiana,L,Yellow,Spring,4.6,1,Standard,1,1,4.0,Debit Card,Weekly,57.0,1.0225653748042594,49.66244484545806,-0.9774346251957406,56.70166002277244,Good,4,1,4,414,Recent Customer
60,61,50,Male,Sweater,Clothing,37.0,Idaho,L,Brown,Summer,4.0,1,Express,1,1,17.0,Cash,Weekly,57.0,0.14904152131242498,58.34043050187129,-1.850958478687575,64.35080441286071,Good,4,2,2,422,Potential Loyalist
61,62,55,Male,Scarf,Accessories,68.0,Texas,M,Orange,Winter,4.7,1,Store Pickup,1,1,21.0,Credit Card,Every 3 Months,4.0,0.35085049949754366,56.3355677714201,-1.6491495005024563,62.58363342241382,Good,2,3,3,233,At Risk
62,63,30,Male,Sneakers,Footwear,21.0,Mississippi,S,Magenta,Spring,3.8,1,Free Shipping,1,1,31.0,Credit Card,Fortnightly,28.0,-0.3147238288804971,62.947687694480116,-2.314723828880497,68.41183618957186,Average,3,4,1,341,Loyal Customer
63,64,33,Male,Sunglasses,Accessories,79.0,Arizona,L,Lavender,Winter,2.7,1,2-Day Shipping,1,1,43.0,Credit Card,Weekly,57.0,3.7224105344136715,22.840947669426853,1.7224105344136715,33.06005553288844,Average,4,5,4,454,Champion
64,65,65,Male,Boots,Footwear,83.0,Alabama,S,Green,Fall,4.8,1,Standard,1,1,18.0,Debit Card,Fortnightly,28.0,1.403310615101006,45.87994741183342,-0.596689384898994,53.36760645660282,Good,3,2,4,324,Promising
65,66,65,Male,Backpack,Accessories,36.0,New Jersey,M,Purple,Spring,4.8,1,2-Day Shipping,1,1,44.0,Venmo,Every 3 Months,4.0,0.5918499308939826,53.94136914650346,-1.4081500691060174,60.47328527186069,Good,2,5,2,252,Need Attention
66,67,31,Male,Blouse,Clothing,94.0,Pennsylvania,S,Magenta,Winter,4.7,1,2-Day Shipping,1,1,3.0,Venmo,Every 3 Months,4.0,0.20263188577592306,57.80803930010023,-1.797368114224077,63.881532241230666,Good,2,1,5,215,About to Sleep
67,68,45,Male,Coat,Outerwear,33.0,Connecticut,L,Gray,Winter,4.4,1,Store Pickup,1,1,49.0,Debit Card,Monthly,12.0,1.0202265270186661,49.68568002954007,-0.9797734729813339,56.722140498888706,Good,3,5,1,351,Loyal Customer
68,69,57,Male,Handbag,Accessories,46.0,Utah,L,Silver,Summer,3.9,1,Next Day Air,1,1,21.0,Cash,Every 3 Months,4.0,-0.5781111500410923,65.56429786027694,-2.5781111500410923,70.71822729958267,Average,2,3,2,232,Need Attention
69,70,48,Male,Belt,Accessories,70.0,Tennessee,S,Cyan,Summer,4.4,1,Express,1,1,5.0,Cash,Weekly,57.0,0.7117624080482521,52.75010373044181,-1.288237591951748,59.42325344014867,Good,4,1,4,414,Recent Customer
70,71,22,Male,Belt,Accessories,29.000000000000004,Alabama,M,Magenta,Fall,4.2,1,Express,1,1,32.0,Debit Card,Every 3 Months,4.0,-0.5344503633495281,65.13055162754094,-2.534450363349528,70.33590498491019,Good,2,4,1,241,Need Attention
71,72,36,Male,Dress,Clothing,48.0,Virginia,L,Gold,Summer,2.9,1,Express,1,1,34.0,Bank Transfer,Annually,1.0,0.32794359934068995,56.563135399023444,-1.6720564006593102,62.78422117525959,Average,1,4,2,142,Need Attention
72,73,18,Male,Dress,Clothing,26.0,Georgia,M,Olive,Winter,2.9,1,Store Pickup,1,1,21.0,Bank Transfer,Every 3 Months,4.0,-1.4226217405307613,73.9540524865104,-3.4226217405307615,78.11331264246341,Average,2,3,1,231,Need Attention
73,74,48,Male,Pants,Clothing,85.0,Hawaii,M,Teal,Spring,2.7,1,Free Shipping,1,1,43.0,Bank Transfer,Bi-Weekly,114.0,5.464312939430023,5.536092140664931,3.464312939430023,17.80682237142372,Average,5,5,5,555,Champion
74,75,49,Male,Gloves,Accessories,58.0,Indiana,L,Violet,Spring,4.5,1,Express,1,1,3.0,Cash,Monthly,12.0,-1.108567987229067,70.83409880052865,-3.1085679872290672,75.36325321861246,Good,3,1,3,313,Need Attention
75,76,64,Male,Scarf,Accessories,85.0,Utah,M,Blue,Summer,2.7,1,Free Shipping,1,1,21.0,Credit Card,Annually,1.0,0.990339805210107,49.9825883991686,-1.0096601947898929,56.98384812089151,Average,1,3,5,135,At Risk
76,77,50,Male,Hat,Accessories,43.0,Delaware,S,Teal,Summer,4.2,1,Free Shipping,1,1,32.0,Venmo,Monthly,12.0,0.2656262398696543,57.18222456238566,-1.7343737601303457,63.329912605090065,Good,3,4,2,342,Loyal Customer
77,78,22,Male,Dress,Clothing,53.0,Delaware,L,Gold,Summer,3.3,1,Next Day Air,1,1,36.0,Debit Card,Fortnightly,28.0,1.3826271107246928,46.08542680839999,-0.6173728892753072,53.548724706362115,Average,3,4,3,343,Loyal Customer
78,79,50,Male,Skirt,Clothing,91.0,Nebraska,M,Maroon,Spring,4.7,1,Free Shipping,1,1,50.0,Venmo,Fortnightly,28.0,3.956372418155878,20.516663263058017,1.956372418155878,31.011332738007248,Good,3,5,5,355,Loyal Customer
79,80,38,Male,Jacket,Outerwear,96.0,Iowa,M,Olive,Winter,2.6,1,2-Day Shipping,1,1,43.0,Bank Transfer,Every 3 Months,4.0,3.056154903398646,29.459835964624364,1.056154903398646,38.894224230138505,Average,2,5,5,255,At Risk
80,81,19,Male,Sandals,Footwear,72.0,New York,XL,Blue,Summer,,1,Store Pickup,1,1,24.0,Credit Card,Every 3 Months,4.0,0.727433014488509,52.59442475570948,-1.272566985511491,59.28603139307735,Poor,2,3,4,234,At Risk
81,82,67,Male,Shoes,Footwear,96.0,Virginia,L,Maroon,Summer,2.6,1,Express,1,1,36.0,Credit Card,Every 3 Months,4.0,2.5715673106482386,34.27395084237356,0.5715673106482386,43.137589138579216,Average,2,4,5,245,At Risk
82,83,19,Male,Pants,Clothing,28.0,Georgia,S,Olive,Spring,4.0,1,2-Day Shipping,1,1,21.0,Credit Card,Every 3 Months,4.0,-1.3381706814817944,73.11507702388705,-3.3381706814817944,77.37380410817535,Good,2,3,1,231,Need Attention
83,84,36,Male,Dress,Clothing,40.0,Texas,M,Turquoise,Summer,4.1,1,Standard,1,1,34.0,Bank Transfer,Weekly,57.0,1.4525736922797217,45.39054546197394,-0.5474263077202783,52.93622683378685,Good,4,4,2,442,Loyal Customer
84,85,52,Male,Coat,Outerwear,32.0,Arizona,S,Peach,Spring,4.4,1,Standard,1,1,42.0,Bank Transfer,Every 3 Months,4.0,0.28449421486736104,56.994781465392784,-1.715505785132639,63.16469231427705,Good,2,5,1,251,Need Attention
85,86,53,Male,Sunglasses,Accessories,95.0,New Mexico,M,Charcoal,Winter,4.5,1,Next Day Air,1,1,2.0,Debit Card,Bi-Weekly,114.0,3.0482694771367576,29.538173397222035,1.0482694771367576,38.96327416370753,Good,5,1,5,515,Recent Customer
86,87,24,Male,Hoodie,Clothing,41.0,Nevada,L,Pink,Spring,3.7,1,2-Day Shipping,1,1,47.0,Cash,Bi-Weekly,114.0,3.8832968362101266,21.242629531093314,1.8832968362101266,31.65123017808099,Average,5,5,2,552,Loyal Customer
87,88,52,Male,Shoes,Footwear,53.0,Ohio,M,Green,Fall,3.7,1,2-Day Shipping,1,1,44.0,Debit Card,Fortnightly,28.0,1.9364415024394437,40.583581233829484,-0.06355849756055632,48.69916481100131,Average,3,5,3,353,Loyal Customer
88,89,33,Male,T-shirt,Clothing,47.0,Wyoming,M,Orange,Fall,3.5,1,Free Shipping,1,1,35.0,Credit Card,Monthly,12.0,0.6422087548606199,53.44108154667503,-1.35779124513938,60.0323105757536,Average,3,4,2,342,Loyal Customer
89,90,47,Male,Jacket,Outerwear,83.0,California,XL,Pink,Fall,3.6,1,Next Day Air,1,1,15.0,Cash,Quarterly,3.0,0.5427577498441801,54.42907333602186,-1.45724225015582,60.90316841674931,Average,1,2,4,124,Need Attention
90,91,25,Male,Hat,Accessories,48.0,South Carolina,L,Violet,Summer,2.9,1,Express,1,1,29.0,Credit Card,Monthly,12.0,0.26907349059903996,57.14797799629123,-1.73092650940096,63.29972623013018,Average,3,3,2,332,Promising
91,92,44,Male,Scarf,Accessories,99.0,South Carolina,S,Green,Winter,4.6,1,Standard,1,1,18.0,Credit Card,Every 3 Months,4.0,1.452161517863499,45.394640191222166,-0.547838482136501,52.939836101708934,Good,2,2,5,225,About to Sleep
92,93,61,Male,Jacket,Outerwear,87.0,Texas,M,Olive,Winter,4.4,1,2-Day Shipping,1,1,13.0,Venmo,Every 3 Months,4.0,0.599321168747978,53.86714645106881,-1.400678831252022,60.407862242037915,Good,2,2,5,225,About to Sleep
93,94,37,Male,Sweater,Clothing,62.0,Florida,M,Purple,Fall,4.5,1,Standard,1,1,46.0,Credit Card,Weekly,57.0,3.2122569293904846,27.90904701126136,1.2122569293904846,37.52729311357678,Good,4,5,3,453,Loyal Customer
94,95,58,Male,Skirt,Clothing,76.0,Nevada,S,Silver,Spring,4.6,1,Free Shipping,1,1,28.0,Credit Card,Weekly,57.0,2.5573319613750627,34.41537131568157,0.5573319613750627,43.262243138122095,Good,4,3,4,434,Potential Loyalist
95,96,37,Male,Sneakers,Footwear,100.0,Missouri,L,Pink,Fall,3.8,1,Free Shipping,1,1,48.0,PayPal,Monthly,12.0,3.7801102061947134,22.267732728479263,1.7801102061947134,32.55479958715826,Average,3,5,5,355,Loyal Customer
96,97,32,Male,Gloves,Accessories,73.0,Delaware,S,Gold,Spring,,1,Express,1,1,43.0,Venmo,Every 3 Months,4.0,2.0849677243355265,39.10805378479286,0.08496772433552646,47.398572374451376,Poor,2,5,4,254,At Risk
97,98,21,Male,Shoes,Footwear,92.0,Virginia,M,Teal,Winter,4.8,1,Store Pickup,1,1,37.0,Cash,Annually,1.0,2.3935472953109937,36.04248313084587,0.39354729531099375,44.696448460161605,Good,1,4,5,145,At Risk
98,99,20,Male,Jeans,Clothing,67.0,New York,XL,Teal,Spring,2.6,1,Next Day Air,1,1,20.0,Bank Transfer,Annually,1.0,0.16105347480506094,58.22109825960003,-1.838946525194939,64.2456199164043,Average,1,2,3,123,Need Attention
99,100,26,Male,Hoodie,Clothing,40.0,Missouri,XL,Indigo,Summer,3.7,1,Express,1,1,33.0,Debit Card,Quarterly,3.0,-0.0268576383504181,60.0878932396402,-2.026857638350418,65.8910921393811,Average,1,4,2,142,Need Attention
100,101,62,Male,Sunglasses,Accessories,98.0,South Dakota,M,Maroon,Fall,2.7,1,Express,1,1,31.0,Cash,Fortnightly,28.0,2.9366419445047285,30.647132383481246,0.9366419445047285,39.94075761948091,Average,3,4,5,345,Loyal Customer
101,102,27,Male,Coat,Outerwear,85.0,North Dakota,XL,White,Spring,4.6,1,Express,1,1,50.0,Credit Card,Bi-Weekly,114.0,5.94890053218043,0.7219772629157484,3.9489005321804296,13.563457462983013,Good,5,5,5,555,Champion
102,103,51,Male,Socks,Clothing,67.0,Oklahoma,L,Violet,Winter,4.8,1,Next Day Air,1,1,35.0,Credit Card,Quarterly,3.0,1.2516852567393228,47.38626310058239,-0.7483147432606772,54.695336952651864,Good,1,4,3,143,At Risk
103,104,54,Male,Boots,Footwear,89.0,West Virginia,L,Red,Winter,4.0,1,Next Day Air,1,1,22.0,Venmo,Bi-Weekly,114.0,4.179452279276735,18.300485848665815,2.1794522792767346,29.05790002816972,Good,5,3,5,535,Potential Loyalist
104,105,55,Male,Sunglasses,Accessories,24.0,New Hampshire,L,Pink,Spring,4.4,1,2-Day Shipping,1,1,1.0,PayPal,Monthly,12.0,-2.6826895889901916,86.47214305876817,-4.682689588990192,89.14728827534995,Good,3,1,1,311,Lost
105,106,69,Male,Backpack,Accessories,96.0,New York,M,Charcoal,Fall,3.6,1,Next Day Air,1,1,4.0,Bank Transfer,Annually,1.0,0.2779650475855787,57.05964520070251,-1.7220349524144214,63.22186595994883,Average,1,1,5,115,Need Attention
106,107,64,Male,Jacket,Outerwear,35.0,Minnesota,L,White,Summer,3.7,1,Standard,1,1,31.0,Credit Card,Monthly,12.0,-0.14140479529055705,61.225857109700364,-2.141404795290557,66.89414172916247,Average,3,4,1,341,Loyal Customer
107,108,28,Male,Sneakers,Footwear,67.0,Maryland,L,Olive,Winter,3.1,1,Next Day Air,1,1,46.0,PayPal,Fortnightly,28.0,2.6660525137109,33.33529160182343,0.6660525137109001,42.310215097144564,Average,3,5,3,353,Loyal Customer
108,109,70,Male,Socks,Clothing,79.0,Montana,L,Purple,Spring,3.4,1,Next Day Air,1,1,32.0,Bank Transfer,Bi-Weekly,114.0,4.449464973675339,15.61805619356942,2.4494649736753393,26.693492830409077,Average,5,4,4,544,Champion
109,110,58,Male,T-shirt,Clothing,85.0,Alabama,M,Violet,Spring,2.6,1,Next Day Air,1,1,43.0,Bank Transfer,Fortnightly,28.0,3.21843164825857,27.847704528677248,1.2184316482585702,37.473223249312184,Average,3,5,5,355,Loyal Customer
110,111,56,Male,Backpack,Accessories,26.0,New York,M,Black,Summer,4.0,1,Standard,1,1,26.0,Venmo,Fortnightly,28.0,-0.44973017607979926,64.28890252202831,-2.4497301760797994,69.59403978845218,Good,3,3,1,331,Promising
111,112,26,Male,Belt,Accessories,75.0,Massachusetts,L,Purple,Summer,5.0,1,Free Shipping,1,1,9.0,Credit Card,Annually,1.0,-0.2626370776068543,62.43023407414109,-2.262637077606854,67.95573063537311,Good,1,1,4,114,Need Attention
112,113,37,Male,Gloves,Accessories,65.0,Florida,M,Red,Spring,4.3,1,Free Shipping,1,1,28.0,PayPal,Bi-Weekly,114.0,3.5814003644751953,24.2418072192181,1.5814003644751953,34.29483251810602,Good,5,3,3,533,Potential Loyalist
113,114,44,Male,Hat,Accessories,54.0,New Jersey,L,Maroon,Winter,3.1,1,Next Day Air,1,1,20.0,PayPal,Quarterly,3.0,-0.3356486115441204,63.155564059953825,-2.33564861154412,68.5950672293259,Average,1,2,3,123,Need Attention
114,115,70,Male,Coat,Outerwear,95.0,Massachusetts,S,Blue,Summer,3.7,1,Store Pickup,1,1,9.0,Cash,Weekly,57.0,2.044307842017714,39.511987660364724,0.044307842017714094,47.75461681386731,Average,4,1,5,415,Recent Customer
115,116,53,Male,Skirt,Clothing,94.0,Wyoming,M,Gray,Spring,3.8,1,Standard,1,1,48.0,Debit Card,Every 3 Months,4.0,3.3178378391713985,26.86015794314115,1.3178378391713985,36.60275782982607,Average,2,5,5,255,At Risk
116,117,55,Male,Shoes,Footwear,86.0,Virginia,S,Blue,Spring,3.4,1,Free Shipping,1,1,12.0,Venmo,Annually,1.0,0.4095241440554954,55.752676939248744,-1.5904758559445047,62.06984873602839,Average,1,2,5,125,Need Attention
117,118,50,Male,Sandals,Footwear,32.0,South Dakota,L,Yellow,Summer,4.6,1,Express,1,1,29.0,Cash,Fortnightly,28.0,0.011303397960133021,59.708784043694315,-1.9886966020398669,65.55692922482763,Good,3,3,1,331,Promising
118,119,50,Male,Sweater,Clothing,45.0,Kentucky,L,Orange,Fall,4.8,1,2-Day Shipping,1,1,27.0,Cash,Bi-Weekly,114.0,2.6676629750211824,33.31929254227288,0.6676629750211824,42.29611284790689,Good,5,3,2,532,Potential Loyalist
119,120,38,Male,Coat,Outerwear,76.0,Wyoming,M,Orange,Fall,4.3,1,Express,1,1,44.0,Cash,Annually,1.0,2.2025264156696656,37.94017195408346,0.20252641566966556,46.3691518260255,Good,1,5,4,154,At Risk
120,121,64,Male,Hat,Accessories,84.0,West Virginia,L,Red,Summer,4.0,1,Express,1,1,32.0,Bank Transfer,Annually,1.0,1.709609064293406,42.837038465445836,-0.2903909357065939,50.68545753191442,Good,1,4,4,144,At Risk
121,122,19,Male,Shorts,Clothing,72.0,Virginia,M,Olive,Winter,4.2,1,Standard,1,1,11.0,Cash,Fortnightly,28.0,0.4542421975812809,55.30842733401102,-1.545757802418719,61.678268303627945,Good,3,2,4,324,Promising
122,123,40,Male,Backpack,Accessories,40.0,Washington,L,Brown,Spring,4.8,1,2-Day Shipping,1,1,44.0,Cash,Fortnightly,28.0,1.3875096186211588,46.03692174088125,-0.6124903813788412,53.50597028387379,Good,3,5,2,352,Loyal Customer
123,124,57,Male,Sweater,Clothing,89.0,Louisiana,L,Brown,Fall,3.1,1,Free Shipping,1,1,46.0,Cash,Weekly,57.0,4.352346226551537,16.582878265846183,2.3523462265515374,27.54392790068776,Average,4,5,5,455,Champion
124,125,44,Male,Sweater,Clothing,86.0,Nevada,M,Gray,Spring,3.1,1,Next Day Air,1,1,50.0,PayPal,Annually,1.0,3.040142504700564,29.618910460038844,1.040142504700564,39.034439233064504,Average,1,5,5,155,At Risk
125,126,49,Male,Shorts,Clothing,54.0,California,M,Indigo,Winter,3.6,1,Next Day Air,1,1,45.0,Venmo,Every 3 Months,4.0,1.4211362612990288,45.702859286072034,-0.5788637387009712,53.211513476347896,Average,2,5,3,253,At Risk
126,127,43,Male,Shorts,Clothing,36.0,Mississippi,L,Pink,Spring,3.9,1,Store Pickup,1,1,48.0,Cash,Every 3 Months,4.0,0.8687571267513583,51.190446359218214,-1.1312428732486417,58.048505324180276,Average,2,5,2,252,Need Attention
127,128,24,Male,Sweater,Clothing,89.0,Mississippi,M,Gray,Winter,4.8,1,Next Day Air,1,1,26.0,Credit Card,Weekly,57.0,2.9678102472646595,30.337492202272443,0.9678102472646595,39.6678276390898,Good,4,3,5,435,Potential Loyalist
128,129,20,Male,Scarf,Accessories,32.0,California,M,Gold,Spring,4.7,1,Standard,1,1,21.0,Credit Card,Fortnightly,28.0,-0.5425109937546181,65.21062961826483,-2.542510993754618,70.40648912018845,Good,3,3,1,331,Promising
129,130,24,Male,Dress,Clothing,67.0,Pennsylvania,XL,Olive,Summer,4.2,1,2-Day Shipping,1,1,49.0,PayPal,Bi-Weekly,114.0,5.119614201775384,8.960487123347177,3.1196142017753843,20.825229258495796,Good,5,5,3,553,Loyal Customer
130,131,44,Male,Scarf,Accessories,39.0,Kentucky,L,Violet,Fall,3.7,1,Next Day Air,1,1,13.0,PayPal,Fortnightly,28.0,-0.800746678797985,67.77606107365361,-2.800746678797985,72.667769145541,Average,3,2,2,322,Promising
131,132,28,Male,Skirt,Clothing,29.000000000000004,Maine,L,Indigo,Summer,3.9,1,Standard,1,1,46.0,Credit Card,Weekly,57.0,1.8188144550825305,41.75214214454659,-0.18118554491746952,49.72918392933005,Average,4,5,1,451,Loyal Customer
132,133,30,Male,Backpack,Accessories,58.0,New Mexico,M,Orange,Fall,4.7,1,2-Day Shipping,1,1,42.0,PayPal,Weekly,57.0,2.766447615435175,32.33792072379331,0.7664476154351751,41.43109012983334,Good,4,5,3,453,Loyal Customer
133,134,52,Male,Sweater,Clothing,65.0,Montana,M,Violet,Winter,2.5,1,Next Day Air,1,1,25.0,Venmo,Annually,1.0,0.4227364105778134,55.621420238116826,-1.5772635894221865,61.95415351609186,Poor,1,3,3,133,At Risk
134,135,43,Male,Hat,Accessories,94.0,Texas,L,Gray,Fall,4.9,1,Store Pickup,1,1,25.0,Cash,Monthly,12.0,1.9345406528679028,40.602465143239506,-0.06545934713209722,48.71580988918483,Good,3,3,5,335,Promising
135,136,43,Male,Sandals,Footwear,81.0,Kansas,M,Purple,Fall,4.1,1,Express,1,1,12.0,PayPal,Quarterly,3.0,0.2506262939021816,57.33124088910916,-1.7493737060978183,63.46126191179769,Good,1,2,4,124,Need Attention
136,137,39,Male,Blouse,Clothing,86.0,South Carolina,M,White,Winter,3.3,1,Free Shipping,1,1,4.0,Debit Card,Quarterly,3.0,-0.09206045019015219,60.73564780712128,-2.0920604501901523,66.4620504714383,Average,1,1,5,115,Need Attention
137,138,68,Male,Sneakers,Footwear,43.0,Colorado,M,Turquoise,Spring,4.7,1,Free Shipping,1,1,38.0,PayPal,Weekly,57.0,1.8561574767105475,41.381159480753674,-0.14384252328945246,49.402184084674325,Good,4,4,2,442,Loyal Customer
138,139,68,Male,Skirt,Clothing,29.000000000000004,Georgia,M,Maroon,Winter,4.4,1,Store Pickup,1,1,42.0,Bank Transfer,Weekly,57.0,1.5419072592251548,44.50306493183185,-0.4580927407748452,52.15396387701045,Good,4,5,1,451,Loyal Customer
139,140,49,Male,Coat,Outerwear,95.0,Florida,M,White,Fall,3.8,1,Store Pickup,1,1,30.0,Venmo,Annually,1.0,2.0356362911340367,39.59813481466005,0.03563629113403666,47.830550567170214,Average,1,3,5,135,At Risk
140,141,63,Male,Shirt,Clothing,28.0,North Carolina,L,Yellow,Fall,3.9,1,2-Day Shipping,1,1,50.0,Credit Card,Weekly,57.0,2.0534961214154226,39.42070708857302,0.05349612141542259,47.674158248793674,Average,4,5,1,451,Loyal Customer
141,142,56,Male,Gloves,Accessories,46.0,Virginia,M,Turquoise,Fall,4.9,1,Free Shipping,1,1,45.0,PayPal,Weekly,57.0,2.4674216580344055,35.30858140906945,0.4674216580344055,44.0495563748015,Good,4,5,2,452,Loyal Customer
142,143,37,Male,Jacket,Outerwear,58.0,Nebraska,L,Violet,Fall,3.1,1,Free Shipping,1,1,33.0,Credit Card,Fortnightly,28.0,1.3860743614540785,46.051180242305556,-0.6139256385459215,53.51853833140224,Average,3,4,3,343,Loyal Customer
143,144,30,Male,Coat,Outerwear,48.0,Missouri,M,Beige,Fall,2.7,1,Store Pickup,1,1,25.0,PayPal,Quarterly,3.0,-0.24286779386930168,62.2338369637173,-2.242867793869302,67.78261789758962,Average,1,3,2,132,Need Attention
144,145,19,Male,Shoes,Footwear,43.0,New Jersey,M,Silver,Fall,3.2,1,Express,1,1,25.0,Cash,Monthly,12.0,-0.2189613528807529,61.99633944013486,-2.218961352880753,67.57327751353077,Average,3,3,2,332,Promising
145,146,24,Male,Jewelry,Accessories,95.0,Missouri,M,Teal,Fall,4.5,1,Standard,1,1,44.0,Debit Card,Quarterly,3.0,3.0570412741039545,29.451030352463707,1.0570412741039545,38.886462590337885,Good,1,5,5,155,At Risk
146,147,52,Male,Skirt,Clothing,30.0,Colorado,S,Black,Fall,4.0,1,Standard,1,1,21.0,Venmo,Fortnightly,28.0,-0.626962052803585,66.04960508088817,-2.626962052803585,71.14599765447652,Good,3,3,1,331,Promising
147,148,63,Male,Shoes,Footwear,64.0,Idaho,M,Purple,Summer,3.5,1,2-Day Shipping,1,1,31.0,Bank Transfer,Fortnightly,28.0,1.5009739406722913,44.90971524807815,-0.4990260593277087,52.51240270237821,Average,3,4,3,343,Loyal Customer
148,149,37,Male,Gloves,Accessories,90.0,Wyoming,M,Gray,Fall,2.6,1,Store Pickup,1,1,47.0,Debit Card,Annually,1.0,3.001364225905466,30.004151625256092,1.001364225905466,39.37400712524866,Average,1,5,5,155,At Risk
149,150,38,Male,Pants,Clothing,76.0,Delaware,M,White,Summer,3.2,1,Free Shipping,1,1,14.0,PayPal,Monthly,12.0,0.4129863328194181,55.71828197188407,-1.587013667180582,62.03953155389864,Average,3,2,4,324,Promising
150,151,35,Male,Boots,Footwear,96.0,California,L,Cyan,Fall,4.9,1,Standard,1,1,17.0,Debit Card,Every 3 Months,4.0,1.2562581303257045,47.34083408197851,-0.7437418696742955,54.65529389006115,Good,2,2,5,225,About to Sleep
151,152,28,Male,Sunglasses,Accessories,47.0,North Dakota,L,Turquoise,Fall,4.5,1,Next Day Air,1,1,3.0,Venmo,Annually,1.0,-1.8603126980784541,78.30227473179583,-3.860312698078454,81.9460200369268,Good,1,1,2,112,Hibernating
152,153,30,Male,Shirt,Clothing,85.0,South Carolina,S,Brown,Summer,4.3,1,Express,1,1,42.0,Venmo,Annually,1.0,2.4441025834613286,35.54024376592103,0.4441025834613286,44.25375339556937,Good,1,5,5,155,At Risk
153,154,69,Male,Hoodie,Clothing,55.0,North Carolina,M,Maroon,Winter,3.2,1,Standard,1,1,22.0,Debit Card,Annually,1.0,-0.20719928156005263,61.879489641697496,-2.2071992815600527,67.47028114829256,Average,1,3,3,133,At Risk
154,155,41,Male,Dress,Clothing,98.0,Oklahoma,M,Charcoal,Fall,3.6,1,Next Day Air,1,1,21.0,Venmo,Quarterly,3.0,1.5915014864974952,44.01037318541889,-0.40849851350250477,51.71968448806812,Average,1,3,5,135,At Risk
155,156,63,Male,Socks,Clothing,77.0,Maine,S,Olive,Spring,4.3,1,Free Shipping,1,1,21.0,Bank Transfer,Quarterly,3.0,0.7047653664833428,52.81961554296404,-1.2952346335166571,59.48452409809292,Good,1,3,4,134,At Risk
156,157,35,Male,Shorts,Clothing,26.0,Missouri,M,Lavender,Fall,4.0,1,Standard,1,1,40.0,Debit Card,Annually,1.0,-0.18565725641188247,61.665481306952394,-2.1856572564118824,67.28164513090782,Good,1,4,1,141,Need Attention
157,158,36,Male,Hat,Accessories,68.0,Vermont,S,Yellow,Fall,3.0,1,Next Day Air,1,1,1.0,Bank Transfer,Fortnightly,28.0,-0.4069279101600919,63.863685227470846,-2.4069279101600918,69.21923524140513,Average,3,1,3,313,Need Attention
158,159,25,Male,Shirt,Clothing,73.0,Connecticut,XL,Teal,Fall,4.1,1,Standard,1,1,50.0,Bank Transfer,Monthly,12.0,2.7784745069623478,32.218440080251824,0.7784745069623478,41.32577482620709,Good,3,5,4,354,Loyal Customer
159,160,58,Male,Gloves,Accessories,27.0,New Hampshire,M,Charcoal,Fall,3.8,1,Store Pickup,1,1,39.0,Bank Transfer,Every 3 Months,4.0,-0.1343138296480879,61.155412212415094,-2.1343138296480877,66.83204861075754,Average,2,4,1,241,Need Attention
160,161,27,Male,Gloves,Accessories,23.0,Texas,M,Orange,Summer,4.6,1,Free Shipping,1,1,34.0,Venmo,Monthly,12.0,-0.4404307526913269,64.1965177949765,-2.440430752691327,69.51260797413063,Good,3,4,1,341,Loyal Customer
161,162,65,Male,Backpack,Accessories,49.0,North Dakota,M,Olive,Fall,3.0,1,Express,1,1,29.0,Venmo,Fortnightly,28.0,0.7291373998763517,52.57749261139588,-1.2708626001236483,59.27110668337898,Average,3,3,2,332,Promising
162,163,54,Male,Sunglasses,Accessories,74.0,California,M,Turquoise,Summer,3.0,1,Store Pickup,1,1,31.0,PayPal,Bi-Weekly,114.0,4.169110527088578,18.403225546949102,2.169110527088578,29.148459153049373,Average,5,4,4,544,Champion
163,164,54,Male,Skirt,Clothing,67.0,Virginia,M,Purple,Summer,3.4,1,Standard,1,1,8.0,Debit Card,Weekly,57.0,0.7927662163678333,51.945374833912894,-1.2072337836321667,58.713931280820475,Average,4,1,3,413,Recent Customer
164,165,59,Male,Handbag,Accessories,65.0,Delaware,S,Purple,Spring,2.6,1,Free Shipping,1,1,5.0,Credit Card,Fortnightly,28.0,-0.25669730287616666,62.371225634120606,-2.2566973028761668,67.90371809515683,Average,3,1,3,313,Need Attention
165,166,42,Male,Handbag,Accessories,60.0,Kentucky,S,Yellow,Winter,2.8,1,Store Pickup,1,1,7.0,Cash,Monthly,12.0,-0.7472097323227245,67.24420055062004,-2.7472097323227245,72.19896473664397,Average,3,1,3,313,Need Attention
166,167,46,Male,Sneakers,Footwear,31.000000000000004,Delaware,XL,Indigo,Fall,4.0,1,Store Pickup,1,1,30.0,Cash,Monthly,12.0,-0.37953371235283473,63.591538731768374,-2.379533712352835,68.97935378465873,Good,3,3,1,331,Promising
167,168,33,Male,Gloves,Accessories,27.0,Arkansas,M,Green,Fall,4.0,1,Express,1,1,14.0,Credit Card,Every 3 Months,4.0,-1.8649838037566853,78.34867963294792,-3.8649838037566853,81.98692328376009,Good,2,2,1,221,About to Sleep
168,169,34,Male,Shoes,Footwear,80.0,Louisiana,M,Magenta,Summer,3.0,1,Express,1,1,5.0,Cash,Fortnightly,28.0,0.3766856399910852,56.07890966444551,-1.6233143600089148,62.35740408799626,Average,3,1,4,314,Need Attention
169,170,27,Male,Jacket,Outerwear,30.0,Nevada,S,Gold,Summer,3.3,1,Standard,1,1,3.0,PayPal,Every 3 Months,4.0,-2.4998020037910176,84.65525410404733,-4.499802003791018,87.54580533844911,Average,2,1,1,211,About to Sleep
170,171,52,Male,Shirt,Clothing,25.0,Wyoming,M,Maroon,Fall,2.6,1,Store Pickup,1,1,46.0,Venmo,Bi-Weekly,114.0,3.1384615648540475,28.642163928901404,1.1384615648540475,38.17349343930571,Average,5,5,1,551,Loyal Customer
171,172,29,Male,Shorts,Clothing,35.0,Virginia,M,Blue,Summer,3.6,1,Store Pickup,1,1,4.0,Credit Card,Weekly,57.0,-0.8353579242730123,68.1199050231717,-2.835357924273012,72.97084777711011,Average,4,1,1,411,Recent Customer
172,173,54,Male,Jewelry,Accessories,67.0,Nebraska,M,Violet,Summer,3.9,1,Next Day Air,1,1,42.0,Credit Card,Bi-Weekly,114.0,4.635026609024976,13.774602001096378,2.635026609024976,25.06859416693652,Average,5,5,3,553,Loyal Customer
173,174,25,Male,Hat,Accessories,46.0,Hawaii,M,Turquoise,Fall,3.4,1,Standard,1,1,30.0,Cash,Annually,1.0,-0.033414655565652485,60.15303364893205,-2.0334146555656525,65.94850965722807,Average,1,3,2,132,Need Attention
174,175,41,Male,Shoes,Footwear,35.0,Vermont,L,Brown,Winter,3.5,1,Express,1,1,37.0,Venmo,Annually,1.0,-0.013307887584563138,59.95328381561127,-2.0133078875845634,65.77244168737178,Average,1,4,1,141,Need Attention
175,176,53,Male,Coat,Outerwear,86.0,Oklahoma,L,Violet,Fall,2.8,1,Next Day Air,1,1,2.0,Bank Transfer,Annually,1.0,-0.2827438455879435,62.62998390746187,-2.2827438455879436,68.1317986052294,Average,1,1,5,115,Need Attention
176,177,53,Male,Backpack,Accessories,81.0,New Hampshire,L,Black,Spring,2.7,1,Next Day Air,1,1,30.0,Credit Card,Quarterly,3.0,1.4967086752603715,44.952088346325525,-0.5032913247396285,52.54975214723584,Average,1,3,4,134,At Risk
177,178,21,Male,Hoodie,Clothing,42.0,Kansas,L,Magenta,Fall,3.7,1,Next Day Air,1,1,47.0,Bank Transfer,Monthly,12.0,1.2618026948103294,47.28575184137764,-0.7381973051896706,54.60674206843257,Average,3,5,2,352,Loyal Customer
178,179,61,Male,Skirt,Clothing,43.0,Idaho,L,Lavender,Fall,4.3,1,2-Day Shipping,1,1,21.0,PayPal,Quarterly,3.0,-0.7309026373490944,67.08219840756094,-2.7309026373490943,72.05616918099021,Good,1,3,2,132,Need Attention
179,180,64,Male,Boots,Footwear,31.000000000000004,Illinois,M,Violet,Fall,4.9,1,Store Pickup,1,1,9.0,Bank Transfer,Fortnightly,28.0,-1.4154581108512283,73.88288571143227,-3.4154581108512283,78.05058323037372,Good,3,1,1,311,Lost
180,181,51,Male,Sandals,Footwear,81.0,South Dakota,L,Green,Fall,3.3,1,Store Pickup,1,1,12.0,Debit Card,Fortnightly,28.0,0.9034987622659759,50.845307055384644,-1.096501237734024,57.744284912411516,Average,3,2,4,324,Promising
181,182,32,Male,Pants,Clothing,61.0,Massachusetts,M,Beige,Summer,4.7,1,Next Day Air,1,1,4.0,Bank Transfer,Weekly,57.0,0.2625058433635572,57.213224009068185,-1.7374941566364428,63.357236831365114,Good,4,1,3,413,Recent Customer
182,183,38,Male,Gloves,Accessories,96.0,Alabama,XL,Purple,Summer,2.8,1,Store Pickup,1,1,10.0,Debit Card,Annually,1.0,0.693325841371642,52.93326101977463,-1.3066741586283581,59.584696038428206,Average,1,1,5,115,Need Attention
183,184,58,Male,Skirt,Clothing,29.000000000000004,Ohio,XL,Beige,Spring,3.6,1,2-Day Shipping,1,1,26.0,Credit Card,Weekly,57.0,0.4342784757956526,55.50675608097285,-1.5657215242043474,61.853083667732086,Average,4,3,1,431,Potential Loyalist
184,185,32,Male,Sneakers,Footwear,33.0,Hawaii,L,Cyan,Spring,3.0,1,Express,1,1,40.0,Cash,Fortnightly,28.0,0.8150237160923995,51.72425864734821,-1.1849762839076003,58.51903010156248,Average,3,4,1,341,Loyal Customer
185,186,46,Male,T-shirt,Clothing,32.0,Wisconsin,XL,Silver,Summer,4.5,1,Store Pickup,1,1,34.0,Bank Transfer,Fortnightly,28.0,0.3574373927818525,56.27013055958776,-1.6425626072181476,62.525954290227126,Good,3,4,1,341,Loyal Customer
186,187,39,Male,Backpack,Accessories,56.0,Minnesota,S,Lavender,Summer,2.9,1,Standard,1,1,31.0,Debit Card,Annually,1.0,0.45806743864352584,55.270425638994006,-1.5419325613564743,61.6447719988676,Average,1,4,3,143,At Risk
187,188,19,Male,Shoes,Footwear,94.0,Georgia,S,Purple,Spring,3.3,1,Store Pickup,1,1,1.0,Bank Transfer,Bi-Weekly,114.0,2.93681714864793,30.645391825355023,0.93681714864793,39.93922341777167,Average,5,1,5,515,Recent Customer
188,189,50,Male,Hoodie,Clothing,53.0,Arkansas,M,Pink,Spring,3.1,1,Express,1,1,5.0,Bank Transfer,Bi-Weekly,114.0,1.4824776340014845,45.093466021848386,-0.5175223659985155,52.67436842299683,Average,5,1,3,513,Recent Customer
189,190,36,Male,Blouse,Clothing,82.0,West Virginia,M,Maroon,Fall,4.4,1,Next Day Air,1,1,4.0,Credit Card,Weekly,57.0,1.1492419633777096,48.40398165152305,-0.8507580366222904,55.59239722134032,Good,4,1,4,414,Recent Customer
190,191,65,Male,Coat,Outerwear,70.0,Indiana,XL,Beige,Fall,3.0,1,Free Shipping,1,1,48.0,Venmo,Quarterly,3.0,2.2783102318492436,37.18730084797029,0.27831023184924364,45.705539321258435,Average,1,5,4,154,At Risk
191,192,64,Male,Hat,Accessories,76.0,Utah,M,Gray,Fall,3.9,1,Free Shipping,1,1,29.0,Cash,Every 3 Months,4.0,1.2424691274081623,47.47782034635622,-0.7575308725918377,54.7760393899007,Average,2,3,4,234,At Risk
192,193,46,Male,Shoes,Footwear,29.000000000000004,Nebraska,L,Turquoise,Summer,2.9,1,Express,1,1,12.0,PayPal,Bi-Weekly,114.0,0.9536525181642888,50.347056695579354,-1.0463474818357112,57.305105926013034,Average,5,2,1,521,Potential Loyalist
193,194,36,Male,Belt,Accessories,100.0,North Dakota,S,Silver,Fall,3.0,1,Standard,1,1,29.0,Venmo,Annually,1.0,2.17753713979211,38.188426854922994,0.17753713979210994,46.58797421837012,Average,1,3,5,135,At Risk
194,195,51,Male,Backpack,Accessories,94.0,Missouri,M,Olive,Spring,3.1,1,Express,1,1,15.0,Debit Card,Quarterly,3.0,1.0072385746134982,49.814708291593455,-0.9927614253865018,56.83587147816489,Average,1,2,5,125,Need Attention
195,196,51,Male,Jacket,Outerwear,25.0,New York,M,Magenta,Fall,4.3,1,Free Shipping,1,1,34.0,Credit Card,Monthly,12.0,-0.35597969364236004,63.357542332353155,-2.35597969364236,68.77309943984254,Good,3,4,1,341,Loyal Customer
196,197,38,Male,Boots,Footwear,88.0,Washington,M,Lavender,Summer,3.9,1,Next Day Air,1,1,41.0,Credit Card,Fortnightly,28.0,3.2066546389033332,27.96470272838485,1.2066546389033332,37.57635042172027,Average,3,5,5,355,Loyal Customer
197,198,59,Male,Scarf,Accessories,78.0,South Carolina,M,Black,Fall,3.2,1,2-Day Shipping,1,1,41.0,Credit Card,Monthly,12.0,2.3665609639056706,36.310577695085264,0.3665609639056706,44.932758372767815,Average,3,5,4,354,Loyal Customer
198,199,57,Male,Jewelry,Accessories,45.0,Utah,M,Turquoise,Winter,4.8,1,Standard,1,1,39.0,Credit Card,Fortnightly,28.0,1.252503271421857,47.37813656842943,-0.7474967285781431,54.68817388275412,Good,3,4,2,342,Loyal Customer
199,200,54,Male,Hat,Accessories,73.0,Idaho,XL,Green,Summer,3.8,1,Express,1,1,32.0,Cash,Weekly,57.0,2.7075625686589877,32.922911722331335,0.7075625686589877,41.9467259918738,Average,4,4,4,444,Champion
200,201,25,Male,Dress,Clothing,61.0,Pennsylvania,S,Teal,Summer,3.3,1,Next Day Air,1,1,29.0,Venmo,Monthly,12.0,0.8180053744173248,51.69463748923948,-1.1819946255826752,58.492920757257686,Average,3,3,3,333,Promising
201,202,69,Male,Blouse,Clothing,22.0,Missouri,S,Beige,Fall,4.3,1,Free Shipping,1,1,15.0,Bank Transfer,Annually,1.0,-2.0852293486184137,80.5366996527319,-4.085229348618414,83.91553687248653,Good,1,2,1,121,Hibernating
202,203,57,Male,Hat,Accessories,38.0,Nebraska,L,Magenta,Spring,2.7,1,Express,1,1,33.0,Venmo,Annually,1.0,-0.16353849486848848,61.4457434089615,-2.1635384948684884,67.08795883362008,Average,1,4,2,142,Need Attention
203,204,70,Male,Scarf,Accessories,38.0,Indiana,S,Yellow,Fall,3.2,1,Next Day Air,1,1,18.0,Bank Transfer,Weekly,57.0,0.26049384980125234,57.233212073738294,-1.7395061501987477,63.374855158796564,Average,4,2,2,422,Potential Loyalist
204,205,24,Male,Sneakers,Footwear,100.0,Arizona,M,Yellow,Fall,4.0,1,Store Pickup,1,1,35.0,Cash,Bi-Weekly,114.0,5.543881490582523,4.745621745560341,3.543881490582523,17.110068259623976,Good,5,4,5,545,Champion
205,206,67,Male,Shirt,Clothing,64.0,Hawaii,M,Silver,Winter,3.0,1,Standard,1,1,25.0,PayPal,Weekly,57.0,1.8429452101882293,41.5124161818856,-0.15705478981177068,49.51787930461085,Average,4,3,3,433,Potential Loyalist
206,207,24,Male,T-shirt,Clothing,55.0,Wisconsin,L,Silver,Summer,4.2,1,Free Shipping,1,1,6.0,Venmo,Fortnightly,28.0,-0.6097257991566573,65.87837225041604,-2.6097257991566574,70.9950657796771,Good,3,1,3,313,Need Attention
207,208,62,Male,Gloves,Accessories,91.0,Rhode Island,M,Silver,Summer,2.9,1,Express,1,1,17.0,Bank Transfer,Bi-Weekly,114.0,3.9177693435039824,20.90016387014903,1.9177693435039824,31.34936642848215,Average,5,2,5,525,Potential Loyalist
208,209,57,Male,Skirt,Clothing,38.0,Wisconsin,M,Gold,Spring,4.1,1,Store Pickup,1,1,17.0,Credit Card,Monthly,12.0,-0.9839033922179212,69.59562367126372,-2.983903392217921,74.2716087446118,Good,3,2,2,322,Promising
209,210,55,Male,Sandals,Footwear,97.0,Minnesota,S,Olive,Winter,3.2,1,Store Pickup,1,1,44.0,Cash,Every 3 Months,4.0,3.1676072318874735,28.352617536491376,1.1676072318874735,37.918274976074365,Average,2,5,5,255,At Risk
210,211,45,Male,Jacket,Outerwear,22.0,Vermont,L,Teal,Fall,3.0,1,2-Day Shipping,1,1,6.0,PayPal,Fortnightly,28.0,-2.0031682734646115,79.72146738370127,-4.0031682734646115,83.19695659543036,Average,3,1,1,311,Lost
211,212,69,Male,Skirt,Clothing,92.0,South Dakota,L,Maroon,Fall,4.2,1,2-Day Shipping,1,1,45.0,Debit Card,Fortnightly,28.0,3.6524639528586427,23.5358290158529,1.6524639528586427,33.67255340546371,Good,3,5,5,355,Loyal Customer
212,213,67,Male,Handbag,Accessories,84.0,Virginia,L,Blue,Fall,4.2,1,Express,1,1,7.0,Debit Card,Annually,1.0,-0.021060909815191153,60.03030588597866,-2.021060909815191,65.84033220491698,Good,1,1,4,114,Need Attention
213,214,30,Male,Handbag,Accessories,93.0,Nevada,L,Peach,Fall,4.4,1,Store Pickup,1,1,11.0,Debit Card,Every 3 Months,4.0,0.7142207479661908,52.725681456841414,-1.2857792520338092,59.401726613013885,Good,2,2,5,225,About to Sleep
214,215,24,Male,Jacket,Outerwear,50.0,Hawaii,L,Blue,Summer,4.2,1,Next Day Air,1,1,41.0,Cash,Every 3 Months,4.0,0.9753269473437194,50.13173299860397,-1.0246730526562806,57.115310492604465,Good,2,5,2,252,Need Attention
215,216,62,Male,Scarf,Accessories,64.0,New Jersey,S,Orange,Spring,2.8,1,2-Day Shipping,1,1,24.0,PayPal,Bi-Weekly,114.0,3.2622676390933365,27.412217737815027,1.2622676390933365,37.089366732930465,Average,5,3,3,533,Potential Loyalist
216,217,43,Male,Shorts,Clothing,61.0,Massachusetts,L,Yellow,Spring,3.7,1,Free Shipping,1,1,21.0,Venmo,Weekly,57.0,1.4393614257574034,45.52180216310586,-0.5606385742425966,53.05192205372337,Average,4,3,3,433,Potential Loyalist
217,218,35,Male,Sunglasses,Accessories,48.0,Oklahoma,M,Purple,Winter,3.5,1,Next Day Air,1,1,24.0,Bank Transfer,Annually,1.0,-0.3643243903027491,63.440442367236585,-2.364324390302749,68.84617104446062,Average,1,3,2,132,Need Attention
218,219,28,Male,T-shirt,Clothing,45.0,California,S,Magenta,Spring,2.9,1,Store Pickup,1,1,8.0,Credit Card,Quarterly,3.0,-1.5463999648365983,75.18372200361465,-3.5463999648365983,79.19719547666347,Average,1,1,2,112,Hibernating
219,220,32,Male,Belt,Accessories,88.0,Nevada,M,Cyan,Spring,3.0,1,Free Shipping,1,1,12.0,Cash,Fortnightly,28.0,1.19907746893736,47.90889293620293,-0.80092253106264,55.156005042403244,Average,3,2,5,325,Promising
220,221,39,Male,Sneakers,Footwear,57.0,Arizona,S,Indigo,Spring,3.7,1,Express,1,1,48.0,Debit Card,Fortnightly,28.0,2.3822508163947536,36.15470752129754,0.38225081639475356,44.79536779474474,Average,3,5,3,353,Loyal Customer
221,222,28,Male,Hat,Accessories,68.0,North Carolina,XL,Magenta,Summer,4.4,1,Store Pickup,1,1,6.0,Bank Transfer,Quarterly,3.0,-0.7136663837021667,66.91096557708879,-2.713666383702167,71.9052373061908,Good,1,1,3,113,Lost
222,223,47,Male,Gloves,Accessories,94.0,New York,XL,Gray,Spring,4.5,1,2-Day Shipping,1,1,14.0,PayPal,Fortnightly,28.0,1.5908842440129485,44.01650515469026,-0.4091157559870515,51.7250894656988,Good,3,2,5,325,Promising
223,224,20,Male,Pants,Clothing,41.0,Wyoming,M,Turquoise,Spring,4.8,1,Free Shipping,1,1,34.0,PayPal,Annually,1.0,0.032364892669305756,59.499549518205164,-1.9676351073306941,65.37250104526787,Good,1,4,2,142,Need Attention
224,225,63,Male,Socks,Clothing,83.0,South Dakota,S,Beige,Summer,2.9,1,Free Shipping,1,1,12.0,Cash,Every 3 Months,4.0,0.36119225168570024,56.23282807313683,-1.6388077483142998,62.49307429753416,Average,2,2,4,224,About to Sleep
225,226,25,Male,Jacket,Outerwear,22.0,Arkansas,M,Olive,Spring,3.2,1,Next Day Air,1,1,11.0,Bank Transfer,Annually,1.0,-2.3621365444757894,83.28762244001716,-4.362136544475789,86.34031682016693,Average,1,2,1,121,Hibernating
226,227,29,Male,Shoes,Footwear,74.0,Texas,L,Violet,Spring,3.3,1,Free Shipping,1,1,5.0,PayPal,Monthly,12.0,-0.2945059169086439,62.74683370589924,-2.294505916908644,68.23479497046765,Average,3,1,4,314,Need Attention
227,228,50,Male,Jeans,Clothing,90.0,Rhode Island,M,Turquoise,Winter,4.2,1,Standard,1,1,25.0,Venmo,Fortnightly,28.0,2.1834769145227977,38.12941841490251,0.18347691452279768,46.53596167815384,Good,3,3,5,335,Promising
228,229,18,Male,Socks,Clothing,79.0,New Hampshire,M,White,Spring,2.9,1,Store Pickup,1,1,11.0,Credit Card,Annually,1.0,0.0447186384197672,59.376821755251775,-1.9552813615802327,65.26432359295676,Average,1,2,4,124,Need Attention
229,230,70,Male,Sandals,Footwear,28.0,Ohio,S,Silver,Spring,4.6,1,Next Day Air,1,1,27.0,PayPal,Every 3 Months,4.0,-0.9228098876957311,68.98869284295918,-2.922809887695731,73.73663418665473,Good,2,3,1,231,Need Attention
230,231,66,Male,Scarf,Accessories,88.0,Utah,L,Olive,Fall,4.1,1,Standard,1,1,43.0,Credit Card,Annually,1.0,2.6400059709991233,33.59404987516469,0.6400059709991233,42.538295607217144,Good,1,5,5,155,At Risk
231,232,28,Male,Blouse,Clothing,26.0,Tennessee,M,Blue,Spring,3.1,1,2-Day Shipping,1,1,18.0,Debit Card,Every 3 Months,4.0,-1.6303021374237932,76.01724457697433,-3.630302137423793,79.93189760322373,Average,2,2,1,221,About to Sleep
232,233,54,Male,Jewelry,Accessories,27.0,Hawaii,L,Purple,Winter,4.2,1,Express,1,1,32.0,Bank Transfer,Bi-Weekly,114.0,2.2537374384022,37.43141822177644,0.2537374384022,45.92071472189906,Good,5,4,1,541,Loyal Customer
233,234,19,Male,Sweater,Clothing,83.0,Arizona,XL,Yellow,Fall,4.5,1,Next Day Air,1,1,27.0,Bank Transfer,Every 3 Months,4.0,1.3995942361508589,45.91686762081713,-0.6004057638491411,53.40014949373263,Good,2,3,4,234,At Risk
234,235,20,Male,Gloves,Accessories,39.0,South Dakota,S,Silver,Summer,3.7,1,Next Day Air,1,1,24.0,Credit Card,Weekly,57.0,0.7180801731117992,52.68734016149874,-1.2819198268882008,59.36793097013191,Average,4,3,2,432,Potential Loyalist
235,236,43,Male,Sunglasses,Accessories,89.0,New Jersey,M,Cyan,Winter,3.7,1,Free Shipping,1,1,31.0,Debit Card,Quarterly,3.0,1.903739710420583,40.90845579901081,-0.0962602895794169,48.985523023163445,Average,1,4,5,145,At Risk
236,237,38,Male,Coat,Outerwear,68.0,North Dakota,L,Green,Winter,3.4,1,Next Day Air,1,1,39.0,PayPal,Fortnightly,28.0,2.223690450484976,37.72991874826095,0.22369045048497593,46.18382573844125,Average,3,4,3,343,Loyal Customer
237,238,50,Male,Dress,Clothing,90.0,Iowa,M,Beige,Summer,3.0,1,Store Pickup,1,1,36.0,Debit Card,Fortnightly,28.0,2.94497170313058,30.56438074986807,0.9449717031305802,39.867816822032715,Average,3,4,5,345,Loyal Customer
238,239,64,Male,Skirt,Clothing,34.0,Ohio,M,Peach,Fall,4.2,1,Free Shipping,1,1,5.0,Cash,Annually,1.0,-2.2707909839680513,82.38015384520494,-4.270790983968052,85.54043553595909,Good,1,1,1,111,Hibernating
239,240,49,Male,Pants,Clothing,51.0,Vermont,L,Yellow,Summer,2.9,1,Express,1,1,47.0,Credit Card,Bi-Weekly,114.0,4.305552131454961,17.04775221797658,2.305552131454961,27.953687506640613,Average,5,5,2,552,Loyal Customer
240,241,47,Male,Sweater,Clothing,45.0,Montana,XL,Turquoise,Winter,3.5,1,Free Shipping,1,1,29.0,Bank Transfer,Fortnightly,28.0,0.5602352817784179,54.25544353664257,-1.439764718221582,60.750123751955144,Average,3,3,2,332,Promising
241,242,36,Male,Hoodie,Clothing,88.0,Delaware,M,Peach,Winter,4.1,1,Free Shipping,1,1,43.0,Venmo,Bi-Weekly,114.0,5.590989528003473,4.277628946729912,3.5909895280034734,16.697559569991608,Good,5,5,5,555,Champion
242,243,55,Male,Coat,Outerwear,85.0,New York,L,Gray,Summer,4.3,1,Store Pickup,1,1,40.0,Debit Card,Every 3 Months,4.0,2.3839936817362966,36.137393099516714,0.38399368173629655,44.78010612948323,Good,2,4,5,245,At Risk
243,244,25,Male,Jewelry,Accessories,100.0,Kentucky,M,Olive,Winter,2.8,1,2-Day Shipping,1,1,4.0,Debit Card,Monthly,12.0,0.734131051763582,52.527883388617035,-1.265868948236418,59.22737901164275,Average,3,1,5,315,Need Attention
244,245,53,Male,Belt,Accessories,42.0,Oregon,S,Indigo,Spring,4.9,1,2-Day Shipping,1,1,39.0,PayPal,Weekly,57.0,1.8831587461504078,41.112916515244024,-0.11684125384959221,49.16574336489826,Good,4,4,2,442,Loyal Customer
245,246,49,Male,Sandals,Footwear,53.0,Rhode Island,L,Charcoal,Summer,3.3,1,Next Day Air,1,1,45.0,Venmo,Fortnightly,28.0,2.0056683014037877,39.89585053700817,0.005668301403787712,48.09296982408121,Average,3,5,3,353,Loyal Customer
246,247,35,Male,Sunglasses,Accessories,86.0,Nevada,XL,Beige,Spring,3.2,1,Express,1,1,20.0,Venmo,Bi-Weekly,114.0,3.9143220927745968,20.934410436243457,1.9143220927745968,31.379552803442035,Average,5,2,5,525,Potential Loyalist
247,248,29,Male,Sweater,Clothing,66.0,Montana,XL,Brown,Spring,4.4,1,Standard,1,1,14.0,Debit Card,Weekly,57.0,1.1659014806294135,48.23847838429669,-0.8340985193705865,55.446515626443905,Good,4,2,3,423,Potential Loyalist
248,249,47,Male,Belt,Accessories,100.0,Pennsylvania,M,Blue,Winter,4.8,1,Express,1,1,33.0,PayPal,Weekly,57.0,3.9168786647843845,20.909012280094842,1.9168786647843845,31.357165792064666,Good,4,4,5,445,Champion
249,250,53,Male,Handbag,Accessories,47.0,Alaska,S,Teal,Fall,4.2,1,Standard,1,1,18.0,Credit Card,Annually,1.0,-0.8219107136132958,67.98631427947613,-2.821910713613296,72.85309523312526,Good,1,2,2,122,Hibernating
250,251,33,Male,Skirt,Clothing,25.0,Mississippi,L,Black,Fall,4.0,1,Express,1,1,9.0,Bank Transfer,Weekly,57.0,-0.9114792246961276,68.87612885218186,-2.9114792246961274,73.63741551394996,Good,4,1,1,411,Recent Customer
251,252,21,Male,Handbag,Accessories,51.0,Wyoming,XL,Gold,Winter,2.5,1,Standard,1,1,34.0,PayPal,Annually,1.0,0.4546201879141404,55.30467220508844,-1.5453798120858595,61.67495837382747,Poor,1,4,2,142,Need Attention
252,253,32,Male,Shorts,Clothing,41.0,Delaware,M,Violet,Summer,3.9,1,Free Shipping,1,1,33.0,Venmo,Fortnightly,28.0,0.6682403595378597,53.182471674604,-1.3317596404621403,59.80436087285088,Average,3,4,2,342,Loyal Customer
253,254,52,Male,Boots,Footwear,73.0,Oklahoma,L,Cyan,Winter,4.9,1,2-Day Shipping,1,1,15.0,Bank Transfer,Bi-Weekly,114.0,3.019256214134592,29.82640442740178,1.0192562141345922,39.217333210915044,Good,5,2,4,524,Potential Loyalist
254,255,67,Male,Sunglasses,Accessories,42.0,Indiana,M,White,Winter,3.5,1,Store Pickup,1,1,4.0,PayPal,Bi-Weekly,114.0,0.9487700102678227,50.395561763098094,-1.0512299897321773,57.34786034850134,Average,5,1,2,512,Recent Customer
255,256,43,Male,Scarf,Accessories,20.0,Maryland,M,Charcoal,Spring,4.2,1,Free Shipping,1,1,25.0,Debit Card,Annually,1.0,-1.4774124180239419,74.49836814714213,-3.477412418023942,78.59309553757357,Good,1,3,1,131,Lost
256,257,58,Male,Jewelry,Accessories,30.0,South Dakota,XL,Violet,Spring,4.7,1,Express,1,1,20.0,Credit Card,Every 3 Months,4.0,-1.3229464213971716,72.96383225808502,-3.3229464213971713,77.24049056080736,Good,2,2,1,221,About to Sleep
257,258,20,Male,Handbag,Accessories,53.0,West Virginia,M,Red,Summer,4.5,1,Express,1,1,5.0,Credit Card,Quarterly,3.0,-1.4162761255337624,73.8910122435852,-3.4162761255337624,78.05774630027148,Good,1,1,3,113,Lost
258,259,61,Male,Gloves,Accessories,74.0,Alabama,S,Lavender,Spring,2.8,1,Express,1,1,16.0,Cash,Quarterly,3.0,0.23195478308817297,57.51673222100562,-1.768045216911827,63.62476183412554,Average,1,2,4,124,Need Attention
259,260,32,Male,Jeans,Clothing,57.0,Louisiana,M,Gold,Fall,2.9,1,Standard,1,1,13.0,Debit Card,Annually,1.0,-0.7457894131901809,67.23009045046597,-2.745789413190181,72.1865274962854,Average,1,2,3,123,Need Attention
260,261,38,Male,Hat,Accessories,57.0,Montana,S,Red,Winter,3.2,1,2-Day Shipping,1,1,11.0,Credit Card,Every 3 Months,4.0,-0.8058983149152135,67.82723978406166,-2.8058983149152135,72.71288023019925,Average,2,2,3,223,About to Sleep
261,262,21,Male,Jeans,Clothing,77.0,California,L,Magenta,Winter,4.9,1,Standard,1,1,21.0,Credit Card,Annually,1.0,0.6525355690142393,53.33849024966199,-1.3474644309857609,59.94188225804382,Good,1,3,4,134,At Risk
262,263,37,Male,Pants,Clothing,40.0,Hawaii,M,Teal,Summer,,1,Next Day Air,1,1,6.0,Debit Card,Annually,1.0,-1.948211007856807,79.1754967605136,-3.948211007856807,82.71571494617477,Poor,1,1,2,112,Hibernating
263,264,27,Male,Shorts,Clothing,46.0,Iowa,M,Purple,Summer,4.3,1,Store Pickup,1,1,29.0,Venmo,Monthly,12.0,0.18462243155007307,57.986953458914584,-1.815377568449927,64.03923476441827,Good,3,3,2,332,Promising
264,265,36,Male,Pants,Clothing,78.0,Colorado,S,Charcoal,Fall,3.9,1,Store Pickup,1,1,15.0,Cash,Annually,1.0,0.2794003047526593,57.0453866992782,-1.7205996952473406,63.20929791242039,Average,1,2,4,124,Need Attention
265,266,32,Male,Backpack,Accessories,59.0,Michigan,M,Gray,Spring,3.2,1,2-Day Shipping,1,1,17.0,Bank Transfer,Bi-Weekly,114.0,2.566552398720512,34.323771272122585,0.5665523987205119,43.18150297709137,Average,5,2,3,523,Potential Loyalist
266,267,51,Male,Jewelry,Accessories,75.0,Louisiana,L,White,Summer,3.1,1,Express,1,1,32.0,Credit Card,Weekly,57.0,2.792013627707955,32.08393625970799,0.7920136277079548,41.20721745758572,Average,4,4,4,444,Champion
267,268,64,Male,Sweater,Clothing,54.0,Maryland,M,Olive,Spring,3.9,1,2-Day Shipping,1,1,42.0,Venmo,Annually,1.0,1.1351111682023416,48.544363436582906,-0.8648888317976584,55.71613567703455,Average,1,5,3,153,At Risk
268,269,68,Male,Shoes,Footwear,42.0,Georgia,M,Charcoal,Spring,2.6,1,Store Pickup,1,1,21.0,Cash,Monthly,12.0,-0.538094078262612,65.16674995873178,-2.538094078262612,70.36781172835522,Average,3,3,2,332,Promising
269,270,68,Male,Blouse,Clothing,44.0,Georgia,M,Charcoal,Winter,3.3,1,Next Day Air,1,1,9.0,Cash,Bi-Weekly,114.0,1.379355064138509,46.11793281636819,-0.6206449358614909,53.57737687961276,Average,5,1,2,512,Recent Customer
270,271,33,Male,Jeans,Clothing,52.0,North Dakota,XL,Orange,Fall,4.6,1,Free Shipping,1,1,16.0,Bank Transfer,Annually,1.0,-0.7492366639195664,67.26433701656039,-2.7492366639195662,72.21671387124528,Good,1,2,3,123,Need Attention
271,272,65,Male,Sunglasses,Accessories,69.0,Maryland,XL,Yellow,Summer,4.6,1,Express,1,1,42.0,Credit Card,Fortnightly,28.0,2.473596376902491,35.24723892648534,0.4735963769024911,43.9954865105369,Good,3,5,4,354,Loyal Customer
272,273,48,Male,Jewelry,Accessories,26.0,Oregon,M,Beige,Summer,4.4,1,2-Day Shipping,1,1,37.0,Debit Card,Bi-Weekly,114.0,2.557645903699436,34.41225246898155,0.5576459036994361,43.25949405444259,Good,5,4,1,541,Loyal Customer
273,274,69,Male,Coat,Outerwear,33.0,North Dakota,S,Silver,Spring,4.2,1,Express,1,1,32.0,Debit Card,Quarterly,3.0,-0.3916631439861461,63.71203805564322,-2.391663143986146,69.08556699630947,Good,1,4,1,141,Need Attention
274,275,59,Male,Jewelry,Accessories,32.0,Maryland,M,Indigo,Spring,3.0,1,Express,1,1,28.0,Cash,Bi-Weekly,114.0,2.1879578901672416,38.08490235250333,0.18795789016724163,46.49672333385927,Average,5,3,1,531,Potential Loyalist
275,276,48,Male,Backpack,Accessories,85.0,Virginia,XL,Lavender,Winter,4.0,1,Express,1,1,13.0,Credit Card,Weekly,57.0,1.898959742630255,40.95594218619621,-0.10104025736974509,49.02737953762728,Good,4,2,5,425,Potential Loyalist
276,277,25,Male,Skirt,Clothing,30.0,South Dakota,XL,Turquoise,Fall,3.5,1,Express,1,1,11.0,Bank Transfer,Fortnightly,28.0,-1.3192300424470242,72.9269120491013,-3.3192300424470242,77.20794752367756,Average,3,2,1,321,Promising
277,278,29,Male,Shirt,Clothing,29.000000000000004,Georgia,M,Green,Winter,3.0,1,Store Pickup,1,1,36.0,Bank Transfer,Bi-Weekly,114.0,2.6150956933085423,33.84151997186784,0.6150956933085423,42.756426239930576,Average,5,4,1,541,Loyal Customer
278,279,57,Male,Sweater,Clothing,95.0,Hawaii,M,Orange,Spring,3.7,1,Express,1,1,23.0,Debit Card,Annually,1.0,1.5510486983836294,44.41224969240925,-0.44895130161637065,52.073915475610924,Average,1,3,5,135,At Risk
279,280,23,Male,Sneakers,Footwear,69.0,Arkansas,L,Turquoise,Summer,4.0,1,Standard,1,1,37.0,Bank Transfer,Monthly,12.0,1.7096240023279436,42.836890064175584,-0.29037599767205635,50.68532672474456,Good,3,4,4,344,Loyal Customer
280,281,45,Male,Sandals,Footwear,69.0,Montana,S,Cyan,Fall,4.2,1,2-Day Shipping,1,1,21.0,Cash,Bi-Weekly,114.0,3.265714889822722,27.377971171720596,1.2657148898227222,37.059180357970575,Good,5,3,4,534,Potential Loyalist
281,282,38,Male,Belt,Accessories,61.0,Oklahoma,XL,Charcoal,Spring,2.5,1,Standard,1,1,22.0,Debit Card,Bi-Weekly,114.0,2.9971374525911982,30.046142325392672,0.9971374525911982,39.411019508202784,Poor,5,3,3,533,Potential Loyalist
282,283,21,Male,Skirt,Clothing,94.0,Minnesota,M,Teal,Summer,3.0,1,2-Day Shipping,1,1,9.0,Cash,Monthly,12.0,0.8269118694384008,51.60615629238051,-1.1730881305615992,58.41492967990647,Average,3,1,5,315,Need Attention
283,284,32,Male,Sweater,Clothing,30.0,Montana,S,Maroon,Fall,3.2,1,Next Day Air,1,1,16.0,Venmo,Annually,1.0,-1.6781983134582021,76.49306710541721,-3.678198313458202,80.35130774841411,Average,1,2,1,121,Hibernating
284,285,63,Male,Skirt,Clothing,45.0,Ohio,M,Red,Summer,3.5,1,Standard,1,1,4.0,PayPal,Quarterly,3.0,-1.823307160693974,77.93464479089991,-3.823307160693974,81.62197542434387,Average,1,1,2,112,Hibernating
285,286,29,Male,Handbag,Accessories,39.0,Kentucky,XL,Yellow,Summer,4.8,1,Express,1,1,3.0,Debit Card,Bi-Weekly,114.0,0.752866622730028,52.341755653854435,-1.247133377269972,59.06331813685356,Good,5,1,2,512,Recent Customer
286,287,27,Male,Jewelry,Accessories,51.0,Nebraska,L,Gray,Summer,2.6,1,Store Pickup,1,1,6.0,Debit Card,Annually,1.0,-1.4837301830874887,74.5611317160852,-3.4837301830874887,78.64841800759032,Average,1,1,2,112,Hibernating
287,288,56,Male,Scarf,Accessories,37.0,Delaware,L,Blue,Spring,3.4,1,2-Day Shipping,1,1,18.0,Venmo,Fortnightly,28.0,-0.5390637430252324,65.1763830521704,-2.5390637430252325,70.37630274522857,Average,3,2,2,322,Promising
288,289,30,Male,T-shirt,Clothing,62.0,North Carolina,M,Lavender,Winter,3.7,1,2-Day Shipping,1,1,34.0,Venmo,Bi-Weekly,114.0,3.8700845696878083,21.373886232225242,1.8700845696878083,31.76692539801752,Average,5,4,3,543,Loyal Customer
289,290,49,Male,Coat,Outerwear,85.0,New York,M,Yellow,Fall,4.5,1,2-Day Shipping,1,1,26.0,Credit Card,Monthly,12.0,1.6237376861118962,43.690124028223245,-0.3762623138881038,51.437403306561066,Good,3,3,5,335,Promising
290,291,58,Male,T-shirt,Clothing,33.0,Colorado,M,Indigo,Winter,3.7,1,Standard,1,1,50.0,PayPal,Weekly,57.0,2.26462376903784,37.32326843201464,0.2646237690378399,45.82538691307348,Average,4,5,1,451,Loyal Customer
291,292,57,Male,Dress,Clothing,26.0,Delaware,XL,Violet,Fall,3.3,1,Next Day Air,1,1,40.0,Bank Transfer,Monthly,12.0,0.10160662966818701,58.81167042011361,-1.898393370331813,64.7661752511779,Average,3,4,1,341,Loyal Customer
292,293,60,Male,Shoes,Footwear,99.0,Utah,M,Green,Spring,4.7,1,Free Shipping,1,1,24.0,Cash,Quarterly,3.0,1.8414074129150104,41.52769336364328,-0.15859258708498958,49.531345260163775,Good,1,3,5,135,At Risk
293,294,69,Male,Handbag,Accessories,39.0,Connecticut,M,White,Spring,2.7,1,Express,1,1,33.0,PayPal,Annually,1.0,-0.12131296534400504,61.02625567764983,-2.1213129653440053,66.71820456647603,Average,1,4,2,142,Need Attention
294,295,70,Male,Skirt,Clothing,20.0,New Jersey,M,Gold,Spring,4.6,1,Store Pickup,1,1,19.0,Credit Card,Every 3 Months,4.0,-1.8144285156063495,77.84644026802306,-3.8144285156063495,81.54422821916785,Good,2,2,1,221,About to Sleep
295,296,53,Male,Sunglasses,Accessories,42.0,West Virginia,M,Indigo,Winter,2.7,1,Store Pickup,1,1,24.0,Credit Card,Quarterly,3.0,-0.5654477699805462,65.43849404840867,-2.5654477699805462,70.60733848737394,Average,1,3,2,132,Need Attention
296,297,25,Male,Sandals,Footwear,74.0,Indiana,S,Lavender,Spring,4.8,1,2-Day Shipping,1,1,19.0,Credit Card,Weekly,57.0,1.8498397116470005,41.44392304969674,-0.15016028835299955,49.457506554691086,Good,4,2,4,424,Potential Loyalist
297,298,48,Male,Shoes,Footwear,26.0,Delaware,XL,Purple,Summer,4.4,1,Standard,1,1,4.0,Credit Card,Bi-Weekly,114.0,0.2731615378760872,57.10736546408488,-1.7268384621239128,63.26392862280596,Good,5,1,1,511,Recent Customer
298,299,69,Male,T-shirt,Clothing,53.0,Maryland,M,Lavender,Winter,4.0,1,Standard,1,1,11.0,Venmo,Every 3 Months,4.0,-0.9748004330131472,69.50519070930834,-2.9748004330131472,74.19189729877542,Good,2,2,3,223,About to Sleep
299,300,25,Male,Sneakers,Footwear,80.0,Pennsylvania,M,Maroon,Summer,3.2,1,Next Day Air,1,1,28.0,PayPal,Fortnightly,28.0,1.9689020161709947,40.261103637555316,-0.031097983829005305,48.4149193888339,Average,3,3,4,334,Promising
300,301,29,Male,Hat,Accessories,98.0,Iowa,M,Teal,Spring,4.4,1,Store Pickup,1,1,24.0,PayPal,Weekly,57.0,3.209386415056323,27.937564014110006,1.209386415056323,37.55242920863366,Good,4,3,5,435,Potential Loyalist
301,302,46,Male,Skirt,Clothing,95.0,Pennsylvania,M,Green,Spring,3.8,1,Standard,1,1,25.0,Credit Card,Every 3 Months,4.0,1.767846992515972,42.25847623871968,-0.2321530074840279,50.17548826184438,Average,2,3,5,235,At Risk
302,303,37,Male,Sweater,Clothing,44.0,Delaware,L,Olive,Summer,3.6,1,Express,1,1,27.0,Bank Transfer,Every 3 Months,4.0,-0.24720141530399597,62.276889141972404,-2.247201415303996,67.82056591235012,Average,2,3,2,232,Need Attention
303,304,20,Male,Sandals,Footwear,60.0,Oregon,M,Turquoise,Summer,3.3,1,Next Day Air,1,1,49.0,Venmo,Weekly,57.0,3.3354862672345487,26.684830383420778,1.3354862672345487,36.448216687104555,Average,4,5,3,453,Loyal Customer
304,305,40,Male,Dress,Clothing,84.0,Oregon,M,Green,Winter,3.4,1,Next Day Air,1,1,45.0,Credit Card,Bi-Weekly,114.0,5.560541007834227,4.580118478333981,3.5605410078342272,16.964186664727556,Average,5,5,4,554,Champion
305,306,60,Male,Sweater,Clothing,59.0,Utah,M,Teal,Fall,3.5,1,2-Day Shipping,1,1,26.0,PayPal,Annually,1.0,0.2386100323952568,57.45061592916555,-1.7613899676047433,63.566484132035995,Average,1,3,3,133,At Risk
306,307,26,Male,Jacket,Outerwear,49.0,North Dakota,S,White,Summer,3.6,1,Express,1,1,4.0,Cash,Annually,1.0,-1.7066348400651434,76.77556857235116,-3.7066348400651434,80.60031651571862,Average,1,1,2,112,Hibernating
307,308,29,Male,Gloves,Accessories,32.0,Florida,M,Orange,Winter,3.2,1,Free Shipping,1,1,3.0,Credit Card,Every 3 Months,4.0,-2.415350944742051,83.81627864142399,-4.415350944742051,86.80629680416104,Average,2,1,1,211,About to Sleep
308,309,66,Male,Handbag,Accessories,29.000000000000004,Maryland,M,Beige,Fall,3.7,1,Standard,1,1,45.0,Venmo,Bi-Weekly,114.0,3.2381368839876377,27.65194370047602,1.2381368839876377,37.30067135764965,Average,5,5,1,551,Loyal Customer
309,310,66,Male,Dress,Clothing,22.0,Minnesota,M,Yellow,Spring,4.5,1,Standard,1,1,21.0,Cash,Fortnightly,28.0,-0.9647662889994525,69.40550693138157,-2.9647662889994524,74.10403179162883,Good,3,3,1,331,Promising
310,311,56,Male,Pants,Clothing,85.0,Montana,M,Charcoal,Winter,4.6,1,Standard,1,1,50.0,Cash,Fortnightly,28.0,3.7030192410089775,23.033589650928057,1.7030192410089775,33.22985834087147,Good,3,5,5,355,Loyal Customer
311,312,69,Male,Jeans,Clothing,52.0,Rhode Island,L,Silver,Winter,4.1,1,Store Pickup,1,1,19.0,Bank Transfer,Monthly,12.0,-0.2542923809464652,62.34733403925766,-2.254292380946465,67.88265903075505,Good,3,2,3,323,Promising
312,313,38,Male,Pants,Clothing,89.0,Massachusetts,L,Green,Spring,3.4,1,Next Day Air,1,1,6.0,PayPal,Annually,1.0,0.12083993884288213,58.620597926241615,-1.8791600611571178,64.59775585611689,Average,1,1,5,115,Need Attention
313,314,42,Male,Dress,Clothing,77.0,Vermont,M,Pink,Spring,3.7,1,Express,1,1,50.0,Credit Card,Every 3 Months,4.0,2.7384574351838675,32.61598798179698,0.7384574351838675,41.6761903974345,Average,2,5,4,254,At Risk
314,315,30,Male,Pants,Clothing,24.0,New Jersey,M,Purple,Summer,3.3,1,Store Pickup,1,1,17.0,Debit Card,Every 3 Months,4.0,-1.7839799954371038,77.54395073641899,-3.783979995437104,81.2776011244319,Average,2,2,1,221,About to Sleep
315,316,66,Male,Jewelry,Accessories,24.0,Wisconsin,XL,Orange,Spring,4.5,1,Express,1,1,24.0,Debit Card,Annually,1.0,-1.3777370988903517,73.50814791871674,-3.3777370988903517,77.72027345591752,Good,1,3,1,131,Lost
316,317,36,Male,Handbag,Accessories,22.0,California,M,Charcoal,Fall,3.3,1,Free Shipping,1,1,46.0,Venmo,Monthly,12.0,0.3480653053563165,56.36323716443242,-1.6519346946436835,62.608022398233445,Average,3,5,1,351,Loyal Customer
317,318,58,Male,Sweater,Clothing,82.0,West Virginia,L,Teal,Fall,4.3,1,Standard,1,1,42.0,Cash,Every 3 Months,4.0,2.3957706910915335,36.02039489980911,0.3957706910915335,44.67697895707514,Good,2,5,4,254,At Risk
318,319,45,Male,Backpack,Accessories,67.0,South Dakota,M,Beige,Winter,2.5,1,Standard,1,1,10.0,Cash,Annually,1.0,-0.5312145148383781,65.09840522781317,-2.531214514838378,70.30756978560532,Poor,1,1,3,113,Lost
319,320,47,Male,Shorts,Clothing,74.0,Maine,XL,White,Spring,2.6,1,Standard,1,1,1.0,Cash,Every 3 Months,4.0,-0.7803323026424338,67.57325531997634,-2.780332302642434,72.48900755795162,Average,2,1,4,214,About to Sleep
320,321,66,Male,Jewelry,Accessories,72.0,Kansas,L,White,Summer,4.9,1,Standard,1,1,28.0,Debit Card,Quarterly,3.0,0.978225311611333,50.1029393217732,-1.0217746883886671,57.0899305253724,Good,1,3,4,134,At Risk
321,322,41,Male,Sneakers,Footwear,36.0,Vermont,L,Orange,Summer,4.7,1,Free Shipping,1,1,48.0,Debit Card,Quarterly,3.0,0.8426422280168065,51.44988371256719,-1.1573577719831936,58.277184404155726,Good,1,5,2,152,Need Attention
322,323,41,Male,Belt,Accessories,95.0,Tennessee,S,Cyan,Winter,3.0,1,Standard,1,1,47.0,Credit Card,Monthly,12.0,3.499755759607952,25.052902081858946,1.499755759607952,35.00976590979855,Average,3,5,5,355,Loyal Customer
323,324,66,Male,Hoodie,Clothing,78.0,Tennessee,M,Orange,Winter,3.5,1,Next Day Air,1,1,29.0,PayPal,Bi-Weekly,114.0,4.199559047257824,18.10073601534503,2.199559047257824,28.88183205831342,Average,5,3,4,534,Potential Loyalist
324,325,37,Male,Shirt,Clothing,82.0,Wyoming,M,Olive,Summer,4.8,1,Standard,1,1,37.0,Venmo,Quarterly,3.0,2.0235217975352624,39.71848573726465,0.0235217975352624,47.93663297165109,Good,1,4,4,144,At Risk
325,326,70,Male,Pants,Clothing,70.0,Vermont,M,Charcoal,Winter,4.3,1,Free Shipping,1,1,38.0,Debit Card,Annually,1.0,1.5338124447367014,44.58348252288139,-0.4661875552632986,52.22484735041034,Good,1,4,4,144,At Risk
326,327,62,Male,Scarf,Accessories,41.0,New Jersey,M,White,Fall,3.2,1,Store Pickup,1,1,48.0,Bank Transfer,Weekly,57.0,2.4639744073050194,35.342827975163885,0.4639744073050194,44.07974274976139,Average,4,5,2,452,Loyal Customer
327,328,61,Male,Coat,Outerwear,42.0,Iowa,M,Teal,Summer,3.1,1,Free Shipping,1,1,36.0,PayPal,Weekly,57.0,1.6754783492573764,43.17610860570797,-0.3245216507426236,50.984328325658566,Average,4,4,2,442,Loyal Customer
328,329,48,Male,Coat,Outerwear,50.0,Florida,M,Yellow,Fall,2.8,1,Free Shipping,1,1,9.0,Credit Card,Weekly,57.0,0.14415901341595871,58.38893556939002,-1.8558409865840413,64.39355883534903,Average,4,1,2,412,Recent Customer
329,330,70,Male,Socks,Clothing,31.000000000000004,Nevada,S,White,Summer,2.9,1,2-Day Shipping,1,1,34.0,Bank Transfer,Monthly,12.0,-0.10262651649545917,60.840615944483126,-2.102626516495459,66.55457383697832,Average,3,4,1,341,Loyal Customer
330,331,46,Male,Sweater,Clothing,51.0,North Dakota,M,Beige,Winter,,1,Express,1,1,43.0,Venmo,Bi-Weekly,114.0,4.028644935597585,19.79867500526184,2.028644935597585,30.378467454321022,Poor,5,5,2,552,Loyal Customer
331,332,31,Male,Shirt,Clothing,98.0,Florida,L,Beige,Fall,3.3,1,Store Pickup,1,1,46.0,PayPal,Quarterly,3.0,3.322171460606093,26.817105764886062,1.3221714606060928,36.564809815065566,Average,1,5,5,155,At Risk
332,333,19,Male,Shirt,Clothing,86.0,New York,M,Maroon,Winter,2.8,1,2-Day Shipping,1,1,5.0,Credit Card,Monthly,12.0,0.2122004373851576,57.712980930159155,-1.7877995626148424,63.79774376473919,Average,3,1,5,315,Need Attention
333,334,39,Male,Sweater,Clothing,64.0,Alaska,M,Teal,Winter,4.5,1,Standard,1,1,15.0,Bank Transfer,Bi-Weekly,114.0,2.639226448414241,33.60179400920684,0.6392264484142411,42.545121615211386,Good,5,2,3,523,Potential Loyalist
334,335,41,Male,Blouse,Clothing,46.0,Kansas,M,Lavender,Fall,2.6,1,Next Day Air,1,1,30.0,Credit Card,Annually,1.0,-0.033414655565652485,60.15303364893205,-2.0334146555656525,65.94850965722807,Average,1,3,2,132,Need Attention
335,336,20,Male,Sweater,Clothing,85.0,Oregon,L,Maroon,Spring,3.7,1,Standard,1,1,44.0,Venmo,Every 3 Months,4.0,2.6609008775936718,33.38647031223147,0.6609008775936718,42.355326181802816,Average,2,5,5,255,At Risk
336,337,36,Male,Hat,Accessories,81.0,Rhode Island,S,Orange,Fall,4.4,1,Express,1,1,16.0,PayPal,Annually,1.0,0.47530369229045355,55.099192808521856,-1.5246963077095463,61.49384012406818,Good,1,2,4,124,Need Attention
337,338,32,Male,Sweater,Clothing,59.0,New Mexico,M,Cyan,Winter,4.3,1,2-Day Shipping,1,1,16.0,Bank Transfer,Annually,1.0,-0.45365795724818225,64.32792289737867,-2.4536579572481823,69.62843400123701,Good,1,2,3,123,Need Attention
338,339,69,Male,Hoodie,Clothing,79.0,Massachusetts,M,Silver,Winter,3.5,1,Express,1,1,16.0,Cash,Weekly,57.0,1.853286962376386,41.409676483602304,-0.1467130376236141,49.42732017973121,Average,4,2,4,424,Potential Loyalist
339,340,40,Male,Shorts,Clothing,33.0,Pennsylvania,M,Teal,Spring,3.8,1,2-Day Shipping,1,1,21.0,Credit Card,Every 3 Months,4.0,-1.127043033859377,71.01763836732869,-3.127043033859377,75.52503277245513,Average,2,3,1,231,Need Attention
340,341,40,Male,Shorts,Clothing,47.0,New Jersey,L,Blue,Summer,3.5,1,Express,1,1,39.0,Venmo,Every 3 Months,4.0,0.7101967608415811,52.765657586181625,-1.2898032391584189,59.43696326787678,Average,2,4,2,242,Need Attention
341,342,20,Male,Hat,Accessories,20.0,Utah,S,Blue,Summer,4.6,1,Store Pickup,1,1,40.0,Debit Card,Bi-Weekly,114.0,2.511973123445567,34.86598676638765,0.5119731234455669,43.659434696546505,Good,5,4,1,541,Loyal Customer
342,343,64,Male,Coat,Outerwear,36.0,Kentucky,M,Olive,Spring,2.6,1,Next Day Air,1,1,48.0,Credit Card,Every 3 Months,4.0,0.8687571267513583,51.190446359218214,-1.1312428732486417,58.048505324180276,Average,2,5,2,252,Need Attention
343,344,27,Male,Sandals,Footwear,39.0,Nebraska,M,Purple,Summer,4.4,1,Next Day Air,1,1,26.0,Venmo,Monthly,12.0,-0.31863667201434276,62.986559668560226,-2.3186366720143425,68.44609959518682,Good,3,3,2,332,Promising
344,345,24,Male,Skirt,Clothing,71.0,Virginia,M,Charcoal,Winter,4.0,1,Standard,1,1,46.0,Debit Card,Monthly,12.0,2.4171162520560054,35.808338330160424,0.41711625205600544,44.49006330817557,Good,3,5,4,354,Loyal Customer
345,346,48,Male,Shoes,Footwear,59.0,Wyoming,S,Olive,Winter,4.4,1,Next Day Air,1,1,27.0,Bank Transfer,Annually,1.0,0.3078368313596006,56.76288523234423,-1.6921631686403993,62.96028914511589,Good,1,3,3,133,At Risk
346,347,49,Male,Jeans,Clothing,50.0,New Mexico,L,Violet,Spring,4.7,1,Next Day Air,1,1,5.0,Cash,Weekly,57.0,-0.13274818244141695,61.13985835667528,-2.132748182441417,66.81833878302943,Good,4,1,2,412,Recent Customer
347,348,36,Male,Sandals,Footwear,41.0,Oregon,L,Red,Fall,3.9,1,Store Pickup,1,1,43.0,PayPal,Fortnightly,28.0,1.3605083491812988,46.30516470639087,-0.6394916508187012,53.74241100364987,Average,3,5,2,352,Loyal Customer
348,349,56,Male,Blouse,Clothing,59.0,South Carolina,M,Beige,Fall,2.7,1,Free Shipping,1,1,17.0,PayPal,Fortnightly,28.0,0.3206711075490595,56.6353836601349,-1.6793288924509406,62.84790385497983,Average,3,2,3,323,Promising
349,350,37,Male,Hat,Accessories,87.0,Arizona,M,Green,Winter,3.7,1,2-Day Shipping,1,1,3.0,Bank Transfer,Bi-Weekly,114.0,2.7796920399052336,32.20634455089411,0.7796920399052336,41.31511331393974,Average,5,1,5,515,Recent Customer
350,351,42,Male,Sweater,Clothing,68.0,Kentucky,M,Violet,Spring,2.6,1,2-Day Shipping,1,1,47.0,Bank Transfer,Fortnightly,28.0,2.7775048421997273,32.22807317369045,0.7775048421997273,41.33426584308042,Average,3,5,3,353,Loyal Customer
351,352,28,Male,Skirt,Clothing,90.0,New York,M,Teal,Winter,3.9,1,Standard,1,1,24.0,Debit Card,Bi-Weekly,114.0,4.360131406729906,16.50553672371152,2.3601314067299057,27.47575578718548,Average,5,3,5,535,Potential Loyalist
352,353,27,Male,Jeans,Clothing,71.0,Texas,XL,Yellow,Fall,4.9,1,Next Day Air,1,1,12.0,Cash,Every 3 Months,4.0,-0.14551410260810116,61.26668084887691,-2.145514102608101,66.93012550326262,Good,2,2,4,224,About to Sleep
353,354,63,Male,Sneakers,Footwear,64.0,Missouri,L,Yellow,Fall,4.1,1,Store Pickup,1,1,35.0,Debit Card,Monthly,12.0,1.3600427567768385,46.30979011437658,-0.6399572432231615,53.74648803430496,Good,3,4,3,343,Loyal Customer
354,355,58,Male,Jewelry,Accessories,76.0,Pennsylvania,S,Olive,Fall,3.0,1,Free Shipping,1,1,42.0,Venmo,Weekly,57.0,3.5265071468758773,24.787141560183183,1.5265071468758773,34.77551332124066,Average,4,5,4,454,Champion
355,356,37,Male,Jewelry,Accessories,42.0,Oregon,XL,Magenta,Fall,4.1,1,2-Day Shipping,1,1,1.0,PayPal,Every 3 Months,4.0,-2.1315492474259043,80.99686272194988,-4.131549247425904,84.32114410656087,Good,2,1,2,212,About to Sleep
356,357,56,Male,Pants,Clothing,80.0,Nevada,L,Black,Spring,,1,Standard,1,1,27.0,Cash,Weekly,57.0,2.657007280508652,33.4251510872562,0.657007280508652,42.38942105646604,Poor,4,3,4,434,Potential Loyalist
357,358,18,Male,Belt,Accessories,56.0,Arkansas,M,Olive,Spring,4.0,1,Standard,1,1,16.0,Credit Card,Bi-Weekly,114.0,2.3706490111827176,36.26996516287891,0.37064901118271765,44.896960765443595,Good,5,2,3,523,Potential Loyalist
358,359,48,Male,Hat,Accessories,25.0,Minnesota,XL,Magenta,Summer,3.6,1,Express,1,1,36.0,Credit Card,Every 3 Months,4.0,-0.42644528559008643,64.05757976550238,-2.4264452855900864,69.39014210580592,Average,2,4,1,241,Need Attention
359,360,31,Male,Sneakers,Footwear,74.0,Georgia,M,Olive,Winter,3.0,1,Store Pickup,1,1,30.0,Credit Card,Every 3 Months,4.0,1.2272448673235394,47.62906511215826,-0.7727551326764606,54.909352937268665,Average,2,3,4,234,At Risk
360,361,51,Male,Pants,Clothing,30.0,Rhode Island,M,Teal,Summer,3.0,1,Standard,1,1,18.0,Debit Card,Fortnightly,28.0,-0.8346424496966168,68.11279717135211,-2.834642449696617,72.96458261523684,Average,3,2,1,321,Promising
361,362,65,Male,T-shirt,Clothing,96.0,Nevada,M,White,Spring,2.6,1,Free Shipping,1,1,45.0,Cash,Annually,1.0,3.1162638051236784,28.862686631028684,1.1162638051236784,38.367871496224645,Average,1,5,5,155,At Risk
362,363,53,Male,Sneakers,Footwear,64.0,Texas,M,Charcoal,Fall,3.4,1,Free Shipping,1,1,1.0,Venmo,Fortnightly,28.0,-0.5758300282580257,65.54163615271754,-2.5758300282580255,70.69825230998127,Average,3,1,3,313,Need Attention
363,364,55,Male,Shorts,Clothing,88.0,Florida,L,Yellow,Winter,3.1,1,Free Shipping,1,1,42.0,Bank Transfer,Fortnightly,28.0,3.275881437867677,27.276972031563538,1.2758814378676768,36.970155434800176,Average,3,5,5,355,Loyal Customer
364,365,62,Male,Shoes,Footwear,88.0,North Dakota,L,Charcoal,Summer,3.0,1,Free Shipping,1,1,7.0,Venmo,Every 3 Months,4.0,0.22618590448639808,57.57404290068503,-1.773814095513602,63.675277896414485,Average,2,1,5,215,About to Sleep
365,366,55,Male,Gloves,Accessories,88.0,West Virginia,XL,Gray,Summer,3.7,1,Standard,1,1,50.0,PayPal,Quarterly,3.0,3.176823361218634,28.261060290717545,1.1768233612186338,37.83757253882553,Average,1,5,5,155,At Risk
366,367,64,Male,Socks,Clothing,36.0,Nebraska,M,Turquoise,Spring,3.5,1,Store Pickup,1,1,37.0,Venmo,Fortnightly,28.0,0.734019907772818,52.52898754387713,-1.265980092227182,59.228352260890674,Average,3,4,2,342,Loyal Customer
367,368,52,Male,Dress,Clothing,40.0,Tennessee,XL,Cyan,Spring,2.8,1,Store Pickup,1,1,18.0,Bank Transfer,Monthly,12.0,-0.8302255342046105,68.06891751181907,-2.8302255342046108,72.92590522340362,Average,3,2,2,322,Promising
368,369,24,Male,Handbag,Accessories,39.0,Oklahoma,M,Charcoal,Spring,4.5,1,Standard,1,1,29.0,Cash,Monthly,12.0,-0.11095627512131112,60.9233675780963,-2.1109562751213113,66.62751463442653,Good,3,3,2,332,Promising
369,370,38,Male,Belt,Accessories,40.0,Wisconsin,M,Silver,Summer,3.3,1,Store Pickup,1,1,45.0,PayPal,Quarterly,3.0,0.8038639492217087,51.83512487778443,-1.1961360507782914,58.61675229633988,Average,1,5,2,152,Need Attention
370,371,59,Male,Scarf,Accessories,34.0,Oregon,M,Olive,Winter,3.4,1,Express,1,1,13.0,PayPal,Weekly,57.0,-0.2545422631184009,62.349816483091544,-2.2545422631184007,67.88484716197323,Average,4,2,1,421,Potential Loyalist
371,372,27,Male,Sneakers,Footwear,83.0,North Carolina,S,Pink,Winter,3.2,1,2-Day Shipping,1,1,47.0,PayPal,Monthly,12.0,2.993049405314151,30.086754857599026,0.9930494053141512,39.446817115527004,Average,3,5,4,354,Loyal Customer
372,373,24,Male,Sweater,Clothing,85.0,Pennsylvania,L,Orange,Summer,3.7,1,Standard,1,1,7.0,Debit Card,Weekly,57.0,1.4835989488441916,45.08232636712409,-0.5164010511558084,52.6645494591479,Average,4,1,5,415,Recent Customer
373,374,23,Male,Coat,Outerwear,27.0,North Dakota,L,White,Summer,4.6,1,Express,1,1,11.0,Venmo,Bi-Weekly,114.0,0.7999746601509781,51.87376285502402,-1.200025339849022,58.65080944722121,Good,5,2,1,521,Potential Loyalist
374,375,69,Male,Jewelry,Accessories,78.0,Ohio,S,Purple,Spring,5.0,1,Store Pickup,1,1,39.0,Bank Transfer,Monthly,12.0,2.2281073659769826,37.686039088727895,0.22810736597698256,46.14514834660802,Good,3,4,4,344,Loyal Customer
375,376,59,Male,Sunglasses,Accessories,32.0,Oklahoma,M,Olive,Summer,4.4,1,Standard,1,1,6.0,Debit Card,Quarterly,3.0,-2.233785446583571,82.01252390430903,-4.233785446583571,85.21639092337617,Good,1,1,1,111,Hibernating
376,377,51,Male,Shoes,Footwear,51.0,South Carolina,S,Gray,Fall,4.9,1,Express,1,1,2.0,Venmo,Bi-Weekly,114.0,1.1903461780594857,47.99563357493567,-0.8096538219405143,55.23246191804522,Good,5,1,2,512,Recent Customer
377,378,63,Male,Scarf,Accessories,32.0,Maine,M,Silver,Spring,4.1,1,Standard,1,1,39.0,Credit Card,Every 3 Months,4.0,0.0768138179743294,59.05797355585673,-1.9231861820256706,64.98327727503734,Good,2,4,1,241,Need Attention
378,379,54,Male,Dress,Clothing,62.0,Nevada,L,Orange,Winter,4.9,1,Next Day Air,1,1,23.0,Credit Card,Monthly,12.0,0.44487011015574485,55.401533938855685,-1.5551298898442552,61.76033641163426,Good,3,3,3,333,Promising
379,380,32,Male,T-shirt,Clothing,29.000000000000004,Montana,S,Magenta,Fall,4.7,1,2-Day Shipping,1,1,46.0,Debit Card,Bi-Weekly,114.0,3.3073636829519817,26.96421300365471,1.3073636829519817,36.694476370729554,Good,5,5,1,551,Loyal Customer
380,381,39,Male,Backpack,Accessories,69.0,New Hampshire,XL,Beige,Fall,3.0,1,Store Pickup,1,1,19.0,Bank Transfer,Weekly,57.0,1.6387120640245831,43.5413617062551,-0.36128793597541686,51.30627789041128,Average,4,2,4,424,Potential Loyalist
381,382,66,Male,Jewelry,Accessories,25.0,Maine,L,Lavender,Winter,3.4,1,Store Pickup,1,1,3.0,Credit Card,Every 3 Months,4.0,-2.710929651413435,86.7526927606057,-4.710929651413435,89.3945766741693,Average,2,1,1,211,About to Sleep
382,383,28,Male,Jeans,Clothing,76.0,California,M,Peach,Winter,3.2,1,Store Pickup,1,1,47.0,PayPal,Quarterly,3.0,2.4624366100318005,35.35810515692157,0.4624366100318005,44.093208705314304,Average,1,5,4,154,At Risk
383,384,50,Male,Sunglasses,Accessories,77.0,West Virginia,S,Magenta,Fall,,1,Standard,1,1,6.0,PayPal,Quarterly,3.0,-0.33363661798181576,63.13557599528373,-2.3336366179818158,68.57744890189446,Poor,1,1,4,114,Need Attention
384,385,70,Male,Sweater,Clothing,33.0,California,M,Beige,Fall,4.5,1,2-Day Shipping,1,1,6.0,Venmo,Annually,1.0,-2.243789714528191,82.11191087969532,-4.243789714528191,85.30399481618302,Good,1,1,1,111,Hibernating
385,386,67,Male,Shorts,Clothing,93.0,West Virginia,S,Yellow,Fall,2.7,1,Next Day Air,1,1,12.0,Credit Card,Bi-Weekly,114.0,3.6560864077312294,23.499841891632254,1.6560864077312294,33.64083282879459,Average,5,2,5,525,Potential Loyalist
386,387,64,Male,Jewelry,Accessories,39.0,Louisiana,L,Brown,Spring,3.4,1,Express,1,1,40.0,PayPal,Quarterly,3.0,0.4155044248755059,55.69326609320267,-1.5844955751244942,62.01748149808443,Average,1,4,2,142,Need Attention
387,388,45,Male,Coat,Outerwear,93.0,Georgia,L,Silver,Summer,4.6,1,Store Pickup,1,1,38.0,PayPal,Fortnightly,28.0,3.2101018896327185,27.930456162290422,1.2101018896327185,37.546164046760396,Good,3,4,5,345,Loyal Customer
388,389,22,Male,Handbag,Accessories,82.0,Washington,M,Orange,Summer,2.7,1,Store Pickup,1,1,10.0,PayPal,Quarterly,3.0,0.15439822549797722,58.2872145514401,-1.8456017745020228,64.30389761849385,Average,1,1,4,114,Need Attention
389,390,27,Male,Boots,Footwear,42.0,Virginia,L,Purple,Spring,4.2,1,Standard,1,1,28.0,Bank Transfer,Monthly,12.0,-0.053506485512204716,60.35263508098259,-2.0535064855122047,66.12444681991451,Good,3,3,2,332,Promising
390,391,25,Male,Gloves,Accessories,71.0,Indiana,M,Indigo,Winter,3.2,1,2-Day Shipping,1,1,19.0,PayPal,Annually,1.0,0.260728793938651,57.23087803117466,-1.7392712060613489,63.37279783474824,Average,1,2,4,124,Need Attention
391,392,37,Male,Sweater,Clothing,86.0,Minnesota,L,Gray,Spring,4.8,1,Standard,1,1,25.0,Cash,Fortnightly,28.0,2.0145747964248635,39.807369340149215,0.014574796424863479,48.014978746729994,Good,3,3,5,335,Promising
392,393,26,Male,T-shirt,Clothing,82.0,Idaho,XL,Black,Spring,3.3,1,Next Day Air,1,1,38.0,Credit Card,Annually,1.0,2.040518799030503,39.549629747141296,0.04051879903050315,47.787796144681884,Average,1,4,4,144,At Risk
393,394,33,Male,Shoes,Footwear,65.0,Vermont,L,Maroon,Fall,4.2,1,Standard,1,1,6.0,PayPal,Fortnightly,28.0,-0.18747050391182285,61.6834949372993,-2.1874705039118227,67.29752310823673,Good,3,1,3,313,Need Attention
394,395,43,Male,Scarf,Accessories,29.000000000000004,North Dakota,M,Beige,Spring,4.8,1,Store Pickup,1,1,7.0,Debit Card,Bi-Weekly,114.0,0.6075185233425695,53.78571017968592,-1.3924814766574305,60.33608086061354,Good,5,1,1,511,Recent Customer
395,396,37,Male,Sneakers,Footwear,65.0,Rhode Island,L,Brown,Winter,4.9,1,Store Pickup,1,1,2.0,PayPal,Annually,1.0,-1.169479965602096,71.43922626500702,-3.169479965602096,75.89663821525421,Good,1,1,3,113,Lost
396,397,46,Male,Dress,Clothing,88.0,South Carolina,S,Black,Fall,3.9,1,Standard,1,1,24.0,Bank Transfer,Annually,1.0,1.324696790676589,46.660933114769634,-0.675303209323411,54.056000358699094,Average,1,3,5,135,At Risk
397,398,22,Male,Belt,Accessories,46.0,Mississippi,M,Indigo,Fall,3.0,1,Free Shipping,1,1,26.0,Cash,Annually,1.0,-0.31032185142302804,62.9039564362173,-2.310321851423028,68.37328960490848,Average,1,3,2,132,Need Attention
398,399,20,Male,Boots,Footwear,67.0,Montana,S,Silver,Winter,4.6,1,Free Shipping,1,1,25.0,Debit Card,Every 3 Months,4.0,0.5855321658304358,54.00413271544654,-1.4144678341695642,60.52860774187744,Good,2,3,3,233,At Risk
399,400,60,Male,Scarf,Accessories,35.0,Idaho,L,Blue,Fall,3.5,1,2-Day Shipping,1,1,10.0,Debit Card,Monthly,12.0,-1.5951675735417787,75.66820174294793,-3.5951675735417785,79.62423645448462,Average,3,1,1,311,Lost
400,401,39,Male,Boots,Footwear,66.0,Utah,M,Green,Winter,4.8,1,Free Shipping,1,1,14.0,PayPal,Fortnightly,28.0,0.40856941732741203,55.762161631417115,-1.5914305826725879,62.07820894573187,Good,3,2,3,323,Promising
401,402,43,Male,T-shirt,Clothing,91.0,Oklahoma,L,Orange,Fall,4.8,1,Standard,1,1,21.0,Cash,Quarterly,3.0,1.2959227798261113,46.946787304600605,-0.7040772201738887,54.30796435807639,Good,1,3,5,135,At Risk
402,403,31,Male,Backpack,Accessories,78.0,California,L,Cyan,Fall,3.0,1,Express,1,1,26.0,PayPal,Monthly,12.0,1.3281589794405118,46.626538147404965,-0.6718410205594882,54.02568317656934,Average,3,3,4,334,Promising
403,404,19,Male,Sneakers,Footwear,45.0,Nevada,M,Orange,Winter,4.5,1,Next Day Air,1,1,12.0,Bank Transfer,Annually,1.0,-1.3217225664483263,72.95167392302736,-3.3217225664483263,77.22977368893396,Good,1,2,2,122,Hibernating
404,405,35,Male,T-shirt,Clothing,93.0,Delaware,M,Indigo,Spring,4.8,1,Store Pickup,1,1,11.0,Credit Card,Monthly,12.0,0.9231399378426051,50.65018263004956,-1.076860062157395,57.57229397321031,Good,3,2,5,325,Promising
405,406,41,Male,Jeans,Clothing,74.0,South Carolina,S,Silver,Summer,3.8,1,Standard,1,1,15.0,Cash,Annually,1.0,0.11049818665472555,58.723337624524895,-1.8895018133452743,64.68831498099654,Average,1,2,4,124,Need Attention
406,407,52,Male,Gloves,Accessories,55.0,Maryland,M,Peach,Spring,4.6,1,Express,1,1,13.0,Cash,Monthly,12.0,-0.5429765861590783,65.21525502625053,-2.542976586159078,70.41056615084355,Good,3,2,3,323,Promising
407,408,45,Male,Hoodie,Clothing,76.0,North Carolina,XL,Teal,Spring,3.1,1,Next Day Air,1,1,5.0,Credit Card,Bi-Weekly,114.0,2.453664813064604,35.44524820167989,0.45366481306460393,44.17002027868395,Average,5,1,4,514,Recent Customer
408,409,34,Male,Sneakers,Footwear,66.0,Alabama,L,White,Spring,3.4,1,Express,1,1,36.0,Cash,Fortnightly,28.0,1.9315589945429776,40.63208630134824,-0.06844100545702236,48.741919233489625,Average,3,4,3,343,Loyal Customer
409,410,35,Male,Shorts,Clothing,51.0,Minnesota,M,Brown,Winter,3.3,1,2-Day Shipping,1,1,32.0,Bank Transfer,Monthly,12.0,0.603430476065522,53.82632271189228,-1.396569523934478,60.371878467937755,Average,3,4,2,342,Loyal Customer
410,411,29,Male,Sweater,Clothing,26.0,Virginia,L,Lavender,Spring,4.8,1,2-Day Shipping,1,1,1.0,Credit Card,Quarterly,3.0,-2.8332726185521913,87.96810377628563,-4.833272618552192,90.46589146084092,Good,1,1,1,111,Hibernating
411,412,59,Male,Jeans,Clothing,29.000000000000004,Michigan,M,Indigo,Summer,2.8,1,Express,1,1,15.0,PayPal,Annually,1.0,-1.7896506419470293,77.60028553355019,-3.7896506419470293,81.32725700247825,Average,1,2,1,121,Hibernating
412,413,24,Male,Jacket,Outerwear,74.0,Maine,M,Yellow,Summer,3.1,1,Store Pickup,1,1,3.0,Bank Transfer,Weekly,57.0,0.742210928217498,52.44761419883774,-1.257789071782502,59.15662634541273,Average,4,1,4,414,Recent Customer
413,414,70,Male,Jewelry,Accessories,99.0,Nevada,S,White,Summer,4.6,1,Free Shipping,1,1,48.0,Cash,Monthly,12.0,3.7378846766702303,22.687220459790932,1.7378846766702303,32.92455385430229,Good,3,5,5,355,Loyal Customer
414,415,29,Male,Backpack,Accessories,88.0,Wyoming,L,Violet,Winter,2.6,1,Store Pickup,1,1,30.0,Debit Card,Weekly,57.0,3.2024919135975516,28.00605714629886,1.2024919135975516,37.61280195855343,Average,4,3,5,435,Potential Loyalist
415,416,67,Male,Coat,Outerwear,31.000000000000004,Connecticut,M,Lavender,Winter,2.6,1,Express,1,1,40.0,Bank Transfer,Monthly,12.0,0.3127342772906043,56.71423176355523,-1.6872657227093957,62.917403915457704,Average,3,4,1,341,Loyal Customer
416,417,36,Male,Belt,Accessories,55.0,Oregon,L,Olive,Spring,3.8,1,Free Shipping,1,1,24.0,Bank Transfer,Fortnightly,28.0,0.6363565822015329,53.49921970763239,-1.363643417798467,60.08355601511528,Average,3,3,3,333,Promising
417,418,23,Male,Sandals,Footwear,81.0,Mississippi,L,Beige,Fall,4.5,1,Free Shipping,1,1,48.0,Debit Card,Quarterly,3.0,2.742791056618562,32.57293580354189,0.7427910566185618,41.63824238267401,Good,1,5,4,154,At Risk
418,419,18,Male,Sweater,Clothing,73.0,Illinois,L,Purple,Spring,3.0,1,Standard,1,1,27.0,Venmo,Bi-Weekly,114.0,3.849977801706719,21.573636065546022,1.8499778017067192,31.942993367873818,Average,5,3,4,534,Potential Loyalist
419,420,53,Male,Shorts,Clothing,91.0,Utah,S,Teal,Winter,,1,Free Shipping,1,1,14.0,Credit Card,Every 3 Months,4.0,0.8374500858102556,51.50146482900081,-1.1625499141897444,58.32265018654166,Poor,2,2,5,225,About to Sleep
420,421,32,Male,Socks,Clothing,54.0,North Carolina,S,Peach,Spring,3.8,1,Free Shipping,1,1,18.0,Debit Card,Bi-Weekly,114.0,2.4246515500624386,35.73347923185964,0.4246515500624386,44.424079325891455,Average,5,2,3,523,Potential Loyalist
421,422,38,Male,Shirt,Clothing,40.0,Kentucky,M,Violet,Winter,3.5,1,Standard,1,1,48.0,Cash,Bi-Weekly,114.0,3.910298105649987,20.97438656558368,1.910298105649987,31.41478945830493,Average,5,5,2,552,Loyal Customer
422,423,47,Male,Pants,Clothing,59.0,Minnesota,M,Purple,Fall,3.1,1,Store Pickup,1,1,32.0,Debit Card,Annually,1.0,0.6539708261813201,53.32423174823767,-1.34602917381868,59.92931421051537,Average,1,4,3,143,At Risk
423,424,46,Male,Scarf,Accessories,26.0,New York,L,Teal,Spring,3.0,1,Store Pickup,1,1,21.0,Credit Card,Bi-Weekly,114.0,1.4500171202699337,45.415943618122554,-0.5499828797300663,52.95861384516422,Average,5,3,1,531,Potential Loyalist
424,425,66,Male,Sweater,Clothing,23.0,Illinois,M,Gold,Winter,4.3,1,Standard,1,1,42.0,PayPal,Fortnightly,28.0,0.5312220187762525,54.54367456682232,-1.4687779812237474,61.00418279916264,Good,3,5,1,351,Loyal Customer
425,426,40,Male,Jeans,Clothing,87.0,North Dakota,S,Teal,Winter,3.3,1,Store Pickup,1,1,4.0,Credit Card,Quarterly,3.0,-0.04983492066566886,60.31616007580961,-2.0498349206656687,66.09229620429427,Average,1,1,5,115,Need Attention
426,427,43,Male,Pants,Clothing,71.0,Louisiana,M,Violet,Winter,4.7,1,Express,1,1,19.0,Credit Card,Quarterly,3.0,0.3129585914077545,56.71200332447669,-1.6870414085922456,62.91543967479735,Good,1,2,4,124,Need Attention
427,428,58,Male,Backpack,Accessories,91.0,Illinois,L,Black,Winter,4.5,1,Store Pickup,1,1,6.0,Credit Card,Quarterly,3.0,0.2575207953609525,57.2627477569203,-1.7424792046390474,63.40088916187791,Good,1,1,5,115,Need Attention
428,429,21,Male,Coat,Outerwear,64.0,Wyoming,XL,Gold,Winter,2.9,1,Free Shipping,1,1,2.0,Debit Card,Fortnightly,28.0,-0.5066032292936816,64.85390545589622,-2.5066032292936815,70.09205732306117,Average,3,1,3,313,Need Attention
429,430,42,Male,Sandals,Footwear,94.0,Washington,M,Gold,Winter,4.1,1,2-Day Shipping,1,1,21.0,Cash,Fortnightly,28.0,2.075471836763356,39.202390276941074,0.07547183676335578,47.48172455725809,Good,3,3,5,335,Promising
430,431,24,Male,Shirt,Clothing,40.0,Texas,M,Brown,Summer,3.5,1,Store Pickup,1,1,40.0,Debit Card,Annually,1.0,0.4055001569308859,55.79265306858896,-1.594499843069114,62.105085390891276,Average,1,4,2,142,Need Attention
431,432,43,Male,Hat,Accessories,76.0,New Hampshire,L,Cyan,Winter,3.4,1,Store Pickup,1,1,33.0,Cash,Fortnightly,28.0,2.14613389289478,38.50040107869544,0.14613389289478018,46.862961522809556,Average,3,4,4,344,Loyal Customer
432,433,47,Male,Shirt,Clothing,86.0,Indiana,S,Indigo,Fall,3.3,1,Free Shipping,1,1,26.0,Venmo,Weekly,57.0,2.8411336586912093,31.595955396207458,0.8411336586912093,40.77709044052191,Average,4,3,5,435,Potential Loyalist
433,434,49,Male,Skirt,Clothing,92.0,Alabama,M,Orange,Fall,3.2,1,Store Pickup,1,1,23.0,Credit Card,Fortnightly,28.0,2.1294743756430767,38.665904345921795,0.12947437564307673,47.008843117705965,Average,3,3,5,335,Promising
434,435,50,Male,Shoes,Footwear,52.0,Oklahoma,L,Pink,Spring,4.0,1,Store Pickup,1,1,39.0,PayPal,Every 3 Months,4.0,0.9213244084639984,50.66821892962325,-1.0786755915360016,57.58819193215658,Good,2,4,3,243,At Risk
435,436,51,Male,Coat,Outerwear,28.0,Montana,XL,Olive,Winter,3.6,1,Next Day Air,1,1,42.0,Bank Transfer,Monthly,12.0,0.3245112866458415,56.59723356384764,-1.6754887133541585,62.81427674304961,Average,3,5,1,351,Loyal Customer
436,437,40,Male,Pants,Clothing,46.0,Tennessee,L,Cyan,Summer,4.6,1,Free Shipping,1,1,41.0,Bank Transfer,Weekly,57.0,2.1905144621770294,38.05950419635471,0.1905144621770294,46.47433632248191,Good,4,5,2,452,Loyal Customer
437,438,45,Male,Jewelry,Accessories,50.0,New Mexico,M,Peach,Summer,2.6,1,Next Day Air,1,1,41.0,PayPal,Annually,1.0,0.8969822511400641,50.91004505865092,-1.1030177488599358,57.80134773253079,Average,1,5,2,152,Need Attention
438,439,52,Male,Belt,Accessories,23.0,Iowa,M,Turquoise,Winter,4.3,1,Express,1,1,12.0,Credit Card,Fortnightly,28.0,-1.5455819501540642,75.1755954714617,-3.545581950154064,79.19003240676572,Good,3,2,1,321,Promising
439,440,62,Male,Jacket,Outerwear,50.0,Idaho,M,Turquoise,Summer,3.4,1,Free Shipping,1,1,31.0,Cash,Monthly,12.0,0.49197814757669467,54.93354114002527,-1.5080218524233053,61.3478277220019,Average,3,4,2,342,Loyal Customer
440,441,20,Male,Shirt,Clothing,89.0,Oklahoma,XL,Maroon,Winter,3.5,1,Store Pickup,1,1,34.0,Debit Card,Fortnightly,28.0,2.764292575677409,32.35932987482237,0.764292575677409,41.44996106301696,Average,3,4,5,345,Loyal Customer
441,442,43,Male,Hoodie,Clothing,81.0,Florida,M,Maroon,Winter,4.2,1,Standard,1,1,32.0,Credit Card,Annually,1.0,1.5829324757199559,44.09550165938085,-0.4170675242800441,51.79472033334655,Good,1,4,4,144,At Risk
442,443,29,Male,Sunglasses,Accessories,69.0,Michigan,M,Olive,Fall,,1,Store Pickup,1,1,31.0,Credit Card,Quarterly,3.0,1.0592291199309143,49.298210425244285,-0.9407708800690857,56.38060836604421,Poor,1,4,4,144,At Risk
443,444,22,Male,Sunglasses,Accessories,67.0,Hawaii,M,Magenta,Summer,3.6,1,Free Shipping,1,1,24.0,PayPal,Annually,1.0,0.4379606706624365,55.470175472314786,-1.5620393293375634,61.820839968723895,Average,1,3,3,133,At Risk
444,445,48,Male,Dress,Clothing,20.0,California,M,Red,Summer,4.3,1,Store Pickup,1,1,31.0,Debit Card,Annually,1.0,-1.0620516242378781,70.37198396621424,-3.062051624237878,74.95592561605295,Good,1,4,1,141,Need Attention
445,446,42,Male,Boots,Footwear,29.000000000000004,Iowa,M,Olive,Fall,4.9,1,Standard,1,1,18.0,Venmo,Annually,1.0,-1.5819702450539976,75.53709344308626,-3.5819702450539976,79.50867204171796,Good,1,2,1,121,Hibernating
446,447,19,Male,Shirt,Clothing,74.0,West Virginia,M,Silver,Summer,4.1,1,Store Pickup,1,1,15.0,Venmo,Monthly,12.0,0.397762072734795,55.8695267376861,-1.602237927265205,62.17284510126662,Good,3,2,4,324,Promising
447,448,60,Male,Shorts,Clothing,82.0,Washington,S,Turquoise,Spring,3.6,1,Standard,1,1,7.0,Bank Transfer,Every 3 Months,4.0,-0.027167272660502673,60.090969288555065,-2.0271672726605026,65.89380349927872,Average,2,1,4,214,About to Sleep
448,449,32,Male,Gloves,Accessories,23.0,Missouri,M,Yellow,Summer,3.4,1,Next Day Air,1,1,35.0,Bank Transfer,Fortnightly,28.0,0.04663442602584533,59.35778944457151,-1.9533655739741547,65.24754770760337,Average,3,4,1,341,Loyal Customer
449,450,26,Male,Jewelry,Accessories,45.0,New York,L,Peach,Summer,2.9,1,2-Day Shipping,1,1,35.0,Bank Transfer,Monthly,12.0,0.557757695811653,54.280057009298375,-1.442242304188347,60.77181911004168,Average,3,4,2,342,Loyal Customer
450,451,25,Male,Boots,Footwear,21.0,Connecticut,L,Beige,Summer,2.7,1,Store Pickup,1,1,19.0,Credit Card,Monthly,12.0,-1.5632837962054522,75.35145370991955,-3.563283796205452,79.34504131222023,Average,3,2,1,321,Promising
451,452,66,Male,Jewelry,Accessories,31.000000000000004,Virginia,M,Pink,Summer,4.3,1,Express,1,1,26.0,Credit Card,Fortnightly,28.0,-0.23860252845738195,62.191463865469935,-2.238602528457382,67.74526845273198,Good,3,3,1,331,Promising
452,453,45,Male,Pants,Clothing,45.0,Missouri,M,Violet,Summer,,1,Express,1,1,39.0,PayPal,Fortnightly,28.0,1.252503271421857,47.37813656842943,-0.7474967285781431,54.68817388275412,Poor,3,4,2,342,Loyal Customer
453,454,54,Male,Jewelry,Accessories,56.0,Nebraska,XL,Peach,Winter,2.8,1,Next Day Air,1,1,22.0,Credit Card,Weekly,57.0,1.2974605770993302,46.931510122842916,-0.7025394229006698,54.29449840252346,Average,4,3,3,433,Potential Loyalist
454,455,37,Male,Jacket,Outerwear,97.0,New Jersey,S,Gold,Summer,3.2,1,Next Day Air,1,1,14.0,Cash,Bi-Weekly,114.0,3.9634421237578517,20.446429572742925,1.9634421237578517,30.949425786378228,Average,5,2,5,525,Potential Loyalist
455,456,54,Male,Blouse,Clothing,100.0,Utah,XL,Gold,Fall,3.6,1,Store Pickup,1,1,50.0,Debit Card,Fortnightly,28.0,4.336402183876229,16.741273681252952,2.3364021838762294,27.6835443337109,Average,3,5,5,355,Loyal Customer
456,457,50,Male,Blouse,Clothing,96.0,North Carolina,S,Indigo,Fall,4.0,1,2-Day Shipping,1,1,33.0,Credit Card,Quarterly,3.0,2.337772015020655,36.59658028618647,0.3377720150206551,45.18485317931497,Good,1,4,5,145,At Risk
457,458,25,Male,Gloves,Accessories,99.0,Rhode Island,M,Blue,Spring,4.9,1,Next Day Air,1,1,48.0,Debit Card,Every 3 Months,4.0,3.528965486793816,24.76271928658278,1.5289654867938158,34.753986494105874,Good,2,5,5,255,At Risk
458,459,47,Male,Shorts,Clothing,91.0,Arkansas,L,Black,Winter,4.0,1,2-Day Shipping,1,1,48.0,PayPal,Monthly,12.0,3.4000804404743628,26.04312231028432,1.4000804404743628,35.88258799145459,Good,3,5,5,355,Loyal Customer
459,460,63,Male,Hat,Accessories,30.0,Maryland,L,Black,Winter,3.8,1,Standard,1,1,27.0,PayPal,Fortnightly,28.0,-0.2116012590175217,61.9232208999603,-2.2116012590175216,67.50882773295592,Average,3,3,1,331,Promising
460,461,64,Male,Shoes,Footwear,65.0,South Carolina,L,Teal,Summer,,1,Store Pickup,1,1,27.0,Bank Transfer,Weekly,57.0,2.0236243376414005,39.71746705693129,0.023624337641400484,47.93573506362661,Poor,4,3,3,433,Potential Loyalist
461,462,18,Male,Boots,Footwear,93.0,Ohio,M,Yellow,Winter,3.9,1,Express,1,1,20.0,Venmo,Weekly,57.0,2.7213515715765295,32.78592545795363,0.7213515715765295,41.82598049203426,Average,4,2,5,425,Potential Loyalist
462,463,59,Male,Jacket,Outerwear,81.0,Illinois,M,White,Fall,3.3,1,Express,1,1,48.0,Venmo,Every 3 Months,4.0,2.7689059553531137,32.3134984501929,0.7689059553531137,41.40956330269855,Average,2,5,4,254,At Risk
463,464,37,Male,Jewelry,Accessories,81.0,Georgia,S,Orange,Summer,2.7,1,Standard,1,1,29.0,Venmo,Weekly,57.0,2.837686407961824,31.630201962301886,0.837686407961824,40.8072768154818,Average,4,3,4,434,Potential Loyalist
464,465,23,Male,Sunglasses,Accessories,52.0,Alabama,M,Silver,Winter,4.7,1,Next Day Air,1,1,45.0,PayPal,Monthly,12.0,1.545604392126476,44.466335921903536,-0.45439560787352407,52.12158937083239,Good,3,5,3,353,Loyal Customer
465,466,54,Male,Skirt,Clothing,88.0,Oklahoma,M,Pink,Summer,2.8,1,Next Day Air,1,1,25.0,Cash,Quarterly,3.0,1.4461533871100363,45.45432771125037,-0.5538466128899637,52.9924472118281,Average,1,3,5,135,At Risk
466,467,38,Male,Jeans,Clothing,24.0,Vermont,L,Turquoise,Winter,4.6,1,Free Shipping,1,1,25.0,PayPal,Weekly,57.0,0.15392402920889126,58.291925434352535,-1.8460759707911087,64.30804999037238,Good,4,3,1,431,Potential Loyalist
467,468,19,Male,Backpack,Accessories,51.0,Nebraska,S,Orange,Spring,4.5,1,2-Day Shipping,1,1,37.0,Debit Card,Every 3 Months,4.0,0.7406452810108273,52.46316805457756,-1.2593547189891727,59.170336173140825,Good,2,4,2,242,Need Attention
468,469,34,Male,Backpack,Accessories,38.0,Georgia,S,Peach,Fall,5.0,1,Free Shipping,1,1,16.0,Cash,Quarterly,3.0,-1.2881642797932313,72.61829054822586,-3.2881642797932313,76.93591545131093,Good,1,2,2,122,Hibernating
469,470,21,Male,Shorts,Clothing,46.0,Alabama,L,Pink,Fall,4.1,1,2-Day Shipping,1,1,30.0,Debit Card,Bi-Weekly,114.0,2.9175689014386976,30.83661272049727,0.9175689014386976,40.10777362000255,Good,5,3,2,532,Potential Loyalist
470,471,50,Male,Dress,Clothing,63.0,Minnesota,L,Teal,Summer,4.6,1,Express,1,1,6.0,Cash,Every 3 Months,4.0,-0.8986791325900323,68.74896688029817,-2.8986791325900323,73.52532956193555,Good,2,1,3,213,About to Sleep
471,472,55,Male,Scarf,Accessories,72.0,Missouri,XL,White,Winter,4.9,1,2-Day Shipping,1,1,36.0,Bank Transfer,Quarterly,3.0,1.5320397033260837,44.601093747202704,-0.46796029667391625,52.240370630011576,Good,1,4,4,144,At Risk
472,473,20,Male,Jeans,Clothing,39.0,Georgia,L,Gray,Winter,3.9,1,Free Shipping,1,1,3.0,Bank Transfer,Quarterly,3.0,-2.145887136805219,81.13930187559126,-4.145887136805219,84.44669601412821,Average,1,1,2,112,Hibernating
473,474,34,Male,Coat,Outerwear,42.0,West Virginia,L,Olive,Spring,3.9,1,Store Pickup,1,1,29.0,PayPal,Every 3 Months,4.0,-0.19319887642427502,61.74040321095312,-2.193198876424275,67.34768447279798,Average,2,3,2,232,Need Attention
474,475,62,Male,Sweater,Clothing,76.0,Arkansas,XL,Maroon,Summer,2.6,1,2-Day Shipping,1,1,15.0,Cash,Quarterly,3.0,0.24717904317279593,57.36548745520358,-1.752820956827204,63.49144828675757,Average,1,2,4,124,Need Attention
475,476,21,Male,Sneakers,Footwear,66.0,Ohio,L,Magenta,Summer,2.7,1,Free Shipping,1,1,18.0,Debit Card,Annually,1.0,-0.019625652648110337,60.01604738455434,-2.0196256526481102,65.82776415738853,Average,1,2,3,123,Need Attention
476,477,21,Male,Scarf,Accessories,90.0,Connecticut,M,Magenta,Spring,3.5,1,Free Shipping,1,1,2.0,Debit Card,Fortnightly,28.0,0.591260538342888,53.94722444179272,-1.4087394616571118,60.478446377316175,Average,3,1,5,315,Need Attention
477,478,42,Male,Sweater,Clothing,56.0,North Dakota,M,Green,Summer,3.7,1,Free Shipping,1,1,49.0,Debit Card,Weekly,57.0,3.1665841491366153,28.36278130866747,1.1665841491366153,37.9272337556807,Average,4,5,3,453,Loyal Customer
478,479,35,Male,Jewelry,Accessories,43.0,Kansas,XL,Turquoise,Winter,3.2,1,Free Shipping,1,1,48.0,Venmo,Annually,1.0,1.0859911372190871,49.032344300083444,-0.9140088627809129,56.14626269409835,Average,1,5,2,152,Need Attention
479,480,39,Male,Handbag,Accessories,84.0,Iowa,L,Yellow,Winter,3.3,1,Store Pickup,1,1,43.0,Venmo,Monthly,12.0,2.758367738981259,32.418189913572604,0.7583677389812591,41.50184279606338,Average,3,5,4,354,Loyal Customer
480,481,68,Male,Hoodie,Clothing,88.0,Vermont,M,Gray,Summer,4.8,1,Standard,1,1,30.0,Debit Card,Bi-Weekly,114.0,4.691041141467003,13.218128005406982,2.691041141467003,24.57809439995294,Good,5,3,5,535,Potential Loyalist
481,482,46,Male,Hat,Accessories,88.0,Wisconsin,L,Peach,Fall,3.2,1,2-Day Shipping,1,1,10.0,PayPal,Fortnightly,28.0,1.0606238710086724,49.284354329845556,-0.9393761289913276,56.36839501624345,Average,3,1,5,315,Need Attention
482,483,41,Male,Belt,Accessories,42.0,Connecticut,M,Yellow,Winter,2.5,1,2-Day Shipping,1,1,11.0,Venmo,Annually,1.0,-1.5176259539861205,74.89786781378369,-3.5176259539861205,78.94523147728617,Poor,1,2,2,122,Hibernating
483,484,23,Male,Hoodie,Clothing,73.0,Oklahoma,M,White,Fall,3.9,1,Store Pickup,1,1,12.0,Debit Card,Weekly,57.0,1.3230265893721098,46.6775256587576,-0.6769734106278902,54.07062573027584,Average,4,2,4,424,Potential Loyalist
484,485,68,Male,Hat,Accessories,73.0,Missouri,L,Lavender,Summer,4.7,1,Free Shipping,1,1,28.0,Bank Transfer,Quarterly,3.0,1.0204508411358164,49.68345159046153,-0.9795491588641836,56.72017625822836,Good,1,3,4,134,At Risk
485,486,48,Male,Shoes,Footwear,44.0,Tennessee,S,Blue,Spring,2.6,1,Next Day Air,1,1,36.0,Debit Card,Fortnightly,28.0,1.0025973450043417,49.860816390205045,-0.9974026549956583,56.876513110658465,Average,3,4,2,342,Loyal Customer
486,487,38,Male,Sandals,Footwear,63.0,New Mexico,M,Charcoal,Fall,2.8,1,Store Pickup,1,1,37.0,Venmo,Every 3 Months,4.0,1.2473516353046286,47.42931527883747,-0.7526483646953714,54.733284967412374,Average,2,4,3,243,At Risk
487,488,41,Male,Jacket,Outerwear,68.0,Iowa,L,Red,Winter,4.4,1,Store Pickup,1,1,22.0,Credit Card,Quarterly,3.0,0.3939623997273357,55.907274427947776,-1.6060376002726642,62.20611751546916,Good,1,3,3,133,At Risk
488,489,58,Male,Sweater,Clothing,29.000000000000004,Maine,L,Olive,Spring,4.6,1,Standard,1,1,32.0,Venmo,Weekly,57.0,0.8496392695817159,51.38037190004498,-1.1503607304182841,58.21591374621148,Good,4,4,1,441,Loyal Customer
489,490,49,Male,Socks,Clothing,85.0,South Dakota,M,Green,Summer,3.2,1,Standard,1,1,40.0,PayPal,Annually,1.0,2.3056489855326414,36.91570515956365,0.3056489855326414,45.466143369409565,Average,1,4,5,145,At Risk
490,491,57,Male,Sneakers,Footwear,42.0,Colorado,M,Silver,Winter,4.2,1,2-Day Shipping,1,1,47.0,Cash,Monthly,12.0,1.2618026948103294,47.28575184137764,-0.7381973051896706,54.60674206843257,Good,3,5,2,352,Loyal Customer
491,492,49,Male,Coat,Outerwear,69.0,Vermont,M,Silver,Summer,,1,2-Day Shipping,1,1,24.0,Credit Card,Bi-Weekly,114.0,3.4733952867157534,25.31477908125666,1.4733952867157534,35.24059539721028,Poor,5,3,4,534,Potential Loyalist
492,493,50,Male,Shirt,Clothing,62.0,Michigan,M,Black,Fall,3.9,1,Standard,1,1,11.0,Debit Card,Weekly,57.0,0.7893189656384478,51.979621400007325,-1.2106810343615522,58.74411765578036,Average,4,2,3,423,Potential Loyalist
493,494,28,Male,Backpack,Accessories,48.0,Nevada,XL,Red,Summer,4.7,1,Store Pickup,1,1,19.0,Cash,Bi-Weekly,114.0,2.2405251718798818,37.56267492290837,0.24052517187988176,46.036409941835586,Good,5,2,2,522,Potential Loyalist
494,495,38,Male,Boots,Footwear,68.0,Indiana,M,Indigo,Winter,4.5,1,Express,1,1,42.0,Debit Card,Weekly,57.0,3.1887029106800098,28.143043410676572,1.1887029106800098,37.73354745839296,Good,4,5,3,453,Loyal Customer
495,496,33,Male,Handbag,Accessories,36.0,Michigan,XL,Cyan,Fall,3.3,1,Free Shipping,1,1,6.0,Debit Card,Fortnightly,28.0,-1.412010860121843,73.84863914533784,-3.412010860121843,78.02039685541384,Average,3,1,2,312,Need Attention
496,497,30,Male,Dress,Clothing,63.0,California,S,Maroon,Fall,3.3,1,Express,1,1,31.0,Venmo,Fortnightly,28.0,1.4587484111478077,45.32920297938981,-0.5412515888521923,52.882156969522256,Average,3,4,3,343,Loyal Customer
497,498,43,Male,Sneakers,Footwear,39.0,Oklahoma,S,Silver,Winter,4.6,1,Free Shipping,1,1,31.0,Cash,Weekly,57.0,1.2026677658622065,47.873225283749555,-0.7973322341377935,55.12456606169119,Good,4,4,2,442,Loyal Customer
498,499,43,Male,Boots,Footwear,78.0,Iowa,M,Lavender,Spring,3.6,1,Free Shipping,1,1,27.0,Bank Transfer,Monthly,12.0,1.3973857784048556,45.93880745058365,-0.6026142215951444,53.41948818964924,Average,3,3,4,334,Promising
499,500,36,Male,Shoes,Footwear,99.0,Rhode Island,L,Silver,Winter,4.8,1,Express,1,1,24.0,PayPal,Monthly,12.0,2.0764415015259763,39.19275718350245,0.07644150152597629,47.473233540384754,Good,3,3,5,335,Promising
500,501,36,Male,T-shirt,Clothing,31.000000000000004,Washington,L,Purple,Fall,4.8,1,Next Day Air,1,1,35.0,Venmo,Every 3 Months,4.0,-0.24231890740752948,62.22838407445364,-2.2423189074075296,67.77781148986179,Good,2,4,1,241,Need Attention
501,502,64,Male,Boots,Footwear,45.0,Florida,M,Cyan,Spring,2.9,1,Next Day Air,1,1,21.0,Venmo,Annually,1.0,-0.6986813757692311,66.76209765163554,-2.698681375769231,71.77401880665303,Average,1,3,2,132,Need Attention
502,503,59,Male,Pants,Clothing,30.0,South Carolina,S,Cyan,Fall,2.8,1,Express,1,1,8.0,PayPal,Fortnightly,28.0,-1.5269104393400559,74.99010413956525,-3.526910439340056,79.02653248443787,Average,3,1,1,311,Lost
503,504,55,Male,Shoes,Footwear,24.0,West Virginia,M,Lavender,Summer,3.2,1,Next Day Air,1,1,26.0,Bank Transfer,Quarterly,3.0,-1.1870537034925603,71.61381181837615,-3.1870537034925603,76.05052532212643,Average,1,3,1,131,Lost
504,505,42,Male,Shoes,Footwear,22.0,Missouri,M,Maroon,Winter,3.9,1,Free Shipping,1,1,26.0,PayPal,Annually,1.0,-1.3237345600106307,72.97166198769747,-3.3237345600106307,77.2473920163654,Average,1,3,1,131,Lost
505,506,61,Male,T-shirt,Clothing,63.0,Maine,L,Gray,Spring,4.3,1,Express,1,1,9.0,Cash,Bi-Weekly,114.0,2.1816401251036943,38.1476659214464,0.18164012510369432,46.55204580387604,Good,5,1,3,513,Recent Customer
506,507,28,Male,Scarf,Accessories,40.0,Georgia,M,Olive,Fall,2.7,1,2-Day Shipping,1,1,48.0,Debit Card,Annually,1.0,0.9593145486456368,50.290807494018466,-1.040685451354363,57.25552549553047,Average,1,5,2,152,Need Attention
507,508,65,Male,Shorts,Clothing,20.0,Maine,M,Magenta,Spring,5.0,1,Store Pickup,1,1,33.0,Debit Card,Fortnightly,28.0,-0.21849576047629282,61.99171403214915,-2.218495760476293,67.56920048287569,Good,3,4,1,341,Loyal Customer
508,509,27,Male,Jewelry,Accessories,20.0,Illinois,S,Yellow,Winter,3.7,1,Store Pickup,1,1,31.0,PayPal,Quarterly,3.0,-1.0098218267687749,69.85310925951629,-3.009821826768775,74.49856745610207,Average,1,4,1,141,Need Attention
509,510,41,Male,T-shirt,Clothing,80.0,Delaware,L,Cyan,Summer,3.9,1,Free Shipping,1,1,17.0,Debit Card,Weekly,57.0,1.9647392908652133,40.30245805546932,-0.03526070913478674,48.451370925667064,Average,4,2,4,424,Potential Loyalist
510,511,21,Male,Shirt,Clothing,87.0,West Virginia,M,Teal,Fall,3.9,1,2-Day Shipping,1,1,22.0,Venmo,Annually,1.0,1.1440176632234178,48.455882239723934,-0.8559823367765822,55.638144599683336,Average,1,3,5,135,At Risk
511,512,61,Male,Shirt,Clothing,46.0,Hawaii,L,Yellow,Fall,3.1,1,Free Shipping,1,1,8.0,PayPal,Annually,1.0,-1.5564042327812184,75.28310897900093,-3.5564042327812184,79.28479936947032,Average,1,1,2,112,Hibernating
512,513,19,Male,Gloves,Accessories,49.0,New York,L,Peach,Winter,,1,Next Day Air,1,1,2.0,Bank Transfer,Monthly,12.0,-1.5578245519137617,75.29721907915501,-3.557824551913762,79.29723660982889,Poor,3,1,2,312,Need Attention
513,514,22,Male,Scarf,Accessories,65.0,New Mexico,M,Peach,Fall,3.6,1,Store Pickup,1,1,45.0,Venmo,Annually,1.0,1.8072723898646914,41.86680630169056,-0.1927276101353086,49.83025377768982,Average,1,5,3,153,At Risk
514,515,64,Male,Skirt,Clothing,62.0,Indiana,S,Olive,Winter,4.3,1,Standard,1,1,47.0,PayPal,Quarterly,3.0,1.8712791966890325,41.23093339528499,-0.12872080331096747,49.26976844533083,Good,1,5,3,153,At Risk
515,516,28,Male,Hat,Accessories,67.0,Kentucky,L,Charcoal,Spring,4.5,1,Next Day Air,1,1,7.0,Cash,Monthly,12.0,-0.4516310256513403,64.30778643143833,-2.4516310256513405,69.61068486663571,Good,3,1,3,313,Need Attention
516,517,34,Male,Hoodie,Clothing,41.0,West Virginia,L,Indigo,Fall,2.8,1,2-Day Shipping,1,1,19.0,Debit Card,Bi-Weekly,114.0,1.9449464652084976,40.499089042090084,-0.055053534791502434,48.62468981184386,Average,5,2,2,522,Potential Loyalist
517,518,61,Male,Boots,Footwear,49.0,North Dakota,L,Silver,Fall,2.7,1,Free Shipping,1,1,44.0,Cash,Every 3 Months,4.0,1.1407818147122675,48.48802863945171,-0.8592181852877325,55.66647979898819,Average,2,5,2,252,Need Attention
518,519,24,Male,Blouse,Clothing,100.0,Oregon,M,Beige,Fall,2.9,1,Next Day Air,1,1,16.0,Venmo,Every 3 Months,4.0,1.3559334494592945,46.35061385355313,-0.6440665505407055,53.782471808405106,Average,2,2,5,225,About to Sleep
519,520,19,Male,Belt,Accessories,54.0,Minnesota,L,Blue,Summer,4.4,1,2-Day Shipping,1,1,17.0,Bank Transfer,Quarterly,3.0,-0.5433290084371522,65.21875615041778,-2.5433290084371523,70.4136521900862,Good,1,2,3,123,Need Attention
520,521,51,Male,Sunglasses,Accessories,84.0,South Carolina,M,White,Spring,3.9,1,Free Shipping,1,1,20.0,Debit Card,Quarterly,3.0,0.9311172741903829,50.57093212060363,-1.0688827258096172,57.502439215004756,Average,1,2,4,124,Need Attention
521,522,36,Male,Shorts,Clothing,41.0,Vermont,L,Gold,Winter,3.5,1,Standard,1,1,50.0,Bank Transfer,Annually,1.0,1.139993676098808,48.49585836906415,-0.8600063239011919,55.67338125454623,Average,1,5,2,152,Need Attention
522,523,65,Male,Gloves,Accessories,88.0,Minnesota,M,Blue,Spring,2.5,1,Store Pickup,1,1,37.0,Cash,Quarterly,3.0,2.2768749746821633,37.201559349394614,0.27687497468216327,45.71810736878686,Poor,1,4,5,145,At Risk
523,524,46,Male,Sandals,Footwear,40.0,Delaware,M,Orange,Spring,4.9,1,Express,1,1,5.0,PayPal,Quarterly,3.0,-1.9652080093520472,79.34435275063696,-3.965208009352047,82.86455177314396,Good,1,1,2,112,Hibernating
524,525,59,Male,Shirt,Clothing,39.0,Pennsylvania,M,Gold,Summer,4.8,1,Free Shipping,1,1,44.0,PayPal,Annually,1.0,0.6401818232637778,53.46121801261538,-1.3598181767362223,60.05005971035492,Good,1,5,2,152,Need Attention
525,526,51,Male,Coat,Outerwear,37.0,Iowa,M,Cyan,Spring,3.2,1,Next Day Air,1,1,41.0,Debit Card,Monthly,12.0,0.6353142534018488,53.50957467886388,-1.3646857465981512,60.09268332567337,Average,3,5,2,352,Loyal Customer
526,527,51,Male,Pants,Clothing,52.0,New Jersey,S,Red,Winter,4.9,1,Standard,1,1,19.0,Cash,Monthly,12.0,-0.2542923809464652,62.34733403925766,-2.254292380946465,67.88265903075505,Good,3,2,3,323,Promising
527,528,21,Male,T-shirt,Clothing,23.0,South Carolina,L,Yellow,Winter,4.3,1,Next Day Air,1,1,47.0,Bank Transfer,Every 3 Months,4.0,0.25059844396872966,57.33151756309128,-1.7494015560312703,63.46150578397287,Good,2,5,1,251,Need Attention
528,529,34,Male,Sneakers,Footwear,88.0,Maryland,S,Beige,Winter,3.2,1,Express,1,1,40.0,Cash,Annually,1.0,2.4323255741060916,35.657241965628636,0.4323255741060916,44.356880567977456,Average,1,4,5,145,At Risk
529,530,32,Male,Shorts,Clothing,84.0,California,M,Orange,Fall,3.7,1,Standard,1,1,6.0,Credit Card,Monthly,12.0,0.1969761773005343,57.86422569596119,-1.8030238226994657,63.931057312107164,Average,3,1,4,314,Need Attention
530,531,48,Male,Coat,Outerwear,37.0,Montana,XL,Magenta,Winter,3.2,1,Store Pickup,1,1,25.0,Credit Card,Bi-Weekly,114.0,2.1914051408966273,38.050655786408896,0.1914051408966273,46.46653695889939,Average,5,3,2,532,Potential Loyalist
531,532,50,Male,Sandals,Footwear,51.0,Vermont,L,Purple,Fall,3.4,1,Next Day Air,1,1,42.0,Cash,Weekly,57.0,2.4708689087637907,35.27433484297502,0.47086890876379073,44.019369999841615,Average,4,5,2,452,Loyal Customer
532,533,26,Male,Pants,Clothing,76.0,Texas,L,Black,Winter,4.1,1,Express,1,1,35.0,Bank Transfer,Every 3 Months,4.0,1.6578299211942258,43.35143616542834,-0.3421700788057742,51.13886946838008,Good,2,4,4,244,At Risk
533,534,57,Male,Sandals,Footwear,60.0,North Carolina,L,Pink,Spring,4.5,1,Next Day Air,1,1,17.0,Debit Card,Weekly,57.0,1.1202287003755442,48.69221268170279,-0.8797712996244558,55.846456268547826,Good,4,2,3,423,Potential Loyalist
534,535,65,Male,Gloves,Accessories,72.0,Florida,L,Pink,Fall,4.5,1,Next Day Air,1,1,4.0,PayPal,Quarterly,3.0,-0.6832178635329206,66.60847604548472,-2.6832178635329207,71.63861021145485,Good,1,1,4,114,Need Attention
535,536,56,Male,T-shirt,Clothing,45.0,West Virginia,L,Maroon,Spring,3.2,1,Free Shipping,1,1,24.0,Bank Transfer,Weekly,57.0,0.9714333502586998,50.17041377362871,-1.0285666497413002,57.14940536726768,Average,4,3,2,432,Potential Loyalist
536,537,44,Male,Jacket,Outerwear,84.0,Illinois,S,Maroon,Fall,4.4,1,Store Pickup,1,1,16.0,Debit Card,Every 3 Months,4.0,0.680324977067559,53.0624175545399,-1.319675022932441,59.69854008270972,Good,2,2,4,224,About to Sleep
537,538,50,Male,Blouse,Clothing,49.0,Virginia,S,Turquoise,Summer,3.0,1,Store Pickup,1,1,14.0,Debit Card,Annually,1.0,-1.0143668504217045,69.89826160413803,-3.0143668504217045,74.5383666465176,Average,1,2,2,122,Hibernating
538,539,27,Male,Socks,Clothing,22.0,Virginia,XL,Green,Spring,3.2,1,Free Shipping,1,1,43.0,Cash,Weekly,57.0,1.3155553515181146,46.75174835419224,-0.6844446484818854,54.13604876009861,Average,4,5,1,451,Loyal Customer
539,540,49,Male,Coat,Outerwear,48.0,Wyoming,M,Violet,Winter,4.0,1,Store Pickup,1,1,49.0,Debit Card,Weekly,57.0,2.828779912940748,31.718683159160854,0.8287799129407478,40.88526789283301,Good,4,5,2,452,Loyal Customer
540,541,49,Male,Dress,Clothing,37.0,South Carolina,M,Lavender,Spring,3.1,1,Next Day Air,1,1,33.0,Cash,Every 3 Months,4.0,-0.12741932818931667,61.08691908022623,-2.127419328189317,66.77167586083777,Average,2,4,2,242,Need Attention
541,542,52,Male,Jacket,Outerwear,27.0,Connecticut,L,Gray,Fall,2.8,1,Next Day Air,1,1,45.0,Cash,Bi-Weekly,114.0,3.1536858249386706,28.49091916309937,1.1536858249386706,38.04017989193773,Average,5,5,1,551,Loyal Customer
542,543,27,Male,Boots,Footwear,79.0,Illinois,XL,Teal,Spring,4.6,1,Next Day Air,1,1,35.0,Cash,Bi-Weekly,114.0,4.6571453705683705,13.554864103105485,2.6571453705683705,24.874907869648773,Good,5,4,4,544,Champion
543,544,53,Male,Skirt,Clothing,98.0,Alabama,S,Red,Spring,4.3,1,Express,1,1,11.0,Credit Card,Monthly,12.0,1.1342675854650224,48.55274397349119,-0.8657324145349776,55.723522637490106,Good,3,2,5,325,Promising
544,545,34,Male,Sandals,Footwear,64.0,Washington,S,Yellow,Summer,3.3,1,Standard,1,1,30.0,Bank Transfer,Every 3 Months,4.0,0.8049895720787048,51.82394242527499,-1.1950104279212952,58.60689560870904,Average,2,3,3,233,At Risk
545,546,33,Male,Coat,Outerwear,32.0,Alabama,L,Magenta,Summer,3.5,1,2-Day Shipping,1,1,48.0,Debit Card,Annually,1.0,0.6215103124497693,53.64670934451185,-1.3784896875502306,60.21355963268277,Average,1,5,1,151,Need Attention
546,547,62,Male,Hoodie,Clothing,74.0,New Mexico,M,Brown,Winter,3.4,1,Free Shipping,1,1,45.0,Venmo,Bi-Weekly,114.0,5.1382857125893935,8.774995791450708,3.1382857125893935,20.661729336167934,Average,5,5,4,554,Champion
547,548,38,Male,Jacket,Outerwear,50.0,Nevada,M,Blue,Winter,2.8,1,Free Shipping,1,1,26.0,Venmo,Weekly,57.0,1.321014595809805,46.69751372342771,-0.678985404190195,54.08824405770729,Average,4,3,2,432,Potential Loyalist
548,549,36,Male,Backpack,Accessories,64.0,Nebraska,M,Black,Winter,4.6,1,Store Pickup,1,1,41.0,Debit Card,Every 3 Months,4.0,1.5664843606864878,44.25890476024054,-0.4335156393135122,51.93875075258793,Good,2,5,3,253,At Risk
549,550,31,Male,Backpack,Accessories,29.000000000000004,Arizona,S,Olive,Fall,3.6,1,Express,1,1,37.0,Venmo,Bi-Weekly,114.0,2.6843224922728863,33.15378927504653,0.6843224922728863,42.150231253010475,Average,5,4,1,541,Loyal Customer
550,551,62,Male,Belt,Accessories,62.0,Georgia,M,Olive,Summer,3.3,1,Store Pickup,1,1,12.0,PayPal,Weekly,57.0,0.8585457646027917,51.291890703186006,-1.1414542353972084,58.13792266886026,Average,4,2,3,423,Potential Loyalist
551,552,29,Male,Coat,Outerwear,78.0,Idaho,XL,Green,Fall,3.1,1,2-Day Shipping,1,1,27.0,Cash,Bi-Weekly,114.0,4.061105449329136,19.476197408987662,2.061105449329136,30.094222032153628,Average,5,3,4,534,Potential Loyalist
552,553,24,Male,T-shirt,Clothing,94.0,Missouri,M,Peach,Fall,3.5,1,Express,1,1,18.0,Bank Transfer,Weekly,57.0,2.6251235031723255,33.74189912028458,0.6251235031723255,42.66861619873043,Average,4,2,5,425,Potential Loyalist
553,554,63,Male,Sunglasses,Accessories,59.0,Florida,M,White,Winter,3.2,1,Express,1,1,15.0,Credit Card,Quarterly,3.0,-0.47065495874342267,64.49677888750203,-2.4706549587434226,69.77727082820621,Average,1,2,3,123,Need Attention
554,555,56,Male,Sneakers,Footwear,47.0,Minnesota,M,Red,Summer,3.0,1,Express,1,1,34.0,Bank Transfer,Weekly,57.0,1.7481523989511059,42.45413134279222,-0.25184760104889414,50.347946963778575,Average,4,4,2,442,Loyal Customer
555,556,63,Male,Gloves,Accessories,57.0,Maine,M,White,Fall,4.8,1,Express,1,1,37.0,Venmo,Annually,1.0,0.9156537619540727,50.72455372675445,-1.0843462380459274,57.63784781020295,Good,1,4,3,143,At Risk
556,557,40,Male,Coat,Outerwear,90.0,Montana,L,Indigo,Winter,5.0,1,Store Pickup,1,1,21.0,Cash,Fortnightly,28.0,1.906569718665422,40.88034120218776,-0.09343028133457798,48.960741625834245,Good,3,3,5,335,Promising
557,558,18,Male,Shirt,Clothing,60.0,Alaska,M,White,Spring,2.9,1,Free Shipping,1,1,31.0,Debit Card,Weekly,57.0,2.089403885876359,39.06398292620441,0.08940388587635884,47.3597264516664,Average,4,4,3,443,Loyal Customer
558,559,50,Male,Sneakers,Footwear,77.0,Iowa,L,Teal,Fall,3.2,1,Express,1,1,43.0,Debit Card,Every 3 Months,4.0,2.2538698424334602,37.43010285954617,0.2538698424334602,45.91955530587523,Average,2,5,4,254,At Risk
559,560,66,Male,Scarf,Accessories,41.0,Arizona,M,Indigo,Fall,2.9,1,Store Pickup,1,1,22.0,Bank Transfer,Monthly,12.0,-0.5110928088227515,64.89850699322214,-2.5110928088227515,70.13137100857917,Average,3,3,2,332,Promising
560,561,25,Male,Jewelry,Accessories,48.0,Louisiana,L,Red,Fall,,1,Free Shipping,1,1,12.0,Debit Card,Annually,1.0,-1.1950459778748757,71.69321072909234,-3.1950459778748757,76.12051088750185,Poor,1,2,2,122,Hibernating
561,562,65,Male,Jacket,Outerwear,65.0,Alabama,M,Blue,Fall,2.6,1,Next Day Air,1,1,25.0,PayPal,Fortnightly,28.0,1.1278386764107111,48.61661169769435,-0.8721613235892889,55.77981835675479,Average,3,3,3,333,Promising
562,563,53,Male,Jeans,Clothing,62.0,Missouri,M,Blue,Summer,3.5,1,Standard,1,1,40.0,Debit Card,Annually,1.0,1.334461806469522,46.56392297973213,-0.665538193530478,53.97049151372244,Average,1,4,3,143,At Risk
563,564,61,Male,Shoes,Footwear,99.0,Idaho,M,Black,Fall,4.4,1,Standard,1,1,16.0,Debit Card,Quarterly,3.0,1.287593021200259,47.029538938213776,-0.7124069787997409,54.380905155524594,Good,1,2,5,125,Need Attention
564,565,67,Male,Hoodie,Clothing,58.0,Florida,M,Olive,Winter,3.4,1,Next Day Air,1,1,30.0,Bank Transfer,Weekly,57.0,1.9357260278630481,40.59068908564906,-0.06427397213695185,48.705429972874576,Average,4,3,3,433,Potential Loyalist
565,566,59,Male,Backpack,Accessories,43.0,Idaho,L,Lavender,Fall,4.2,1,Store Pickup,1,1,10.0,Venmo,Weekly,57.0,-0.08219289429108168,60.63761899175044,-2.0821928942910817,66.37564371843719,Good,4,1,2,412,Recent Customer
566,567,55,Male,Sneakers,Footwear,93.0,Alabama,M,Indigo,Spring,3.6,1,Store Pickup,1,1,1.0,Debit Card,Fortnightly,28.0,0.6487103279519942,53.376491944679,-1.3512896720480057,59.97537856280418,Average,3,1,5,315,Need Attention
567,568,21,Male,Blouse,Clothing,50.0,New Hampshire,S,Red,Winter,3.0,1,Next Day Air,1,1,24.0,Venmo,Fortnightly,28.0,0.4252289345791157,55.596658364190766,-1.5747710654208844,61.93232735083547,Average,3,3,2,332,Promising
568,569,44,Male,Pants,Clothing,88.0,Utah,L,Red,Summer,4.0,1,Free Shipping,1,1,36.0,PayPal,Monthly,12.0,2.442682264328785,35.554353866075104,0.4426822643287851,44.26619063592794,Good,3,4,5,345,Loyal Customer
569,570,65,Male,Skirt,Clothing,33.0,Alabama,M,Pink,Fall,4.4,1,Express,1,1,46.0,Credit Card,Every 3 Months,4.0,0.6036269402492203,53.82437094679587,-1.3963730597507797,60.370158099452595,Good,2,5,1,251,Need Attention
570,571,65,Male,T-shirt,Clothing,99.0,Iowa,XL,Purple,Fall,4.1,1,Standard,1,1,20.0,Cash,Annually,1.0,1.5122704195885315,44.797490857626485,-0.4877295804114685,52.41348336779508,Good,1,2,5,125,Need Attention
571,572,54,Male,Jacket,Outerwear,76.0,Kentucky,XL,Cyan,Spring,3.6,1,Free Shipping,1,1,37.0,Venmo,Weekly,57.0,3.180373152054157,28.225795044289757,1.1803731520541572,37.806488255841174,Average,4,4,4,444,Champion
572,573,56,Male,Scarf,Accessories,97.0,South Carolina,XL,Cyan,Summer,4.6,1,Next Day Air,1,1,26.0,Bank Transfer,Annually,1.0,1.843180154325628,41.51008213932195,-0.1568198456743719,49.515821980562535,Good,1,3,5,135,At Risk
573,574,58,Male,Pants,Clothing,68.0,California,M,Charcoal,Summer,3.2,1,2-Day Shipping,1,1,23.0,Credit Card,Bi-Weekly,114.0,3.3619429582269262,26.421997509389644,1.3619429582269262,36.21654465127442,Average,5,3,3,533,Potential Loyalist
574,575,54,Male,Sneakers,Footwear,79.0,Maine,L,Red,Fall,4.8,1,Free Shipping,1,1,20.0,Bank Transfer,Bi-Weekly,114.0,3.618743386103213,23.87082455542517,1.6187433861032128,33.9678326734503,Good,5,2,4,524,Potential Loyalist
575,576,58,Male,Jeans,Clothing,86.0,Nebraska,M,Peach,Fall,4.8,1,Express,1,1,38.0,PayPal,Monthly,12.0,2.496684803208506,35.017867935055826,0.49668480320850605,43.793309196375816,Good,3,4,5,345,Loyal Customer
576,577,48,Male,Hat,Accessories,68.0,Washington,M,Black,Winter,5.0,1,2-Day Shipping,1,1,5.0,Credit Card,Every 3 Months,4.0,-0.7567782839319588,67.33925892056112,-2.7567782839319586,72.28275321313544,Good,2,1,3,213,About to Sleep
577,578,19,Male,Skirt,Clothing,52.0,Alabama,M,Black,Fall,3.7,1,Store Pickup,1,1,41.0,Venmo,Annually,1.0,0.981433310189031,50.07106959602757,-1.018566689810969,57.06183919824272,Average,1,5,3,153,At Risk
578,579,69,Male,Sandals,Footwear,90.0,Maine,M,Purple,Fall,4.6,1,Next Day Air,1,1,22.0,Credit Card,Fortnightly,28.0,1.9757965176297656,40.19261050536645,-0.024203482370234397,48.354546638914144,Good,3,3,5,335,Promising
579,580,58,Male,Sandals,Footwear,41.0,California,M,Violet,Winter,3.7,1,Free Shipping,1,1,48.0,Credit Card,Annually,1.0,1.0015400781701205,49.87131976270678,-0.9984599218298795,56.88577122838643,Average,1,5,2,152,Need Attention
580,581,49,Male,Sweater,Clothing,80.0,Iowa,M,Orange,Spring,4.1,1,Free Shipping,1,1,10.0,PayPal,Weekly,57.0,1.4801516981148062,45.116572933218514,-0.5198483018851938,52.694735834107775,Good,4,1,4,414,Recent Customer
581,582,32,Male,Sweater,Clothing,100.0,Iowa,XL,Charcoal,Winter,2.7,1,Store Pickup,1,1,12.0,Bank Transfer,Every 3 Months,4.0,1.0790262536019188,49.101536640838376,-0.9209737463980812,56.20725175608552,Average,2,2,5,225,About to Sleep
582,583,40,Male,Jacket,Outerwear,77.0,Colorado,L,Turquoise,Spring,4.9,1,Store Pickup,1,1,2.0,Bank Transfer,Quarterly,3.0,-0.6105438138391912,65.88649878256898,-2.6105438138391914,71.00222884957486,Good,1,1,4,114,Need Attention
583,584,25,Male,Shorts,Clothing,78.0,California,L,Yellow,Spring,4.0,1,Store Pickup,1,1,38.0,PayPal,Monthly,12.0,2.1588805670126385,38.373769785549214,0.15888056701263853,46.75134333352812,Good,3,4,4,344,Loyal Customer
584,585,70,Male,Socks,Clothing,94.0,Indiana,M,White,Spring,4.7,1,Free Shipping,1,1,20.0,Debit Card,Monthly,12.0,1.5884066580461835,44.04111862734607,-0.41159334195381647,51.746784823785354,Good,3,2,5,325,Promising
585,586,69,Male,Socks,Clothing,23.0,South Carolina,M,Gray,Fall,2.8,1,Next Day Air,1,1,5.0,Cash,Every 3 Months,4.0,-2.656927112533714,86.21620682958643,-4.6569271125337135,88.92169523461716,Average,2,1,1,211,About to Sleep
586,587,45,Male,Hoodie,Clothing,20.0,Wisconsin,S,Blue,Winter,4.9,1,2-Day Shipping,1,1,9.0,Venmo,Annually,1.0,-2.585041201453444,85.50205929628312,-4.5850412014534445,88.29221532829521,Good,1,1,1,111,Hibernating
587,588,29,Male,Socks,Clothing,86.0,Washington,S,Maroon,Fall,4.2,1,Express,1,1,48.0,Debit Card,Every 3 Months,4.0,2.980033602975531,30.216059793634535,0.980033602975531,39.560791966978364,Good,2,5,5,255,At Risk
588,589,47,Male,Boots,Footwear,60.0,South Dakota,M,Violet,Fall,3.0,1,Standard,1,1,9.0,Debit Card,Quarterly,3.0,-0.8437902230050026,68.20367533711823,-2.8437902230050027,73.0446864825828,Average,1,1,3,113,Lost
589,590,28,Male,Shirt,Clothing,70.0,Minnesota,M,Orange,Fall,3.4,1,2-Day Shipping,1,1,40.0,PayPal,Annually,1.0,1.6722660426653895,43.20802112923876,-0.3277339573346105,51.01245737657013,Average,1,4,4,144,At Risk
590,591,64,Male,Belt,Accessories,39.0,Alaska,S,Turquoise,Fall,4.6,1,Standard,1,1,30.0,Venmo,Fortnightly,28.0,0.37610890359586113,56.084639227691305,-1.6238910964041389,62.36245436789927,Good,3,3,2,332,Promising
591,592,47,Male,Backpack,Accessories,37.0,Kentucky,L,Olive,Fall,4.2,1,Store Pickup,1,1,6.0,Debit Card,Bi-Weekly,114.0,0.876095960574093,51.11753902601384,-1.123904039425907,57.98424171038135,Good,5,1,2,512,Recent Customer
592,593,60,Male,Boots,Footwear,29.000000000000004,North Dakota,M,Brown,Fall,3.2,1,Free Shipping,1,1,42.0,Venmo,Every 3 Months,4.0,0.15781762629391083,58.253244659327805,-1.8421823737060892,64.27395511570916,Average,2,5,1,251,Need Attention
593,594,67,Male,Coat,Outerwear,35.0,Alaska,S,Green,Winter,4.4,1,Store Pickup,1,1,9.0,PayPal,Every 3 Months,4.0,-1.873313562382537,78.43143126656109,-3.873313562382537,82.0598640812083,Good,2,1,1,211,About to Sleep
594,595,35,Male,Hoodie,Clothing,83.0,Oklahoma,S,Brown,Winter,2.5,1,Next Day Air,1,1,6.0,Debit Card,Monthly,12.0,0.15475064777605096,58.283713427272865,-1.845249352223949,64.30081157925119,Poor,3,1,4,314,Need Attention
595,596,30,Male,Shoes,Footwear,77.0,Delaware,M,Silver,Summer,3.6,1,Next Day Air,1,1,47.0,PayPal,Quarterly,3.0,2.504662139556284,34.93861742560989,0.504662139556284,43.723454438170265,Average,1,5,4,154,At Risk
596,597,23,Male,Shoes,Footwear,37.0,Montana,XL,White,Summer,4.5,1,Store Pickup,1,1,36.0,Venmo,Annually,1.0,0.0019163725000598264,59.80203904980923,-1.9980836274999403,65.6391281400038,Good,1,4,2,142,Need Attention
597,598,70,Male,Jewelry,Accessories,69.0,Alaska,L,Gold,Summer,3.4,1,Standard,1,1,19.0,Bank Transfer,Fortnightly,28.0,0.8813800007225817,51.065044953375526,-1.1186199992774184,57.937971209699256,Average,3,2,4,324,Promising
598,599,21,Male,Dress,Clothing,66.0,California,L,Green,Winter,3.2,1,2-Day Shipping,1,1,30.0,Cash,Every 3 Months,4.0,0.8894406311276717,50.98496696265165,-1.1105593688723283,57.867387074420975,Average,2,3,3,233,At Risk
599,600,51,Male,Boots,Footwear,26.0,Massachusetts,L,Teal,Spring,4.2,1,Standard,1,1,27.0,Debit Card,Every 3 Months,4.0,-1.007260946744698,69.82766830558252,-3.0072609467446982,74.47614272094279,Good,2,3,1,231,Need Attention
600,601,22,Male,Hat,Accessories,63.0,South Carolina,M,Charcoal,Spring,5.0,1,2-Day Shipping,1,1,25.0,Venmo,Monthly,12.0,0.625549237608916,53.60658481390138,-1.374450762391084,60.17819217065002,Good,3,3,3,333,Promising
601,602,32,Male,Backpack,Accessories,38.0,West Virginia,M,Maroon,Summer,4.7,1,Store Pickup,1,1,5.0,Cash,Fortnightly,28.0,-1.39678660003722,73.6973943795358,-3.39678660003722,77.88708330804587,Good,3,1,2,312,Need Attention
602,603,37,Male,Shoes,Footwear,58.0,Oregon,L,Lavender,Summer,4.2,1,Next Day Air,1,1,10.0,Cash,Every 3 Months,4.0,-0.8328995843550739,68.09548274957129,-2.832899584355074,72.94932094997533,Good,2,1,3,213,About to Sleep
603,604,31,Male,Handbag,Accessories,46.0,Massachusetts,L,Green,Winter,3.4,1,2-Day Shipping,1,1,26.0,PayPal,Every 3 Months,4.0,-0.2319771552193728,62.125644376170364,-2.231977155219373,67.68725236498214,Average,2,3,2,232,Need Attention
604,605,44,Male,Sunglasses,Accessories,92.0,West Virginia,S,Pink,Fall,4.4,1,Store Pickup,1,1,11.0,Credit Card,Every 3 Months,4.0,0.6719952184417073,53.145169188153076,-1.3280047815582927,59.771480880157924,Good,2,2,5,225,About to Sleep
605,606,40,Male,Hat,Accessories,32.0,California,XL,Charcoal,Winter,4.2,1,Standard,1,1,17.0,Bank Transfer,Weekly,57.0,-0.06208612630999233,60.43786915842965,-2.0620861263099926,66.1995757485809,Good,4,2,1,421,Potential Loyalist
606,607,27,Male,Scarf,Accessories,90.0,Colorado,M,Blue,Spring,4.5,1,Standard,1,1,44.0,PayPal,Monthly,12.0,3.0809477150925035,29.21353282888125,1.0809477150925035,38.677122206279044,Good,3,5,5,355,Loyal Customer
607,608,47,Male,Hoodie,Clothing,23.0,Indiana,L,Purple,Fall,2.8,1,Next Day Air,1,1,44.0,Cash,Monthly,12.0,0.251837236952112,57.31921082676338,-1.748162763047888,63.4506581049296,Average,3,5,1,351,Loyal Customer
608,609,41,Male,Backpack,Accessories,25.0,Delaware,S,Gold,Fall,3.3,1,Next Day Air,1,1,21.0,Venmo,Every 3 Months,4.0,-1.4648472700552448,74.37354021782207,-3.4648472700552446,78.48306690960746,Average,2,3,1,231,Need Attention
609,610,51,Male,Sweater,Clothing,54.0,Ohio,L,Purple,Fall,4.6,1,Next Day Air,1,1,49.0,Credit Card,Fortnightly,28.0,2.3248010267856465,36.72544001841125,0.3248010267856465,45.29843560925676,Good,3,5,3,353,Loyal Customer
610,611,53,Male,Shorts,Clothing,72.0,Oklahoma,M,Charcoal,Summer,2.5,1,Free Shipping,1,1,27.0,Bank Transfer,Every 3 Months,4.0,0.9351134113815407,50.53123266524554,-1.0648865886184593,57.46744643231705,Poor,2,3,4,234,At Risk
611,612,43,Male,Scarf,Accessories,33.0,California,M,Black,Winter,4.7,1,Store Pickup,1,1,19.0,Cash,Monthly,12.0,-1.0565774419116507,70.31760093417945,-3.0565774419116507,74.90799010649178,Good,3,2,1,321,Promising
612,613,67,Male,Hat,Accessories,43.0,New Hampshire,L,Lavender,Fall,4.6,1,Express,1,1,33.0,Credit Card,Quarterly,3.0,0.09981895022303222,58.829430045705166,-1.9001810497769678,64.78182933794899,Good,1,4,2,142,Need Attention
613,614,61,Male,Coat,Outerwear,51.0,Pennsylvania,L,Lavender,Fall,2.6,1,Standard,1,1,46.0,Cash,Bi-Weekly,114.0,4.236325332490617,17.735482914797895,2.236325332490617,28.55988249356071,Average,5,5,2,552,Loyal Customer
614,615,68,Male,Jewelry,Accessories,85.0,Idaho,M,Lavender,Winter,4.0,1,Standard,1,1,21.0,Credit Card,Bi-Weekly,114.0,3.9413233622144572,20.66616747073382,1.9413233622144572,31.143112083665976,Good,5,3,5,535,Potential Loyalist
615,616,67,Male,Sandals,Footwear,100.0,Maryland,L,Olive,Summer,2.6,1,Next Day Air,1,1,23.0,Venmo,Annually,1.0,1.7621763460060467,42.31481103585087,-0.23782365399395333,50.22514413989073,Average,1,3,5,135,At Risk
616,617,29,Male,Gloves,Accessories,72.0,Pennsylvania,L,Teal,Spring,4.6,1,Free Shipping,1,1,38.0,Credit Card,Every 3 Months,4.0,1.6966081999893237,42.9661950002111,-0.30339180001067634,50.79930157619592,Good,2,4,4,244,At Risk
617,618,50,Male,Backpack,Accessories,57.0,Colorado,M,Maroon,Fall,2.6,1,Standard,1,1,2.0,Bank Transfer,Quarterly,3.0,-1.4550544043288602,74.27625340880243,-3.4550544043288602,78.39731419245562,Average,1,1,3,113,Lost
618,619,61,Male,Jacket,Outerwear,94.0,Indiana,L,Cyan,Spring,4.0,1,Express,1,1,21.0,Debit Card,Bi-Weekly,114.0,4.321353127934808,16.890777888928763,2.321353127934808,27.81532367936963,Good,5,3,5,535,Potential Loyalist
619,620,19,Male,Backpack,Accessories,34.0,Nebraska,M,Charcoal,Summer,4.6,1,Store Pickup,1,1,1.0,Debit Card,Every 3 Months,4.0,-2.469353483621772,84.35276457244328,-4.469353483621772,87.27917824371316,Good,2,1,1,211,About to Sleep
620,621,33,Male,Backpack,Accessories,89.0,Rhode Island,M,Black,Fall,3.7,1,2-Day Shipping,1,1,10.0,Venmo,Every 3 Months,4.0,0.47609183090391305,55.09136307890942,-1.523908169096087,61.486938668510135,Average,2,1,5,215,About to Sleep
621,622,51,Male,Sunglasses,Accessories,27.0,Kansas,S,Red,Fall,4.4,1,Store Pickup,1,1,45.0,Credit Card,Weekly,57.0,1.6651365970692196,43.27884830399125,-0.33486340293078043,51.07488745053822,Good,4,5,1,451,Loyal Customer
622,623,69,Male,Socks,Clothing,63.0,Georgia,S,Peach,Spring,4.0,1,Next Day Air,1,1,44.0,Bank Transfer,Fortnightly,28.0,2.3586967976842783,36.38870392071275,0.3586967976842783,45.00162213956093,Good,3,5,3,353,Loyal Customer
623,624,19,Male,Shoes,Footwear,70.0,Nevada,M,White,Fall,4.7,1,Standard,1,1,48.0,PayPal,Bi-Weekly,114.0,5.1770639913844905,8.389754626233472,3.1770639913844905,20.322161443983784,Good,5,5,4,554,Champion
624,625,55,Male,Pants,Clothing,87.0,South Carolina,XL,Pink,Fall,3.4,1,Express,1,1,21.0,PayPal,Annually,1.0,1.0747908642590738,49.14361293654525,-0.9252091357409262,56.244339586603445,Average,1,3,5,135,At Risk
625,626,49,Male,Jewelry,Accessories,79.0,Delaware,M,Red,Fall,4.0,1,Next Day Air,1,1,1.0,Venmo,Weekly,57.0,0.8148849779112274,51.725636935922005,-1.1851150220887727,58.52024498353274,Good,4,1,4,414,Recent Customer
626,627,31,Male,Sunglasses,Accessories,79.0,New Hampshire,M,Indigo,Spring,3.9,1,Standard,1,1,10.0,Venmo,Annually,1.0,-0.024508160544576718,60.06455245207308,-2.0245081605445767,65.87051857987686,Average,1,1,4,114,Need Attention
627,628,42,Male,Sandals,Footwear,44.0,Oregon,L,Black,Winter,4.1,1,Express,1,1,24.0,PayPal,Monthly,12.0,-0.2459626223206134,62.2645824056445,-2.2459626223206133,67.80971823330685,Good,3,3,2,332,Promising
628,629,69,Male,Sweater,Clothing,85.0,Massachusetts,M,White,Fall,,1,2-Day Shipping,1,1,29.0,Credit Card,Monthly,12.0,1.8314180830049274,41.626931937759316,-0.16858191699507263,49.618818345800776,Poor,3,3,5,335,Promising
629,630,26,Male,Shoes,Footwear,90.0,Vermont,L,Beige,Spring,4.7,1,Standard,1,1,11.0,Debit Card,Annually,1.0,0.5091994631890854,54.76245671082337,-1.4908005368109145,61.19702665437233,Good,1,2,5,125,Need Attention
630,631,41,Male,Jewelry,Accessories,94.0,Mississippi,S,Silver,Fall,4.3,1,2-Day Shipping,1,1,33.0,Debit Card,Annually,1.0,2.2010911585025847,37.95443045550779,0.20109115850258474,46.381719873553934,Good,1,4,5,145,At Risk
631,632,55,Male,Boots,Footwear,68.0,Washington,S,Violet,Summer,4.1,1,Store Pickup,1,1,27.0,Cash,Fortnightly,28.0,1.3929688629128494,45.98268711011671,-0.6070311370871506,53.458165581482476,Good,3,3,3,333,Promising
632,633,35,Male,Backpack,Accessories,51.0,Wyoming,M,Red,Winter,3.9,1,Next Day Air,1,1,19.0,Venmo,Fortnightly,28.0,0.12132046928187967,58.61582411698566,-1.8786795307181203,64.59354801829194,Average,3,2,2,322,Promising
633,634,66,Male,Sandals,Footwear,33.0,Minnesota,M,Orange,Spring,2.9,1,Express,1,1,50.0,Debit Card,Quarterly,3.0,0.8544192373720442,51.33288551285958,-1.1455807626279557,58.17405723174763,Average,1,5,1,151,Need Attention
634,635,36,Male,Sneakers,Footwear,60.0,Ohio,M,Teal,Summer,3.9,1,Standard,1,1,46.0,PayPal,Weekly,57.0,3.1278058703415175,28.74802247388471,1.1278058703415175,38.26680164786486,Average,4,5,3,453,Loyal Customer
635,636,27,Male,Hoodie,Clothing,59.0,South Carolina,M,Brown,Fall,4.3,1,2-Day Shipping,1,1,28.0,Cash,Quarterly,3.0,0.42929342779304813,55.55627982882496,-1.570706572206952,61.89673599824489,Good,1,3,3,133,At Risk
636,637,41,Male,Handbag,Accessories,30.0,Wisconsin,M,Indigo,Summer,2.8,1,Store Pickup,1,1,14.0,Bank Transfer,Every 3 Months,4.0,-1.738307215183235,77.09021643901289,-3.738307215183235,80.87766048232798,Average,2,2,1,221,About to Sleep
637,638,21,Male,Sweater,Clothing,20.0,Tennessee,M,Cyan,Winter,3.4,1,2-Day Shipping,1,1,46.0,Cash,Fortnightly,28.0,0.681452626060178,53.051214973472085,-1.318547373939822,59.68866565291435,Average,3,5,1,351,Loyal Customer
638,639,53,Male,Sandals,Footwear,20.0,Maryland,S,Blue,Summer,2.7,1,Express,1,1,41.0,PayPal,Monthly,12.0,-0.08251974851436983,60.64086611116234,-2.08251974851437,66.37850586712203,Average,3,5,1,351,Loyal Customer
639,640,54,Male,Dress,Clothing,24.0,Mississippi,L,Olive,Spring,4.0,1,2-Day Shipping,1,1,50.0,Credit Card,Annually,1.0,0.4221596741825896,55.627149801362606,-1.5778403258174105,61.95920379599487,Good,1,5,1,151,Need Attention
640,641,53,Male,Skirt,Clothing,88.0,Minnesota,M,Gray,Summer,4.4,1,Store Pickup,1,1,28.0,Debit Card,Fortnightly,28.0,2.3067062523668627,36.90520178706192,0.30670625236686266,45.4568852516816,Good,3,3,5,335,Promising
641,642,47,Male,Blouse,Clothing,78.0,Alaska,M,Red,Winter,3.9,1,2-Day Shipping,1,1,23.0,Credit Card,Every 3 Months,4.0,0.9115593926710659,50.76522906466076,-1.088440607328934,57.67370077713323,Average,2,3,4,234,At Risk
642,643,64,Male,Skirt,Clothing,25.0,Arkansas,L,Red,Spring,2.8,1,2-Day Shipping,1,1,14.0,Debit Card,Bi-Weekly,114.0,0.9232039979950426,50.649546227183414,-1.0767960020049574,57.57173302074898,Average,5,2,1,521,Potential Loyalist
643,644,18,Male,Sweater,Clothing,57.0,Oregon,XL,Green,Winter,3.2,1,Next Day Air,1,1,10.0,Bank Transfer,Every 3 Months,4.0,-0.8751251138795573,68.51497048088297,-2.875125113879557,73.31907521711936,Average,2,1,3,213,About to Sleep
644,645,68,Male,Backpack,Accessories,93.0,Louisiana,S,Blue,Summer,4.3,1,Next Day Air,1,1,37.0,Cash,Weekly,57.0,3.898207153970376,21.094503611991307,1.8982071539703762,31.52066571439252,Good,4,4,5,445,Champion
645,646,62,Male,Hoodie,Clothing,42.0,Oklahoma,S,Purple,Summer,4.2,1,Express,1,1,15.0,Venmo,Bi-Weekly,114.0,1.7102647988756052,42.83052409806366,-0.28973520112439477,50.679715492380225,Good,5,2,2,522,Potential Loyalist
646,647,51,Male,Boots,Footwear,54.0,Indiana,XL,Pink,Spring,4.9,1,Standard,1,1,19.0,Venmo,Bi-Weekly,114.0,2.493878349026782,35.04574853503833,0.4938783490267822,43.81788433897136,Good,5,2,3,523,Potential Loyalist
647,648,54,Male,Blouse,Clothing,70.0,Mississippi,XL,Charcoal,Summer,3.7,1,Express,1,1,23.0,Credit Card,Fortnightly,28.0,1.2005127261044408,47.8946344347786,-0.7994872738955592,55.143436994874804,Average,3,3,4,334,Promising
648,649,22,Male,Hoodie,Clothing,31.000000000000004,Michigan,M,Brown,Winter,4.1,1,Store Pickup,1,1,35.0,Credit Card,Weekly,57.0,1.1417707255237146,48.478204346957696,-0.8582292744762854,55.65782025116308,Good,4,4,1,441,Loyal Customer
649,650,53,Male,Pants,Clothing,93.0,Delaware,L,Orange,Spring,4.2,1,Store Pickup,1,1,33.0,PayPal,Every 3 Months,4.0,2.2372103251817563,37.595606126772516,0.23721032518175633,46.06543690077164,Good,2,4,5,245,At Risk
650,651,34,Male,Gloves,Accessories,40.0,Florida,M,Magenta,Spring,3.9,1,Next Day Air,1,1,12.0,Bank Transfer,Annually,1.0,-1.5328502140707432,75.04911257958572,-3.532850214070743,79.07854502465415,Average,1,2,2,122,Hibernating
651,652,32,Male,Hat,Accessories,32.0,Arkansas,L,Yellow,Summer,2.9,1,Next Day Air,1,1,41.0,Venmo,Fortnightly,28.0,0.8420249855322598,51.45601568183857,-1.1579750144677403,58.28258938178641,Average,3,5,1,351,Loyal Customer
652,653,64,Male,Sunglasses,Accessories,27.0,Minnesota,M,Beige,Winter,3.1,1,Free Shipping,1,1,27.0,Venmo,Weekly,57.0,0.4190542157110293,55.65800084677489,-1.5809457842889707,61.98639721510006,Average,4,3,1,431,Potential Loyalist
653,654,20,Male,Scarf,Accessories,68.0,North Dakota,M,Olive,Winter,3.6,1,2-Day Shipping,1,1,45.0,Cash,Fortnightly,28.0,2.6390512442710397,33.60353456733307,0.6390512442710397,42.546655816920634,Average,3,5,3,353,Loyal Customer
654,655,24,Male,Handbag,Accessories,59.0,California,L,Gray,Summer,4.4,1,2-Day Shipping,1,1,23.0,Venmo,Annually,1.0,0.03092963550222505,59.51380801962949,-1.969070364497775,65.38506909279629,Good,1,3,3,133,At Risk
655,656,20,Male,Handbag,Accessories,36.0,Mississippi,S,Purple,Fall,3.1,1,Free Shipping,1,1,19.0,Venmo,Monthly,12.0,-0.9299008533382005,69.05913774024445,-2.9299008533382005,73.79872730505966,Average,3,2,2,322,Promising
656,657,42,Male,Jeans,Clothing,23.0,Pennsylvania,M,Beige,Summer,3.9,1,Standard,1,1,6.0,PayPal,Quarterly,3.0,-2.613815212303922,85.78791348611409,-4.613815212303923,88.54417932767252,Average,1,1,1,111,Hibernating
657,658,48,Male,Jacket,Outerwear,80.0,Arizona,M,White,Winter,4.3,1,Free Shipping,1,1,6.0,PayPal,Quarterly,3.0,-0.20696002940836533,61.8771128013487,-2.206960029408365,67.46818610046233,Good,1,1,4,114,Need Attention
658,659,62,Male,Backpack,Accessories,37.0,Louisiana,S,White,Fall,4.9,1,Store Pickup,1,1,20.0,Venmo,Weekly,57.0,0.3567219182054566,56.27723841140734,-1.6432780817945434,62.53221945210039,Good,4,2,2,422,Potential Loyalist
659,660,62,Male,Shorts,Clothing,52.0,Virginia,S,Gold,Spring,3.6,1,2-Day Shipping,1,1,8.0,Cash,Weekly,57.0,0.15938327350058157,58.237690803588,-1.8406167264994184,64.26024528798105,Average,4,1,3,413,Recent Customer
660,661,50,Male,Coat,Outerwear,79.0,Montana,M,Olive,Fall,5.0,1,2-Day Shipping,1,1,39.0,Credit Card,Quarterly,3.0,2.0352988068905,39.60148753755705,0.0352988068904998,47.83350579924301,Good,1,4,4,144,At Risk
661,662,57,Male,Shirt,Clothing,68.0,Iowa,XL,Green,Fall,4.1,1,Store Pickup,1,1,39.0,Credit Card,Quarterly,3.0,1.5708179821211816,44.21585258198546,-0.4291820178788184,51.90080273782742,Good,1,4,3,143,At Risk
662,663,24,Male,Gloves,Accessories,98.0,Illinois,L,Magenta,Fall,2.8,1,Express,1,1,39.0,Venmo,Bi-Weekly,114.0,5.736337627390933,2.833674420898424,3.736337627390933,15.424796846231631,Average,5,4,5,545,Champion
663,664,59,Male,Dress,Clothing,83.0,Alaska,M,Charcoal,Fall,4.7,1,Express,1,1,23.0,Credit Card,Monthly,12.0,1.3316062301698974,46.59229158131054,-0.6683937698301026,53.99549680160946,Good,3,3,4,334,Promising
664,665,63,Male,Pants,Clothing,83.0,Colorado,M,Indigo,Winter,4.4,1,Express,1,1,41.0,PayPal,Bi-Weekly,114.0,5.241408282452369,7.7505289969309,3.241408282452369,19.758720879552,Good,5,5,4,554,Champion
665,666,41,Male,Pants,Clothing,55.0,New Mexico,M,Peach,Spring,4.9,1,2-Day Shipping,1,1,50.0,Credit Card,Annually,1.0,1.731151089441577,42.62303013070072,-0.2688489105584231,50.496821514529685,Good,1,5,3,153,At Risk
666,667,35,Male,Hoodie,Clothing,26.0,Colorado,L,Turquoise,Winter,3.1,1,Free Shipping,1,1,30.0,Debit Card,Quarterly,3.0,-0.8256954485862179,68.02391356846755,-2.825695448586218,72.88623684015795,Average,1,3,1,131,Lost
667,668,34,Male,Sunglasses,Accessories,76.0,Arizona,S,Blue,Winter,2.6,1,Standard,1,1,32.0,Bank Transfer,Quarterly,3.0,1.4240346255666418,45.67406560924127,-0.5759653744333582,53.18613350911584,Average,1,4,4,144,At Risk
668,669,49,Male,T-shirt,Clothing,85.0,Hawaii,S,Turquoise,Fall,2.9,1,Express,1,1,35.0,Bank Transfer,Monthly,12.0,2.246778876790991,37.50054775683144,0.24677887679099086,45.98164842428016,Average,3,4,5,345,Loyal Customer
669,670,43,Male,Jacket,Outerwear,89.0,Illinois,M,Gray,Spring,3.3,1,Free Shipping,1,1,45.0,Venmo,Bi-Weekly,114.0,5.7716686554566445,2.482679821775613,3.7716686554566445,15.115415329007368,Average,5,5,5,555,Champion
670,671,63,Male,Sweater,Clothing,41.0,Louisiana,XL,Purple,Spring,4.8,1,Next Day Air,1,1,37.0,Cash,Bi-Weekly,114.0,3.1910288465666876,28.119936499306448,1.1910288465666876,37.713180047282016,Good,5,4,2,542,Loyal Customer
671,672,38,Male,Jacket,Outerwear,30.0,Iowa,L,Black,Winter,4.7,1,Express,1,1,45.0,Cash,Weekly,57.0,1.79181318564267,42.02038511005624,-0.20818681435733,49.965624649106104,Good,4,5,1,451,Loyal Customer
672,673,59,Male,Socks,Clothing,53.0,Washington,M,Peach,Winter,3.3,1,2-Day Shipping,1,1,29.0,Cash,Quarterly,3.0,0.24516704961049118,57.38547551987369,-1.7548329503895088,63.50906661418902,Average,1,3,3,133,At Risk
673,674,35,Male,Shirt,Clothing,66.0,Oklahoma,M,Indigo,Spring,4.2,1,Free Shipping,1,1,27.0,Venmo,Bi-Weekly,114.0,3.5543990950353352,24.510050184727735,1.5543990950353352,34.53127323788208,Good,5,3,3,533,Potential Loyalist
674,675,48,Male,Jewelry,Accessories,33.0,Washington,XL,Beige,Winter,4.7,1,Store Pickup,1,1,36.0,Bank Transfer,Annually,1.0,-0.16698574559787394,61.47998997505593,-2.166985745597874,67.11814520857996,Good,1,4,1,141,Need Attention
675,676,64,Male,Sunglasses,Accessories,86.0,Arkansas,M,Yellow,Spring,2.6,1,2-Day Shipping,1,1,9.0,Cash,Annually,1.0,0.20184374716246378,57.81586902971269,-1.7981562528375363,63.888433696788695,Average,1,1,5,115,Need Attention
676,677,28,Male,Pants,Clothing,60.0,Connecticut,M,Peach,Winter,2.9,1,2-Day Shipping,1,1,38.0,Venmo,Bi-Weekly,114.0,4.062540706496217,19.461938907563333,2.0625407064962173,30.081653984625184,Average,5,4,3,543,Loyal Customer
677,678,60,Male,Socks,Clothing,62.0,Washington,S,Turquoise,Summer,2.7,1,Express,1,1,41.0,PayPal,Annually,1.0,1.4036886054338655,45.876192282910836,-0.5963113945661345,53.36429652680235,Average,1,5,3,153,At Risk
678,679,27,Male,Blouse,Clothing,74.0,Maine,M,Teal,Fall,3.3,1,Store Pickup,1,1,25.0,Debit Card,Every 3 Months,4.0,0.8811108725018197,51.067718596264825,-1.1188891274981803,57.94032787186918,Average,2,3,4,234,At Risk
679,680,56,Male,Sandals,Footwear,95.0,Michigan,M,Turquoise,Fall,3.4,1,Express,1,1,37.0,Venmo,Fortnightly,28.0,3.2253261497173416,27.77921139648839,1.2253261497173416,37.41285049939242,Average,3,4,5,345,Loyal Customer
680,681,58,Male,Sneakers,Footwear,25.0,Tennessee,M,Magenta,Spring,4.2,1,Express,1,1,3.0,PayPal,Annually,1.0,-2.78927434761709,87.53100482065264,-4.78927434761709,90.08061391409564,Good,1,1,1,111,Hibernating
681,682,30,Male,Shirt,Clothing,59.0,Louisiana,XL,Purple,Winter,3.8,1,2-Day Shipping,1,1,24.0,Credit Card,Every 3 Months,4.0,0.17850113067022422,58.04776526276123,-1.8214988693297758,64.09283686594985,Average,2,3,3,233,At Risk
682,683,23,Male,Jacket,Outerwear,29.000000000000004,Missouri,M,Brown,Summer,4.0,1,Standard,1,1,49.0,Credit Card,Bi-Weekly,114.0,3.515044079845013,24.901020913190774,1.5150440798450129,34.87589140996924,Good,5,5,1,551,Loyal Customer
683,684,33,Male,Sandals,Footwear,36.0,Michigan,S,Violet,Winter,2.7,1,Free Shipping,1,1,3.0,Bank Transfer,Monthly,12.0,-2.0375296367677027,80.06282888938546,-4.037529636767703,83.4978470957813,Average,3,1,2,312,Need Attention
684,685,63,Male,Hat,Accessories,82.0,Alabama,M,Yellow,Summer,4.7,1,Express,1,1,42.0,Debit Card,Monthly,12.0,2.604689880967948,33.94489607301727,0.604689880967948,42.84754631727156,Good,3,5,4,354,Loyal Customer
685,686,70,Male,Blouse,Clothing,71.0,Massachusetts,XL,Magenta,Winter,3.5,1,Standard,1,1,32.0,Cash,Fortnightly,28.0,1.8657794463080193,41.285570432075126,-0.13422055369198072,49.31792784544984,Average,3,4,4,344,Loyal Customer
686,687,70,Male,Sweater,Clothing,35.0,Indiana,L,Beige,Fall,3.0,1,2-Day Shipping,1,1,33.0,Venmo,Fortnightly,28.0,0.414887182390959,55.69939806247406,-1.585112817609041,62.02288647571511,Average,3,4,1,341,Loyal Customer
687,688,19,Male,Gloves,Accessories,38.0,West Virginia,XL,Turquoise,Winter,3.3,1,Free Shipping,1,1,46.0,Bank Transfer,Quarterly,3.0,0.7886396891370856,51.98636964358647,-1.2113603108629145,58.75006584370786,Average,1,5,2,152,Need Attention
688,689,25,Male,Scarf,Accessories,59.0,Michigan,S,Peach,Summer,4.7,1,Store Pickup,1,1,44.0,Venmo,Monthly,12.0,1.7719562998335163,42.21765249954313,-0.22804370016648368,50.139504487744226,Good,3,5,3,353,Loyal Customer
689,690,19,Male,Hoodie,Clothing,91.0,Pennsylvania,M,Orange,Summer,4.7,1,Express,1,1,35.0,Credit Card,Every 3 Months,4.0,2.2912128640614773,37.059120195753245,0.2912128640614773,45.59255546121951,Good,2,4,5,245,At Risk
690,691,25,Male,Shorts,Clothing,68.0,Alaska,XL,Red,Spring,4.8,1,Standard,1,1,45.0,Bank Transfer,Weekly,57.0,3.396383307573041,26.079851320212637,1.396383307573041,35.91496249763266,Good,4,5,3,453,Loyal Customer
691,692,60,Male,Backpack,Accessories,21.0,Massachusetts,L,Silver,Summer,2.9,1,Standard,1,1,37.0,PayPal,Bi-Weekly,114.0,2.346518256077019,36.509691125539916,0.3465182560770188,45.10826539016278,Average,5,4,1,541,Loyal Customer
692,693,35,Male,Sunglasses,Accessories,95.0,North Dakota,M,Cyan,Spring,4.0,1,2-Day Shipping,1,1,40.0,Debit Card,Every 3 Months,4.0,2.8062489769811307,31.942515786399976,0.8062489769811307,41.08256345804284,Good,2,4,5,245,At Risk
693,694,46,Male,Shorts,Clothing,52.0,Vermont,L,Turquoise,Spring,3.1,1,Free Shipping,1,1,30.0,Cash,Every 3 Months,4.0,0.2982832177849034,56.85779520101507,-1.7017167822150965,63.043946814437504,Average,2,3,3,233,At Risk
694,695,41,Male,Dress,Clothing,21.0,Kentucky,S,Charcoal,Fall,3.5,1,2-Day Shipping,1,1,38.0,Venmo,Every 3 Months,4.0,-0.45689380575933236,64.36006929710643,-2.456893805759332,69.65676920054187,Average,2,4,1,241,Need Attention
695,696,30,Male,Shorts,Clothing,67.0,Nevada,XL,Peach,Summer,3.7,1,Next Day Air,1,1,15.0,Debit Card,Every 3 Months,4.0,-0.1067358238130034,60.881439683659664,-2.106735823813003,66.59055761107847,Average,2,2,3,223,About to Sleep
696,697,44,Male,Belt,Accessories,42.0,Utah,L,Green,Fall,2.8,1,Standard,1,1,49.0,Cash,Monthly,12.0,1.400256292739017,45.91029044773502,-0.599743707260983,53.39435209459237,Average,3,5,2,352,Loyal Customer
697,698,61,Male,Scarf,Accessories,63.0,North Dakota,XL,Brown,Summer,4.6,1,Free Shipping,1,1,40.0,Debit Card,Quarterly,3.0,1.4289171334631083,45.625560541722514,-0.5710828665368917,53.14337908662752,Good,1,4,3,143,At Risk
698,699,55,Male,Boots,Footwear,41.0,Iowa,M,Yellow,Winter,3.8,1,Standard,1,1,40.0,Debit Card,Weekly,57.0,1.9101600155902685,40.84467354973438,-0.08983998440973151,48.9293026451222,Average,4,4,2,442,Loyal Customer
699,700,50,Male,Handbag,Accessories,46.0,Connecticut,M,Charcoal,Fall,2.6,1,2-Day Shipping,1,1,5.0,PayPal,Weekly,57.0,-0.3016503005393507,62.817809281921974,-2.3016503005393507,68.29735585160557,Average,4,1,2,412,Recent Customer
700,701,57,Male,Pants,Clothing,79.0,Wisconsin,L,Olive,Winter,4.1,1,Standard,1,1,5.0,PayPal,Monthly,12.0,-0.08337826928622671,60.64939504934087,-2.083378269286227,66.38602363474746,Good,3,1,4,314,Need Attention
701,702,51,Male,Boots,Footwear,90.0,Idaho,L,Red,Fall,3.3,1,Next Day Air,1,1,5.0,Debit Card,Every 3 Months,4.0,0.17218336560667713,58.1105288317043,-1.8278166343933229,64.14815933596661,Average,2,1,5,215,About to Sleep
702,703,18,Male,Shirt,Clothing,71.0,Montana,M,White,Winter,3.4,1,Store Pickup,1,1,1.0,Cash,Weekly,57.0,0.47708074171535997,55.081538786415386,-1.52291925828464,61.478279120685045,Average,4,1,4,414,Recent Customer
703,704,63,Male,Dress,Clothing,87.0,Connecticut,L,Pink,Summer,3.0,1,Standard,1,1,21.0,Venmo,Weekly,57.0,2.537225193393973,34.615121149002356,0.5372251933939731,43.438311107978386,Average,4,3,5,435,Potential Loyalist
704,705,34,Male,Hoodie,Clothing,66.0,Idaho,S,Black,Spring,3.2,1,Express,1,1,18.0,PayPal,Annually,1.0,-0.019625652648110337,60.01604738455434,-2.0196256526481102,65.82776415738853,Average,1,2,3,123,Need Attention
705,706,25,Male,Pants,Clothing,90.0,Arkansas,XL,Indigo,Summer,4.5,1,Free Shipping,1,1,49.0,Cash,Quarterly,3.0,3.1920476213032565,28.10981552491551,1.1920476213032565,37.704258991457564,Good,1,5,5,155,At Risk
706,707,46,Male,Jeans,Clothing,47.0,Iowa,L,Turquoise,Summer,4.8,1,Express,1,1,27.0,Debit Card,Weekly,57.0,1.2635648062006986,47.268246220541414,-0.7364351937993014,54.59131187221929,Good,4,3,2,432,Potential Loyalist
707,708,59,Male,Shirt,Clothing,38.0,Louisiana,L,Purple,Spring,3.7,1,Next Day Air,1,1,21.0,Venmo,Annually,1.0,-0.9942600824406153,69.69851177081725,-2.9942600824406154,74.3622986766613,Average,1,3,2,132,Need Attention
708,709,37,Male,Backpack,Accessories,50.0,Kentucky,L,Beige,Summer,3.4,1,Store Pickup,1,1,19.0,Cash,Fortnightly,28.0,0.07909493975739623,59.03531184829733,-1.9209050602426037,64.96330228543596,Average,3,2,2,322,Promising
709,710,49,Male,Jacket,Outerwear,79.0,Massachusetts,L,Charcoal,Summer,4.6,1,Standard,1,1,23.0,Debit Card,Monthly,12.0,1.1627041120719634,48.27024250655724,-0.8372958879280366,55.47451387018562,Good,3,3,4,334,Promising
710,711,22,Male,Scarf,Accessories,91.0,Virginia,L,Turquoise,Spring,4.1,1,Standard,1,1,26.0,PayPal,Fortnightly,28.0,2.294929243011625,37.02219998676953,0.2949292430116248,45.5600124240897,Good,3,3,5,335,Promising
711,712,64,Male,Boots,Footwear,60.0,New Hampshire,M,Maroon,Spring,3.5,1,2-Day Shipping,1,1,13.0,Bank Transfer,Bi-Weekly,114.0,2.3318707323876198,36.65520632809616,0.33187073238761977,45.236528657627744,Average,5,2,3,523,Potential Loyalist
712,713,42,Male,Blouse,Clothing,81.0,New Hampshire,XL,Black,Summer,3.8,1,Next Day Air,1,1,36.0,Bank Transfer,Quarterly,3.0,1.9120694690464353,40.82570416539764,-0.08793053095356473,48.912582225715234,Average,1,4,4,144,At Risk
713,714,37,Male,Hoodie,Clothing,90.0,Oregon,M,Lavender,Summer,2.6,1,Express,1,1,39.0,Bank Transfer,Bi-Weekly,114.0,5.398533391195064,6.18957627139182,3.3985333911950644,18.382830983383943,Average,5,4,5,545,Champion
714,715,26,Male,Jacket,Outerwear,70.0,South Dakota,M,Magenta,Fall,4.4,1,Store Pickup,1,1,40.0,Debit Card,Fortnightly,28.0,2.377368308498287,36.203212588816285,0.37736830849828706,44.838122217233064,Good,3,4,4,344,Loyal Customer
715,716,33,Male,Jeans,Clothing,63.0,Delaware,L,Green,Spring,2.6,1,Express,1,1,37.0,Debit Card,Quarterly,3.0,1.2212367365700767,47.68875263218646,-0.7787632634299233,54.96196404738781,Average,1,4,3,143,At Risk
716,717,30,Male,Jewelry,Accessories,29.000000000000004,Missouri,M,Olive,Spring,3.6,1,Express,1,1,9.0,Venmo,Bi-Weekly,114.0,0.7459721212712576,52.41024878604329,-1.2540278787287424,59.123690886773325,Average,5,1,1,511,Recent Customer
717,718,21,Male,Socks,Clothing,90.0,Alaska,L,Green,Spring,4.2,1,Express,1,1,7.0,Venmo,Every 3 Months,4.0,0.31063696353536496,56.735067438061684,-1.689363036464635,62.9357693621264,Good,2,1,5,215,About to Sleep
718,719,22,Male,Shirt,Clothing,22.0,Florida,M,Peach,Summer,4.6,1,Standard,1,1,25.0,Bank Transfer,Annually,1.0,-1.3929613589749748,73.65939268451878,-3.3929613589749748,77.85358700328551,Good,1,3,1,131,Lost
719,720,63,Male,Shorts,Clothing,22.0,Mississippi,L,Turquoise,Summer,3.3,1,Next Day Air,1,1,42.0,Venmo,Bi-Weekly,114.0,2.7348777804232216,32.65154991012168,0.7348777804232216,41.707536188418224,Average,5,5,1,551,Loyal Customer
720,721,33,Male,Jewelry,Accessories,62.0,New Mexico,L,Orange,Fall,3.4,1,Free Shipping,1,1,19.0,Debit Card,Weekly,57.0,1.343133357353199,46.47777582543682,-0.6568666426468011,53.89455776041954,Average,4,2,3,423,Potential Loyalist
721,722,43,Male,Blouse,Clothing,57.0,California,L,Silver,Summer,4.4,1,Next Day Air,1,1,41.0,Debit Card,Every 3 Months,4.0,1.2709056540151036,47.19531887942226,-0.7290943459848964,54.52703062259619,Good,2,5,3,253,At Risk
722,723,27,Male,Sweater,Clothing,32.0,Wyoming,S,Blue,Summer,4.3,1,Store Pickup,1,1,50.0,Cash,Bi-Weekly,114.0,3.710947467382807,22.95482702243444,1.7109474673828071,33.16043362161703,Good,5,5,1,551,Loyal Customer
723,724,35,Male,Jewelry,Accessories,53.0,Missouri,L,Cyan,Fall,3.5,1,Express,1,1,43.0,PayPal,Monthly,12.0,1.4493763237222719,45.42230958423448,-0.5506236762777281,52.96422507752856,Average,3,5,3,353,Loyal Customer
724,725,37,Male,T-shirt,Clothing,79.0,New Hampshire,XL,Green,Fall,4.7,1,Store Pickup,1,1,36.0,Venmo,Every 3 Months,4.0,1.85373330873202,41.405242274672,-0.14626669126797998,49.42341168002787,Good,2,4,4,244,At Risk
725,726,61,Male,Hat,Accessories,61.0,Texas,L,Silver,Winter,3.1,1,Standard,1,1,33.0,Debit Card,Fortnightly,28.0,1.5127509500275287,44.79271704837055,-0.4872490499724713,52.409275529970124,Average,3,4,3,343,Loyal Customer
726,727,32,Male,Shorts,Clothing,78.0,North Dakota,L,Yellow,Summer,3.6,1,Next Day Air,1,1,20.0,Bank Transfer,Every 3 Months,4.0,0.703878995778034,52.828421155124694,-1.296121004221966,59.49228573789354,Average,2,2,4,224,About to Sleep
727,728,62,Male,Sweater,Clothing,97.0,Arkansas,S,Gray,Winter,4.8,1,Next Day Air,1,1,37.0,Venmo,Every 3 Months,4.0,2.683019639137066,33.16673241424057,0.6830196391370662,42.16163988451507,Good,2,4,5,245,At Risk
728,729,29,Male,Jeans,Clothing,78.0,Nebraska,M,Pink,Winter,3.7,1,Next Day Air,1,1,12.0,PayPal,Every 3 Months,4.0,0.15006460406328292,58.330266729695204,-1.849935395936717,64.34184563325435,Average,2,2,4,224,About to Sleep
729,730,41,Male,Sunglasses,Accessories,56.0,Minnesota,L,Beige,Summer,3.2,1,Express,1,1,46.0,PayPal,Every 3 Months,4.0,1.5748141193123395,44.17615312662736,-0.4251858806876605,51.86580995513972,Average,2,5,3,253,At Risk
730,731,48,Male,Boots,Footwear,25.0,Massachusetts,M,Indigo,Summer,3.9,1,Standard,1,1,28.0,Venmo,Fortnightly,28.0,-0.353502107675595,63.332928859697354,-2.353502107675595,68.75140408175601,Average,3,3,1,331,Promising
731,732,43,Male,Coat,Outerwear,28.0,Arkansas,M,Red,Spring,3.5,1,Free Shipping,1,1,30.0,PayPal,Fortnightly,28.0,-0.08837192117345694,60.69900427211971,-2.088371921173457,66.42975130648368,Average,3,3,1,331,Promising
732,733,34,Male,Shirt,Clothing,57.0,New Hampshire,L,Blue,Spring,2.8,1,Express,1,1,28.0,Cash,Bi-Weekly,114.0,3.2435961282793278,27.59770906971149,1.2435961282793278,37.25286665525832,Average,5,3,3,533,Potential Loyalist
733,734,45,Male,Dress,Clothing,36.0,Rhode Island,L,Cyan,Fall,2.7,1,2-Day Shipping,1,1,20.0,Debit Card,Bi-Weekly,114.0,1.803045616550424,41.90879700182714,-0.19695438344957594,49.86726616064394,Average,5,2,2,522,Potential Loyalist
734,735,65,Male,Shirt,Clothing,69.0,New Jersey,S,Violet,Winter,3.1,1,Express,1,1,39.0,Bank Transfer,Every 3 Months,4.0,1.639158410380217,43.536927497324804,-0.36084158961978297,51.30236939070794,Average,2,4,4,244,At Risk
735,736,61,Male,Sunglasses,Accessories,48.0,Montana,M,Orange,Fall,3.6,1,2-Day Shipping,1,1,48.0,Cash,Bi-Weekly,114.0,4.248102341845854,17.618484715090293,2.248102341845854,28.456755321152627,Average,5,5,2,552,Loyal Customer
736,737,18,Male,Dress,Clothing,58.0,Colorado,L,Maroon,Spring,2.9,1,2-Day Shipping,1,1,32.0,Credit Card,Every 3 Months,4.0,0.690089992860492,52.9654074195024,-1.309910007139508,59.61303123773307,Average,2,4,3,243,At Risk
737,738,47,Male,Sunglasses,Accessories,24.0,Nebraska,M,Teal,Spring,3.6,1,Store Pickup,1,1,28.0,PayPal,Annually,1.0,-1.100829903032976,70.7572251314315,-3.100829903032976,75.29549350823712,Average,1,3,1,131,Lost
738,739,56,Male,Sunglasses,Accessories,31.000000000000004,Minnesota,L,Orange,Winter,3.5,1,2-Day Shipping,1,1,27.0,Venmo,Quarterly,3.0,-0.8222481978568325,67.98966700237314,-2.8222481978568323,72.85605046519807,Average,1,3,1,131,Lost
739,740,64,Male,Shorts,Clothing,29.000000000000004,Minnesota,S,Purple,Summer,3.5,1,Free Shipping,1,1,26.0,Venmo,Bi-Weekly,114.0,1.9228277036651036,40.718826940080966,-0.07717229633489642,48.81837610913159,Average,5,3,1,531,Potential Loyalist
740,741,26,Male,Jeans,Clothing,69.0,South Dakota,M,Orange,Summer,2.8,1,Next Day Air,1,1,22.0,Credit Card,Fortnightly,28.0,1.0890603976156132,49.0018528629116,-0.9109396023843868,56.11938624893894,Average,3,3,4,334,Promising
741,742,22,Male,T-shirt,Clothing,79.0,West Virginia,XL,Yellow,Summer,4.7,1,Free Shipping,1,1,23.0,Bank Transfer,Every 3 Months,4.0,0.9537849221955492,50.34574133334908,-1.0462150778044508,57.30394650998919,Good,2,3,4,234,At Risk
742,743,64,Male,Pants,Clothing,39.0,Nevada,M,Charcoal,Summer,3.1,1,Express,1,1,21.0,Debit Card,Quarterly,3.0,-0.8998047554470282,68.76014933280761,-2.899804755447028,73.53518624956638,Average,1,3,2,132,Need Attention
743,744,21,Male,Sunglasses,Accessories,84.0,North Carolina,L,Gray,Fall,4.9,1,Free Shipping,1,1,36.0,Cash,Weekly,57.0,3.4489505892856815,25.557623890617677,1.4489505892856815,35.454649105608965,Good,4,4,4,444,Champion
744,745,67,Male,Boots,Footwear,66.0,Illinois,S,Charcoal,Spring,4.1,1,Next Day Air,1,1,42.0,Debit Card,Bi-Weekly,114.0,4.592801079500493,14.194089732408047,2.592801079500493,25.438348434080556,Good,5,5,3,553,Loyal Customer
745,746,46,Male,T-shirt,Clothing,92.0,Michigan,L,Orange,Fall,4.7,1,Standard,1,1,4.0,Venmo,Monthly,12.0,0.39632681556771443,55.88378523911043,-1.6036731844322856,62.18541314879506,Good,3,1,5,315,Need Attention
746,747,40,Male,Sandals,Footwear,45.0,Michigan,M,Red,Winter,2.5,1,Free Shipping,1,1,47.0,Credit Card,Annually,1.0,1.1012153973037102,48.8810995342814,-0.8987846026962898,56.012949146730385,Poor,1,5,2,152,Need Attention
747,748,51,Male,Shorts,Clothing,74.0,Oklahoma,L,Gold,Spring,4.4,1,Next Day Air,1,1,13.0,Bank Transfer,Weekly,57.0,1.434478917860937,45.570307230624614,-0.565521082139063,53.0946764762117,Good,4,2,4,424,Potential Loyalist
748,749,35,Male,Hat,Accessories,39.0,South Dakota,L,Brown,Fall,3.9,1,Free Shipping,1,1,8.0,Bank Transfer,Quarterly,3.0,-1.7997531419834991,77.70064839148469,-3.799753141983499,81.4157210795277,Average,1,1,2,112,Hibernating
749,750,56,Male,Scarf,Accessories,71.0,Oklahoma,M,Olive,Winter,3.7,1,Standard,1,1,11.0,Debit Card,Quarterly,3.0,-0.24085580030699683,62.2138488990472,-2.240855800306997,67.76499957015818,Average,1,2,4,124,Need Attention
750,751,25,Male,T-shirt,Clothing,95.0,Maryland,L,Violet,Fall,3.4,1,Free Shipping,1,1,5.0,Venmo,Annually,1.0,0.30496631702543897,56.791402235192876,-1.695033682974561,62.985425240172766,Average,1,1,5,115,Need Attention
751,752,65,Male,Gloves,Accessories,72.0,Ohio,L,Indigo,Fall,4.8,1,Free Shipping,1,1,1.0,Credit Card,Monthly,12.0,-0.6558641718149865,66.33673195580783,-2.6558641718149865,71.39908345243613,Good,3,1,4,314,Need Attention
752,753,39,Male,Scarf,Accessories,85.0,Ohio,L,Yellow,Fall,4.2,1,2-Day Shipping,1,1,17.0,PayPal,Every 3 Months,4.0,0.7917773055563866,51.95519912640692,-1.2082226944436134,58.72259082864557,Good,2,2,5,225,About to Sleep
753,754,47,Male,Boots,Footwear,54.0,Massachusetts,M,Teal,Fall,3.4,1,Store Pickup,1,1,27.0,Venmo,Quarterly,3.0,0.1489389812062868,58.34144918220464,-1.8510610187937133,64.35170232088518,Average,1,3,3,133,At Risk
754,755,36,Male,Gloves,Accessories,41.0,North Carolina,L,Pink,Spring,2.9,1,Store Pickup,1,1,3.0,Debit Card,Quarterly,3.0,-2.0614360777562517,80.3003264129679,-4.061436077756252,83.70718747984014,Average,1,1,2,112,Hibernating
755,756,66,Male,Coat,Outerwear,24.0,Florida,M,Violet,Spring,3.3,1,Free Shipping,1,1,22.0,PayPal,Weekly,57.0,-0.05375636768414038,60.35511752481647,-2.0537563676841404,66.12663495113269,Average,4,3,1,431,Potential Loyalist
756,757,62,Male,Belt,Accessories,99.0,Montana,S,Orange,Summer,4.8,1,Standard,1,1,24.0,Cash,Fortnightly,28.0,2.4942798812788047,35.041759529918764,0.49427988127880473,43.81436826077759,Good,3,3,5,335,Promising
757,758,41,Male,Hoodie,Clothing,32.0,Minnesota,M,Red,Fall,3.8,1,Store Pickup,1,1,18.0,Debit Card,Quarterly,3.0,-1.4030638590114441,73.75975554245328,-3.403063859011444,77.94205108033495,Average,1,2,1,121,Hibernating
758,759,66,Male,Shoes,Footwear,71.0,Massachusetts,L,Peach,Summer,4.6,1,2-Day Shipping,1,1,39.0,Bank Transfer,Every 3 Months,4.0,1.7236094694291841,42.69795203470145,-0.27639053057081586,50.56286085641985,Good,2,4,4,244,At Risk
759,760,51,Male,Dress,Clothing,49.0,Rhode Island,XL,Green,Winter,2.6,1,Next Day Air,1,1,25.0,Credit Card,Fortnightly,28.0,0.4522302040189762,55.32841539868113,-1.547769795981024,61.695886631059395,Average,3,3,2,332,Promising
760,761,33,Male,Gloves,Accessories,50.0,Minnesota,XL,Violet,Fall,3.4,1,Free Shipping,1,1,6.0,Cash,Annually,1.0,-1.5259557126119723,74.98061944739686,-3.5259557126119723,79.01817227473438,Average,1,1,2,112,Hibernating
761,762,57,Male,Jewelry,Accessories,91.0,Nevada,L,Yellow,Fall,4.2,1,Express,1,1,26.0,Bank Transfer,Weekly,57.0,3.0522613063136266,29.498516739649094,1.0522613063136266,38.92831910480172,Good,4,3,5,435,Potential Loyalist
762,763,45,Male,Belt,Accessories,46.0,New Mexico,M,Pink,Fall,3.9,1,Standard,1,1,43.0,Debit Card,Fortnightly,28.0,1.5716359968037161,44.20772604983251,-0.42836400319628387,51.89363966792967,Average,3,5,2,352,Loyal Customer
763,764,61,Male,Sweater,Clothing,50.0,North Carolina,M,Brown,Spring,2.9,1,2-Day Shipping,1,1,6.0,Credit Card,Monthly,12.0,-1.238691826531903,72.12680856055809,-3.2386918265319027,76.50270239500445,Average,3,1,2,312,Need Attention
764,765,55,Male,Skirt,Clothing,39.0,Virginia,XL,Silver,Fall,4.2,1,Free Shipping,1,1,6.0,Debit Card,Quarterly,3.0,-1.9382067399121867,79.07610978512731,-3.9382067399121867,82.62811105336789,Good,1,1,2,112,Hibernating
765,766,54,Male,Sneakers,Footwear,99.0,Alaska,M,Pink,Summer,3.0,1,Store Pickup,1,1,13.0,Cash,Quarterly,3.0,1.0799126243072275,49.09273102867772,-0.9200873756927725,56.1994901162849,Average,1,2,5,125,Need Attention
766,767,57,Male,Gloves,Accessories,48.0,Nevada,M,Cyan,Winter,3.6,1,Next Day Air,1,1,13.0,PayPal,Monthly,12.0,-0.8385552928304625,68.15166914543225,-2.8385552928304625,72.99884602085183,Average,3,2,2,322,Promising
767,768,27,Male,Coat,Outerwear,77.0,Pennsylvania,M,Brown,Fall,2.5,1,Next Day Air,1,1,11.0,Cash,Annually,1.0,-0.03973242062919968,60.21579721787512,-2.0397324206292,66.00383212724483,Poor,1,2,4,124,Need Attention
768,769,64,Male,Backpack,Accessories,95.0,Illinois,XL,Red,Spring,2.6,1,Express,1,1,45.0,Venmo,Weekly,57.0,4.536472604734095,14.75368257479745,2.5364726047340946,25.931597284743624,Average,4,5,5,455,Champion
769,770,52,Male,Socks,Clothing,100.0,Delaware,M,Silver,Spring,4.3,1,Store Pickup,1,1,8.0,PayPal,Monthly,12.0,1.0110382476209574,49.77696060133178,-0.9889617523790426,56.80259906396235,Good,3,1,5,315,Need Attention
770,771,19,Male,Sneakers,Footwear,54.0,Vermont,M,Gray,Spring,3.3,1,Express,1,1,8.0,Credit Card,Annually,1.0,-1.218599996585351,71.92720712850755,-3.218599996585351,76.32676523231801,Average,1,1,3,113,Lost
771,772,22,Male,Sweater,Clothing,68.0,Hawaii,L,Cyan,Fall,2.6,1,Next Day Air,1,1,34.0,Bank Transfer,Fortnightly,28.0,1.8775564556632567,41.16857223236751,-0.12244354433674332,49.21480067304175,Average,3,4,3,343,Loyal Customer
772,773,18,Male,Jeans,Clothing,22.0,Illinois,L,Teal,Fall,3.6,1,Free Shipping,1,1,40.0,Debit Card,Bi-Weekly,114.0,2.596424182494534,34.027011303764304,0.596424182494534,42.919926162258434,Average,5,4,1,541,Loyal Customer
773,774,29,Male,Hat,Accessories,84.0,California,L,Indigo,Winter,2.6,1,Express,1,1,14.0,Debit Card,Bi-Weekly,114.0,3.4145102399395664,25.89977007979469,1.4145102399395664,35.75623125925072,Average,5,2,4,524,Potential Loyalist
774,775,42,Male,Hat,Accessories,46.0,Nevada,M,Yellow,Summer,3.5,1,Standard,1,1,11.0,Credit Card,Quarterly,3.0,-1.296494038419083,72.70104218183904,-3.296494038419083,77.00885624875913,Average,1,2,2,122,Hibernating
775,776,49,Male,Handbag,Accessories,53.0,Kentucky,S,Gold,Winter,3.0,1,Store Pickup,1,1,8.0,PayPal,Monthly,12.0,-0.9735616400297646,69.49288397298044,-2.9735616400297644,74.18104961973214,Average,3,1,3,313,Need Attention
776,777,49,Male,Shirt,Clothing,60.0,Alabama,M,Maroon,Spring,5.0,1,Standard,1,1,8.0,Venmo,Every 3 Months,4.0,-0.8869021232347949,68.63196868059057,-2.886902123234795,73.42220238952744,Good,2,1,3,213,About to Sleep
777,778,55,Male,Socks,Clothing,32.0,Wyoming,XL,Silver,Spring,2.5,1,Express,1,1,37.0,Venmo,Weekly,57.0,1.3224498529768858,46.68325522200339,-0.6775501470231142,54.07567601017884,Poor,4,4,1,441,Loyal Customer
778,779,29,Male,Socks,Clothing,50.0,Massachusetts,M,Yellow,Summer,2.9,1,Store Pickup,1,1,23.0,Debit Card,Annually,1.0,-0.349100130218126,63.289197601434545,-2.349100130218126,68.71285749709264,Average,1,3,2,132,Need Attention
779,780,60,Male,Dress,Clothing,94.0,Utah,M,Blue,Spring,4.6,1,Express,1,1,38.0,Cash,Annually,1.0,2.5472251533243044,34.515776971401216,0.5472251533243044,43.350744938953426,Good,1,4,5,145,At Risk
780,781,34,Male,Shoes,Footwear,26.0,New York,M,Turquoise,Spring,3.6,1,Free Shipping,1,1,38.0,Cash,Quarterly,3.0,-0.2718810568714668,62.52206799389705,-2.2718810568714667,68.03667694479712,Average,1,4,1,141,Need Attention
781,782,30,Male,Scarf,Accessories,44.0,Vermont,L,Indigo,Winter,3.0,1,Store Pickup,1,1,12.0,Credit Card,Fortnightly,28.0,-0.6588458301399117,66.36635311391656,-2.658845830139912,71.42519279674092,Average,3,2,2,322,Promising
782,783,28,Male,Hoodie,Clothing,57.0,Hawaii,M,Green,Summer,4.5,1,Standard,1,1,15.0,Cash,Weekly,57.0,0.8550985138734062,51.32613726928044,-1.1449014861265938,58.16810904382015,Good,4,2,3,423,Potential Loyalist
783,784,63,Male,T-shirt,Clothing,65.0,Louisiana,L,Purple,Winter,4.5,1,Next Day Air,1,1,38.0,PayPal,Fortnightly,28.0,2.0277870629471817,39.67611263901728,0.027787062947181695,47.89928352679346,Good,3,4,3,343,Loyal Customer
784,785,31,Male,Jeans,Clothing,72.0,Alabama,M,Peach,Winter,3.2,1,Store Pickup,1,1,41.0,Bank Transfer,Every 3 Months,4.0,1.9042885968823553,40.90300290974716,-0.0957114031176447,48.98071661543562,Average,2,5,4,254,At Risk
785,786,46,Male,Shorts,Clothing,62.0,Louisiana,S,Purple,Spring,4.0,1,Next Day Air,1,1,37.0,PayPal,Fortnightly,28.0,1.831883675409388,41.62230652977362,-0.1681163245906121,49.61474131514567,Good,3,4,3,343,Loyal Customer
786,787,70,Male,Hat,Accessories,21.0,Indiana,S,Teal,Winter,4.8,1,Express,1,1,16.0,Bank Transfer,Every 3 Months,4.0,-1.979883382974898,79.49014462717533,-3.979883382974898,82.99305891278411,Good,2,2,1,221,About to Sleep
787,788,53,Male,Handbag,Accessories,85.0,Michigan,S,Green,Spring,3.7,1,Free Shipping,1,1,25.0,Venmo,Weekly,57.0,2.729681330202382,32.703173824340446,0.7296813302023821,41.75303969458605,Average,4,3,5,435,Potential Loyalist
788,789,50,Male,Pants,Clothing,51.0,Rhode Island,XL,Yellow,Summer,3.8,1,Store Pickup,1,1,18.0,Bank Transfer,Quarterly,3.0,-0.6007787980462586,65.78948864753148,-2.6007787980462584,70.91672000459822,Average,1,2,2,122,Hibernating
789,790,33,Male,Handbag,Accessories,84.0,Idaho,S,Purple,Fall,2.7,1,Standard,1,1,4.0,Credit Card,Bi-Weekly,114.0,2.7222422502961274,32.77707704800781,0.7222422502961274,41.81818112845175,Average,5,1,4,514,Recent Customer
790,791,22,Male,Sweater,Clothing,37.0,Louisiana,M,Indigo,Summer,4.9,1,Store Pickup,1,1,12.0,Bank Transfer,Quarterly,3.0,-1.60729700517509,75.7887010668228,-3.60729700517509,79.73044966613536,Good,1,2,2,122,Hibernating
791,792,50,Male,Scarf,Accessories,44.0,North Carolina,S,Magenta,Summer,3.1,1,2-Day Shipping,1,1,35.0,PayPal,Fortnightly,28.0,0.9333705460399978,50.548547087026364,-1.0666294539600023,57.48270809757857,Average,3,4,2,342,Loyal Customer
792,793,34,Male,Sneakers,Footwear,45.0,New Jersey,M,Violet,Spring,4.2,1,Next Day Air,1,1,45.0,Venmo,Weekly,57.0,2.4251961285099215,35.72806914038113,0.4251961285099215,44.419310641945536,Good,4,5,2,452,Loyal Customer
793,794,24,Male,Pants,Clothing,35.0,Alabama,L,Maroon,Summer,3.8,1,Free Shipping,1,1,16.0,Credit Card,Monthly,12.0,-1.1798067797557155,71.54181756202006,-3.1798067797557152,75.98706653296401,Average,3,2,1,321,Promising
794,795,69,Male,Backpack,Accessories,50.0,Kentucky,XL,Yellow,Winter,4.2,1,Store Pickup,1,1,10.0,Debit Card,Fortnightly,28.0,-0.5439462509216989,65.22488811968915,-2.543946250921699,70.4190571677169,Good,3,1,2,312,Need Attention
795,796,39,Male,Sandals,Footwear,26.0,New York,M,Beige,Summer,4.6,1,Store Pickup,1,1,34.0,Venmo,Annually,1.0,-0.601018050197946,65.79186548788027,-2.601018050197946,70.91881505242844,Good,1,4,1,141,Need Attention
796,797,42,Male,Socks,Clothing,78.0,Arizona,XL,Black,Fall,4.0,1,2-Day Shipping,1,1,43.0,Credit Card,Annually,1.0,2.2177506757542886,37.78892718828143,0.21775067575428864,46.235838278657525,Good,1,5,4,154,At Risk
797,798,42,Male,Coat,Outerwear,82.0,Maryland,M,Violet,Fall,4.0,1,2-Day Shipping,1,1,38.0,Debit Card,Weekly,57.0,3.5029531281654025,25.021137959598395,1.5029531281654025,34.98176766605684,Good,4,4,4,444,Champion
798,799,29,Male,Socks,Clothing,39.0,Alaska,M,Violet,Spring,3.8,1,2-Day Shipping,1,1,48.0,PayPal,Every 3 Months,4.0,0.9954337153248087,49.93198316528319,-1.0045662846751913,56.93924252274817,Average,2,5,2,252,Need Attention
799,800,55,Male,Belt,Accessories,55.0,Nevada,L,Brown,Summer,,1,Free Shipping,1,1,31.0,PayPal,Annually,1.0,0.4158419091190425,55.689913370305675,-1.5841580908809574,62.01452626601163,Poor,1,4,3,143,At Risk
800,801,32,Male,Socks,Clothing,20.0,Utah,S,Gold,Summer,2.6,1,Free Shipping,1,1,20.0,Cash,Every 3 Months,4.0,-1.745201716642006,77.15870957120175,-3.745201716642006,80.93803323224775,Average,2,2,1,221,About to Sleep
801,802,25,Male,Belt,Accessories,29.000000000000004,New Mexico,L,Blue,Fall,4.9,1,Express,1,1,12.0,Credit Card,Fortnightly,28.0,-1.2922287730071638,72.65866908359166,-3.2922287730071638,76.97150680390149,Good,3,2,1,321,Promising
802,803,38,Male,Pants,Clothing,41.0,Delaware,M,Teal,Winter,3.5,1,Next Day Air,1,1,2.0,Bank Transfer,Weekly,57.0,-0.7204583450547999,66.97844002894429,-2.7204583450547997,71.96471214808608,Average,4,1,2,412,Recent Customer
803,804,32,Male,Shorts,Clothing,38.0,Connecticut,L,Silver,Winter,2.8,1,Express,1,1,30.0,Venmo,Every 3 Months,4.0,-0.29287419555786487,62.730623439378505,-2.292874195557865,68.22050655445405,Average,2,3,2,232,Need Attention
804,805,43,Male,Boots,Footwear,47.0,Mississippi,M,Maroon,Summer,2.6,1,Store Pickup,1,1,28.0,Venmo,Quarterly,3.0,-0.07741292650075338,60.59013260456504,-2.0774129265007533,66.33378720397334,Average,1,3,2,132,Need Attention
805,806,41,Male,Dress,Clothing,30.0,Connecticut,L,White,Summer,3.7,1,Next Day Air,1,1,40.0,Debit Card,Monthly,12.0,0.27050874776612077,57.13371949486692,-1.7294912522338792,63.28715818260174,Average,3,4,1,341,Loyal Customer
806,807,56,Male,Jeans,Clothing,56.0,Florida,L,Charcoal,Summer,2.7,1,Standard,1,1,46.0,PayPal,Quarterly,3.0,1.5486992205777876,44.435590479976355,-0.45130077942221236,52.09448903511517,Average,1,5,3,153,At Risk
807,808,27,Male,T-shirt,Clothing,89.0,New York,S,Brown,Winter,3.3,1,Express,1,1,15.0,Credit Card,Weekly,57.0,2.2063154586568765,37.90252986730689,0.2063154586568765,46.33597249521093,Average,4,2,5,425,Potential Loyalist
808,809,46,Male,Shoes,Footwear,96.0,Wisconsin,L,Lavender,Fall,4.6,1,Next Day Air,1,1,38.0,Cash,Every 3 Months,4.0,2.7100209085769262,32.898489448730935,0.7100209085769262,41.92519916473902,Good,2,4,5,245,At Risk
809,810,48,Male,Boots,Footwear,81.0,South Carolina,M,Violet,Fall,4.9,1,Next Day Air,1,1,30.0,PayPal,Bi-Weekly,114.0,4.395462434795618,16.154542124588698,2.3954624347956184,27.166374269961207,Good,5,3,4,534,Potential Loyalist
810,811,52,Male,Scarf,Accessories,83.0,South Dakota,S,Lavender,Fall,4.9,1,Store Pickup,1,1,32.0,Debit Card,Bi-Weekly,114.0,4.618367091773273,13.940105268322728,2.6183670917732726,25.214475761832926,Good,5,4,4,544,Champion
811,812,18,Male,Sneakers,Footwear,35.0,Illinois,M,Green,Winter,2.7,1,Free Shipping,1,1,36.0,Venmo,Quarterly,3.0,-0.030304889079803554,60.12213980573462,-2.0303048890798037,65.92127851434098,Average,1,4,1,141,Need Attention
812,813,64,Male,Boots,Footwear,56.0,Alaska,M,Olive,Summer,3.2,1,Standard,1,1,32.0,Credit Card,Weekly,57.0,1.9897285667427689,40.05420315462979,-0.010271433257231122,48.23254853332245,Average,4,4,3,443,Loyal Customer
813,814,54,Male,Handbag,Accessories,45.0,Montana,S,Olive,Summer,2.9,1,Store Pickup,1,1,14.0,Debit Card,Annually,1.0,-1.1832689685196383,71.57621252938475,-3.1832689685196383,76.01738371509374,Average,1,2,2,122,Hibernating
814,815,31,Male,Shirt,Clothing,62.0,Minnesota,M,Pink,Winter,3.8,1,Express,1,1,8.0,PayPal,Monthly,12.0,-0.5935318743094136,65.71749439117538,-2.593531874309414,70.8532612154358,Average,3,1,3,313,Need Attention
815,816,30,Male,Hat,Accessories,84.0,West Virginia,L,Teal,Spring,3.0,1,Next Day Air,1,1,27.0,Venmo,Bi-Weekly,114.0,4.314458626476037,16.959271021117615,2.3144586264760374,27.87569642928939,Average,5,3,4,534,Potential Loyalist
816,817,26,Male,Sweater,Clothing,24.0,Illinois,L,Cyan,Summer,3.9,1,Store Pickup,1,1,24.0,Debit Card,Monthly,12.0,-1.0904732128102823,70.65433703187797,-3.0904732128102825,75.2048035761876,Average,3,3,1,331,Promising
817,818,25,Male,Handbag,Accessories,21.0,Nevada,S,Gray,Spring,4.7,1,Store Pickup,1,1,30.0,PayPal,Fortnightly,28.0,-0.3839506278448409,63.635418391301414,-2.383950627844841,69.01803117649196,Good,3,3,1,331,Promising
818,819,59,Male,Shirt,Clothing,91.0,Idaho,M,Peach,Winter,4.9,1,Store Pickup,1,1,34.0,Debit Card,Monthly,12.0,2.430905254973548,35.6713520657827,0.43090525497354815,44.36931780833603,Good,3,4,5,345,Loyal Customer
819,820,55,Male,Sunglasses,Accessories,36.0,Colorado,S,Teal,Winter,4.8,1,Next Day Air,1,1,28.0,Debit Card,Quarterly,3.0,-0.5418937512700714,65.20449764899345,-2.5418937512700714,70.40108414255776,Good,1,3,2,132,Need Attention
820,821,56,Male,Sneakers,Footwear,39.0,Louisiana,M,Turquoise,Spring,2.5,1,2-Day Shipping,1,1,27.0,Debit Card,Monthly,12.0,-0.24940987304999895,62.29882897173893,-2.249409873049999,67.83990460826672,Poor,3,3,2,332,Promising
821,822,62,Male,Hoodie,Clothing,39.0,Vermont,M,Green,Spring,3.9,1,Standard,1,1,31.0,Credit Card,Bi-Weekly,114.0,2.6912169937316577,33.085296142857665,0.6912169937316577,42.0898585030907,Average,5,4,2,542,Loyal Customer
822,823,35,Male,Shirt,Clothing,59.0,Mississippi,L,Magenta,Winter,3.4,1,Standard,1,1,23.0,Bank Transfer,Annually,1.0,0.03092963550222505,59.51380801962949,-1.969070364497775,65.38506909279629,Average,1,3,3,133,At Risk
823,824,51,Male,Sunglasses,Accessories,27.0,Georgia,M,Green,Winter,2.5,1,Free Shipping,1,1,11.0,Credit Card,Quarterly,3.0,-2.0987790993842688,80.67130907676085,-4.098779099384268,84.03418732449585,Poor,1,2,1,121,Hibernating
824,825,61,Male,Blouse,Clothing,94.0,Georgia,M,White,Spring,3.0,1,Store Pickup,1,1,48.0,Cash,Quarterly,3.0,3.2917229404368467,27.11959529649013,1.2917229404368467,36.83143690980151,Average,1,5,5,155,At Risk
825,826,27,Male,Belt,Accessories,94.0,Nebraska,XL,Brown,Fall,3.6,1,Next Day Air,1,1,17.0,Cash,Monthly,12.0,1.380726261153152,46.10431071781001,-0.6192737388468481,53.56536978454566,Average,3,2,5,325,Promising
826,827,54,Male,Dress,Clothing,94.0,Massachusetts,M,Purple,Winter,3.6,1,Standard,1,1,36.0,PayPal,Weekly,57.0,3.871205884530516,21.36274657750094,1.8712058845305162,31.757106434168588,Average,4,4,5,445,Champion
827,828,31,Male,Shoes,Footwear,51.0,Colorado,S,Green,Fall,4.1,1,Free Shipping,1,1,33.0,Bank Transfer,Fortnightly,28.0,1.090495654782694,48.98759436148728,-0.9095043452173059,56.106818201410505,Good,3,4,2,342,Loyal Customer
828,829,24,Male,Socks,Clothing,62.0,Nevada,M,Peach,Fall,3.7,1,2-Day Shipping,1,1,27.0,PayPal,Bi-Weekly,114.0,3.385496976937401,26.188001109974437,1.385496976937401,36.01029030645824,Average,5,3,3,533,Potential Loyalist
829,830,42,Male,Socks,Clothing,57.0,Idaho,S,Silver,Spring,,1,2-Day Shipping,1,1,14.0,Credit Card,Fortnightly,28.0,0.028539651607060956,59.53755121322219,-1.971460348392939,65.40599735002822,Poor,3,2,3,323,Promising
830,831,41,Male,Shorts,Clothing,76.0,Wyoming,M,Maroon,Fall,4.2,1,Express,1,1,5.0,Credit Card,Annually,1.0,-0.4973187439397465,64.76166913011467,-2.4973187439397466,70.01075631590949,Good,1,1,4,114,Need Attention
831,832,66,Male,Gloves,Accessories,63.0,Washington,M,Red,Summer,4.3,1,Express,1,1,47.0,Cash,Every 3 Months,4.0,1.9396196249480675,40.55200831062434,-0.0603803750519325,48.67133509821136,Good,2,5,3,253,At Risk
832,833,58,Male,Jacket,Outerwear,80.0,California,L,Blue,Fall,2.5,1,Express,1,1,28.0,Cash,Bi-Weekly,114.0,4.214783307342447,17.949491249542994,2.214783307342447,28.74851851094545,Poor,5,3,4,534,Potential Loyalist
833,834,43,Male,Handbag,Accessories,68.0,Oklahoma,M,Purple,Fall,3.5,1,Standard,1,1,11.0,Credit Card,Annually,1.0,-0.41976218634955076,63.99118679968018,-2.419762186349551,69.33162053154118,Average,1,2,3,123,Need Attention
834,835,52,Male,Backpack,Accessories,89.0,Nevada,M,Indigo,Summer,3.1,1,Free Shipping,1,1,18.0,Credit Card,Weekly,57.0,2.413995855549908,35.83933777684295,0.41399585554990814,44.51738753445062,Average,4,2,5,425,Potential Loyalist
835,836,35,Male,Boots,Footwear,26.0,Maryland,L,Indigo,Summer,2.5,1,Next Day Air,1,1,21.0,Debit Card,Weekly,57.0,-0.03853210759951731,60.203872759014445,-2.0385321075995173,65.99332140376471,Poor,4,3,1,431,Potential Loyalist
836,837,23,Male,Gloves,Accessories,90.0,West Virginia,L,Violet,Winter,3.9,1,Store Pickup,1,1,22.0,Cash,Bi-Weekly,114.0,4.221677808801218,17.880998117354146,2.2216778088012177,28.688145761025684,Average,5,3,5,535,Potential Loyalist
837,838,25,Male,Hoodie,Clothing,28.0,Illinois,L,Brown,Spring,4.9,1,Express,1,1,33.0,Cash,Every 3 Months,4.0,-0.5074490939096677,64.8623086620313,-2.507449093909668,70.0994642651341,Good,2,4,1,241,Need Attention
838,839,33,Male,Coat,Outerwear,29.000000000000004,Kentucky,M,Gray,Spring,4.3,1,Express,1,1,49.0,Credit Card,Annually,1.0,0.5640605228406629,54.21744184162556,-1.4359394771593372,60.71662744719478,Good,1,5,1,151,Need Attention
839,840,48,Male,Shirt,Clothing,31.000000000000004,Illinois,L,Teal,Spring,2.6,1,Free Shipping,1,1,10.0,Debit Card,Every 3 Months,4.0,-1.9729888815161272,79.42165149498648,-3.972988881516127,82.93268616286434,Average,2,1,1,211,About to Sleep
840,841,42,Male,Shirt,Clothing,24.0,Alabama,L,Teal,Summer,4.2,1,2-Day Shipping,1,1,18.0,PayPal,Weekly,57.0,-0.3306635635415158,63.10604031210173,-2.330663563541516,68.5514148988131,Good,4,2,1,421,Potential Loyalist
841,842,55,Male,Sweater,Clothing,88.0,Texas,M,Beige,Summer,2.6,1,Store Pickup,1,1,28.0,PayPal,Fortnightly,28.0,2.3067062523668627,36.90520178706192,0.30670625236686266,45.4568852516816,Average,3,3,5,335,Promising
842,843,59,Male,Shirt,Clothing,87.0,Missouri,M,Violet,Spring,3.6,1,Express,1,1,25.0,PayPal,Weekly,57.0,2.8141323892513483,31.864198361717104,0.8141323892513483,41.01353116029799,Average,4,3,5,435,Potential Loyalist
843,844,65,Male,Hoodie,Clothing,80.0,Pennsylvania,S,Beige,Summer,3.2,1,Express,1,1,6.0,PayPal,Weekly,57.0,1.2032445022574305,47.86749572050376,-0.7967554977425695,55.11951578178819,Average,4,1,4,414,Recent Customer
844,845,59,Male,Sandals,Footwear,48.0,Missouri,L,Purple,Winter,4.4,1,Express,1,1,44.0,Venmo,Bi-Weekly,114.0,3.971195145988479,20.36940750237554,1.971195145988479,30.881535268833034,Good,5,5,2,552,Loyal Customer
845,846,31,Male,Belt,Accessories,21.0,Michigan,XL,Charcoal,Winter,3.7,1,Standard,1,1,30.0,Venmo,Monthly,12.0,-0.8017890075976692,67.78641604488512,-2.8017890075976695,72.67689645609912,Average,3,3,1,331,Promising
846,847,49,Male,Boots,Footwear,72.0,Kentucky,M,Pink,Spring,3.7,1,Express,1,1,42.0,Debit Card,Quarterly,3.0,1.947400497112147,40.47470956627483,-0.05259950288785298,48.60320070849097,Average,1,5,4,154,At Risk
847,848,53,Male,Hoodie,Clothing,44.0,New Jersey,L,Blue,Fall,4.1,1,Standard,1,1,30.0,PayPal,Monthly,12.0,0.16939817146545,58.13819822471662,-1.83060182853455,64.17254831178624,Good,3,3,2,332,Promising
848,849,48,Male,Sandals,Footwear,73.0,Delaware,M,Lavender,Fall,3.6,1,Store Pickup,1,1,33.0,Credit Card,Bi-Weekly,114.0,4.265338595492782,17.44725188461815,2.265338595492782,28.305823446353205,Average,5,4,4,544,Champion
849,850,23,Male,Jeans,Clothing,61.0,Missouri,S,Charcoal,Spring,4.3,1,Express,1,1,24.0,PayPal,Quarterly,3.0,0.23683729098463935,57.468227153486865,-1.7631627090153605,63.58200741163722,Good,1,3,3,133,At Risk
850,851,68,Male,Shoes,Footwear,20.0,Connecticut,L,Turquoise,Winter,2.6,1,Store Pickup,1,1,13.0,Venmo,Monthly,12.0,-2.0208701195159993,79.89732562215912,-4.020870119515999,83.35196550088489,Average,3,2,1,321,Promising
851,852,35,Male,Sandals,Footwear,86.0,Massachusetts,M,Red,Summer,2.9,1,Express,1,1,19.0,Debit Card,Monthly,12.0,1.1813756228859722,48.08475117466077,-0.8186243771140278,55.31101394785776,Average,3,2,5,325,Promising
852,853,34,Male,Dress,Clothing,60.0,Florida,L,Yellow,Spring,4.2,1,Next Day Air,1,1,23.0,Debit Card,Every 3 Months,4.0,0.15149986123036374,58.316008228270874,-1.8485001387696363,64.32927758572592,Good,2,3,3,233,At Risk
853,854,62,Male,Hat,Accessories,43.0,Delaware,L,Orange,Winter,4.0,1,Free Shipping,1,1,35.0,Cash,Monthly,12.0,0.47330663676268603,55.11903247192173,-1.5266933632373139,61.51132764432976,Good,3,4,2,342,Loyal Customer
854,855,21,Male,Pants,Clothing,44.0,California,L,Blue,Spring,4.3,1,Free Shipping,1,1,22.0,Venmo,Monthly,12.0,-0.3844162202493012,63.64004379928711,-2.3844162202493013,69.02210820714704,Good,3,3,2,332,Promising
855,856,70,Male,Socks,Clothing,76.0,Oregon,L,Gold,Spring,3.0,1,2-Day Shipping,1,1,14.0,Credit Card,Quarterly,3.0,0.17795224420845213,58.0532181520249,-1.822047755791548,64.09764327367768,Average,1,2,4,124,Need Attention
856,857,55,Male,Shirt,Clothing,33.0,Alaska,M,Gold,Summer,3.5,1,Express,1,1,47.0,Debit Card,Fortnightly,28.0,1.299611308842807,46.91014376959901,-0.700388691157193,54.27566519312176,Average,3,5,1,351,Loyal Customer
857,858,43,Male,Shorts,Clothing,60.0,Missouri,L,Cyan,Fall,3.0,1,Standard,1,1,50.0,Debit Card,Every 3 Months,4.0,2.020623433267649,39.74727941409542,0.020623433267648927,47.962012938883156,Average,2,5,3,253,At Risk
858,859,19,Male,Jacket,Outerwear,26.0,Oklahoma,L,Olive,Fall,3.1,1,Free Shipping,1,1,33.0,PayPal,Weekly,57.0,0.7921894799726094,51.95110439715867,-1.2078105200273908,58.718981560723485,Average,4,4,1,441,Loyal Customer
859,860,47,Male,Hoodie,Clothing,73.0,Wisconsin,M,Teal,Winter,4.0,1,Next Day Air,1,1,7.0,Debit Card,Monthly,12.0,-0.19827784850443952,61.79086004356827,-2.1982778485044396,67.39215926377148,Good,3,1,4,314,Need Attention
860,861,26,Male,Shoes,Footwear,87.0,South Carolina,M,Maroon,Spring,4.1,1,Standard,1,1,3.0,Cash,Monthly,12.0,0.11597236898095309,58.66895459249011,-1.884027631019047,64.64037947143535,Good,3,1,5,315,Need Attention
861,862,46,Male,Skirt,Clothing,100.0,Virginia,XL,Green,Spring,,1,2-Day Shipping,1,1,35.0,Credit Card,Every 3 Months,4.0,2.6712426297818284,33.28373061394817,0.6712426297818284,42.26476705692317,Poor,2,4,5,245,At Risk
862,863,19,Male,Coat,Outerwear,84.0,Arkansas,M,Charcoal,Winter,4.9,1,Standard,1,1,13.0,PayPal,Fortnightly,28.0,1.0994021498037698,48.89911316462831,-0.9005978501962302,56.02882712405929,Good,3,2,4,324,Promising
863,864,49,Male,Sneakers,Footwear,41.0,Vermont,M,Cyan,Summer,3.9,1,Standard,1,1,42.0,PayPal,Fortnightly,28.0,1.2912815502169548,46.99289540321219,-0.7087184497830452,54.348605990569965,Average,3,5,2,352,Loyal Customer
864,865,51,Male,Jeans,Clothing,59.0,Kentucky,S,Charcoal,Winter,3.9,1,Next Day Air,1,1,5.0,PayPal,Annually,1.0,-1.2151527458559652,71.89296056241312,-3.215152745855965,76.29657885735813,Average,1,1,3,113,Lost
865,866,64,Male,Blouse,Clothing,26.0,Colorado,L,Charcoal,Winter,4.8,1,Store Pickup,1,1,23.0,Venmo,Annually,1.0,-1.3625128388057286,73.35690315291471,-3.3625128388057286,77.58695990854955,Good,1,3,1,131,Lost
866,867,67,Male,Sunglasses,Accessories,69.0,New Mexico,M,Lavender,Summer,2.7,1,Free Shipping,1,1,11.0,PayPal,Bi-Weekly,114.0,2.573446900179283,34.25527813993373,0.5734469001792828,43.121130227171605,Average,5,2,4,524,Potential Loyalist
867,868,37,Male,Jacket,Outerwear,20.0,Colorado,M,Turquoise,Spring,3.1,1,Free Shipping,1,1,23.0,Bank Transfer,Fortnightly,28.0,-0.9107637501197318,68.86902100036228,-2.910763750119732,73.6311503520767,Average,3,3,1,331,Promising
868,869,40,Male,Dress,Clothing,83.0,North Carolina,M,Green,Summer,3.2,1,Next Day Air,1,1,2.0,Credit Card,Every 3 Months,4.0,-0.3310757379577387,63.110135041349956,-2.3310757379577387,68.5550241667352,Average,2,1,4,214,About to Sleep
869,870,38,Male,Hat,Accessories,54.0,New Hampshire,M,Silver,Spring,2.7,1,2-Day Shipping,1,1,33.0,PayPal,Weekly,57.0,1.9745043066581458,40.20544792043182,-0.025495693341854198,48.36586208069043,Average,4,4,3,443,Loyal Customer
870,871,66,Male,Hoodie,Clothing,66.0,West Virginia,M,Blue,Fall,2.5,1,Standard,1,1,6.0,Bank Transfer,Bi-Weekly,114.0,2.1006363167841133,38.95239481797531,0.10063631678411333,47.26136796320423,Poor,5,1,3,513,Recent Customer
871,872,47,Male,Handbag,Accessories,42.0,Hawaii,M,Charcoal,Spring,2.6,1,Next Day Air,1,1,45.0,Debit Card,Quarterly,3.0,0.8883150082706758,50.996149415161085,-1.1116849917293243,57.8772437620518,Average,1,5,2,152,Need Attention
872,873,56,Male,Jeans,Clothing,33.0,North Dakota,M,Pink,Spring,2.9,1,Standard,1,1,25.0,Cash,Quarterly,3.0,-0.8762507367365534,68.52615293339241,-2.8762507367365533,73.32893190475018,Average,1,3,1,131,Lost
873,874,51,Male,Boots,Footwear,77.0,Mississippi,M,Pink,Summer,4.2,1,Free Shipping,1,1,24.0,Venmo,Quarterly,3.0,0.9124457633763746,50.75642345250009,-1.0875542366236255,57.665939137332614,Good,1,3,4,134,At Risk
874,875,25,Male,Jacket,Outerwear,65.0,Maine,M,Magenta,Fall,4.4,1,Free Shipping,1,1,10.0,Venmo,Every 3 Months,4.0,-0.5373208776836897,65.15906863038957,-2.5373208776836895,70.36104107996705,Good,2,1,3,213,About to Sleep
875,876,37,Male,Sandals,Footwear,39.0,North Dakota,L,Gray,Summer,4.1,1,Free Shipping,1,1,7.0,Bank Transfer,Every 3 Months,4.0,-1.8428650422132908,78.12894173495702,-3.842865042213291,81.79323698647235,Good,2,1,2,212,About to Sleep
876,877,41,Male,Belt,Accessories,51.0,Nebraska,L,Gray,Summer,3.8,1,2-Day Shipping,1,1,1.0,Debit Card,Weekly,57.0,-0.3674298487743093,63.47129341264887,-2.367429848774309,68.8733644635658,Average,4,1,2,412,Recent Customer
877,878,64,Male,Handbag,Accessories,65.0,Nebraska,M,Orange,Winter,4.9,1,Next Day Air,1,1,45.0,Venmo,Every 3 Months,4.0,1.8856170860683465,41.08849424164362,-0.11438291393165345,49.14421653776348,Good,2,5,3,253,At Risk
878,879,23,Male,Sunglasses,Accessories,89.0,Tennessee,S,Black,Summer,4.9,1,Express,1,1,37.0,Debit Card,Weekly,57.0,3.729305035872442,22.772454537238,1.729305035872442,32.999682782968684,Good,4,4,5,445,Champion
879,880,62,Male,Skirt,Clothing,76.0,Wyoming,S,Lavender,Spring,4.1,1,Free Shipping,1,1,14.0,PayPal,Quarterly,3.0,0.17795224420845213,58.0532181520249,-1.822047755791548,64.09764327367768,Good,1,2,4,124,Need Attention
880,881,39,Male,Backpack,Accessories,75.0,Nevada,L,Red,Spring,3.1,1,Express,1,1,25.0,Debit Card,Monthly,12.0,1.1322555919027175,48.5727320381613,-0.8677444080972825,55.74114096492156,Average,3,3,4,334,Promising
881,882,52,Male,Sandals,Footwear,61.0,South Carolina,M,Silver,Summer,2.7,1,Next Day Air,1,1,18.0,Venmo,Annually,1.0,-0.23075330027052754,62.11348604111271,-2.2307533002705275,67.67653549310873,Average,1,2,3,123,Need Attention
882,883,50,Male,Boots,Footwear,35.0,Virginia,M,Cyan,Fall,3.8,1,Next Day Air,1,1,37.0,Cash,Every 3 Months,4.0,0.06503680861909211,59.17497175556433,-1.9349631913809078,65.08640444744543,Average,2,4,1,241,Need Attention
883,884,28,Male,Sneakers,Footwear,37.0,Pennsylvania,S,Gold,Fall,4.3,1,Free Shipping,1,1,30.0,Bank Transfer,Monthly,12.0,-0.12618053520593409,61.07461234389832,-2.126180535205934,66.76082818179451,Good,3,3,2,332,Promising
884,885,67,Male,Skirt,Clothing,91.0,Hawaii,L,Yellow,Winter,4.1,1,Express,1,1,34.0,Bank Transfer,Weekly,57.0,3.606075698028378,23.996671165078588,1.606075698028378,34.0787592094409,Good,4,4,5,445,Champion
885,886,41,Male,Dress,Clothing,99.0,Ohio,L,Purple,Fall,4.4,1,Free Shipping,1,1,49.0,Debit Card,Every 3 Months,4.0,3.59819228575816,24.074988589761464,1.5981922857581599,34.14779150718577,Good,2,5,5,255,At Risk
886,887,19,Male,Shorts,Clothing,54.0,Utah,S,Brown,Summer,3.6,1,Express,1,1,48.0,Bank Transfer,Monthly,12.0,1.8377358480684747,41.56416836881625,-0.16226415193152532,49.563495875784014,Average,3,5,3,353,Loyal Customer
887,888,70,Male,Handbag,Accessories,47.0,Minnesota,L,Turquoise,Winter,3.3,1,2-Day Shipping,1,1,33.0,PayPal,Fortnightly,28.0,0.9215935366847604,50.66554528673397,-1.0784064633152397,57.58583526998666,Average,3,4,2,342,Loyal Customer
888,889,49,Male,Scarf,Accessories,77.0,New Hampshire,S,Gold,Spring,,1,Express,1,1,44.0,Cash,Annually,1.0,2.244751945194149,37.52068422277179,0.2447519451941491,45.99939755888146,Poor,1,5,4,154,At Risk
889,890,59,Male,Belt,Accessories,84.0,Arizona,S,Olive,Fall,2.8,1,Free Shipping,1,1,50.0,Venmo,Weekly,57.0,4.418125774786496,15.929394135119294,2.418125774786496,26.967919288727533,Average,4,5,4,454,Champion
890,891,52,Male,Gloves,Accessories,51.0,New York,S,Purple,Spring,4.3,1,2-Day Shipping,1,1,47.0,Credit Card,Monthly,12.0,1.6418324605306804,43.51036225957258,-0.35816753946931956,51.27895366413623,Good,3,5,2,352,Loyal Customer
891,892,20,Male,Skirt,Clothing,26.0,Pennsylvania,S,Lavender,Summer,3.9,1,Store Pickup,1,1,24.0,PayPal,Every 3 Months,4.0,-1.2149413436377297,71.89086039604645,-3.2149413436377294,76.29472768170311,Average,2,3,1,231,Need Attention
892,893,31,Male,Shorts,Clothing,64.0,New Mexico,L,Gray,Summer,2.7,1,Free Shipping,1,1,43.0,Debit Card,Monthly,12.0,1.9138571484915896,40.80794453980607,-0.08614285150841039,48.89692813894414,Average,3,5,3,353,Loyal Customer
893,894,33,Male,Backpack,Accessories,51.0,Nebraska,M,Red,Spring,4.7,1,Express,1,1,14.0,Venmo,Monthly,12.0,-0.642651905292668,66.2054752546759,-2.6426519052926682,71.2833882324996,Good,3,2,2,322,Promising
894,895,44,Male,Hoodie,Clothing,60.0,Wyoming,L,Purple,Spring,3.8,1,Free Shipping,1,1,3.0,Debit Card,Quarterly,3.0,-1.259151016791066,72.33005951804611,-3.259151016791066,76.6818564041034,Average,1,1,3,113,Lost
895,896,40,Male,Hat,Accessories,69.0,Mississippi,XL,Olive,Spring,4.7,1,Next Day Air,1,1,33.0,Debit Card,Quarterly,3.0,1.197682717859602,47.92274903160166,-0.8023172821403981,55.168218392204004,Good,1,4,4,144,At Risk
896,897,69,Male,Jewelry,Accessories,29.000000000000004,Arkansas,M,Lavender,Spring,4.7,1,Express,1,1,38.0,Cash,Fortnightly,28.0,0.507668000065778,54.77767096623752,-1.4923319999342222,61.21043714397884,Good,3,4,1,341,Loyal Customer
897,898,29,Male,Shirt,Clothing,91.0,Illinois,M,Gray,Spring,3.4,1,Express,1,1,46.0,Venmo,Weekly,57.0,4.4367972856005045,15.743902803222834,2.4367972856005045,26.804419366399678,Average,4,5,5,455,Champion
898,899,54,Male,Belt,Accessories,70.0,Nevada,L,Red,Spring,3.5,1,2-Day Shipping,1,1,19.0,Bank Transfer,Every 3 Months,4.0,0.2968479606178227,56.872053702439395,-1.7031520393821773,63.05651486196594,Average,2,2,4,224,About to Sleep
899,900,65,Male,Sweater,Clothing,58.0,Rhode Island,M,Peach,Summer,4.0,1,Standard,1,1,20.0,PayPal,Annually,1.0,-0.21897629091529014,61.9964878414051,-2.21897629091529,67.57340832070064,Good,1,2,3,123,Need Attention
900,901,54,Male,Hat,Accessories,98.0,West Virginia,L,Gray,Fall,3.3,1,Free Shipping,1,1,42.0,Bank Transfer,Quarterly,3.0,3.0452642647487167,29.568028552171317,1.0452642647487167,38.98958976274597,Average,1,5,5,155,At Risk
901,902,60,Male,Scarf,Accessories,68.0,Missouri,L,Violet,Summer,4.7,1,2-Day Shipping,1,1,34.0,Cash,Monthly,12.0,1.4597180759104285,45.319569885951196,-0.5402819240895715,52.873665952648906,Good,3,4,3,343,Loyal Customer
902,903,43,Male,Hat,Accessories,44.0,Kentucky,M,Beige,Summer,2.8,1,Next Day Air,1,1,5.0,Cash,Monthly,12.0,-1.5612718026431474,75.33146564524944,-3.561271802643147,79.3274229847888,Average,3,1,2,312,Need Attention
903,904,44,Male,Jacket,Outerwear,45.0,Washington,M,Blue,Winter,3.3,1,Express,1,1,3.0,PayPal,Quarterly,3.0,-1.892533959658318,78.62237548772121,-3.892533959658318,82.22817041126397,Average,1,1,2,112,Hibernating
904,905,69,Male,T-shirt,Clothing,99.0,Alaska,L,Magenta,Spring,2.9,1,Free Shipping,1,1,46.0,PayPal,Every 3 Months,4.0,3.3905118888651278,26.13818068022541,1.3905118888651278,35.966376467946084,Average,2,5,5,255,At Risk
905,906,46,Male,Dress,Clothing,68.0,Mississippi,S,Cyan,Spring,2.8,1,Standard,1,1,16.0,Venmo,Annually,1.0,-0.07362819152783129,60.55253331557362,-2.073628191527831,66.30064559694067,Average,1,2,3,123,Need Attention
906,907,41,Male,Pants,Clothing,56.0,South Carolina,M,Red,Spring,4.2,1,Standard,1,1,21.0,Debit Card,Bi-Weekly,114.0,2.7167830060044373,32.83131167877235,0.7167830060044373,41.86598583084308,Good,5,3,3,533,Potential Loyalist
907,908,32,Male,Sweater,Clothing,43.0,Missouri,L,Cyan,Winter,4.4,1,Express,1,1,34.0,Credit Card,Bi-Weekly,114.0,3.067799508722623,29.344153127147038,1.067799508722623,38.79225647375424,Good,5,4,2,542,Loyal Customer
908,909,26,Male,Sunglasses,Accessories,99.0,New Jersey,M,Turquoise,Winter,3.6,1,Free Shipping,1,1,9.0,PayPal,Every 3 Months,4.0,0.8291203271844039,51.58421646261399,-1.1708796728155961,58.39559098398986,Average,2,1,5,215,About to Sleep
909,910,61,Male,Belt,Accessories,56.0,Louisiana,L,Silver,Fall,2.7,1,Express,1,1,36.0,PayPal,Weekly,57.0,2.2666357626001448,37.30328036734454,0.26663576260014477,45.80776858564203,Average,4,4,3,443,Loyal Customer
910,911,49,Male,Hoodie,Clothing,25.0,South Carolina,S,Pink,Spring,3.4,1,Express,1,1,22.0,Credit Card,Monthly,12.0,-1.1867012812144868,71.6103106942089,-3.1867012812144866,76.04743928288377,Average,3,3,1,331,Promising
911,912,53,Male,Pants,Clothing,74.0,Vermont,M,Black,Winter,2.8,1,2-Day Shipping,1,1,2.0,Bank Transfer,Quarterly,3.0,-0.7372204024126415,67.144961976504,-2.7372204024126416,72.11149165100699,Average,1,1,4,114,Need Attention
912,913,24,Male,Hoodie,Clothing,56.0,Arkansas,M,Green,Winter,3.4,1,Next Day Air,1,1,32.0,Bank Transfer,Monthly,12.0,0.8145581236879391,51.728884055333914,-1.1854418763120609,58.523107132217575,Average,3,4,3,343,Loyal Customer
913,914,37,Male,Sneakers,Footwear,47.0,Utah,M,Yellow,Fall,2.6,1,Next Day Air,1,1,29.0,Cash,Every 3 Months,4.0,0.01792877119814229,59.64296455439475,-1.9820712288018578,65.49891313707779,Average,2,3,2,232,Need Attention
914,915,43,Male,Dress,Clothing,67.0,Washington,L,Purple,Summer,4.1,1,Standard,1,1,27.0,Venmo,Every 3 Months,4.0,0.7239857637591234,52.62867132180391,-1.2760142362408766,59.31621776803724,Good,2,3,3,233,At Risk
915,916,31,Male,Dress,Clothing,22.0,Rhode Island,L,Purple,Winter,2.9,1,Store Pickup,1,1,33.0,Credit Card,Fortnightly,28.0,-0.13404470142732572,61.1527385695258,-2.134044701427326,66.82969194858761,Average,3,4,1,341,Loyal Customer
916,917,49,Male,Jeans,Clothing,34.0,Illinois,S,Blue,Spring,2.7,1,Standard,1,1,16.0,Venmo,Monthly,12.0,-1.222032309280199,71.96130529333173,-3.2220323092801992,76.35682080010804,Average,3,2,1,321,Promising
917,918,69,Male,Sweater,Clothing,64.0,Missouri,M,Maroon,Spring,3.7,1,Standard,1,1,11.0,Bank Transfer,Quarterly,3.0,-0.536434506978381,65.15026301822891,-2.536434506978381,70.35327944016643,Average,1,2,3,123,Need Attention
918,919,65,Male,Shorts,Clothing,42.0,North Carolina,M,Orange,Spring,4.3,1,2-Day Shipping,1,1,11.0,Cash,Fortnightly,28.0,-0.8125236881532226,67.89305927336122,-2.8125236881532225,72.7708963179491,Good,3,2,2,322,Promising
919,920,41,Male,Shirt,Clothing,82.0,Massachusetts,L,Green,Winter,2.6,1,2-Day Shipping,1,1,17.0,Debit Card,Bi-Weekly,114.0,3.5377395777836314,24.67555345195409,1.5377395777836314,34.6771548327785,Average,5,2,4,524,Potential Loyalist
920,921,37,Male,Belt,Accessories,81.0,Arkansas,XL,Gold,Summer,4.3,1,Free Shipping,1,1,37.0,Cash,Weekly,57.0,3.3915007996765745,26.128356387731387,1.3915007996765745,35.95771692012099,Good,4,4,4,444,Champion
921,922,70,Male,Coat,Outerwear,24.0,South Dakota,L,Silver,Summer,4.1,1,Express,1,1,18.0,PayPal,Weekly,57.0,-0.3306635635415158,63.10604031210173,-2.330663563541516,68.5514148988131,Good,4,2,1,421,Potential Loyalist
922,923,63,Male,Sneakers,Footwear,60.0,Georgia,M,Cyan,Fall,4.2,1,Standard,1,1,13.0,Credit Card,Monthly,12.0,-0.331848938536661,63.11781636969216,-2.3318489385366608,68.56179481512335,Good,3,2,3,323,Promising
923,924,55,Male,Shirt,Clothing,24.0,Arkansas,M,Silver,Spring,4.2,1,2-Day Shipping,1,1,7.0,PayPal,Weekly,57.0,-1.0921583521492988,70.67107797713616,-3.0921583521492986,75.21955975493421,Good,4,1,1,411,Recent Customer
924,925,52,Male,Socks,Clothing,78.0,Kansas,XL,Beige,Winter,3.1,1,Standard,1,1,37.0,Cash,Quarterly,3.0,1.8546196794373286,41.396436662511356,-0.14538032056267136,49.41565004022724,Average,1,4,4,144,At Risk
925,926,22,Male,Jeans,Clothing,88.0,Arizona,L,Teal,Winter,4.9,1,Express,1,1,8.0,Cash,Monthly,12.0,0.5043318933271561,54.81081337707187,-1.4956681066728439,61.239650269690806,Good,3,1,5,315,Need Attention
926,927,54,Male,Jeans,Clothing,63.0,Massachusetts,XL,Green,Spring,4.4,1,Express,1,1,11.0,Cash,Bi-Weekly,114.0,2.3200937230323824,36.772204527803765,0.32009372303238237,45.33965583003584,Good,5,2,3,523,Potential Loyalist
927,928,28,Male,Sneakers,Footwear,78.0,New Mexico,L,Black,Summer,4.4,1,Standard,1,1,8.0,Venmo,Bi-Weekly,114.0,2.7457962690066022,32.54308064859261,0.7457962690066022,41.61192678363557,Good,5,1,4,514,Recent Customer
928,929,67,Male,Dress,Clothing,37.0,Arkansas,XL,Yellow,Winter,3.4,1,Store Pickup,1,1,31.0,Cash,Every 3 Months,4.0,-0.2658729261180044,62.46238047386886,-2.2658729261180044,67.98406583467798,Average,2,4,2,242,Need Attention
929,930,59,Male,Boots,Footwear,94.0,Nebraska,M,White,Fall,4.5,1,2-Day Shipping,1,1,26.0,Debit Card,Fortnightly,28.0,2.421605831585075,35.76373679283451,0.42160583158507503,44.45074962265758,Good,3,3,5,335,Promising
930,931,26,Male,T-shirt,Clothing,78.0,Hawaii,L,Green,Fall,4.5,1,Store Pickup,1,1,20.0,Credit Card,Bi-Weekly,114.0,3.576517856578729,24.29031228673685,1.5765178565787288,34.33758694059434,Good,5,2,4,524,Potential Loyalist
931,932,24,Male,Coat,Outerwear,36.0,Nebraska,M,Silver,Winter,4.1,1,Standard,1,1,24.0,Bank Transfer,Fortnightly,28.0,-0.1659284787636527,61.4694866025542,-2.165928478763653,67.108887090852,Good,3,3,2,332,Promising
932,933,62,Male,Skirt,Clothing,24.0,Indiana,L,Blue,Winter,3.2,1,Standard,1,1,45.0,Debit Card,Bi-Weekly,114.0,3.0270092363652203,29.74938235703439,1.0270092363652203,39.14944269336985,Average,5,5,1,551,Loyal Customer
933,934,70,Male,Sneakers,Footwear,84.0,Colorado,M,Magenta,Spring,2.7,1,Store Pickup,1,1,33.0,Debit Card,Monthly,12.0,2.0660997493378197,39.29549688178574,0.0660997493378197,47.5637926652644,Average,3,4,4,344,Loyal Customer
934,935,45,Male,Jeans,Clothing,47.0,Oregon,S,Yellow,Spring,3.7,1,Express,1,1,21.0,Bank Transfer,Monthly,12.0,-0.3269664306401947,63.06931130217342,-2.3269664306401947,68.51904039263503,Average,3,3,2,332,Promising
935,936,58,Male,Hoodie,Clothing,51.0,Ohio,L,White,Fall,2.6,1,Store Pickup,1,1,2.0,Bank Transfer,Fortnightly,28.0,-1.0555351131119668,70.30724596294799,-3.055535113111967,74.89886279593367,Average,3,1,2,312,Need Attention
936,937,31,Male,Shoes,Footwear,84.0,Maine,M,Pink,Summer,2.7,1,Free Shipping,1,1,28.0,Cash,Weekly,57.0,2.89513619757093,31.059469465188183,0.8951361975709302,40.304209000969784,Average,4,3,4,434,Potential Loyalist
937,938,32,Male,Shorts,Clothing,24.0,Iowa,M,Magenta,Summer,2.7,1,Express,1,1,18.0,Venmo,Quarterly,3.0,-1.7408680952073117,77.11565739294667,-3.7408680952073117,80.90008521748724,Average,1,2,1,121,Hibernating
938,939,36,Male,Blouse,Clothing,97.0,Wisconsin,S,Teal,Fall,4.8,1,Free Shipping,1,1,21.0,Debit Card,Fortnightly,28.0,2.202148425336806,37.94392708300605,0.202148425336806,46.37246175582598,Good,3,3,5,335,Promising
939,940,25,Male,T-shirt,Clothing,89.0,New York,L,Indigo,Winter,4.8,1,Next Day Air,1,1,24.0,Credit Card,Monthly,12.0,1.6541862062811419,43.387634496619185,-0.3458137937188581,51.17077621182513,Good,3,3,5,335,Promising
940,941,48,Male,Belt,Accessories,44.0,Colorado,S,Maroon,Spring,2.6,1,Store Pickup,1,1,15.0,PayPal,Every 3 Months,4.0,-1.0779230028761226,70.52965750382816,-3.0779230028761226,75.09490575539134,Average,2,2,2,222,About to Sleep
941,942,39,Male,Handbag,Accessories,35.0,Illinois,L,Black,Winter,4.5,1,2-Day Shipping,1,1,38.0,PayPal,Every 3 Months,4.0,0.13426360758343603,58.48724105874301,-1.865736392416564,64.48020946052534,Good,2,4,1,241,Need Attention
942,943,26,Male,Dress,Clothing,91.0,Arizona,M,Cyan,Winter,3.2,1,Express,1,1,38.0,PayPal,Bi-Weekly,114.0,5.3715321217552034,6.457819236901464,3.3715321217552034,18.619271703160013,Average,5,4,5,545,Champion
943,944,32,Male,Hat,Accessories,63.0,Oklahoma,L,Cyan,Winter,3.8,1,Next Day Air,1,1,13.0,Venmo,Fortnightly,28.0,0.21266602978961768,57.70835552217346,-1.7873339702103823,63.7936667340841,Average,3,2,3,323,Promising
944,945,54,Male,Belt,Accessories,97.0,Indiana,S,Gray,Spring,4.8,1,Express,1,1,39.0,Cash,Bi-Weekly,114.0,5.694112097866449,3.2531621522101033,3.694112097866449,15.794551113375674,Good,5,4,5,545,Champion
945,946,38,Male,Boots,Footwear,38.0,Minnesota,M,Violet,Summer,4.1,1,Store Pickup,1,1,8.0,Venmo,Every 3 Months,4.0,-1.8158637727734308,77.86069876944738,-3.815863772773431,81.5567962666963,Good,2,1,2,212,About to Sleep
946,947,46,Male,Coat,Outerwear,24.0,Pennsylvania,XL,Blue,Spring,2.8,1,Next Day Air,1,1,4.0,PayPal,Quarterly,3.0,-2.7100432807081263,86.74388714844505,-4.710043280708126,89.38681503436867,Average,1,1,1,111,Hibernating
947,948,57,Male,Blouse,Clothing,32.0,Indiana,M,Charcoal,Winter,3.9,1,Store Pickup,1,1,6.0,Cash,Every 3 Months,4.0,-2.2076705478490193,81.75308655096005,-4.20767054784902,84.98771184340073,Average,2,1,1,211,About to Sleep
948,949,49,Male,Hat,Accessories,90.0,Alabama,L,Olive,Summer,4.9,1,Express,1,1,11.0,Venmo,Every 3 Months,4.0,0.5875441593927406,53.98414465077642,-1.4124558406072594,60.510989414446,Good,2,2,5,225,About to Sleep
949,950,33,Male,Jeans,Clothing,36.0,Montana,M,Olive,Summer,3.4,1,Standard,1,1,49.0,Venmo,Monthly,12.0,1.1469031155921163,48.42721683560506,-0.8530968844078837,55.6128776974566,Average,3,5,2,352,Loyal Customer
950,951,54,Male,Backpack,Accessories,37.0,New Mexico,XL,Turquoise,Winter,4.1,1,Free Shipping,1,1,30.0,PayPal,Quarterly,3.0,-0.36121462381690006,63.40954852403915,-2.3612146238169,68.81893990157353,Good,1,3,2,132,Need Attention
951,952,47,Male,Dress,Clothing,51.0,Alaska,M,Cyan,Summer,2.9,1,Express,1,1,34.0,Bank Transfer,Monthly,12.0,0.7418840739942099,52.45086131824965,-1.2581159260057901,59.15948849409756,Average,3,4,2,342,Loyal Customer
952,953,36,Male,Hat,Accessories,71.0,Idaho,S,Red,Fall,3.1,1,2-Day Shipping,1,1,28.0,PayPal,Monthly,12.0,1.1710338706978154,48.18749087294405,-0.8289661293021846,55.401573072737406,Average,3,3,4,334,Promising
953,954,68,Male,Sunglasses,Accessories,50.0,Utah,S,Cyan,Spring,3.6,1,2-Day Shipping,1,1,36.0,Venmo,Quarterly,3.0,0.6030780537874482,53.82982383605952,-1.3969219462125517,60.374964507180415,Average,1,4,2,142,Need Attention
954,955,60,Male,Hat,Accessories,74.0,Louisiana,S,Turquoise,Fall,3.5,1,Standard,1,1,18.0,Credit Card,Every 3 Months,4.0,0.39652327975141244,55.88183347401401,-1.6034767202485876,62.1836927803099,Average,2,2,4,224,About to Sleep
955,956,55,Male,Dress,Clothing,75.0,Mississippi,L,Lavender,Summer,3.4,1,Free Shipping,1,1,4.0,PayPal,Monthly,12.0,-0.3215071863485043,63.01507667140888,-2.321507186348504,68.4712356902437,Average,3,1,4,314,Need Attention
956,957,29,Male,Shirt,Clothing,99.0,Mississippi,XL,Cyan,Spring,2.9,1,2-Day Shipping,1,1,42.0,Debit Card,Quarterly,3.0,3.0874897942732007,29.148540820859637,1.0874897942732007,38.61983549560193,Average,1,5,5,155,At Risk
957,958,38,Male,Scarf,Accessories,23.0,Indiana,XL,Violet,Spring,4.7,1,Store Pickup,1,1,11.0,Cash,Quarterly,3.0,-2.2676812174822025,82.34926000200751,-4.2676812174822025,85.513204393072,Good,1,2,1,121,Hibernating
958,959,70,Male,Sneakers,Footwear,53.0,Washington,XL,Beige,Winter,4.4,1,Free Shipping,1,1,31.0,Credit Card,Bi-Weekly,114.0,3.2823744070744256,27.212467904494243,1.2823744070744256,36.913298763074174,Good,5,4,3,543,Loyal Customer
959,960,36,Male,Skirt,Clothing,99.0,Nevada,M,Cyan,Spring,2.6,1,Standard,1,1,12.0,Cash,Fortnightly,28.0,1.6635582937066782,43.29452789177453,-0.3364417062933218,51.08870810381882,Average,3,2,5,325,Promising
960,961,18,Male,Jewelry,Accessories,48.0,Louisiana,XL,Indigo,Spring,4.4,1,Standard,1,1,20.0,Venmo,Quarterly,3.0,-0.5890017886910212,65.67249044782389,-2.589001788691021,70.81359283219012,Good,1,2,2,122,Hibernating
961,962,62,Male,Boots,Footwear,72.0,Pennsylvania,L,Olive,Fall,3.7,1,Next Day Air,1,1,37.0,Debit Card,Quarterly,3.0,1.6012665022904278,43.91336305038139,-0.3987334977095722,51.634175643091474,Average,1,4,4,144,At Risk
962,963,29,Male,Sunglasses,Accessories,64.0,Michigan,L,Green,Spring,4.4,1,Standard,1,1,26.0,Debit Card,Fortnightly,28.0,1.1548399458505716,48.34836873218472,-0.8451600541494284,55.54337763697872,Good,3,3,3,333,Promising
963,964,21,Male,Boots,Footwear,63.0,South Carolina,L,Green,Spring,2.5,1,2-Day Shipping,1,1,14.0,Credit Card,Weekly,57.0,1.039224892055963,49.496941578231706,-0.960775107944037,56.555778427876014,Poor,4,2,3,423,Potential Loyalist
964,965,42,Male,Sandals,Footwear,51.0,Arizona,M,Beige,Spring,2.6,1,Next Day Air,1,1,12.0,Venmo,Bi-Weekly,114.0,1.8826141677029247,41.11832660672254,-0.11738583229707533,49.17051204884419,Average,5,2,2,522,Potential Loyalist
965,966,43,Male,Boots,Footwear,55.0,Delaware,L,Black,Spring,5.0,1,Store Pickup,1,1,10.0,Credit Card,Annually,1.0,-1.0379208691321793,70.13225800355325,-3.0379208691321793,74.74462099133378,Good,1,1,3,113,Lost
966,967,58,Male,Dress,Clothing,55.0,Kentucky,M,Brown,Spring,4.9,1,Express,1,1,19.0,Cash,Annually,1.0,-0.4148796784530844,63.94268173216143,-2.4148796784530844,69.28886610905286,Good,1,2,3,123,Need Attention
967,968,27,Male,Hoodie,Clothing,26.0,Georgia,S,Silver,Summer,3.7,1,Store Pickup,1,1,4.0,Cash,Weekly,57.0,-1.2153876899933638,71.89529460497675,-3.2153876899933636,76.29863618140645,Average,4,1,1,411,Recent Customer
968,969,57,Male,Shorts,Clothing,67.0,North Carolina,L,Gray,Summer,3.1,1,Next Day Air,1,1,48.0,Bank Transfer,Quarterly,3.0,2.1516336432757934,38.44576404190532,0.15163364327579343,46.814802122690544,Average,1,5,3,153,At Risk
969,970,40,Male,Coat,Outerwear,31.000000000000004,California,S,Pink,Fall,3.2,1,Express,1,1,37.0,PayPal,Monthly,12.0,0.10505388039757257,58.77742385401918,-1.8949461196024275,64.73598887621802,Average,3,4,1,341,Loyal Customer
970,971,45,Male,Jeans,Clothing,66.0,California,S,Maroon,Winter,4.4,1,Free Shipping,1,1,4.0,Cash,Monthly,12.0,-0.7015369520688552,66.79046625321394,-2.7015369520688552,71.79902409454004,Good,3,1,3,313,Need Attention
971,972,47,Male,Sunglasses,Accessories,67.0,Indiana,M,Cyan,Summer,4.3,1,Next Day Air,1,1,15.0,Credit Card,Weekly,57.0,1.2773538091182406,47.1312599561637,-0.7226461908817594,54.47056637237977,Good,4,2,3,423,Potential Loyalist
972,973,61,Male,Sneakers,Footwear,61.0,Colorado,L,Gold,Winter,3.0,1,Standard,1,1,33.0,Credit Card,Weekly,57.0,2.27008301332953,37.26903380125011,0.27008301332953,45.777582210682155,Average,4,4,3,443,Loyal Customer
973,974,60,Male,Jacket,Outerwear,75.0,Colorado,M,Teal,Fall,3.5,1,2-Day Shipping,1,1,30.0,Bank Transfer,Quarterly,3.0,1.2433554981134711,47.46901473419556,-0.7566445018865289,54.76827775010007,Average,1,3,4,134,At Risk
974,975,69,Male,Skirt,Clothing,90.0,North Carolina,M,Beige,Spring,3.6,1,2-Day Shipping,1,1,23.0,Bank Transfer,Monthly,12.0,1.6271849368412814,43.65587746212882,-0.3728150631587186,51.4072169316012,Average,3,3,5,335,Promising
975,976,58,Male,Sweater,Clothing,40.0,Washington,M,Olive,Summer,3.8,1,2-Day Shipping,1,1,2.0,Bank Transfer,Weekly,57.0,-0.762683874579283,67.39792776025595,-2.7626838745792828,72.33446641523011,Average,4,1,2,412,Recent Customer
976,977,34,Male,T-shirt,Clothing,90.0,Florida,M,Gray,Fall,3.6,1,Express,1,1,50.0,Credit Card,Every 3 Months,4.0,3.2873893190021524,27.162647474745217,1.2873893190021524,36.86938492456201,Average,2,5,5,255,At Risk
977,978,20,Male,Belt,Accessories,20.0,Washington,M,Black,Spring,4.6,1,Express,1,1,34.0,Cash,Bi-Weekly,114.0,2.0966123296595036,38.99237094731553,0.09661232965950362,47.29660461806712,Good,5,4,1,541,Loyal Customer
978,979,56,Male,Gloves,Accessories,40.0,Colorado,M,Turquoise,Summer,2.5,1,Standard,1,1,33.0,Credit Card,Weekly,57.0,1.3833468933153776,46.07827615879525,-0.6166531066846224,53.542421820706956,Poor,4,4,2,442,Loyal Customer
979,980,64,Male,Hat,Accessories,33.0,New Hampshire,S,Brown,Fall,3.5,1,Store Pickup,1,1,34.0,Debit Card,Monthly,12.0,-0.018175457446492294,60.00164048185977,-2.0181754574464925,65.81506530269024,Average,3,4,1,341,Loyal Customer
980,981,56,Male,Boots,Footwear,98.0,Maryland,S,Magenta,Spring,4.0,1,Free Shipping,1,1,39.0,PayPal,Every 3 Months,4.0,2.8636987665902374,31.37178328928627,0.8636987665902374,40.57949564353083,Good,2,4,5,245,At Risk
981,982,27,Male,Belt,Accessories,42.0,Maryland,M,Silver,Spring,3.5,1,Next Day Air,1,1,47.0,Credit Card,Quarterly,3.0,1.0267686061993633,49.62068802151847,-0.9732313938006367,56.6648537882116,Average,1,5,2,152,Need Attention
982,983,35,Male,Coat,Outerwear,62.0,Texas,S,Red,Summer,3.2,1,Standard,1,1,37.0,PayPal,Monthly,12.0,1.4140452956565595,45.7733041833573,-0.5859547043434405,53.273606594752835,Average,3,4,3,343,Loyal Customer
983,984,24,Male,Hat,Accessories,45.0,New Mexico,L,Indigo,Winter,3.5,1,Free Shipping,1,1,40.0,Venmo,Bi-Weekly,114.0,3.5676113615576535,24.37879348359581,1.5676113615576535,34.415578017945556,Average,5,4,2,542,Loyal Customer
984,985,26,Male,Shoes,Footwear,78.0,Utah,M,Green,Summer,3.4,1,Free Shipping,1,1,8.0,Credit Card,Bi-Weekly,114.0,2.7457962690066022,32.54308064859261,0.7457962690066022,41.61192678363557,Average,5,1,4,514,Recent Customer
985,986,32,Male,Handbag,Accessories,80.0,West Virginia,M,Gray,Fall,5.0,1,Express,1,1,12.0,Bank Transfer,Annually,1.0,0.15617096690859467,58.26960332711879,-1.8438290330914053,64.28837433889262,Good,1,2,4,124,Need Attention
986,987,54,Male,Scarf,Accessories,96.0,Connecticut,S,Peach,Spring,4.5,1,Store Pickup,1,1,36.0,Bank Transfer,Monthly,12.0,2.7804865005246526,32.19845201558172,0.7804865005246526,41.30815649877564,Good,3,4,5,345,Loyal Customer
987,988,62,Male,Handbag,Accessories,47.0,West Virginia,M,Charcoal,Summer,2.8,1,Express,1,1,48.0,PayPal,Weekly,57.0,2.7173275844519207,32.825901587293835,0.7173275844519207,41.861217146897154,Average,4,5,2,452,Loyal Customer
988,989,50,Male,Pants,Clothing,84.0,Ohio,M,Orange,Winter,4.9,1,2-Day Shipping,1,1,47.0,PayPal,Fortnightly,28.0,3.4531133145914623,25.51626947270367,1.4531133145914623,35.41819756877582,Good,3,5,4,354,Loyal Customer
989,990,70,Male,Shoes,Footwear,31.000000000000004,Texas,M,Beige,Spring,3.1,1,Store Pickup,1,1,2.0,Bank Transfer,Monthly,12.0,-2.317884083354464,82.84799824276513,-4.317884083354464,85.9528134184216,Average,3,1,1,311,Lost
990,991,48,Male,Sunglasses,Accessories,63.0,Washington,S,Yellow,Spring,4.8,1,Store Pickup,1,1,24.0,Cash,Weekly,57.0,1.731492881699402,42.61963461001858,-0.26850711830059804,50.493828558675006,Good,4,3,3,433,Potential Loyalist
991,992,20,Male,Shorts,Clothing,97.0,Wisconsin,XL,White,Spring,2.7,1,Standard,1,1,40.0,Bank Transfer,Bi-Weekly,114.0,5.763338896830793,2.5654314553887887,3.763338896830793,15.18835612645557,Average,5,4,5,545,Champion
992,993,46,Male,Jacket,Outerwear,99.0,Louisiana,M,Gray,Winter,4.6,1,Express,1,1,50.0,Debit Card,Weekly,57.0,5.051508717653748,9.637078165444187,3.051508717653748,21.42160528156696,Good,4,5,5,455,Champion
993,994,51,Male,Sandals,Footwear,90.0,Iowa,M,Peach,Winter,4.4,1,Store Pickup,1,1,25.0,Cash,Weekly,57.0,2.9408089778247994,30.60573516778208,0.9408089778247994,39.90426835886586,Good,4,3,5,435,Potential Loyalist
994,995,53,Male,Shoes,Footwear,68.0,New York,L,Violet,Fall,3.2,1,Express,1,1,20.0,Debit Card,Monthly,12.0,0.49054289040961385,54.94779964144958,-1.5094571095903861,61.36039576953034,Average,3,2,3,323,Promising
995,996,44,Male,Jewelry,Accessories,80.0,Idaho,M,Magenta,Spring,3.0,1,2-Day Shipping,1,1,10.0,Venmo,Weekly,57.0,1.4801516981148062,45.116572933218514,-0.5198483018851938,52.694735834107775,Average,4,1,4,414,Recent Customer
996,997,29,Male,Sandals,Footwear,91.0,Delaware,L,Maroon,Summer,4.9,1,Standard,1,1,32.0,Bank Transfer,Quarterly,3.0,2.057417568433894,39.38174963956616,0.057417568433893784,47.639819501955266,Good,1,4,5,145,At Risk
997,998,64,Male,Pants,Clothing,30.0,Kentucky,M,Cyan,Spring,3.6,1,Express,1,1,31.0,Cash,Fortnightly,28.0,0.06530593683985397,59.17229811267505,-1.934694063160146,65.08404778527552,Average,3,4,1,341,Loyal Customer
998,999,51,Male,Shoes,Footwear,90.0,Connecticut,M,White,Spring,3.8,1,Next Day Air,1,1,48.0,Bank Transfer,Bi-Weekly,114.0,6.02157458187416,0.0,4.02157458187416,12.927076101103022,Average,5,5,5,555,Champion
999,1000,50,Male,Socks,Clothing,28.0,New Mexico,L,Brown,Spring,2.9,1,Standard,1,1,23.0,Debit Card,Monthly,12.0,-0.9907978936766926,69.66411680345259,-2.9907978936766924,74.33198149453156,Average,3,3,1,331,Promising
1000,1001,43,Male,Socks,Clothing,46.0,Georgia,M,Red,Winter,3.9,1,Express,1,1,1.0,Bank Transfer,Bi-Weekly,114.0,0.9099917314727244,50.78080292831535,-1.0900082685272756,57.68742824068551,Average,5,1,2,512,Recent Customer
1001,1002,61,Male,Dress,Clothing,60.0,Washington,M,Orange,Fall,3.6,1,Standard,1,1,4.0,Debit Card,Fortnightly,28.0,-0.5370517494629278,65.1563949875003,-2.5370517494629277,70.35868441779712,Average,3,1,3,313,Need Attention
1002,1003,55,Male,Shoes,Footwear,59.0,North Dakota,M,White,Spring,3.5,1,Store Pickup,1,1,3.0,Bank Transfer,Bi-Weekly,114.0,1.5973772132196973,43.952001027620966,-0.4026227867803027,51.6682327939728,Average,5,1,3,513,Recent Customer
1003,1004,56,Male,Hat,Accessories,68.0,Ohio,M,Green,Fall,4.0,1,Store Pickup,1,1,3.0,Cash,Bi-Weekly,114.0,1.9774069789400484,40.1766114458159,-0.022593021059951646,48.34044438967646,Good,5,1,3,513,Recent Customer
1004,1005,33,Male,Backpack,Accessories,79.0,Tennessee,M,Black,Summer,4.8,1,2-Day Shipping,1,1,44.0,Cash,Annually,1.0,2.3292030042431158,36.681708760148446,0.32920300424311577,45.259889024593384,Good,1,5,4,154,At Risk
1005,1006,43,Male,Backpack,Accessories,94.0,New York,M,Gold,Winter,3.9,1,Store Pickup,1,1,5.0,Debit Card,Bi-Weekly,114.0,3.213724344505306,27.894469038069765,1.213724344505306,37.514443470091265,Average,5,1,5,515,Recent Customer
1006,1007,21,Male,Pants,Clothing,83.0,Michigan,S,Lavender,Summer,4.5,1,Next Day Air,1,1,50.0,Venmo,Quarterly,3.0,2.9656957135962165,30.358498947275912,0.9656957135962165,39.68634387454572,Good,1,5,4,154,At Risk
1007,1008,58,Male,Gloves,Accessories,62.0,Georgia,XL,Turquoise,Spring,4.8,1,Standard,1,1,2.0,Credit Card,Annually,1.0,-1.2961565541755462,72.69768945894204,-3.296156554175546,77.00590101668632,Good,1,1,3,113,Lost
1008,1009,41,Male,Scarf,Accessories,85.0,New Mexico,M,Pink,Spring,2.6,1,Store Pickup,1,1,29.0,PayPal,Annually,1.0,1.544154196924858,44.480742824598096,-0.455845803075142,52.1342882255307,Average,1,3,5,135,At Risk
1009,1010,39,Male,Hoodie,Clothing,30.0,Louisiana,M,Silver,Summer,3.1,1,Express,1,1,11.0,Venmo,Annually,1.0,-2.024332308279922,79.93172058952378,-4.024332308279922,83.38228268301464,Average,1,2,1,121,Hibernating
1010,1011,54,Male,Jeans,Clothing,24.0,South Dakota,XL,Gray,Spring,4.7,1,2-Day Shipping,1,1,37.0,Credit Card,Fortnightly,28.0,0.22731355347901672,57.5628403196172,-1.7726864465209833,63.66540346661912,Good,3,4,1,341,Loyal Customer
1011,1012,43,Male,Backpack,Accessories,25.0,Montana,L,Indigo,Spring,2.9,1,Next Day Air,1,1,32.0,Debit Card,Fortnightly,28.0,-0.07659491181821954,60.5820060724121,-2.0765949118182196,66.3266241340756,Average,3,4,1,341,Loyal Customer
1012,1013,28,Male,Sandals,Footwear,37.0,New Mexico,L,Teal,Summer,3.8,1,Express,1,1,27.0,Credit Card,Annually,1.0,-0.6211248181790353,65.99161532120105,-2.621124818179035,71.09488302228473,Average,1,3,2,132,Need Attention
1013,1014,59,Male,Belt,Accessories,69.0,South Carolina,XL,Green,Summer,3.8,1,2-Day Shipping,1,1,31.0,Venmo,Bi-Weekly,114.0,3.9579828794661607,20.50066420350747,1.9579828794661607,30.99723048876956,Average,5,4,4,544,Champion
1014,1015,28,Male,Shoes,Footwear,97.0,Ohio,M,Violet,Summer,3.0,1,Standard,1,1,36.0,Debit Card,Fortnightly,28.0,3.2405504098019646,27.627966630686355,1.2405504098019646,37.27953695202444,Average,3,4,5,345,Loyal Customer
1015,1016,68,Male,Gloves,Accessories,24.0,North Carolina,M,Cyan,Summer,4.1,1,Standard,1,1,34.0,Cash,Weekly,57.0,0.7769652198879864,52.102349162960714,-1.2230347801120136,58.852295108091454,Good,4,4,1,441,Loyal Customer
1016,1017,20,Male,Belt,Accessories,30.0,Idaho,XL,Blue,Summer,3.4,1,Express,1,1,15.0,Bank Transfer,Every 3 Months,4.0,-1.669080416218891,76.40248574219159,-3.669080416218891,80.27146549540788,Average,2,2,1,221,About to Sleep
1017,1018,21,Male,Jacket,Outerwear,53.0,Oklahoma,L,Orange,Fall,2.5,1,Express,1,1,14.0,Credit Card,Annually,1.0,-0.8454647323237708,68.22031067889135,-2.8454647323237707,73.05934957794145,Poor,1,2,3,123,Need Attention
1018,1019,50,Male,Dress,Clothing,70.0,Georgia,XL,Charcoal,Spring,4.9,1,Next Day Air,1,1,46.0,Cash,Weekly,57.0,3.550061165586352,24.553145160767976,1.550061165586352,34.56925897642448,Good,4,5,4,454,Champion
1019,1020,32,Male,Shirt,Clothing,76.0,Kentucky,S,Beige,Winter,2.8,1,Standard,1,1,33.0,Venmo,Bi-Weekly,114.0,4.392015184066233,16.188788690683122,2.392015184066233,27.196560644921085,Average,5,4,4,544,Champion
1020,1021,24,Male,Scarf,Accessories,95.0,Delaware,M,Black,Fall,4.5,1,Express,1,1,41.0,Debit Card,Annually,1.0,2.797131079741819,32.03309714962561,0.7971310797418192,41.16240571104909,Good,1,5,5,155,At Risk
1021,1022,55,Male,Coat,Outerwear,51.0,Massachusetts,S,Lavender,Winter,4.9,1,2-Day Shipping,1,1,39.0,PayPal,Weekly,57.0,2.2631885118707586,37.337526933438966,0.26318851187075865,45.83795496060192,Good,4,4,2,442,Loyal Customer
1022,1023,61,Male,Handbag,Accessories,41.0,Nebraska,M,Lavender,Winter,4.9,1,Store Pickup,1,1,7.0,Cash,Annually,1.0,-1.8367586793679793,78.06827833238061,-3.8367586793679793,81.73976569211061,Good,1,1,2,112,Hibernating
1023,1024,61,Male,Sunglasses,Accessories,71.0,Maine,S,Turquoise,Winter,3.5,1,Free Shipping,1,1,29.0,Bank Transfer,Every 3 Months,4.0,1.0313414797857452,49.57525900291458,-0.9686585202142548,56.62481072562089,Average,2,3,4,234,At Risk
1024,1025,28,Male,T-shirt,Clothing,66.0,Pennsylvania,M,Purple,Summer,3.5,1,Free Shipping,1,1,18.0,Venmo,Quarterly,3.0,0.032604144820993164,59.49717267785637,-1.967395855179007,65.37040599743764,Average,1,2,3,123,Need Attention
1025,1026,60,Male,Shirt,Clothing,84.0,Nebraska,M,Olive,Winter,4.9,1,Free Shipping,1,1,15.0,Credit Card,Annually,1.0,0.53275348189956,54.52846031140815,-1.4672465181004402,60.990772309556164,Good,1,2,4,124,Need Attention
1026,1027,49,Male,Handbag,Accessories,95.0,Virginia,L,Turquoise,Winter,3.0,1,Express,1,1,39.0,PayPal,Bi-Weekly,114.0,5.609661038817482,4.092137614833452,3.6096610388174817,16.534059647663753,Average,5,4,5,545,Champion
1027,1028,33,Male,Jewelry,Accessories,90.0,Ohio,L,Teal,Summer,2.8,1,Next Day Air,1,1,11.0,Cash,Monthly,12.0,0.7964633492691549,51.90864582398458,-1.2035366507308451,58.68155677464242,Average,3,2,5,325,Promising
1028,1029,45,Male,Hoodie,Clothing,36.0,Nebraska,S,Lavender,Summer,3.7,1,Standard,1,1,4.0,Cash,Fortnightly,28.0,-1.5504644580505307,75.22410053898045,-3.5504644580505307,79.23278682925404,Average,3,1,2,312,Need Attention
1029,1030,29,Male,Gloves,Accessories,22.0,Ohio,M,Purple,Spring,3.6,1,2-Day Shipping,1,1,33.0,Venmo,Bi-Weekly,114.0,2.1118365897441267,38.84112618151349,0.11183658974412669,47.163291070699145,Average,5,4,1,541,Loyal Customer
1030,1031,58,Male,Coat,Outerwear,89.0,Kentucky,L,Blue,Winter,3.3,1,Next Day Air,1,1,37.0,Debit Card,Quarterly,3.0,2.3191005042066464,36.78207161808294,0.3191005042066464,45.34835310164282,Average,1,4,5,145,At Risk
1031,1032,22,Male,Sandals,Footwear,50.0,Tennessee,M,Teal,Spring,3.4,1,Free Shipping,1,1,32.0,Cash,Quarterly,3.0,0.3261708579300725,56.58074662334478,-1.6738291420699274,62.799744454860814,Average,1,4,2,142,Need Attention
1032,1033,55,Male,Boots,Footwear,36.0,Maine,M,Lavender,Fall,4.0,1,Free Shipping,1,1,44.0,Credit Card,Quarterly,3.0,0.5657350321594309,54.20080649985245,-1.4342649678405692,60.70196435183613,Good,1,5,2,152,Need Attention
1033,1034,19,Male,Pants,Clothing,52.0,Montana,S,Silver,Spring,4.6,1,Free Shipping,1,1,41.0,Bank Transfer,Quarterly,3.0,1.0336631076581346,49.552194889329606,-0.9663368923418654,56.60448103829183,Good,1,5,3,153,At Risk
1034,1035,68,Male,Socks,Clothing,29.000000000000004,Maryland,M,Olive,Fall,4.2,1,Next Day Air,1,1,44.0,Bank Transfer,Weekly,57.0,1.6803608571538426,43.12760353818922,-0.31963914284615735,50.941573903170244,Good,4,5,1,451,Loyal Customer
1035,1036,61,Male,Blouse,Clothing,89.0,Georgia,M,Brown,Fall,2.8,1,Express,1,1,32.0,Venmo,Annually,1.0,1.9207367119158234,40.73959980888747,-0.0792632880841766,48.83668619619423,Average,1,4,5,145,At Risk
1036,1037,68,Male,Handbag,Accessories,47.0,Hawaii,M,Yellow,Fall,3.7,1,2-Day Shipping,1,1,13.0,Bank Transfer,Monthly,12.0,-0.8807808223549458,68.57115687674391,-2.8807808223549456,73.36860028799586,Average,3,2,2,322,Promising
1037,1038,52,Male,Jewelry,Accessories,25.0,Rhode Island,XL,Brown,Spring,3.4,1,Standard,1,1,48.0,Debit Card,Quarterly,3.0,0.3781614032474886,56.0642487569956,-1.6218385967525113,62.344481342740146,Average,1,5,1,151,Need Attention
1038,1039,41,Male,Pants,Clothing,74.0,Nebraska,XL,Cyan,Fall,3.0,1,Express,1,1,3.0,Bank Transfer,Weekly,57.0,0.742210928217498,52.44761419883774,-1.257789071782502,59.15662634541273,Average,4,1,4,414,Recent Customer
1039,1040,29,Male,Belt,Accessories,46.0,Michigan,M,Magenta,Fall,4.8,1,Standard,1,1,39.0,Venmo,Monthly,12.0,0.876890421193512,51.109646490701444,-1.123109578806488,57.97728489521724,Good,3,4,2,342,Loyal Customer
1040,1041,68,Male,Jeans,Clothing,22.0,North Carolina,S,Magenta,Fall,4.0,1,Next Day Air,1,1,7.0,Cash,Fortnightly,28.0,-1.9339414745002674,79.03373668687995,-3.9339414745002674,82.59076160851026,Good,3,1,1,311,Lost
1041,1042,36,Male,Shirt,Clothing,25.0,Minnesota,M,Orange,Summer,4.9,1,Next Day Air,1,1,11.0,Cash,Fortnightly,28.0,-1.5303576900694416,75.02435070565967,-3.5303576900694416,79.05671885939775,Good,3,2,1,321,Promising
1042,1043,55,Male,Belt,Accessories,80.0,Maryland,M,Maroon,Spring,4.9,1,Next Day Air,1,1,47.0,Credit Card,Weekly,57.0,4.041543259795531,19.670537150829926,2.0415432597955308,30.265521318063993,Good,4,5,4,454,Champion
1043,1044,28,Male,Jeans,Clothing,76.0,Hawaii,M,Green,Spring,3.3,1,2-Day Shipping,1,1,28.0,Debit Card,Fortnightly,28.0,1.799999898073061,41.939054562802,-0.20000010192693907,49.89393645741006,Average,3,3,4,334,Promising
1044,1045,39,Male,Jeans,Clothing,30.0,Oregon,L,Teal,Summer,4.4,1,Next Day Air,1,1,17.0,Bank Transfer,Every 3 Months,4.0,-1.5306268182902032,75.02702434854895,-3.5306268182902034,79.05907552156768,Good,2,2,1,221,About to Sleep
1045,1046,54,Male,Sweater,Clothing,79.0,New Mexico,L,Black,Fall,3.5,1,2-Day Shipping,1,1,11.0,PayPal,Bi-Weekly,114.0,2.9957021954241174,30.06040082681699,0.9957021954241174,39.423587555731224,Average,5,2,4,524,Potential Loyalist
1046,1047,40,Male,Sneakers,Footwear,22.0,Illinois,M,Magenta,Winter,4.2,1,Standard,1,1,12.0,Venmo,Annually,1.0,-2.2929097455114453,82.59989174319585,-4.292909745511445,85.73412183324682,Good,1,2,1,121,Hibernating
1047,1048,31,Male,Socks,Clothing,36.0,Utah,S,Olive,Fall,4.2,1,Standard,1,1,7.0,Credit Card,Fortnightly,28.0,-1.342784061157499,73.16090844851652,-3.342784061157499,77.41420186849372,Good,3,1,2,312,Need Attention
1048,1049,30,Male,Socks,Clothing,77.0,Maine,L,Yellow,Fall,2.7,1,Standard,1,1,19.0,Venmo,Fortnightly,28.0,1.2191842369184491,47.70914310288215,-0.7808157630815509,54.979937072546946,Average,3,2,4,324,Promising
1049,1050,45,Male,Sunglasses,Accessories,33.0,Virginia,S,Purple,Fall,2.8,1,Store Pickup,1,1,24.0,Cash,Quarterly,3.0,-0.9454775357008972,69.21388363021373,-2.9454775357008973,73.9351268916703,Average,1,3,1,131,Lost
1050,1051,48,Male,Sneakers,Footwear,64.0,Florida,M,Beige,Winter,3.8,1,Next Day Air,1,1,19.0,Venmo,Monthly,12.0,0.2524139733473362,57.313481263517595,-1.7475860266526637,63.4456078250266,Average,3,2,3,323,Promising
1051,1052,45,Male,Socks,Clothing,53.0,Ohio,M,Indigo,Fall,2.6,1,Free Shipping,1,1,39.0,PayPal,Annually,1.0,0.8852052417848267,51.02704325835852,-1.1147947582151732,57.90447490493889,Average,1,4,3,143,At Risk
1052,1053,60,Male,Shoes,Footwear,36.0,Virginia,XL,Pink,Fall,3.0,1,2-Day Shipping,1,1,1.0,Credit Card,Fortnightly,28.0,-1.7581448549435628,77.28729262944441,-3.7581448549435628,81.05137179001434,Average,3,1,2,312,Need Attention
1053,1054,59,Male,Blouse,Clothing,70.0,Kansas,M,Blue,Spring,3.3,0,2-Day Shipping,1,1,10.0,Debit Card,Bi-Weekly,114.0,1.5464456307394225,44.45797867259936,-0.45355436926057746,52.11422293705817,Average,5,1,4,514,Recent Customer
1054,1055,18,Male,Shorts,Clothing,96.0,Arkansas,L,Cyan,Winter,4.9,0,Express,1,1,48.0,PayPal,Quarterly,3.0,2.3761739994858138,36.215077401022775,0.37617399948581376,44.848580365623945,Good,1,5,5,155,At Risk
1055,1056,70,Male,Jacket,Outerwear,27.0,Massachusetts,M,Orange,Spring,3.3,0,Next Day Air,1,1,24.0,Debit Card,Annually,1.0,-2.2510605103169015,82.18414229193772,-4.2510605103169015,85.36766264459592,Average,1,3,1,131,Lost
1056,1057,20,Male,Sweater,Clothing,64.0,Idaho,L,Black,Winter,2.9,0,2-Day Shipping,1,1,42.0,Venmo,Fortnightly,28.0,1.2624687292800743,47.2791351501997,-0.7375312707199257,54.60090983636759,Average,3,5,3,353,Loyal Customer
1057,1058,65,Male,Jacket,Outerwear,23.0,Wisconsin,S,Maroon,Spring,4.4,0,2-Day Shipping,1,1,20.0,Credit Card,Weekly,57.0,-1.2344354951373118,72.08452421692677,-3.234435495137312,76.46543118222743,Good,4,2,1,421,Potential Loyalist
1058,1059,29,Male,Scarf,Accessories,33.0,New Mexico,L,Violet,Summer,3.1,0,Next Day Air,1,1,49.0,Bank Transfer,Every 3 Months,4.0,-0.1886926628577481,61.69563642348791,-2.188692662857748,67.3082251288028,Average,2,5,1,251,Need Attention
1059,1060,22,Male,Jacket,Outerwear,34.0,North Carolina,M,Beige,Winter,2.5,0,Standard,1,1,25.0,Debit Card,Monthly,12.0,-1.598991118601104,75.70618658909592,-3.598991118601104,79.65771790793764,Poor,3,3,1,331,Promising
1060,1061,27,Male,Sweater,Clothing,35.0,Iowa,S,Gray,Summer,2.6,0,Next Day Air,1,1,21.0,Debit Card,Every 3 Months,4.0,-2.04259197481041,80.11312047186132,-4.04259197481041,83.54217622827758,Average,2,3,1,231,Need Attention
1061,1062,36,Male,Coat,Outerwear,62.0,Idaho,M,Gray,Summer,4.4,0,Free Shipping,1,1,12.0,Venmo,Every 3 Months,4.0,-1.5255438683284521,74.97652799783798,-3.525543868328452,79.01456589766947,Good,2,2,3,223,About to Sleep
1062,1063,59,Male,Boots,Footwear,75.0,Ohio,M,Brown,Fall,2.6,0,Next Day Air,1,1,21.0,Debit Card,Every 3 Months,4.0,-0.3535707938310723,63.33361121939439,-2.3535707938310724,68.75200554251606,Average,2,3,4,234,At Risk
1063,1064,62,Male,Hoodie,Clothing,29.000000000000004,Alabama,S,Indigo,Summer,3.3,0,Free Shipping,1,1,35.0,Cash,Monthly,12.0,-1.1178507765800823,70.92631827744114,-3.1178507765800823,75.44453937445681,Average,3,4,1,341,Loyal Customer
1064,1065,34,Male,Hat,Accessories,28.0,Wyoming,M,Violet,Spring,3.5,0,Express,1,1,42.0,Credit Card,Every 3 Months,4.0,-0.8844079032305727,68.60718995779547,-2.8844079032305725,73.4003613729637,Average,2,5,1,251,Need Attention
1065,1066,59,Male,T-shirt,Clothing,20.0,Alabama,XL,Blue,Spring,4.1,0,Store Pickup,1,1,3.0,PayPal,Every 3 Months,4.0,-3.922057299035852,98.78458898432007,-5.922057299035853,100.0,Good,2,1,1,211,About to Sleep
1066,1067,49,Male,Coat,Outerwear,96.0,Mississippi,M,Red,Winter,4.0,0,Store Pickup,1,1,11.0,PayPal,Bi-Weekly,114.0,2.713536197340336,32.863566961674536,0.713536197340336,41.89441700439309,Good,5,2,5,525,Potential Loyalist
1067,1068,18,Male,Dress,Clothing,43.0,Pennsylvania,S,Peach,Summer,2.7,0,2-Day Shipping,1,1,22.0,PayPal,Quarterly,3.0,-1.6616758383847507,76.3289252778956,-3.6616758383847507,80.20662618418064,Average,1,3,2,132,Need Attention
1068,1069,55,Male,Shirt,Clothing,94.0,Wyoming,M,Olive,Fall,2.5,0,Standard,1,1,47.0,Credit Card,Weekly,57.0,3.6327006731382987,23.732166479622492,1.6327006731382987,33.84561356815797,Poor,4,5,5,455,Champion
1069,1070,38,Male,Skirt,Clothing,81.0,Maryland,XL,White,Fall,4.3,0,Next Day Air,1,1,33.0,Venmo,Every 3 Months,4.0,0.730503970887955,52.563916469668605,-1.269496029112045,59.259140096610594,Good,2,4,4,244,At Risk
1070,1071,50,Male,Jewelry,Accessories,75.0,North Carolina,M,Magenta,Summer,3.3,0,Free Shipping,1,1,50.0,Debit Card,Weekly,57.0,3.0380960090661446,29.639241284080352,1.0380960090661446,39.05235968313439,Average,4,5,4,454,Champion
1071,1072,61,Male,Hat,Accessories,81.0,Pennsylvania,M,Beige,Summer,2.6,0,Express,1,1,46.0,Credit Card,Monthly,12.0,1.8393715473008398,41.547918584199685,-0.16062845269916015,49.549172626845696,Average,3,5,4,354,Loyal Customer
1072,1073,48,Male,Shorts,Clothing,92.0,Idaho,L,Gold,Fall,,0,Express,1,1,34.0,Debit Card,Fortnightly,28.0,1.8909691642508597,41.035324248043345,-0.1090308357491403,49.097350251695346,Poor,3,4,5,345,Loyal Customer
1073,1074,22,Male,Scarf,Accessories,96.0,California,XL,Purple,Spring,4.0,0,Store Pickup,1,1,33.0,Credit Card,Monthly,12.0,1.5728061036316212,44.196101673201646,-0.4271938963683788,51.883393449646455,Good,3,4,5,345,Loyal Customer
1074,1075,48,Male,Jewelry,Accessories,71.0,Tennessee,S,White,Fall,2.6,0,Standard,1,1,45.0,Bank Transfer,Fortnightly,28.0,1.7657278328444899,42.27952894055405,-0.23427216715551014,50.19404500559902,Average,3,5,4,354,Loyal Customer
1075,1076,57,Male,Sunglasses,Accessories,50.0,Missouri,L,Indigo,Summer,4.9,0,Next Day Air,1,1,32.0,Debit Card,Bi-Weekly,114.0,2.2249246174653194,37.71765796876394,0.22492461746531944,46.173018567696694,Good,5,4,2,542,Loyal Customer
1076,1077,33,Male,Coat,Outerwear,72.0,North Dakota,L,Charcoal,Spring,2.9,0,Standard,1,1,47.0,Venmo,Bi-Weekly,114.0,4.1922882514691135,18.172967427587434,2.1922882514691135,28.945499886726324,Average,5,5,4,554,Champion
1077,1078,58,Male,Jacket,Outerwear,28.0,West Virginia,M,Pink,Winter,3.7,0,Standard,1,1,5.0,PayPal,Quarterly,3.0,-3.4719143636458485,94.31266309353303,-5.4719143636458485,96.05825496898292,Average,1,1,1,111,Hibernating
1078,1079,37,Male,Sweater,Clothing,59.0,Arizona,M,Silver,Fall,4.4,0,Express,1,1,49.0,Credit Card,Fortnightly,28.0,1.5359286744080642,44.56245892900887,-0.46407132559193576,52.20631626364708,Good,3,5,3,353,Loyal Customer
1079,1080,18,Male,Coat,Outerwear,33.0,Oklahoma,S,Blue,Summer,4.4,0,Free Shipping,1,1,48.0,Bank Transfer,Monthly,12.0,-0.04900027194567769,60.30786829351739,-2.049000271945678,66.08498747591932,Good,3,5,1,351,Loyal Customer
1080,1081,65,Male,Scarf,Accessories,59.0,Pennsylvania,L,Blue,Fall,3.8,0,Express,1,1,22.0,Cash,Every 3 Months,4.0,-0.9599524672584636,69.35768422355986,-2.9599524672584634,74.06187882990058,Average,2,3,3,233,At Risk
1081,1082,62,Male,Belt,Accessories,30.0,Idaho,XL,Brown,Spring,4.5,0,Standard,1,1,45.0,Credit Card,Annually,1.0,-0.6706211434922292,66.48333446475513,-2.6706211434922293,71.52830511784167,Good,1,5,1,151,Need Attention
1082,1083,54,Male,Hat,Accessories,85.0,South Carolina,XL,Cyan,Winter,2.6,0,Next Day Air,1,1,30.0,Venmo,Quarterly,3.0,0.6656107933583054,53.20859498823482,-1.3343892066416947,59.82738706877021,Average,1,3,5,135,At Risk
1083,1084,35,Male,Backpack,Accessories,97.0,Washington,L,Teal,Summer,3.3,0,Store Pickup,1,1,43.0,Cash,Weekly,57.0,3.4824700658543737,25.224626072972722,1.4824700658543737,35.16113071440626,Average,4,5,5,455,Champion
1084,1085,34,Male,T-shirt,Clothing,36.0,Arkansas,S,Purple,Fall,4.1,0,Next Day Air,1,1,48.0,Cash,Quarterly,3.0,-0.15735777198319345,61.38434127972319,-2.1573577719831936,67.03383639426623,Good,1,5,2,152,Need Attention
1085,1086,25,Male,Jewelry,Accessories,85.0,Utah,M,Turquoise,Winter,3.0,0,Store Pickup,1,1,23.0,Venmo,Fortnightly,28.0,0.8338956689716925,51.5367760322595,-1.1661043310283075,58.35377497782475,Average,3,3,5,335,Promising
1086,1087,53,Male,Sunglasses,Accessories,62.0,Alaska,M,Olive,Winter,3.0,0,Free Shipping,1,1,27.0,PayPal,Bi-Weekly,114.0,2.385496976937401,36.12245867713043,0.38549697693740104,44.76694229656874,Average,5,3,3,533,Potential Loyalist
1087,1088,45,Male,Jeans,Clothing,71.0,West Virginia,S,White,Winter,3.4,0,Next Day Air,1,1,7.0,Bank Transfer,Monthly,12.0,-1.2827289075534063,72.56429307334761,-3.2827289075534063,76.88831978817005,Average,3,1,4,314,Need Attention
1088,1089,49,Male,Pants,Clothing,21.0,Louisiana,M,Turquoise,Winter,2.7,0,Free Shipping,1,1,2.0,PayPal,Weekly,57.0,-2.564968935544469,85.30265222233376,-4.564968935544469,88.11644948107737,Average,4,1,1,411,Recent Customer
1089,1090,40,Male,Backpack,Accessories,61.0,Arizona,M,Silver,Spring,3.8,0,Next Day Air,1,1,33.0,PayPal,Bi-Weekly,114.0,2.758632241198981,32.41556222751422,0.7586322411989812,41.49952664219217,Average,5,4,3,543,Loyal Customer
1090,1091,38,Male,Scarf,Accessories,58.0,Connecticut,M,Violet,Spring,4.2,0,Store Pickup,1,1,27.0,Cash,Fortnightly,28.0,-0.029286432331985024,60.112021990389444,-2.0292864323319852,65.91236024303336,Good,3,3,3,333,Promising
1091,1092,44,Male,Sweater,Clothing,80.0,North Carolina,L,Lavender,Spring,4.7,0,Store Pickup,1,1,6.0,Credit Card,Fortnightly,28.0,-0.554087561044571,65.32563653478019,-2.554087561044571,70.50786109118667,Good,3,1,4,314,Need Attention
1092,1093,68,Male,Jewelry,Accessories,50.0,South Dakota,L,Magenta,Spring,4.1,0,2-Day Shipping,1,1,20.0,Venmo,Quarterly,3.0,-1.5045507296420544,74.76797255235653,-3.5045507296420544,78.83073628801257,Good,1,2,2,122,Hibernating
1093,1094,60,Male,Sneakers,Footwear,48.0,Delaware,S,Indigo,Winter,4.2,0,2-Day Shipping,1,1,46.0,Venmo,Every 3 Months,4.0,0.23700988311647198,57.466512544276746,-1.762990116883528,63.58049608240254,Good,2,5,2,252,Need Attention
1094,1095,25,Male,Jewelry,Accessories,40.0,Connecticut,M,Black,Winter,4.8,0,Next Day Air,1,1,25.0,Cash,Quarterly,3.0,-1.5806720300651693,75.52419638136669,-3.5806720300651693,79.49730402485244,Good,1,3,2,132,Need Attention
1095,1096,19,Male,Coat,Outerwear,34.0,Tennessee,S,Peach,Summer,3.0,0,Free Shipping,1,1,30.0,Bank Transfer,Quarterly,3.0,-1.4878912123903505,74.60246928513017,-3.4878912123903505,78.68485469311615,Average,1,3,1,131,Lost
1096,1097,57,Male,Coat,Outerwear,46.0,New Hampshire,S,Beige,Fall,2.6,0,Standard,1,1,48.0,Credit Card,Annually,1.0,0.21266772579253768,57.70833867330442,-1.7873322742074622,63.79365188277675,Average,1,5,2,152,Need Attention
1097,1098,58,Male,Sunglasses,Accessories,27.0,Vermont,M,Black,Summer,3.2,0,Store Pickup,1,1,47.0,Bank Transfer,Weekly,57.0,0.8035901949979074,51.837844477504625,-1.1964098050020926,58.61914946680853,Average,4,5,1,451,Loyal Customer
1098,1099,49,Male,Handbag,Accessories,98.0,Idaho,S,Turquoise,Spring,3.6,0,Next Day Air,1,1,27.0,Credit Card,Weekly,57.0,2.417066811949354,35.80882949080206,0.41706681194935413,44.49049623798387,Average,4,3,5,435,Potential Loyalist
1099,1100,19,Male,Sweater,Clothing,73.0,North Carolina,M,Peach,Fall,2.6,0,Next Day Air,1,1,45.0,Bank Transfer,Fortnightly,28.0,1.850178891893457,41.44055347793069,-0.14982110810654303,49.45453647131095,Average,3,5,4,354,Loyal Customer
1100,1101,50,Male,Pants,Clothing,28.0,Nevada,L,Gold,Spring,4.4,0,Express,1,1,2.0,Credit Card,Weekly,57.0,-2.2693902288730845,82.36623810315203,-4.2693902288730845,85.52816961106909,Good,4,1,1,411,Recent Customer
1101,1102,30,Male,Gloves,Accessories,76.0,Delaware,XL,Silver,Fall,3.0,0,Free Shipping,1,1,39.0,Cash,Fortnightly,28.0,1.561494686680844,44.30847446492355,-0.4385053133191561,51.98244359139945,Average,3,4,4,344,Loyal Customer
1102,1103,52,Male,Sweater,Clothing,83.0,Texas,M,Peach,Fall,2.9,0,Express,1,1,24.0,Cash,Fortnightly,28.0,0.8186714088870696,51.688020798061544,-1.1813285911129303,58.48708852519271,Average,3,3,4,334,Promising
1103,1104,35,Male,Hoodie,Clothing,23.0,Tennessee,S,Charcoal,Spring,4.3,0,Free Shipping,1,1,8.0,Debit Card,Bi-Weekly,114.0,-0.5766078548399878,65.54936343789063,-2.5766078548399878,70.70506346666818,Good,5,1,1,511,Recent Customer
1104,1105,35,Male,Hat,Accessories,28.0,Delaware,M,Beige,Fall,3.1,0,Express,1,1,8.0,Bank Transfer,Quarterly,3.0,-3.2642339667528173,92.2494710030691,-5.264233966752817,94.23967000822263,Average,1,1,1,111,Hibernating
1105,1106,33,Male,T-shirt,Clothing,83.0,Massachusetts,S,Olive,Spring,3.0,0,Next Day Air,1,1,6.0,Venmo,Every 3 Months,4.0,-1.0541685421003633,70.2936698212207,-3.0541685421003635,74.88689620916529,Average,2,1,4,214,About to Sleep
1106,1107,52,Male,Skirt,Clothing,96.0,Minnesota,L,Violet,Winter,3.6,0,Store Pickup,1,1,12.0,Venmo,Fortnightly,28.0,0.5368817051332276,54.48744865286553,-1.4631182948667725,60.954622895361446,Average,3,2,5,325,Promising
1107,1108,69,Male,Sneakers,Footwear,62.0,Texas,M,Peach,Fall,2.8,0,Store Pickup,1,1,26.0,Bank Transfer,Weekly,57.0,0.8277209501036062,51.59811851484362,-1.1722790498963938,58.40784484208934,Average,4,3,3,433,Potential Loyalist
1108,1109,27,Male,Shorts,Clothing,25.0,Nebraska,M,Teal,Fall,2.8,0,Standard,1,1,50.0,Cash,Fortnightly,28.0,0.16948746953997074,58.13731109678446,-1.8305125304600294,64.17176635962427,Average,3,5,1,351,Loyal Customer
1109,1110,66,Male,Hoodie,Clothing,97.0,Oklahoma,L,Violet,Winter,,0,Next Day Air,1,1,2.0,Venmo,Weekly,57.0,0.6441713083162737,53.42158464264656,-1.3558286916837263,60.01512517813046,Poor,4,1,5,415,Recent Customer
1110,1111,28,Male,Hoodie,Clothing,61.0,Texas,L,Cyan,Fall,3.0,0,Standard,1,1,31.0,Cash,Bi-Weekly,114.0,2.620178643270293,33.79102362115685,0.6201786432702932,42.711916616032376,Average,5,4,3,543,Loyal Customer
1111,1112,22,Male,Shoes,Footwear,66.0,New York,S,Olive,Summer,4.1,0,Next Day Air,1,1,4.0,Credit Card,Bi-Weekly,114.0,0.9621827188554255,50.26231377877394,-1.0378172811445745,57.230409927154945,Good,5,1,3,513,Recent Customer
1112,1113,69,Male,Hoodie,Clothing,67.0,Washington,XL,Pink,Spring,4.6,0,Free Shipping,1,1,32.0,PayPal,Quarterly,3.0,0.04400485984629121,59.383912758202314,-1.9559951401537088,65.27057390352269,Good,1,4,3,143,At Risk
1113,1114,28,Male,Sunglasses,Accessories,80.0,Maryland,M,Purple,Summer,4.8,0,Next Day Air,1,1,11.0,PayPal,Bi-Weekly,114.0,2.037927724948601,39.575370662661314,0.03792772494860097,47.8104852786977,Good,5,2,4,524,Potential Loyalist
1114,1115,55,Male,Skirt,Clothing,25.0,New Hampshire,L,Violet,Fall,2.6,0,Next Day Air,1,1,47.0,Bank Transfer,Every 3 Months,4.0,-0.6649504969823035,66.42699966762393,-2.6649504969823035,71.47864923979532,Average,2,5,1,251,Need Attention
1115,1116,30,Male,Hat,Accessories,58.0,New York,S,Peach,Fall,4.0,0,2-Day Shipping,1,1,37.0,Cash,Weekly,57.0,1.4203136206134555,45.71103177505588,-0.5796863793865445,53.21871705454436,Good,4,4,3,443,Loyal Customer
1116,1117,67,Male,Backpack,Accessories,96.0,Hawaii,M,Charcoal,Winter,4.2,0,Express,1,1,39.0,PayPal,Fortnightly,28.0,2.4060052771705127,35.91871983869009,0.4060052771705127,44.58735824851869,Good,3,4,5,345,Loyal Customer
1117,1118,25,Male,Sunglasses,Accessories,77.0,California,L,Lavender,Spring,4.5,0,Store Pickup,1,1,24.0,Credit Card,Monthly,12.0,0.14747985198734048,58.35594483951526,-1.8525201480126596,64.3644794076641,Good,3,3,4,334,Promising
1118,1119,49,Male,Belt,Accessories,65.0,Indiana,M,Purple,Summer,4.9,0,Standard,1,1,11.0,PayPal,Every 3 Months,4.0,-1.468094078719346,74.40579550072425,-3.468094078719346,78.51149808315748,Good,2,2,3,223,About to Sleep
1119,1120,34,Male,Jewelry,Accessories,36.0,Louisiana,M,Indigo,Spring,3.1,0,Standard,1,1,36.0,Credit Card,Weekly,57.0,0.4221251721104755,55.627492560734005,-1.5778748278895245,61.959505918633305,Average,4,4,2,442,Loyal Customer
1120,1121,22,Male,Sneakers,Footwear,84.0,Pennsylvania,M,Magenta,Winter,4.0,0,Next Day Air,1,1,40.0,Debit Card,Monthly,12.0,1.5506873420882268,44.41583957119254,-0.4493126579117732,52.077079746934196,Good,3,4,4,344,Loyal Customer
1121,1122,63,Male,T-shirt,Clothing,58.0,Florida,XL,Peach,Fall,3.2,0,Express,1,1,25.0,Cash,Quarterly,3.0,-0.8206124986244672,67.97341721775658,-2.820612498624467,72.84172721625974,Average,1,3,3,133,At Risk
1122,1123,70,Male,Handbag,Accessories,62.0,North Carolina,S,Charcoal,Spring,4.3,0,2-Day Shipping,1,1,12.0,Credit Card,Annually,1.0,-1.6038885645321075,75.7548400578849,-3.6038885645321077,79.70060313759582,Good,1,2,3,123,Need Attention
1123,1124,36,Male,Hat,Accessories,67.0,Massachusetts,S,Purple,Fall,2.5,0,Store Pickup,1,1,38.0,Cash,Monthly,12.0,0.6943997422433206,52.92259239713361,-1.3056002577566794,59.575292262223044,Poor,3,4,3,343,Loyal Customer
1124,1125,42,Male,Sweater,Clothing,20.0,Iowa,M,Orange,Spring,,0,Express,1,1,40.0,Cash,Quarterly,3.0,-1.3867806360896795,73.59799055528046,-3.3867806360896795,77.79946456393165,Poor,1,4,1,141,Need Attention
1125,1126,27,Male,Sandals,Footwear,90.0,North Dakota,M,Lavender,Summer,2.7,0,2-Day Shipping,1,1,10.0,Bank Transfer,Weekly,57.0,0.9024069933596406,50.85615318725777,-1.0975930066403594,57.753845152777906,Average,4,1,5,415,Recent Customer
1126,1127,23,Male,Scarf,Accessories,58.0,Iowa,L,Beige,Winter,3.4,0,Standard,1,1,47.0,Venmo,Fortnightly,28.0,1.355249546954893,46.35740805396317,-0.6447504530451069,53.78846050463132,Average,3,5,3,353,Loyal Customer
1127,1128,50,Male,Shirt,Clothing,53.0,Delaware,XL,Maroon,Spring,4.8,0,Store Pickup,1,1,22.0,Debit Card,Monthly,12.0,-1.0043864545289503,69.79911178463806,-3.0043864545289503,74.45097179296121,Good,3,3,3,333,Promising
1128,1129,56,Male,Gloves,Accessories,30.0,New York,L,Charcoal,Winter,4.7,0,Next Day Air,1,1,35.0,Debit Card,Monthly,12.0,-1.0756252470555987,70.50683054612948,-3.0756252470555987,75.07478510731276,Good,3,4,1,341,Loyal Customer
1129,1130,37,Male,Hoodie,Clothing,65.0,New Hampshire,XL,White,Winter,4.7,0,Express,1,1,46.0,Venmo,Fortnightly,28.0,1.581601454661933,44.108724631602776,-0.418398545338067,51.806375621543154,Good,3,5,3,353,Loyal Customer
1130,1131,67,Male,Jewelry,Accessories,41.0,Kentucky,M,Lavender,Summer,3.9,0,Standard,1,1,30.0,PayPal,Bi-Weekly,114.0,1.7064412538162803,42.868508944211634,-0.2935587461837197,50.713196945833246,Average,5,3,2,532,Potential Loyalist
1131,1132,67,Male,Shirt,Clothing,73.0,Illinois,M,Black,Spring,3.7,0,Express,1,1,20.0,Bank Transfer,Monthly,12.0,-0.2983294619679689,62.784818552047206,-2.2983294619679686,68.26827642392065,Average,3,2,4,324,Promising
1132,1133,50,Male,Hoodie,Clothing,98.0,North Carolina,S,Teal,Spring,4.3,0,Store Pickup,1,1,25.0,Cash,Fortnightly,28.0,1.5212811507186652,44.70797413156512,-0.4787188492813348,52.334579531112034,Good,3,3,5,335,Promising
1133,1134,36,Male,Shoes,Footwear,36.0,Connecticut,XL,Magenta,Winter,4.1,0,2-Day Shipping,1,1,29.0,Cash,Weekly,57.0,-0.06246242063993179,60.44160743848319,-2.062462420639932,66.20287082707402,Good,4,3,2,432,Potential Loyalist
1134,1135,62,Male,T-shirt,Clothing,81.0,Wisconsin,M,Brown,Summer,,0,Express,1,1,2.0,Venmo,Every 3 Months,4.0,-1.4155267970067056,73.8835680711293,-3.415526797006706,78.05118469113378,Poor,2,1,4,214,About to Sleep
1135,1136,65,Male,Skirt,Clothing,90.0,Massachusetts,L,Peach,Winter,3.6,0,2-Day Shipping,1,1,32.0,Bank Transfer,Quarterly,3.0,1.0151920389094107,49.735694938033824,-0.9848079610905893,56.76622575920981,Average,1,4,5,145,At Risk
1136,1137,23,Male,Handbag,Accessories,83.0,Illinois,S,Cyan,Summer,4.8,0,Free Shipping,1,1,37.0,Cash,Monthly,12.0,1.300781415670712,46.898519392968154,-0.699218584329288,54.26541897483854,Good,3,4,4,344,Loyal Customer
1137,1138,46,Male,Shirt,Clothing,91.0,New Mexico,XL,Pink,Winter,2.8,0,2-Day Shipping,1,1,16.0,Bank Transfer,Every 3 Months,4.0,-0.024096316261056683,60.060461002514174,-2.0240963162610566,65.86691220281196,Average,2,2,5,225,About to Sleep
1138,1139,18,Male,Pants,Clothing,36.0,Iowa,M,Purple,Summer,4.7,0,Express,1,1,32.0,Venmo,Fortnightly,28.0,-0.6121140870489016,65.90209859513969,-2.6121140870489015,71.01597918560168,Good,3,4,2,342,Loyal Customer
1139,1140,58,Male,Coat,Outerwear,53.0,Alabama,L,Purple,Spring,3.9,0,Standard,1,1,42.0,Debit Card,Bi-Weekly,114.0,3.0438691956822086,29.581887806615793,1.0438691956822086,39.001805897063555,Average,5,5,3,553,Loyal Customer
1140,1141,31,Male,Jeans,Clothing,39.0,Maryland,M,White,Winter,2.6,0,Store Pickup,1,1,6.0,Credit Card,Every 3 Months,4.0,-2.912091841177635,88.75112999893435,-4.912091841177634,91.15608396350297,Average,2,1,2,212,About to Sleep
1141,1142,39,Male,Gloves,Accessories,33.0,Ohio,S,Silver,Winter,4.7,0,Next Day Air,1,1,23.0,PayPal,Fortnightly,28.0,-1.361831866301447,73.35013806046653,-3.361831866301447,77.58099686931472,Good,3,3,1,331,Promising
1142,1143,69,Male,T-shirt,Clothing,76.0,Ohio,L,Green,Spring,3.5,0,Store Pickup,1,1,27.0,Venmo,Bi-Weekly,114.0,2.9766543902801694,30.249630438767,0.9766543902801694,39.590382556552214,Average,5,3,4,534,Potential Loyalist
1143,1144,68,Male,Boots,Footwear,23.0,Nevada,L,Teal,Winter,4.4,0,Standard,1,1,43.0,PayPal,Quarterly,3.0,-1.0524236506231976,70.2763352708815,-3.0524236506231976,74.87161680173924,Good,1,5,1,151,Need Attention
1144,1145,41,Male,Jeans,Clothing,54.0,South Carolina,S,Indigo,Fall,4.4,0,2-Day Shipping,1,1,25.0,Bank Transfer,Fortnightly,28.0,-0.3366421483586066,63.16543430927876,-2.3366421483586066,68.6037672854497,Good,3,3,3,333,Promising
1145,1146,31,Male,Sneakers,Footwear,89.0,Nevada,L,Pink,Summer,3.0,0,Express,1,1,30.0,Cash,Every 3 Months,4.0,0.8606278101907909,51.27120670963915,-1.139372189809209,58.1196909202186,Average,2,3,5,235,At Risk
1146,1147,48,Male,Sneakers,Footwear,38.0,Wisconsin,M,Indigo,Summer,4.2,0,Standard,1,1,7.0,Bank Transfer,Every 3 Months,4.0,-2.8850905717377744,88.48288703342469,-4.885090571737774,90.9196432437269,Good,2,1,2,212,About to Sleep
1147,1148,59,Male,Hat,Accessories,36.0,Tennessee,XL,Red,Winter,4.3,0,Next Day Air,1,1,17.0,Debit Card,Annually,1.0,-2.3556183373469577,83.22286758788185,-4.355618337346957,86.2832391487403,Good,1,2,2,122,Hibernating
1148,1149,34,Male,Pants,Clothing,66.0,Florida,M,Violet,Spring,2.6,0,Store Pickup,1,1,10.0,PayPal,Fortnightly,28.0,-0.8683377785299636,68.44754198585836,-2.8683377785299635,73.25964088352278,Average,3,1,3,313,Need Attention
1149,1150,21,Male,Jewelry,Accessories,42.0,Georgia,L,Cyan,Spring,3.3,0,Store Pickup,1,1,40.0,Venmo,Annually,1.0,-0.5100487840201473,64.88813517312161,-2.5100487840201473,70.12222884671372,Average,1,4,2,142,Need Attention
1150,1151,29,Male,Jewelry,Accessories,36.0,Kentucky,S,Red,Winter,2.7,0,Next Day Air,1,1,50.0,Venmo,Bi-Weekly,114.0,2.8798495854807413,31.211333664343737,0.8798495854807413,40.43806854315138,Average,5,5,2,552,Loyal Customer
1151,1152,41,Male,Blouse,Clothing,86.0,Ohio,M,Gray,Spring,,0,Express,1,1,24.0,Credit Card,Weekly,57.0,1.7026800607625214,42.905874357006084,-0.29731993923747857,50.74613240447263,Poor,4,3,5,435,Potential Loyalist
1152,1153,62,Male,Handbag,Accessories,49.0,Connecticut,M,Gold,Fall,4.0,0,Standard,1,1,8.0,PayPal,Every 3 Months,4.0,-2.3513829480041126,83.18079129217497,-4.351382948004113,86.24615131822237,Good,2,1,2,212,About to Sleep
1153,1154,27,Male,Shirt,Clothing,41.0,Idaho,M,Pink,Summer,4.0,0,Free Shipping,1,1,6.0,Bank Transfer,Quarterly,3.0,-2.85375568086322,88.17159188965998,-4.85375568086322,90.64525450919034,Good,1,1,2,112,Hibernating
1154,1155,49,Male,Dress,Clothing,82.0,Georgia,L,Cyan,Spring,2.9,0,2-Day Shipping,1,1,44.0,Credit Card,Bi-Weekly,114.0,4.406863149820916,16.04128220493464,2.406863149820916,27.066542176046248,Average,5,5,4,554,Champion
1155,1156,67,Male,T-shirt,Clothing,53.0,Tennessee,S,Red,Fall,2.6,0,Express,1,1,47.0,PayPal,Quarterly,3.0,0.49124943096868157,54.940780544246046,-1.5087505690313185,61.35420883973769,Average,1,5,3,153,At Risk
1156,1157,20,Male,Shoes,Footwear,21.0,Hawaii,M,Gold,Summer,4.8,0,Express,1,1,6.0,Venmo,Every 3 Months,4.0,-3.672151372618337,96.30190916254445,-5.6721513726183375,97.81166077209565,Good,2,1,1,211,About to Sleep
1157,1158,37,Male,Belt,Accessories,66.0,Maryland,M,Charcoal,Fall,4.4,0,Standard,1,1,11.0,Cash,Quarterly,3.0,-1.4519834479294143,74.24574512276156,-3.4519834479294143,78.37042289598888,Good,1,2,3,123,Need Attention
1158,1159,69,Male,Belt,Accessories,89.0,Nevada,L,Orange,Summer,4.0,0,2-Day Shipping,1,1,41.0,Bank Transfer,Annually,1.0,1.5437779025949188,44.484481104651636,-0.45622209740508124,52.13758330402383,Good,1,5,5,155,At Risk
1159,1160,66,Male,Handbag,Accessories,55.0,New Hampshire,L,Blue,Fall,3.6,0,2-Day Shipping,1,1,46.0,Venmo,Every 3 Months,4.0,0.5325885897878562,54.530098425095034,-1.4674114102121438,60.99221621239427,Average,2,5,3,253,At Risk
1160,1161,37,Male,Scarf,Accessories,42.0,North Dakota,S,Blue,Summer,3.2,0,Next Day Air,1,1,9.0,Venmo,Bi-Weekly,114.0,0.29490400508954195,56.891365846147536,-1.705095994910458,63.07353740401135,Average,5,1,2,512,Recent Customer
1161,1162,63,Male,Shorts,Clothing,52.0,Oklahoma,S,Orange,Fall,3.1,0,2-Day Shipping,1,1,37.0,PayPal,Monthly,12.0,-0.008209999588275063,59.90263906363003,-2.008209999588275,65.72780125630372,Average,3,4,3,343,Loyal Customer
1162,1163,47,Male,Sandals,Footwear,92.0,North Carolina,M,Blue,Winter,4.2,0,Express,1,1,13.0,PayPal,Weekly,57.0,1.194538449301639,47.953985634170486,-0.8054615506983609,55.19575165772953,Good,4,2,5,425,Potential Loyalist
1163,1164,26,Male,Pants,Clothing,56.0,Tennessee,L,White,Summer,3.0,0,2-Day Shipping,1,1,24.0,Debit Card,Monthly,12.0,-0.739256268026812,67.1651871970604,-2.739256268026812,72.12931901768891,Average,3,3,3,333,Promising
1164,1165,68,Male,Dress,Clothing,96.0,Montana,M,Green,Winter,4.2,0,Standard,1,1,47.0,PayPal,Quarterly,3.0,2.3069472005214697,36.902808097844094,0.30694720052146973,45.45477535254405,Good,1,5,5,155,At Risk
1165,1166,51,Male,T-shirt,Clothing,64.0,Wisconsin,M,Silver,Winter,2.9,0,Next Day Air,1,1,21.0,Venmo,Every 3 Months,4.0,-0.8180516186003902,67.9479762638228,-2.81805161860039,72.81930248110046,Average,2,3,3,233,At Risk
1166,1167,48,Male,Dress,Clothing,48.0,Connecticut,S,Lavender,Winter,3.7,0,Store Pickup,1,1,22.0,Venmo,Fortnightly,28.0,-0.797675722398539,67.74555278761274,-2.797675722398539,72.64087784907426,Average,3,3,2,332,Promising
1167,1168,60,Male,Socks,Clothing,83.0,New Jersey,XL,Beige,Summer,3.6,0,Free Shipping,1,1,16.0,PayPal,Quarterly,3.0,-0.38801545119147596,63.67580020635655,-2.388015451191476,69.0536254199397,Average,1,2,4,124,Need Attention
1168,1169,68,Male,Scarf,Accessories,91.0,Mississippi,L,Violet,Summer,3.6,0,Standard,1,1,37.0,Debit Card,Fortnightly,28.0,2.056424031619408,39.39161988889108,0.05642403161940779,47.64851955807908,Average,3,4,5,345,Loyal Customer
1169,1170,25,Male,Backpack,Accessories,94.0,Wyoming,S,Gray,Fall,4.5,0,2-Day Shipping,1,1,3.0,Cash,Annually,1.0,-0.8757128104277322,68.52080892730316,-2.875712810427732,73.32422147126752,Good,1,1,5,115,Need Attention
1170,1171,57,Male,Skirt,Clothing,62.0,Illinois,S,Red,Spring,3.2,0,Express,1,1,33.0,Cash,Bi-Weekly,114.0,2.8008577707234643,31.996074496202553,0.8008577707234643,41.129772375048134,Average,5,4,3,543,Loyal Customer
1171,1172,41,Male,Socks,Clothing,55.0,Louisiana,M,Lavender,Spring,3.9,0,Next Day Air,1,1,15.0,Debit Card,Annually,1.0,-1.69178687431046,76.62806208660268,-3.69178687431046,80.47029804684377,Average,1,2,3,123,Need Attention
1172,1173,59,Male,Coat,Outerwear,68.0,Oregon,L,Peach,Spring,4.6,0,Store Pickup,1,1,42.0,Bank Transfer,Bi-Weekly,114.0,3.67725213854946,23.289571836940695,1.67725213854946,33.45549188990299,Good,5,5,3,553,Loyal Customer
1173,1174,44,Male,Jewelry,Accessories,76.0,South Dakota,M,Indigo,Winter,2.5,0,Express,1,1,42.0,Cash,Bi-Weekly,114.0,4.015056374745328,19.933669986447306,2.0150563747453276,30.497457752750684,Poor,5,5,4,554,Champion
1174,1175,42,Male,Backpack,Accessories,31.000000000000004,Michigan,M,Black,Winter,4.3,0,Express,1,1,19.0,Bank Transfer,Bi-Weekly,114.0,0.5226911699636632,54.6284239223628,-1.4773088300363368,61.078884473394744,Good,5,2,1,521,Potential Loyalist
1175,1176,35,Male,Belt,Accessories,81.0,New Jersey,M,Beige,Spring,4.1,0,Store Pickup,1,1,26.0,PayPal,Quarterly,3.0,0.2198014794029962,57.63746870076677,-1.7801985205970037,63.73118408502677,Good,1,3,4,134,At Risk
1176,1177,36,Male,Dress,Clothing,83.0,Oregon,M,Red,Winter,,0,Free Shipping,1,1,39.0,PayPal,Quarterly,3.0,1.2042009249884336,47.85799417946635,-0.7957990750115664,55.111140720777364,Poor,1,4,4,144,At Risk
1177,1178,54,Male,Skirt,Clothing,21.0,Iowa,M,Black,Spring,4.8,0,Standard,1,1,24.0,Debit Card,Monthly,12.0,-2.2171498013837327,81.84725779296897,-4.217149801383733,85.07071836773025,Good,3,3,1,331,Promising
1178,1179,37,Male,Dress,Clothing,22.0,South Carolina,M,Teal,Spring,4.9,0,Express,1,1,23.0,Debit Card,Annually,1.0,-2.5314149569036624,84.9693116453174,-4.531414956903662,87.82262896723621,Good,1,3,1,131,Lost
1179,1180,20,Male,T-shirt,Clothing,33.0,Indiana,M,Blue,Summer,2.8,0,Free Shipping,1,1,44.0,Bank Transfer,Annually,1.0,-0.6131713538831228,65.91260196764142,-2.6131713538831227,71.02523730332966,Average,1,5,1,151,Need Attention
1180,1181,23,Male,Skirt,Clothing,23.0,Oregon,S,Beige,Spring,4.9,0,Standard,1,1,34.0,Cash,Monthly,12.0,-1.440430752691327,74.1309753621325,-3.440430752691327,78.26925996424113,Good,3,4,1,341,Loyal Customer
1181,1182,61,Male,Shorts,Clothing,96.0,New York,L,Teal,Summer,3.5,0,Free Shipping,1,1,43.0,Bank Transfer,Quarterly,3.0,2.030040004664094,39.65373088512934,0.030040004664094067,47.87955530022445,Average,1,5,5,155,At Risk
1182,1183,37,Male,Jewelry,Accessories,21.0,New Mexico,M,Maroon,Spring,3.8,0,Express,1,1,45.0,PayPal,Quarterly,3.0,-0.9984211117434768,69.73984933986223,-2.9984211117434767,74.39873536218713,Average,1,5,1,151,Need Attention
1183,1184,23,Male,Pants,Clothing,39.0,Louisiana,M,Yellow,Spring,4.5,0,2-Day Shipping,1,1,4.0,Credit Card,Weekly,57.0,-1.666455806175079,76.37641166508101,-3.6664558061750787,80.24848269864448,Good,4,1,2,412,Recent Customer
1184,1185,63,Male,Belt,Accessories,73.0,South Carolina,S,Indigo,Fall,3.4,0,Express,1,1,19.0,Credit Card,Annually,1.0,-0.6548201470123822,66.3263601357073,-2.6548201470123822,71.38994129057068,Average,1,2,4,124,Need Attention
1185,1186,47,Male,Jeans,Clothing,64.0,Maine,M,Magenta,Spring,3.9,0,Standard,1,1,29.0,Credit Card,Monthly,12.0,-0.055318037009224885,60.370631862460456,-2.0553180370092248,66.14030994593608,Average,3,3,3,333,Promising
1186,1187,63,Male,Jeans,Clothing,68.0,Indiana,M,Beige,Summer,4.1,0,2-Day Shipping,1,1,27.0,Credit Card,Annually,1.0,-0.3121334029200483,62.92195321769517,-2.312133402920048,68.38915273093006,Good,1,3,3,133,At Risk
1187,1188,56,Male,Hat,Accessories,89.0,Iowa,L,Maroon,Fall,3.0,0,Express,1,1,37.0,Credit Card,Every 3 Months,4.0,1.3452154029411982,46.457091831889954,-0.6547845970588018,53.876326011777884,Average,2,4,5,245,At Risk
1188,1189,68,Male,Blouse,Clothing,29.000000000000004,Mississippi,M,Magenta,Summer,3.3,0,Next Day Air,1,1,11.0,Credit Card,Weekly,57.0,-1.6041235086695058,75.75717410044854,-3.604123508669506,79.70266046164414,Average,4,2,1,421,Potential Loyalist
1189,1190,64,Male,Shirt,Clothing,97.0,Arkansas,XL,Teal,Summer,,0,Free Shipping,1,1,28.0,Debit Card,Annually,1.0,0.9816337522543158,50.069078312835316,-1.0183662477456843,57.060083996832844,Poor,1,3,5,135,At Risk
1190,1191,62,Male,Shirt,Clothing,45.0,South Carolina,M,Orange,Winter,4.3,0,Next Day Air,1,1,31.0,Credit Card,Weekly,57.0,0.4560209430091071,55.29075646303551,-1.5439790569908929,61.662692448937484,Good,4,4,2,442,Loyal Customer
1191,1192,34,Male,T-shirt,Clothing,70.0,Indiana,L,Charcoal,Winter,4.1,0,Free Shipping,1,1,50.0,Venmo,Quarterly,3.0,1.4167638297779317,45.746297021483656,-0.5832361702220683,53.24980133752874,Good,1,5,4,154,At Risk
1192,1193,49,Male,Coat,Outerwear,56.0,Florida,M,Turquoise,Summer,4.0,0,2-Day Shipping,1,1,42.0,Venmo,Quarterly,3.0,0.2717920247204121,57.1209708344176,-1.728207975279588,63.275920972906086,Good,1,5,3,153,At Risk
1193,1194,40,Male,Jacket,Outerwear,55.0,Alaska,L,Pink,Fall,5.0,0,2-Day Shipping,1,1,18.0,Credit Card,Fortnightly,28.0,-0.7790042115845305,67.56006145571628,-2.7790042115845304,72.47737792674639,Good,3,2,3,323,Promising
1194,1195,50,Male,Hoodie,Clothing,46.0,New York,S,Teal,Winter,3.1,0,2-Day Shipping,1,1,6.0,Credit Card,Fortnightly,28.0,-1.9897555648770084,79.5882193993771,-3.9897555648770084,83.07950617408396,Average,3,1,2,312,Need Attention
1195,1196,25,Male,Scarf,Accessories,95.0,Texas,M,White,Winter,4.0,0,2-Day Shipping,1,1,33.0,Venmo,Monthly,12.0,1.5305805741071377,44.61558940451332,-0.46941942589286234,52.253147716790494,Good,3,4,5,345,Loyal Customer
1196,1197,30,Male,Belt,Accessories,88.0,North Dakota,M,Maroon,Winter,3.2,0,2-Day Shipping,1,1,13.0,Bank Transfer,Bi-Weekly,114.0,2.5141855590731566,34.844007418525294,0.5141855590731566,43.64006116770518,Average,5,2,5,525,Potential Loyalist
1197,1198,54,Male,Sneakers,Footwear,92.0,Vermont,L,Violet,Fall,3.9,0,Standard,1,1,26.0,PayPal,Annually,1.0,0.6320525067032107,53.541978363036314,-1.3679474932967892,60.12124530639325,Average,1,3,5,135,At Risk
1198,1199,40,Male,Socks,Clothing,49.0,New Jersey,M,Brown,Summer,3.9,0,2-Day Shipping,1,1,17.0,Cash,Annually,1.0,-1.8066864535286729,77.76952708083009,-3.806686453528673,81.47643367586781,Average,1,2,2,122,Hibernating
1199,1200,49,Male,Sandals,Footwear,89.0,Maryland,M,Indigo,Fall,4.5,0,Free Shipping,1,1,3.0,Debit Card,Weekly,57.0,0.37559387108474973,56.08975579631864,-1.6244061289152503,62.36696432836266,Good,4,1,5,415,Recent Customer
1200,1201,27,Male,Coat,Outerwear,22.0,Connecticut,XL,Black,Winter,4.4,0,Store Pickup,1,1,7.0,PayPal,Weekly,57.0,-2.1766094111982657,81.44451100691552,-4.176609411198266,84.7157202793328,Good,4,1,1,411,Recent Customer
1201,1202,27,Male,Shoes,Footwear,61.0,Illinois,XL,Black,Summer,3.1,0,2-Day Shipping,1,1,46.0,Venmo,Fortnightly,28.0,1.4126993365639993,45.786675556849474,-0.5873006634360007,53.2853926901193,Average,3,5,3,353,Loyal Customer
1202,1203,48,Male,Scarf,Accessories,29.000000000000004,Maryland,S,Olive,Spring,2.9,0,Standard,1,1,14.0,Venmo,Every 3 Months,4.0,-2.780532744707718,87.44416173748057,-4.780532744707719,90.00406673958253,Average,2,2,1,221,About to Sleep
1203,1204,40,Male,Sneakers,Footwear,82.0,Minnesota,M,Orange,Winter,3.7,0,Free Shipping,1,1,23.0,Bank Transfer,Annually,1.0,0.002116814565344405,59.80004776661699,-1.9978831854346555,65.63737293859393,Average,1,3,4,134,At Risk
1204,1205,67,Male,Belt,Accessories,94.0,Florida,M,Pink,Spring,3.2,0,2-Day Shipping,1,1,20.0,Credit Card,Every 3 Months,4.0,0.3794874681697693,56.051075021293904,-1.6205125318302307,62.332869453699445,Average,2,2,5,225,About to Sleep
1205,1206,52,Male,Handbag,Accessories,99.0,California,M,Olive,Spring,3.5,0,Standard,1,1,38.0,Bank Transfer,Fortnightly,28.0,2.4634550667796193,35.34798734157638,0.46345506677961934,44.08429043400667,Average,3,4,5,345,Loyal Customer
1206,1207,22,Male,Handbag,Accessories,59.0,Mississippi,S,Cyan,Fall,3.0,0,Free Shipping,1,1,16.0,Venmo,Every 3 Months,4.0,-1.3753132610445271,73.48406840448773,-3.375313261044527,77.69904875142117,Average,2,2,3,223,About to Sleep
1207,1208,62,Male,Boots,Footwear,90.0,Washington,M,White,Summer,4.1,0,Next Day Air,1,1,48.0,Credit Card,Every 3 Months,4.0,2.1489357210734648,38.47256643554384,0.14893572107346476,46.83842688851273,Good,2,5,5,255,At Risk
1208,1209,20,Male,Boots,Footwear,100.0,Wisconsin,S,Red,Winter,,0,2-Day Shipping,1,1,8.0,Debit Card,Annually,1.0,-0.2762256384591121,62.56522905532657,-2.276225638459112,68.07472093380277,Poor,1,1,5,115,Need Attention
1209,1210,41,Male,Pants,Clothing,62.0,Pennsylvania,M,Blue,Winter,3.8,0,Next Day Air,1,1,16.0,Bank Transfer,Monthly,12.0,-1.0397174825946625,70.15010638376087,-3.0397174825946625,74.7603533101855,Average,3,2,3,323,Promising
1210,1211,34,Male,Sunglasses,Accessories,78.0,Missouri,M,Olive,Fall,4.1,0,Next Day Air,1,1,5.0,Cash,Quarterly,3.0,-1.3606378874216762,73.33827652794936,-3.3606378874216762,77.57054161178102,Good,1,1,4,114,Need Attention
1211,1212,23,Male,Hoodie,Clothing,94.0,Oklahoma,M,Green,Spring,4.6,0,Store Pickup,1,1,14.0,Venmo,Every 3 Months,4.0,-0.03587332561629397,60.1774592022218,-2.035873325616294,65.97003937522004,Good,2,2,5,225,About to Sleep
1212,1213,32,Male,Shoes,Footwear,74.0,Pennsylvania,M,Yellow,Summer,2.5,0,Free Shipping,1,1,18.0,Credit Card,Weekly,57.0,0.7806129126826565,52.06611131367404,-1.2193870873173434,58.8203535317217,Poor,4,2,4,424,Potential Loyalist
1213,1214,68,Male,Handbag,Accessories,52.0,Kentucky,XL,Black,Spring,3.7,0,Express,1,1,14.0,Debit Card,Every 3 Months,4.0,-1.809345565644599,77.79594391731207,-3.809345565644599,81.49971859526964,Average,2,2,3,223,About to Sleep
1214,1215,30,Male,Jacket,Outerwear,81.0,Vermont,M,Blue,Fall,3.8,0,Free Shipping,1,1,5.0,Cash,Every 3 Months,4.0,-1.207846400113674,71.82037598066535,-3.2078464001136737,76.23259973037347,Average,2,1,4,214,About to Sleep
1215,1216,66,Male,Blouse,Clothing,20.0,Oregon,L,Pink,Winter,2.6,0,2-Day Shipping,1,1,15.0,Credit Card,Every 3 Months,4.0,-3.0913357114637257,90.53182062246431,-5.091335711463726,92.72566015695878,Average,2,2,1,221,About to Sleep
1216,1217,62,Male,Pants,Clothing,32.0,Utah,XL,Lavender,Summer,3.7,0,Free Shipping,1,1,3.0,Venmo,Every 3 Months,4.0,-3.415350944742051,93.75073620858,-5.415350944742051,95.56294879427155,Average,2,1,1,211,About to Sleep
1217,1218,50,Male,Boots,Footwear,63.0,Nebraska,XL,Cyan,Fall,2.6,0,Free Shipping,1,1,12.0,Cash,Every 3 Months,4.0,-1.4833183388039688,74.55704026652629,-3.4833183388039686,78.64481163052544,Average,2,2,3,223,About to Sleep
1218,1219,55,Male,Boots,Footwear,79.0,Pennsylvania,M,Cyan,Spring,3.1,0,Store Pickup,1,1,43.0,Cash,Every 3 Months,4.0,1.3383209014824273,46.52558496407882,-0.6616790985175727,53.936698761697656,Average,2,5,4,254,At Risk
1219,1220,19,Male,Sweater,Clothing,23.0,Vermont,M,Gold,Winter,2.5,0,Next Day Air,1,1,35.0,Credit Card,Bi-Weekly,114.0,1.2925157171972979,46.98063462371519,-0.7074842828027021,54.33779881982541,Poor,5,4,1,541,Loyal Customer
1220,1221,67,Male,Gloves,Accessories,64.0,Kentucky,M,Green,Winter,,0,Express,1,1,36.0,Bank Transfer,Quarterly,3.0,0.19423546713021644,57.891453164852095,-1.8057645328697836,63.9550567572744,Poor,1,4,3,143,At Risk
1221,1222,18,Male,Socks,Clothing,69.0,Iowa,M,Red,Winter,4.5,0,Standard,1,1,3.0,Cash,Quarterly,3.0,-1.879121251070715,78.48912750339704,-3.879121251070715,82.11071998991757,Good,1,1,4,114,Need Attention
1222,1223,58,Male,Jeans,Clothing,69.0,Indiana,L,Magenta,Fall,3.4,0,Store Pickup,1,1,27.0,Bank Transfer,Annually,1.0,-0.2699078733955649,62.5024654863835,-2.2699078733955647,68.01939846378602,Average,1,3,4,134,At Risk
1223,1224,69,Male,Pants,Clothing,24.0,Kansas,L,Red,Winter,3.9,0,Free Shipping,1,1,21.0,Bank Transfer,Weekly,57.0,-1.1229831666484842,70.97730578879377,-3.122983166648484,75.4894819281633,Average,4,3,1,431,Potential Loyalist
1224,1225,62,Male,Shorts,Clothing,50.0,Illinois,M,Yellow,Summer,3.7,0,Store Pickup,1,1,18.0,Venmo,Weekly,57.0,-0.23279979590494626,62.13381686515421,-2.2327997959049464,67.69445594317862,Average,4,2,2,422,Potential Loyalist
1225,1226,28,Male,Gloves,Accessories,97.0,North Carolina,S,Turquoise,Fall,2.6,0,Free Shipping,1,1,16.0,Debit Card,Weekly,57.0,1.613346493817088,43.79335488714818,-0.38665350618291194,51.528395361249025,Average,4,2,5,425,Potential Loyalist
1226,1227,53,Male,Sandals,Footwear,91.0,Ohio,S,Cyan,Fall,3.4,0,Store Pickup,1,1,18.0,Venmo,Bi-Weekly,114.0,2.986996142468326,30.146890740483716,0.986996142468326,39.49982343167256,Average,5,2,5,525,Potential Loyalist
1227,1228,27,Male,Blouse,Clothing,37.0,Illinois,L,Yellow,Spring,4.9,0,Store Pickup,1,1,19.0,Bank Transfer,Bi-Weekly,114.0,0.7760443471105638,52.11149753449277,-1.2239556528894362,58.86035887053052,Good,5,2,2,522,Potential Loyalist
1228,1229,55,Male,Jacket,Outerwear,55.0,Indiana,S,Yellow,Winter,3.9,0,Express,1,1,1.0,Cash,Annually,1.0,-2.6609620598112746,86.25629184210106,-4.660962059811275,88.95702786372522,Average,1,1,3,113,Lost
1229,1230,34,Male,Jewelry,Accessories,52.0,Kansas,XL,Maroon,Winter,3.6,0,Express,1,1,39.0,Bank Transfer,Annually,1.0,-0.15702028773965682,61.38098855682619,-2.1570202877396567,67.03088116219345,Average,1,4,3,143,At Risk
1230,1231,25,Male,Hat,Accessories,80.0,Illinois,L,Brown,Spring,,0,Standard,1,1,49.0,Venmo,Monthly,12.0,2.004826414669388,39.90421422504742,0.004826414669388157,48.10034193322943,Poor,3,5,4,354,Loyal Customer
1231,1232,66,Male,Socks,Clothing,79.0,Pennsylvania,M,Gold,Spring,4.0,0,2-Day Shipping,1,1,43.0,Credit Card,Fortnightly,28.0,1.9650784711116698,40.29908848370328,-0.03492152888833022,48.44840084228693,Good,3,5,4,354,Loyal Customer
1232,1233,57,Male,Handbag,Accessories,23.0,New York,M,Charcoal,Summer,3.6,0,Free Shipping,1,1,31.0,Debit Card,Every 3 Months,4.0,-1.8570303394607728,78.26966627938829,-3.857030339460773,81.91727756480502,Average,2,4,1,241,Need Attention
1233,1234,46,Male,Pants,Clothing,73.0,Utah,L,Beige,Winter,3.5,0,Next Day Air,1,1,40.0,Venmo,Every 3 Months,4.0,0.8772873274424948,51.105703442412796,-1.1227126725575052,57.97380932532219,Average,2,4,4,244,At Risk
1234,1235,38,Male,Gloves,Accessories,99.0,New Jersey,M,Indigo,Fall,4.1,0,Store Pickup,1,1,2.0,Bank Transfer,Bi-Weekly,114.0,2.2171715952346913,37.794680039131336,0.21717159523469132,46.240909085241896,Good,5,1,5,515,Recent Customer
1235,1236,23,Male,Sweater,Clothing,22.0,Idaho,M,Red,Spring,3.0,0,Store Pickup,1,1,46.0,PayPal,Every 3 Months,4.0,-0.8608538845200977,68.37319355838027,-2.8608538845200977,73.19410702814751,Average,2,5,1,251,Need Attention
1236,1237,42,Male,Hat,Accessories,68.0,New Mexico,M,White,Summer,4.4,0,Store Pickup,1,1,35.0,Debit Card,Every 3 Months,4.0,0.32002568499835804,56.64179558307772,-1.679974315001642,62.853555595642895,Good,2,4,3,243,At Risk
1237,1238,25,Male,Dress,Clothing,92.0,Michigan,S,Charcoal,Spring,4.4,0,2-Day Shipping,1,1,42.0,Credit Card,Quarterly,3.0,1.7919110876018163,42.01941250719735,-0.20808891239818372,49.96476735572071,Good,1,5,5,155,At Risk
1238,1239,55,Male,Pants,Clothing,77.0,Wyoming,M,Violet,Winter,3.7,0,Express,1,1,3.0,Venmo,Fortnightly,28.0,-0.8884445465110531,68.64729181917915,-2.888444546511053,73.43570885337908,Average,3,1,4,314,Need Attention
1239,1240,62,Male,Coat,Outerwear,37.0,New Jersey,XL,Magenta,Spring,4.8,0,Standard,1,1,32.0,Debit Card,Every 3 Months,4.0,-1.1966461271536606,71.70910734420353,-3.1966461271536604,76.13452283786837,Good,2,4,2,242,Need Attention
1240,1241,41,Male,Scarf,Accessories,79.0,New Jersey,L,White,Winter,2.9,0,Store Pickup,1,1,48.0,Debit Card,Annually,1.0,1.6061102001004914,43.865243540019186,-0.39388979989950856,51.59176106702349,Average,1,5,4,154,At Risk
1241,1242,58,Male,Hoodie,Clothing,51.0,Hawaii,XL,Pink,Winter,3.1,0,Express,1,1,34.0,Credit Card,Weekly,57.0,0.9170545170490395,50.71063798470152,-1.0829454829509606,57.62558188531295,Average,4,4,2,442,Loyal Customer
1242,1243,56,Male,Socks,Clothing,27.0,Nevada,M,Lavender,Summer,4.0,0,Next Day Air,1,1,15.0,Bank Transfer,Quarterly,3.0,-2.821871903526893,87.85484385663158,-4.821871903526893,90.36605936692595,Good,1,2,1,121,Hibernating
1243,1244,25,Male,Blouse,Clothing,23.0,New Hampshire,S,Pink,Spring,3.0,0,Store Pickup,1,1,22.0,Debit Card,Annually,1.0,-2.5584162263435233,85.23755461082705,-4.558416226343523,88.05906968701228,Average,1,3,1,131,Lost
1244,1245,70,Male,Socks,Clothing,76.0,Indiana,S,Silver,Summer,3.9,0,2-Day Shipping,1,1,2.0,Cash,Monthly,12.0,-1.4177352547527087,73.90550790089583,-3.4177352547527087,78.07052338705039,Average,3,1,4,314,Need Attention
1245,1246,42,Male,Dress,Clothing,31.000000000000004,New York,M,Violet,Fall,3.4,0,Standard,1,1,30.0,Bank Transfer,Weekly,57.0,-0.20436326929800497,61.85131539822025,-2.204363269298005,67.44544717587412,Average,4,3,1,431,Potential Loyalist
1246,1247,27,Male,Hoodie,Clothing,60.0,Louisiana,M,Charcoal,Winter,2.7,0,Standard,1,1,27.0,Cash,Monthly,12.0,-0.3626737530358465,63.42404418134977,-2.3626737530358466,68.83171698835244,Average,3,3,3,333,Promising
1247,1248,65,Male,T-shirt,Clothing,99.0,Virginia,M,Charcoal,Spring,,0,Express,1,1,18.0,Venmo,Bi-Weekly,114.0,3.324800378664194,26.790988889990324,1.324800378664194,36.54178929452026,Poor,5,2,5,525,Potential Loyalist
1248,1249,62,Male,Hat,Accessories,37.0,Wisconsin,XL,Red,Winter,3.0,0,Free Shipping,1,1,8.0,Credit Card,Annually,1.0,-2.936433998501569,88.992956127962,-4.936433998501569,91.36923976387718,Average,1,1,2,112,Hibernating
1249,1250,62,Male,Boots,Footwear,50.0,Oregon,M,Peach,Winter,4.5,0,Express,1,1,48.0,Venmo,Fortnightly,28.0,1.0866721097233691,49.02557920763525,-0.9133278902766309,56.140299654863526,Good,3,5,2,352,Loyal Customer
1250,1251,52,Male,Jeans,Clothing,26.0,New Hampshire,XL,Purple,Winter,4.1,0,Free Shipping,1,1,24.0,Cash,Monthly,12.0,-2.0060221537613154,79.74981913641062,-4.006022153761315,83.22194703201004,Good,3,3,1,331,Promising
1251,1252,56,Male,Shorts,Clothing,86.0,Indiana,XL,Orange,Spring,5.0,0,Next Day Air,1,1,43.0,Credit Card,Monthly,12.0,1.842818798030226,41.51367201810525,-0.15718120196977403,49.51898625188581,Good,3,5,5,355,Loyal Customer
1252,1253,28,Male,Sandals,Footwear,41.0,Massachusetts,L,Magenta,Fall,4.0,0,Standard,1,1,8.0,Cash,Quarterly,3.0,-2.715302082934532,86.79613049601734,-4.715302082934532,89.43286453535013,Good,1,1,2,112,Hibernating
1253,1254,39,Male,Sandals,Footwear,23.0,Montana,XL,Red,Winter,4.9,0,Express,1,1,49.0,PayPal,Annually,1.0,-0.689292654306238,66.66882579665159,-2.689292654306238,71.69180504016953,Good,1,5,1,151,Need Attention
1254,1255,54,Male,Sneakers,Footwear,56.0,California,XL,Black,Spring,3.3,0,2-Day Shipping,1,1,2.0,Credit Card,Bi-Weekly,114.0,0.40147382568190304,55.83265248553329,-1.598526174318097,62.140342572435536,Average,5,1,3,513,Recent Customer
1255,1256,30,Male,Hat,Accessories,68.0,Indiana,M,Peach,Fall,4.1,0,Standard,1,1,38.0,Cash,Fortnightly,28.0,1.1544636515206324,48.35210701223826,-0.8455363484793676,55.54667271547186,Good,3,4,3,343,Loyal Customer
1256,1257,45,Male,Coat,Outerwear,48.0,West Virginia,S,Olive,Winter,3.6,0,Express,1,1,4.0,Cash,Fortnightly,28.0,-2.043758103756729,80.12470533039637,-4.043758103756729,83.5523876136361,Average,3,1,2,312,Need Attention
1257,1258,68,Male,Dress,Clothing,67.0,Minnesota,L,Gold,Spring,3.0,0,Free Shipping,1,1,31.0,Cash,Every 3 Months,4.0,0.000892959616499045,59.81220610167465,-1.999107040383501,65.64808981046735,Average,2,4,3,243,At Risk
1258,1259,47,Male,Boots,Footwear,87.0,Ohio,XL,Gold,Spring,4.1,0,2-Day Shipping,1,1,34.0,Debit Card,Every 3 Months,4.0,1.0530839469991997,49.359259384977236,-0.9469160530008003,56.43441950682627,Good,2,4,5,245,At Risk
1259,1260,68,Male,Skirt,Clothing,64.0,Minnesota,M,Turquoise,Fall,3.9,0,Standard,1,1,45.0,Credit Card,Monthly,12.0,1.0523107464202777,49.36694071331944,-0.9476892535797223,56.44119015521445,Average,3,5,3,353,Loyal Customer
1260,1261,63,Male,Shirt,Clothing,93.0,Virginia,XL,Green,Spring,4.1,0,Store Pickup,1,1,30.0,Debit Card,Quarterly,3.0,1.0034150295541728,49.85269313774143,-0.9965849704458272,56.8693529316179,Good,1,3,5,135,At Risk
1261,1262,20,Male,Shirt,Clothing,29.000000000000004,Connecticut,L,Maroon,Summer,2.8,0,Next Day Air,1,1,2.0,Credit Card,Fortnightly,28.0,-2.9844967626506023,89.4704336189608,-4.984496762650602,91.79010866321302,Average,3,1,1,311,Lost
1262,1263,29,Male,Boots,Footwear,62.0,Tennessee,L,Brown,Winter,4.8,0,Store Pickup,1,1,44.0,Venmo,Monthly,12.0,0.8986328884069665,50.89364687276411,-1.1013671115930335,57.78689367642262,Good,3,5,3,353,Loyal Customer
1263,1264,41,Male,Hoodie,Clothing,70.0,Delaware,L,Brown,Winter,4.6,0,2-Day Shipping,1,1,1.0,Credit Card,Bi-Weekly,114.0,0.9234044400603274,50.64755494399118,-1.0765955599396726,57.5699778193391,Good,5,1,4,514,Recent Customer
1264,1265,52,Male,Sweater,Clothing,92.0,Vermont,S,Blue,Winter,2.5,0,Next Day Air,1,1,1.0,Venmo,Bi-Weekly,114.0,1.8523660895989633,41.41882485513435,-0.14763391040103668,49.43538394217026,Poor,5,1,5,515,Recent Customer
1265,1266,32,Male,Shirt,Clothing,79.0,Louisiana,M,Lavender,Spring,2.7,0,Next Day Air,1,1,27.0,Bank Transfer,Weekly,57.0,1.6147817509841689,43.77909638572386,-0.3852182490158311,51.515827313720585,Average,4,3,4,434,Potential Loyalist
1266,1267,20,Male,Blouse,Clothing,31.000000000000004,North Dakota,M,Peach,Fall,4.0,0,Standard,1,1,14.0,Debit Card,Every 3 Months,4.0,-2.696081685658751,86.60518627485722,-4.696081685658751,89.26455820529443,Good,2,2,1,221,About to Sleep
1267,1268,47,Male,T-shirt,Clothing,83.0,Oregon,S,Gray,Spring,2.7,0,Standard,1,1,41.0,Cash,Weekly,57.0,2.7528590545829177,32.472915704978774,0.7528590545829177,41.550080428263,Average,4,5,4,454,Champion
1268,1269,23,Male,Jacket,Outerwear,88.0,Idaho,XL,Charcoal,Winter,2.9,0,Next Day Air,1,1,25.0,Debit Card,Bi-Weekly,114.0,3.344907146645283,26.59123905666954,1.344907146645283,36.36572132466396,Average,5,3,5,535,Potential Loyalist
1269,1270,43,Male,Jewelry,Accessories,53.0,Vermont,M,Lavender,Spring,3.0,0,Standard,1,1,47.0,PayPal,Quarterly,3.0,0.49124943096868157,54.940780544246046,-1.5087505690313185,61.35420883973769,Average,1,5,3,153,At Risk
1270,1271,67,Male,Hoodie,Clothing,98.0,West Virginia,M,Green,Fall,3.3,0,Standard,1,1,20.0,Cash,Annually,1.0,0.4700448900640478,55.15143615609416,-1.529955109935952,61.539889625049625,Average,1,2,5,125,Need Attention
1271,1272,70,Male,Jewelry,Accessories,57.0,Kentucky,S,Gray,Spring,4.3,0,Store Pickup,1,1,42.0,PayPal,Annually,1.0,0.26178775677579214,57.22035780980388,-1.7382122432242078,63.36352486571294,Good,1,5,3,153,At Risk
1272,1273,35,Male,Sandals,Footwear,80.0,Wisconsin,M,Orange,Winter,4.4,0,Express,1,1,16.0,Bank Transfer,Monthly,12.0,-0.2796579511539603,62.59932722015075,-2.2796579511539603,68.1047765015928,Good,3,2,4,324,Promising
1273,1274,41,Male,Jeans,Clothing,29.000000000000004,Mississippi,L,Silver,Spring,4.1,0,Next Day Air,1,1,32.0,Credit Card,Every 3 Months,4.0,-1.5344503633495281,75.06500919469693,-3.534450363349528,79.09255697502068,Good,2,4,1,241,Need Attention
1274,1275,54,Male,Hat,Accessories,73.0,Missouri,M,Olive,Spring,3.1,0,2-Day Shipping,1,1,37.0,PayPal,Quarterly,3.0,0.6434920318149114,53.428332886225704,-1.3565079681850887,60.02107336605794,Average,1,4,4,144,At Risk
1275,1276,55,Male,Sweater,Clothing,32.0,Arkansas,S,Turquoise,Fall,4.5,0,Standard,1,1,1.0,PayPal,Monthly,12.0,-3.344885352794324,93.05069877543076,-5.344885352794324,94.94590612830817,Good,3,1,1,311,Lost
1276,1277,51,Male,Boots,Footwear,68.0,Wyoming,L,Turquoise,Spring,4.8,0,Next Day Air,1,1,37.0,Bank Transfer,Weekly,57.0,1.8425689158582899,41.516154461939145,-0.15743108414171014,49.52117438310399,Good,4,4,3,443,Loyal Customer
1277,1278,19,Male,Blouse,Clothing,97.0,Rhode Island,L,Green,Spring,5.0,0,Express,1,1,5.0,Venmo,Quarterly,3.0,-0.5583528264564904,65.36800963302755,-2.5583528264564905,70.5452105360443,Good,1,1,5,115,Need Attention
1278,1279,28,Male,Shorts,Clothing,98.0,Utah,M,Violet,Fall,2.8,0,Next Day Air,1,1,31.0,Venmo,Fortnightly,28.0,1.9366419445047285,40.581589950637245,-0.06335805549527151,48.69740960959143,Average,3,4,5,345,Loyal Customer
1279,1280,63,Male,Hoodie,Clothing,56.0,Maryland,L,Charcoal,Fall,3.7,0,Express,1,1,18.0,Debit Card,Annually,1.0,-1.4418809478929449,74.14538226482706,-3.441880947892945,78.28195881893943,Average,1,2,3,123,Need Attention
1280,1281,30,Male,Pants,Clothing,78.0,Georgia,L,White,Winter,4.4,0,2-Day Shipping,1,1,39.0,Venmo,Every 3 Months,4.0,1.019188176100568,49.69599548267574,-0.9808118238994319,56.73123297652211,Good,2,4,4,244,At Risk
1281,1282,29,Male,Belt,Accessories,81.0,New Jersey,M,Olive,Spring,4.5,0,Store Pickup,1,1,8.0,Venmo,Bi-Weekly,114.0,1.8724728575800527,41.21907502181358,-0.12752714241994734,49.25931597231396,Good,5,1,4,514,Recent Customer
1282,1283,24,Male,Shirt,Clothing,68.0,New Hampshire,L,Violet,Winter,3.0,0,Free Shipping,1,1,20.0,Venmo,Monthly,12.0,-0.5094571095903861,64.88225720860558,-2.509457109590386,70.11704775964085,Average,3,2,3,323,Promising
1283,1284,69,Male,Shirt,Clothing,94.0,Oregon,M,Violet,Winter,3.9,0,2-Day Shipping,1,1,23.0,Debit Card,Every 3 Months,4.0,0.5871678650628009,53.98788293082997,-1.412832134937199,60.51428449293913,Average,2,3,5,235,At Risk
1284,1285,65,Male,Dress,Clothing,93.0,Arkansas,M,Black,Spring,3.9,0,Express,1,1,38.0,PayPal,Fortnightly,28.0,2.2101018896327185,37.86491372944642,0.21010188963271847,46.3028160368709,Average,3,4,5,345,Loyal Customer
1285,1286,64,Male,Gloves,Accessories,99.0,North Carolina,M,Charcoal,Fall,3.5,0,Next Day Air,1,1,45.0,Bank Transfer,Fortnightly,28.0,2.9480426595300266,30.533872463827183,0.9480426595300266,39.840925525565964,Average,3,5,5,355,Loyal Customer
1286,1287,40,Male,Gloves,Accessories,49.0,West Virginia,L,Yellow,Winter,4.9,0,Next Day Air,1,1,44.0,Debit Card,Fortnightly,28.0,0.7675393843415101,52.19598972623217,-1.2324606156584899,58.934833869687964,Good,3,5,2,352,Loyal Customer
1287,1288,24,Male,Jeans,Clothing,28.0,Utah,XL,Blue,Winter,3.4,0,Standard,1,1,20.0,PayPal,Monthly,12.0,-2.1984782905697244,81.6617664610725,-4.198478290569724,84.90721844540238,Average,3,2,1,321,Promising
1288,1289,66,Male,Belt,Accessories,93.0,South Dakota,XL,Charcoal,Winter,4.1,0,Standard,1,1,34.0,PayPal,Bi-Weekly,114.0,4.179075984946795,18.30422412871936,2.1790759849467953,29.06119510666285,Good,5,4,5,545,Champion
1289,1290,35,Male,Jacket,Outerwear,24.0,New Hampshire,M,Red,Fall,2.9,0,Next Day Air,1,1,10.0,PayPal,Weekly,57.0,-1.8844779552562672,78.54234345382822,-3.8844779552562674,82.15762678428443,Average,4,1,1,411,Recent Customer
1290,1291,67,Male,Skirt,Clothing,35.0,Maryland,M,Indigo,Spring,3.4,0,Free Shipping,1,1,3.0,PayPal,Annually,1.0,-3.3670190523722554,93.27058507469191,-5.367019052372255,95.13972323276576,Average,1,1,1,111,Hibernating
1291,1292,69,Male,Sandals,Footwear,68.0,South Dakota,S,Beige,Spring,3.2,0,2-Day Shipping,1,1,23.0,Debit Card,Fortnightly,28.0,0.11606166705547388,58.66806746455795,-1.883938332944526,64.63959751927338,Average,3,3,3,333,Promising
1292,1293,26,Male,Belt,Accessories,61.0,Kentucky,M,Maroon,Summer,,0,Free Shipping,1,1,42.0,Bank Transfer,Annually,1.0,0.4306898748737259,55.542406884557195,-1.569310125126274,61.88450779713678,Poor,1,5,3,153,At Risk
1293,1294,23,Male,Sweater,Clothing,74.0,Florida,XL,Yellow,Fall,4.1,0,Standard,1,1,30.0,Debit Card,Annually,1.0,0.14890017111988407,58.34183473936119,-1.851099828880116,64.35204216730553,Good,1,3,4,134,At Risk
1294,1295,27,Male,Shirt,Clothing,64.0,Texas,M,Silver,Summer,4.5,0,Standard,1,1,21.0,Cash,Every 3 Months,4.0,-0.8180516186003902,67.9479762638228,-2.81805161860039,72.81930248110046,Good,2,3,3,233,At Risk
1295,1296,30,Male,Sneakers,Footwear,60.0,New Mexico,M,Olive,Fall,2.8,0,Standard,1,1,50.0,PayPal,Weekly,57.0,2.4047130661988927,35.93155725375546,0.4047130661988927,44.598673690294966,Average,4,5,3,453,Loyal Customer
1296,1297,48,Male,Jeans,Clothing,29.000000000000004,South Dakota,S,Teal,Spring,2.8,0,Express,1,1,16.0,Cash,Bi-Weekly,114.0,0.23055971402166442,57.5305914754501,-1.7694402859783356,63.636977968443134,Average,5,2,1,521,Potential Loyalist
1297,1298,44,Male,Sandals,Footwear,85.0,New Jersey,M,Silver,Summer,4.6,0,Standard,1,1,32.0,Venmo,Annually,1.0,0.7518345938178898,52.352008301290155,-1.2481654061821104,59.07235525488089,Good,1,4,5,145,At Risk
1298,1299,29,Male,Pants,Clothing,81.0,Indiana,S,Indigo,Summer,3.0,0,Free Shipping,1,1,14.0,Bank Transfer,Fortnightly,28.0,0.04195236019466375,59.404303228898016,-1.9580476398053364,65.28854692868181,Average,3,2,4,324,Promising
1299,1300,29,Male,Belt,Accessories,23.0,Louisiana,L,Teal,Fall,3.6,0,2-Day Shipping,1,1,42.0,Venmo,Bi-Weekly,114.0,1.777103309947705,42.166519745966,-0.22289669005229507,50.0944339113847,Average,5,5,1,551,Loyal Customer
1300,1301,67,Male,T-shirt,Clothing,100.0,West Virginia,M,Charcoal,Spring,4.5,0,Next Day Air,1,1,47.0,Credit Card,Every 3 Months,4.0,2.5019642173539554,34.96541981924842,0.5019642173539554,43.74707920399245,Good,2,5,5,255,At Risk
1301,1302,42,Male,Shirt,Clothing,54.0,Maine,M,Orange,Fall,5.0,0,Express,1,1,21.0,Debit Card,Weekly,57.0,0.14378271908601925,58.392673849443575,-1.8562172809139807,64.39685391384215,Good,4,3,3,433,Potential Loyalist
1302,1303,23,Male,Sneakers,Footwear,25.0,Idaho,M,Gold,Fall,2.9,0,Next Day Air,1,1,37.0,Credit Card,Monthly,12.0,-1.1482992967493284,71.22880780904521,-3.1482992967493284,75.71116646919276,Average,3,4,1,341,Loyal Customer
1303,1304,34,Male,Blouse,Clothing,32.0,New York,L,Silver,Summer,3.1,0,Next Day Air,1,1,10.0,Credit Card,Annually,1.0,-3.0091080481952988,89.71493339087773,-5.009108048195299,92.00562112575716,Average,1,1,1,111,Hibernating
1304,1305,64,Male,Backpack,Accessories,63.0,Montana,S,Orange,Spring,4.0,0,2-Day Shipping,1,1,18.0,PayPal,Every 3 Months,4.0,-1.0679575450179053,70.43065608559841,-3.0679575450179053,75.00764170900482,Good,2,2,3,223,About to Sleep
1305,1306,31,Male,Pants,Clothing,56.0,Mississippi,XL,Peach,Spring,4.5,0,Express,1,1,2.0,PayPal,Every 3 Months,4.0,-2.471165035118792,84.37076135392113,-4.471165035118792,87.29504136973473,Good,2,1,3,213,About to Sleep
1306,1307,54,Male,Sweater,Clothing,33.0,Alaska,L,Brown,Winter,4.5,0,Next Day Air,1,1,40.0,PayPal,Annually,1.0,-0.8900785497404983,68.66352475492667,-2.8900785497404984,73.45001725101005,Good,1,4,1,141,Need Attention
1307,1308,23,Male,Coat,Outerwear,32.0,Missouri,L,Black,Summer,3.1,0,Express,1,1,43.0,PayPal,Annually,1.0,-0.7246236823719502,67.01982039577442,-2.7246236823719503,72.0011865573938,Average,1,5,1,151,Need Attention
1308,1309,59,Male,Dress,Clothing,38.0,Rhode Island,L,Red,Summer,4.4,0,Next Day Air,1,1,14.0,Credit Card,Every 3 Months,4.0,-2.400502978987367,83.66877215567551,-4.400502978987367,86.67627833528618,Good,2,2,2,222,About to Sleep
1309,1310,32,Male,Blouse,Clothing,21.0,Hawaii,L,Lavender,Summer,4.7,0,Store Pickup,1,1,41.0,Cash,Quarterly,3.0,-1.2753283076008524,72.49077212714748,-3.2753283076008524,76.8235153098675,Good,1,5,1,151,Need Attention
1310,1311,43,Male,Hoodie,Clothing,59.0,South Carolina,L,Brown,Winter,3.1,0,Store Pickup,1,1,38.0,Credit Card,Every 3 Months,4.0,0.14767631617103882,58.35399307441884,-1.8523236838289612,64.36275903917894,Average,2,4,3,243,At Risk
1311,1312,32,Male,Shoes,Footwear,87.0,Tennessee,M,Maroon,Fall,4.2,0,Express,1,1,12.0,Venmo,Annually,1.0,-0.5482503264200213,65.26764677509307,-2.548250326420021,70.45674645899487,Good,1,2,5,125,Need Attention
1312,1313,66,Male,T-shirt,Clothing,79.0,Missouri,M,Violet,Winter,3.0,0,Store Pickup,1,1,19.0,Bank Transfer,Monthly,12.0,-0.11420308378541211,60.95562286099848,-2.114203083785412,66.65594580797654,Average,3,2,4,324,Promising
1313,1314,70,Male,Shoes,Footwear,28.0,Missouri,M,Lavender,Summer,,0,Free Shipping,1,1,23.0,Credit Card,Bi-Weekly,114.0,0.6729217772475882,53.13596432901257,-1.3270782227524118,59.763367327146454,Poor,5,3,1,531,Potential Loyalist
1314,1315,42,Male,Boots,Footwear,67.0,Missouri,S,Magenta,Summer,3.4,0,Free Shipping,1,1,49.0,Debit Card,Annually,1.0,1.1686306447710337,48.211365618937954,-0.8313693552289663,55.422617285831855,Average,1,5,3,153,At Risk
1315,1316,56,Male,Shorts,Clothing,75.0,Mississippi,L,Green,Spring,4.2,0,2-Day Shipping,1,1,29.0,Debit Card,Quarterly,3.0,0.1741286991491271,58.091202998172875,-1.825871300850873,64.13112472713068,Good,1,3,4,134,At Risk
1316,1317,28,Male,Belt,Accessories,32.0,Arkansas,S,Lavender,Spring,4.6,0,Standard,1,1,14.0,Debit Card,Bi-Weekly,114.0,0.21878270466642702,57.647589675157704,-1.781217295333573,63.74010514085121,Good,5,2,1,521,Potential Loyalist
1317,1318,28,Male,Pants,Clothing,43.0,Kentucky,M,Green,Spring,2.8,0,Free Shipping,1,1,19.0,Cash,Monthly,12.0,-1.6343221466668163,76.05718118821872,-3.6343221466668165,79.9670994251619,Average,3,2,2,322,Promising
1318,1319,52,Male,Shorts,Clothing,93.0,Connecticut,M,Maroon,Spring,2.7,0,Express,1,1,19.0,Credit Card,Bi-Weekly,114.0,3.1406740004816367,28.620184581039055,1.1406740004816367,38.15411991046439,Average,5,2,5,525,Potential Loyalist
1319,1320,65,Male,Sunglasses,Accessories,24.0,Oklahoma,M,Magenta,Spring,4.0,0,Standard,1,1,48.0,Bank Transfer,Weekly,57.0,0.746140405388801,52.40857697461833,-1.253859594611199,59.12221728132053,Good,4,5,1,451,Loyal Customer
1320,1321,56,Male,Hat,Accessories,31.000000000000004,California,XL,Teal,Fall,3.1,0,Free Shipping,1,1,19.0,Debit Card,Annually,1.0,-2.428292387040687,83.9448448507976,-4.4282923870406865,86.91962051062028,Average,1,2,1,121,Hibernating
1321,1322,59,Male,T-shirt,Clothing,84.0,Missouri,L,Orange,Winter,3.7,0,Express,1,1,45.0,Bank Transfer,Every 3 Months,4.0,1.6879021470335323,43.05268491387782,-0.31209785296646775,50.875537452137266,Average,2,5,4,254,At Risk
1322,1323,23,Male,Pants,Clothing,74.0,Washington,M,Violet,Winter,4.0,0,Next Day Air,1,1,17.0,Bank Transfer,Quarterly,3.0,-0.6988184179474831,66.7634590913403,-2.698818417947483,71.77521883731595,Good,1,2,4,124,Need Attention
1323,1324,58,Male,Shorts,Clothing,62.0,New York,M,Yellow,Spring,4.6,0,Standard,1,1,15.0,Debit Card,Every 3 Months,4.0,-1.3178634714354205,72.91333590737402,-3.3178634714354205,77.19598093690917,Good,2,2,3,223,About to Sleep
1324,1325,39,Male,Jewelry,Accessories,77.0,Indiana,S,Orange,Summer,3.8,0,Free Shipping,1,1,11.0,Credit Card,Fortnightly,28.0,-0.33463015479630187,63.14544624460865,-2.3346301547963018,68.58614895801827,Average,3,2,4,324,Promising
1325,1326,28,Male,Backpack,Accessories,73.0,Oregon,L,Gold,Summer,3.5,0,Express,1,1,1.0,Cash,Monthly,12.0,-1.6136386422905031,75.85170179165216,-3.6136386422905034,79.78598117540261,Average,3,1,4,314,Need Attention
1326,1327,40,Male,Shoes,Footwear,50.0,Texas,M,Indigo,Spring,,0,Free Shipping,1,1,17.0,Cash,Monthly,12.0,-1.47719703792412,74.49622846267964,-3.47719703792412,78.59120952899386,Poor,3,2,2,322,Promising
1327,1328,52,Male,Coat,Outerwear,40.0,Florida,M,Turquoise,Winter,2.8,0,Standard,1,1,37.0,Cash,Weekly,57.0,0.6602540891727533,53.26181093866599,-1.3397459108272467,59.87429386313706,Average,4,4,2,442,Loyal Customer
1328,1329,37,Male,Sweater,Clothing,97.0,Rhode Island,M,Orange,Winter,3.7,0,Standard,1,1,40.0,Bank Transfer,Weekly,57.0,3.2747896689613416,27.28781816343667,1.2747896689613416,36.979715675166574,Average,4,4,5,445,Champion
1329,1330,70,Male,Gloves,Accessories,63.0,Texas,M,Indigo,Fall,3.3,0,Express,1,1,50.0,PayPal,Every 3 Months,4.0,1.1473000218410994,48.4232737873164,-0.8526999781589006,55.60940212756156,Average,2,5,3,253,At Risk
1330,1331,30,Male,Handbag,Accessories,65.0,Vermont,M,Charcoal,Fall,2.9,0,Standard,1,1,20.0,PayPal,Bi-Weekly,114.0,2.0275859727604444,39.67811036094459,0.02758597276044439,47.901044403577345,Average,5,2,3,523,Potential Loyalist
1331,1332,38,Male,Socks,Clothing,91.0,Maryland,M,Lavender,Spring,3.2,0,Standard,1,1,8.0,PayPal,Bi-Weekly,114.0,2.294728152824887,37.024197708696846,0.29472815282488707,45.56177330087359,Average,5,1,5,515,Recent Customer
1332,1333,66,Male,Hoodie,Clothing,60.0,Alaska,S,Gold,Spring,4.3,0,Store Pickup,1,1,16.0,Bank Transfer,Quarterly,3.0,-1.3592026302545954,73.32401802652505,-3.3592026302545954,77.55797356425259,Good,1,2,3,123,Need Attention
1333,1334,29,Male,Pants,Clothing,69.0,Idaho,M,Lavender,Winter,2.7,0,Next Day Air,1,1,9.0,Bank Transfer,Quarterly,3.0,-1.4637604572846517,74.36274332246917,-3.4637604572846517,78.47355006839696,Average,1,1,4,114,Need Attention
1334,1335,46,Male,Coat,Outerwear,52.0,West Virginia,S,White,Spring,,0,Store Pickup,1,1,12.0,Venmo,Monthly,12.0,-1.7388799736968725,77.09590648416285,-3.7388799736968723,80.88267592930627,Poor,3,2,3,323,Promising
1335,1336,56,Male,Boots,Footwear,49.0,Nevada,M,Lavender,Fall,4.8,0,2-Day Shipping,1,1,26.0,Credit Card,Weekly,57.0,0.27878906628532146,57.051459021895376,-1.7212109337146786,63.21465031496183,Good,4,3,2,432,Potential Loyalist
1336,1337,23,Male,Sneakers,Footwear,85.0,Oregon,M,Charcoal,Spring,4.8,0,Store Pickup,1,1,44.0,Debit Card,Fortnightly,28.0,2.2876584472229142,37.09443139901193,0.2876584472229142,45.623680252502595,Good,3,5,5,355,Loyal Customer
1337,1338,37,Male,Sweater,Clothing,86.0,Tennessee,L,Silver,Spring,3.4,0,Express,1,1,19.0,Credit Card,Bi-Weekly,114.0,2.845095293810253,31.556598700220768,0.8450952938102532,40.74239978047265,Average,5,2,5,525,Potential Loyalist
1338,1339,56,Male,Handbag,Accessories,51.0,Alabama,S,Yellow,Winter,2.6,0,Standard,1,1,43.0,PayPal,Fortnightly,28.0,0.7827636444261332,52.044744960430144,-1.2172363555738668,58.80152032231999,Average,3,5,2,352,Loyal Customer
1339,1340,36,Male,Belt,Accessories,56.0,Indiana,L,Olive,Winter,5.0,0,Next Day Air,1,1,5.0,Bank Transfer,Every 3 Months,4.0,-2.2634846382257603,82.3075692634572,-4.26348463822576,85.47645640897443,Good,2,1,3,213,About to Sleep
1340,1341,40,Male,Belt,Accessories,72.0,Idaho,M,Peach,Fall,4.4,0,Next Day Air,1,1,5.0,Debit Card,Every 3 Months,4.0,-1.587876165834025,75.59576556247042,-3.5878761658340252,79.56038813466981,Good,2,1,4,214,About to Sleep
1341,1342,26,Male,Hoodie,Clothing,27.0,Rhode Island,XL,Yellow,Fall,,0,Standard,1,1,31.0,Bank Transfer,Quarterly,3.0,-1.7142431200973909,76.85115270749057,-3.714243120097391,80.66693957620433,Poor,1,4,1,141,Need Attention
1342,1343,57,Male,Sunglasses,Accessories,43.0,Arizona,XL,Yellow,Summer,3.4,0,2-Day Shipping,1,1,11.0,Bank Transfer,Monthly,12.0,-2.188136538381568,81.55902676278923,-4.188136538381568,84.81665932052272,Average,3,2,2,322,Promising
1343,1344,68,Male,Sneakers,Footwear,56.0,Florida,M,Indigo,Spring,3.4,0,Standard,1,1,34.0,Bank Transfer,Monthly,12.0,-0.046988278383372994,60.28788022884728,-2.046988278383373,66.06736914848787,Average,3,4,3,343,Loyal Customer
1344,1345,56,Male,T-shirt,Clothing,37.0,New York,S,Violet,Fall,4.9,0,Next Day Air,1,1,14.0,Cash,Annually,1.0,-2.5210732047155058,84.8665719470341,-4.521073204715506,87.73206984235657,Good,1,2,2,122,Hibernating
1345,1346,40,Male,Dress,Clothing,21.0,Nebraska,M,White,Fall,3.6,0,Standard,1,1,42.0,Venmo,Weekly,57.0,0.20410302302928707,57.79342434948123,-1.795896976970713,63.86865000427328,Average,4,5,1,451,Loyal Customer
1346,1347,44,Male,Hoodie,Clothing,91.0,Mississippi,L,White,Winter,3.0,0,Free Shipping,1,1,15.0,Venmo,Bi-Weekly,114.0,2.7793157455752944,32.210082830947655,0.7793157455752944,41.31840839243287,Average,5,2,5,525,Potential Loyalist
1347,1348,44,Male,Sweater,Clothing,95.0,Vermont,M,Cyan,Summer,3.9,0,2-Day Shipping,1,1,47.0,Bank Transfer,Monthly,12.0,2.499755759607952,34.98735964901494,0.49975575960795204,43.766417899909065,Average,3,5,5,355,Loyal Customer
1348,1349,19,Male,Belt,Accessories,54.0,Nebraska,XL,Purple,Spring,3.2,0,Standard,1,1,23.0,Credit Card,Fortnightly,28.0,-0.47509574628729445,64.54089570292139,-2.4750957462872947,69.81615725928992,Average,3,3,3,333,Promising
1349,1350,21,Male,Socks,Clothing,36.0,South Carolina,XL,Black,Spring,3.2,0,Next Day Air,1,1,23.0,Cash,Bi-Weekly,114.0,1.0107260134434557,49.7800624785192,-0.9892739865565443,56.805333189994144,Average,5,3,2,532,Potential Loyalist
1350,1351,31,Male,Sunglasses,Accessories,71.0,Delaware,M,Orange,Fall,4.3,0,Next Day Air,1,1,1.0,Cash,Every 3 Months,4.0,-1.907008891215884,78.76617608106734,-3.907008891215884,82.35492234949426,Good,2,1,4,214,About to Sleep
1351,1352,30,Male,Coat,Outerwear,31.000000000000004,Vermont,L,Maroon,Summer,2.8,0,2-Day Shipping,1,1,28.0,Bank Transfer,Quarterly,3.0,-1.7530213988924883,77.23639387270781,-3.7530213988924883,81.00650746838848,Average,1,3,1,131,Lost
1352,1353,65,Male,Hat,Accessories,89.0,Indiana,XL,Orange,Spring,4.5,0,Next Day Air,1,1,37.0,Credit Card,Bi-Weekly,114.0,4.217854263741893,17.918982963502113,2.217854263741893,28.721627214478694,Good,5,4,5,545,Champion
1353,1354,39,Male,Pants,Clothing,83.0,Oregon,M,Teal,Winter,4.1,0,Next Day Air,1,1,4.0,Cash,Every 3 Months,4.0,-1.1926221400290509,71.66913121486333,-3.1926221400290506,76.0992861830055,Good,2,1,4,214,About to Sleep
1354,1355,64,Male,Backpack,Accessories,42.0,Maryland,M,Gray,Spring,3.6,0,2-Day Shipping,1,1,21.0,Bank Transfer,Quarterly,3.0,-1.7731281668735779,77.43614370602859,-3.773128166873578,81.18257543824477,Average,1,3,2,132,Need Attention
1355,1356,59,Male,Shorts,Clothing,91.0,Florida,M,Blue,Summer,3.0,0,2-Day Shipping,1,1,50.0,PayPal,Bi-Weekly,114.0,5.202253709327331,8.139508442201697,3.202253709327331,20.10158385022929,Average,5,5,5,555,Champion
1356,1357,49,Male,Jacket,Outerwear,61.0,Indiana,M,Cyan,Spring,4.0,0,Free Shipping,1,1,34.0,Bank Transfer,Annually,1.0,-0.12312451684102521,61.04425245912769,-2.1231245168410253,66.73406769249762,Good,1,4,3,143,At Risk
1357,1358,24,Male,Backpack,Accessories,66.0,Texas,S,Red,Summer,3.5,0,Next Day Air,1,1,20.0,Cash,Quarterly,3.0,-0.828942257250319,68.05616885136975,-2.828942257250319,72.91466801370795,Average,1,2,3,123,Need Attention
1358,1359,19,Male,Scarf,Accessories,22.0,Nebraska,XL,Pink,Spring,2.5,0,Store Pickup,1,1,25.0,Venmo,Every 3 Months,4.0,-2.3146166627713196,82.81553819162785,-4.31461666277132,85.92420175346967,Poor,2,3,1,231,Need Attention
1359,1360,27,Male,Hoodie,Clothing,68.0,North Carolina,S,Cyan,Winter,4.3,0,Store Pickup,1,1,26.0,Bank Transfer,Fortnightly,28.0,0.3237420639485056,56.60487537409401,-1.6762579360514944,62.821012558513075,Good,3,3,3,333,Promising
1360,1361,56,Male,Skirt,Clothing,43.0,Alabama,L,Black,Fall,2.8,0,Express,1,1,4.0,Bank Transfer,Annually,1.0,-2.959988017212044,89.22695252737721,-4.959988017212044,91.57549410869336,Average,1,1,2,112,Hibernating
1361,1362,49,Male,Dress,Clothing,32.0,Alabama,M,Beige,Fall,3.7,0,Next Day Air,1,1,39.0,Debit Card,Monthly,12.0,-0.7142669921492564,66.91693229622088,-2.7142669921492564,71.91049662534428,Average,3,4,1,341,Loyal Customer
1362,1363,41,Male,Coat,Outerwear,46.0,Colorado,M,Gray,Fall,4.3,0,Express,1,1,29.0,Cash,Weekly,57.0,0.35979287460490283,56.24673012536646,-1.6402071253950972,62.50532815563364,Good,4,3,2,432,Potential Loyalist
1363,1364,36,Male,Blouse,Clothing,90.0,Wisconsin,L,Red,Summer,4.0,0,Express,1,1,47.0,PayPal,Quarterly,3.0,2.0535940233745693,39.41973448571412,0.05359402337456931,47.67330095540828,Good,1,5,5,155,At Risk
1364,1365,68,Male,Hat,Accessories,75.0,Delaware,L,Yellow,Fall,4.7,0,Express,1,1,5.0,Cash,Every 3 Months,4.0,-1.4611995772605746,74.3373023685354,-3.4611995772605746,78.4511253332377,Good,2,1,4,214,About to Sleep
1365,1366,28,Male,Handbag,Accessories,69.0,Indiana,M,Magenta,Winter,4.5,0,Store Pickup,1,1,18.0,Bank Transfer,Fortnightly,28.0,-0.18784679824176215,61.68723321735284,-2.187846798241762,67.30081818672986,Good,3,2,4,324,Promising
1366,1367,45,Male,Belt,Accessories,40.0,Iowa,M,Magenta,Fall,3.1,0,Free Shipping,1,1,10.0,Credit Card,Fortnightly,28.0,-1.9662015461665336,79.35422299996188,-3.9662015461665336,82.87325182926779,Average,3,1,2,312,Need Attention
1367,1368,60,Male,Belt,Accessories,63.0,Iowa,S,Black,Fall,3.8,0,Express,1,1,25.0,Cash,Quarterly,3.0,-0.6094848510020499,65.8759785611982,-2.60948485100205,70.99295588053955,Average,1,3,3,133,At Risk
1368,1369,21,Male,Shirt,Clothing,36.0,Wisconsin,L,Orange,Summer,4.9,0,Express,1,1,2.0,Cash,Weekly,57.0,-1.9315859926772172,79.01033625265865,-3.931585992677217,82.57013547391678,Good,4,1,2,412,Recent Customer
1369,1370,32,Male,Shoes,Footwear,75.0,Iowa,M,Green,Winter,3.2,0,Standard,1,1,48.0,Venmo,Fortnightly,28.0,2.1423103478354553,38.53838592484341,0.14231034783545526,46.89644297626257,Average,3,5,4,354,Loyal Customer
1370,1371,27,Male,Scarf,Accessories,67.0,Montana,L,Peach,Summer,,0,2-Day Shipping,1,1,41.0,Bank Transfer,Every 3 Months,4.0,0.693160949259938,52.93489913346152,-1.306839050740062,59.586139941266325,Poor,2,5,3,253,At Risk
1371,1372,40,Male,Pants,Clothing,64.0,Mississippi,M,Charcoal,Spring,2.8,0,Store Pickup,1,1,42.0,Credit Card,Monthly,12.0,0.8446303495272458,51.43013280378338,-1.1553696504727542,58.259775115974755,Average,3,5,3,353,Loyal Customer
1372,1373,64,Male,Blouse,Clothing,61.0,Michigan,M,Gray,Fall,4.0,0,2-Day Shipping,1,1,44.0,PayPal,Bi-Weekly,114.0,3.5201270298067637,24.85052456247978,1.5201270298067637,34.83138178607105,Good,5,5,3,553,Loyal Customer
1373,1374,18,Male,Gloves,Accessories,40.0,Virginia,L,Turquoise,Winter,2.6,0,Store Pickup,1,1,6.0,Cash,Quarterly,3.0,-2.8959812103877036,88.59107962097164,-4.895981210387704,91.01500877633437,Average,1,1,2,112,Hibernating
1374,1375,22,Male,Handbag,Accessories,97.0,New York,M,Red,Fall,2.7,0,Free Shipping,1,1,5.0,Bank Transfer,Quarterly,3.0,-0.5583528264564904,65.36800963302755,-2.5583528264564905,70.5452105360443,Average,1,1,5,115,Need Attention
1375,1376,42,Male,Sneakers,Footwear,31.000000000000004,Maine,L,Brown,Spring,4.1,0,2-Day Shipping,1,1,8.0,Credit Card,Annually,1.0,-3.18978717564847,91.50988251583203,-5.18978717564847,93.5877653667414,Good,1,1,1,111,Hibernating
1376,1377,57,Male,Sandals,Footwear,65.0,New Jersey,L,Pink,Spring,5.0,0,Free Shipping,1,1,24.0,PayPal,Annually,1.0,-0.6464903883865304,66.24360850209412,-2.6464903883865305,71.31700049312248,Good,1,3,3,133,At Risk
1377,1378,33,Male,Sunglasses,Accessories,54.0,Maryland,L,Olive,Spring,3.0,0,Next Day Air,1,1,42.0,Venmo,Monthly,12.0,0.4223750542824112,55.62501011690012,-1.5776249457175888,61.957317787415136,Average,3,5,3,353,Loyal Customer
1378,1379,37,Male,Jacket,Outerwear,49.0,Kentucky,XL,Lavender,Fall,3.6,0,Free Shipping,1,1,24.0,Venmo,Weekly,57.0,0.14033546835663369,58.426920415538,-1.8596645316433662,64.42704028880203,Average,4,3,2,432,Potential Loyalist
1379,1380,21,Male,T-shirt,Clothing,64.0,Minnesota,L,Purple,Fall,2.8,0,2-Day Shipping,1,1,38.0,Venmo,Bi-Weekly,114.0,3.231442824594151,27.718445549472637,1.231442824594151,37.35928890615955,Average,5,4,3,543,Loyal Customer
1380,1381,51,Male,Sneakers,Footwear,35.0,Massachusetts,S,Beige,Winter,4.6,0,Standard,1,1,41.0,Cash,Fortnightly,28.0,-0.03129842589428977,60.132010055059546,-2.0312984258942897,65.92997857046481,Good,3,5,1,351,Loyal Customer
1381,1382,30,Male,Shoes,Footwear,86.0,Illinois,L,Green,Winter,2.9,0,Standard,1,1,48.0,Venmo,Quarterly,3.0,1.9539187042409791,40.40995471413951,-0.04608129575902087,48.546123037064326,Average,1,5,5,155,At Risk
1382,1383,68,Male,Jacket,Outerwear,55.0,Michigan,L,Brown,Winter,4.8,0,Express,1,1,16.0,Bank Transfer,Quarterly,3.0,-1.5703302778770127,75.4214566830834,-3.5703302778770127,79.40674489997278,Good,1,2,3,123,Need Attention
1383,1384,36,Male,Scarf,Accessories,58.0,Wisconsin,M,Beige,Spring,3.3,0,Express,1,1,4.0,Venmo,Monthly,12.0,-2.039341188264723,80.08082567086333,-4.039341188264723,83.51371022180287,Average,3,1,3,313,Need Attention
1384,1385,46,Male,Sneakers,Footwear,96.0,Alaska,M,Beige,Fall,4.6,0,Standard,1,1,8.0,Bank Transfer,Weekly,57.0,1.0173065725778534,49.71468819303036,-0.9826934274221466,56.74770952375388,Good,4,1,5,415,Recent Customer
1385,1386,41,Male,Jewelry,Accessories,64.0,Mississippi,M,Indigo,Fall,2.6,0,Store Pickup,1,1,1.0,Bank Transfer,Bi-Weekly,114.0,0.6700512629134268,53.16448133186121,-1.3299487370865732,59.78850342220332,Average,5,1,3,513,Recent Customer
1386,1387,68,Male,Jacket,Outerwear,56.0,Oregon,M,Silver,Fall,4.0,0,Next Day Air,1,1,4.0,Debit Card,Quarterly,3.0,-2.3588263359246557,83.2547373136275,-4.358826335924656,86.31133047586997,Good,1,1,3,113,Lost
1387,1388,21,Male,Blouse,Clothing,85.0,Maryland,M,Gold,Winter,3.8,0,Standard,1,1,20.0,Credit Card,Monthly,12.0,0.20837689232583245,57.750965776307126,-1.7916231076741675,63.8312252181922,Average,3,2,5,325,Promising
1388,1389,62,Male,Dress,Clothing,23.0,Arkansas,M,Lavender,Spring,3.9,0,Express,1,1,40.0,Cash,Quarterly,3.0,-1.2601040475162293,72.33952736134545,-3.2601040475162293,76.69020176249954,Average,1,4,1,141,Need Attention
1389,1390,59,Male,Scarf,Accessories,72.0,Illinois,L,Orange,Fall,2.6,0,Store Pickup,1,1,8.0,Debit Card,Fortnightly,28.0,-0.7534381993117508,67.30607699163096,-2.7534381993117507,72.25350525449876,Average,3,1,4,314,Need Attention
1390,1391,25,Male,Hat,Accessories,38.0,Arkansas,M,Maroon,Summer,4.3,0,Standard,1,1,42.0,Debit Card,Weekly,57.0,0.9219370249455058,50.66213291718278,-1.078062975054494,57.58282746282462,Good,4,5,2,452,Loyal Customer
1391,1392,53,Male,Blouse,Clothing,29.000000000000004,Mississippi,S,White,Winter,3.6,0,Express,1,1,38.0,Credit Card,Annually,1.0,-1.1974342657671198,71.71693707381598,-3.1974342657671198,76.14142429342643,Average,1,4,1,141,Need Attention
1392,1393,31,Male,Gloves,Accessories,46.0,Arkansas,M,Yellow,Spring,4.2,0,Express,1,1,34.0,Venmo,Every 3 Months,4.0,-0.6781627635046217,66.55825636875585,-2.6781627635046217,71.59434445973184,Good,2,4,2,242,Need Attention
1393,1394,46,Male,Gloves,Accessories,58.0,Idaho,L,Yellow,Spring,3.9,0,Express,1,1,14.0,PayPal,Fortnightly,28.0,-0.9292348188684556,69.05252104906651,-2.929234818868456,73.79289507299468,Average,3,2,3,323,Promising
1394,1395,26,Male,Coat,Outerwear,43.0,Iowa,L,Magenta,Fall,4.7,0,Next Day Air,1,1,39.0,Cash,Weekly,57.0,0.9253842756748913,50.62788635108835,-1.0746157243251087,57.55264108786474,Good,4,4,2,442,Loyal Customer
1395,1396,47,Male,Scarf,Accessories,32.0,West Virginia,L,Turquoise,Spring,2.8,0,Next Day Air,1,1,40.0,PayPal,Bi-Weekly,114.0,2.0186794777393686,39.76659155780356,0.018679477739368622,47.97903548092856,Average,5,4,1,541,Loyal Customer
1396,1397,37,Male,Pants,Clothing,30.0,Wisconsin,XL,Lavender,Winter,3.0,0,Next Day Air,1,1,49.0,Debit Card,Monthly,12.0,-0.10645006155478431,60.87860079063109,-2.106450061554784,66.58805529043134,Average,3,5,1,351,Loyal Customer
1397,1398,55,Male,Sunglasses,Accessories,67.0,Massachusetts,S,Magenta,Summer,4.7,0,Store Pickup,1,1,33.0,PayPal,Annually,1.0,0.06100186134153163,59.215056768078966,-1.9389981386584685,65.12173707655347,Good,1,4,3,143,At Risk
1398,1399,30,Male,Dress,Clothing,45.0,Texas,M,Cyan,Summer,2.5,0,Free Shipping,1,1,25.0,Credit Card,Weekly,57.0,0.04066014922304373,59.417140643963386,-1.9593398507769564,65.2998623704581,Poor,4,3,2,432,Potential Loyalist
1399,1400,19,Male,Hat,Accessories,81.0,Nebraska,M,Olive,Winter,3.1,0,Store Pickup,1,1,48.0,Venmo,Annually,1.0,1.6905612591494585,43.026268077395834,-0.30943874085054146,50.852252532735406,Average,1,5,4,154,At Risk
1400,1401,36,Male,Backpack,Accessories,23.0,Nevada,M,Red,Fall,3.6,0,Next Day Air,1,1,22.0,Credit Card,Every 3 Months,4.0,-2.4800715301398677,84.4592425507801,-4.480071530139868,87.37303244708593,Average,2,3,1,231,Need Attention
1401,1402,23,Male,Sandals,Footwear,59.0,Indiana,M,Blue,Fall,3.5,0,2-Day Shipping,1,1,1.0,PayPal,Weekly,57.0,-1.0296256125784415,70.04984912931147,-3.0296256125784415,74.67198231652402,Average,4,1,3,413,Recent Customer
1402,1403,62,Male,Sunglasses,Accessories,21.0,North Dakota,L,White,Summer,3.1,0,Express,1,1,47.0,PayPal,Monthly,12.0,-0.624933425203823,66.02945176607878,-2.624933425203823,71.12823366856787,Average,3,5,1,351,Loyal Customer
1403,1404,26,Male,Backpack,Accessories,20.0,Georgia,M,Peach,Spring,3.6,0,Store Pickup,1,1,20.0,Credit Card,Bi-Weekly,114.0,0.127437144158689,58.555058269969905,-1.872562855841311,64.53998642505906,Average,5,2,1,521,Potential Loyalist
1404,1405,36,Male,Jewelry,Accessories,28.0,New Mexico,M,Charcoal,Winter,3.5,0,Next Day Air,1,1,10.0,Debit Card,Weekly,57.0,-1.7155758371583334,76.86439252858153,-3.715575837158333,80.67860971570828,Average,4,1,1,411,Recent Customer
1405,1406,33,Male,Socks,Clothing,100.0,New Hampshire,M,Peach,Winter,2.7,0,Store Pickup,1,1,39.0,Credit Card,Monthly,12.0,2.157069015515618,38.391766567027084,0.15706901551561803,46.76720645954969,Average,3,4,5,345,Loyal Customer
1406,1407,32,Male,Shirt,Clothing,46.0,Washington,L,Turquoise,Spring,3.6,0,Express,1,1,15.0,Debit Card,Monthly,12.0,-1.7845527539507415,77.54964078156897,-3.7845527539507415,81.2826165714102,Average,3,2,2,322,Promising
1407,1408,56,Male,Handbag,Accessories,61.0,Nevada,XL,Charcoal,Spring,4.5,0,Express,1,1,11.0,Credit Card,Annually,1.0,-1.7153408930209348,76.86205848601789,-3.715340893020935,80.67655239165997,Good,1,2,3,123,Need Attention
1408,1409,58,Male,Blouse,Clothing,58.0,Maine,M,Yellow,Winter,4.1,0,Free Shipping,1,1,38.0,Venmo,Weekly,57.0,1.4895404195777995,45.02330107823456,-0.5104595804222005,52.612522067624255,Good,4,4,3,443,Loyal Customer
1409,1410,34,Male,Backpack,Accessories,50.0,Idaho,M,Blue,Spring,4.2,0,Standard,1,1,41.0,Cash,Fortnightly,28.0,0.602084516972962,53.83969408538444,-1.3979154830270382,60.38366456330424,Good,3,5,2,352,Loyal Customer
1410,1411,61,Male,Hat,Accessories,93.0,Tennessee,M,Purple,Summer,4.0,0,Store Pickup,1,1,18.0,Debit Card,Annually,1.0,0.12046364451294278,58.62433620629515,-1.8795363554870572,64.60105093461003,Good,1,2,5,125,Need Attention
1411,1412,48,Male,Skirt,Clothing,24.0,Louisiana,L,Green,Summer,2.8,0,Store Pickup,1,1,13.0,Venmo,Quarterly,3.0,-3.0870020900290314,90.48876844420923,-5.087002090029031,92.68771214219828,Average,1,2,1,121,Hibernating
1412,1413,25,Male,Shorts,Clothing,100.0,Michigan,M,Charcoal,Summer,2.6,0,2-Day Shipping,1,1,43.0,Venmo,Annually,1.0,2.1467123252929246,38.49465466658061,0.14671232529292455,46.857896391599205,Average,1,5,5,155,At Risk
1413,1414,51,Male,Blouse,Clothing,79.0,New Hampshire,S,Indigo,Fall,2.7,0,Store Pickup,1,1,12.0,Bank Transfer,Quarterly,3.0,-0.8338247651467854,68.10467391888851,-2.8338247651467854,72.95742243619627,Average,1,2,4,124,Need Attention
1414,1415,29,Male,Socks,Clothing,51.0,Minnesota,M,Black,Summer,4.5,0,Store Pickup,1,1,3.0,Credit Card,Bi-Weekly,114.0,0.25957297702382975,57.24236044527034,-1.7404270229761702,63.38291892123562,Good,5,1,2,512,Recent Customer
1415,1416,54,Male,Belt,Accessories,90.0,Illinois,M,Blue,Winter,3.7,0,Free Shipping,1,1,12.0,Credit Card,Every 3 Months,4.0,-0.34322904164291557,63.23087152111111,-2.343229041642916,68.66144641763641,Average,2,2,5,225,About to Sleep
1416,1417,48,Male,Boots,Footwear,56.0,Idaho,L,Silver,Summer,3.4,0,Free Shipping,1,1,46.0,Cash,Quarterly,3.0,0.5486992205777877,54.370048047132336,-1.4513007794222124,60.85114102522567,Average,1,5,3,153,At Risk
1417,1418,62,Male,Shorts,Clothing,25.0,Montana,S,Brown,Spring,4.6,0,Standard,1,1,21.0,Debit Card,Fortnightly,28.0,-1.8380897004260022,78.08150130460254,-3.838089700426002,81.75142098030723,Good,3,3,1,331,Promising
1418,1419,18,Male,Shirt,Clothing,75.0,Alabama,M,Violet,Summer,4.1,0,2-Day Shipping,1,1,23.0,Venmo,Every 3 Months,4.0,-0.21511719590238454,61.95814982575176,-2.2151171959023843,67.53961556867584,Good,2,3,4,234,At Risk
1419,1420,43,Male,Handbag,Accessories,75.0,Montana,M,Orange,Summer,2.6,0,Free Shipping,1,1,4.0,Debit Card,Quarterly,3.0,-1.5565412749594703,75.2844704187057,-3.5565412749594705,79.28599940013325,Average,1,1,4,114,Need Attention
1420,1421,22,Male,Jeans,Clothing,53.0,California,XL,Gray,Summer,4.6,0,Store Pickup,1,1,45.0,PayPal,Every 3 Months,4.0,0.37891073177454526,56.0568045845397,-1.6210892682254547,62.33791973360244,Good,2,5,3,253,At Risk
1421,1422,68,Male,Dress,Clothing,100.0,Pennsylvania,S,Gold,Spring,3.0,0,Standard,1,1,24.0,Bank Transfer,Fortnightly,28.0,1.5365054108032883,44.55672936576309,-0.4634945891967117,52.20126598374406,Average,3,3,5,335,Promising
1422,1423,44,Male,Dress,Clothing,27.0,Texas,L,Charcoal,Fall,3.4,0,Free Shipping,1,1,3.0,PayPal,Bi-Weekly,114.0,-0.7538397315637733,67.31006599675051,-2.7538397315637733,72.25702133269253,Average,5,1,1,511,Recent Customer
1423,1424,51,Male,Sandals,Footwear,60.0,Michigan,S,Black,Fall,3.5,0,Free Shipping,1,1,12.0,Venmo,Every 3 Months,4.0,-1.6099949273774192,75.81550346046131,-3.6099949273774192,79.75407443195756,Average,2,2,3,223,About to Sleep
1424,1425,66,Male,Jacket,Outerwear,23.0,Connecticut,S,Indigo,Fall,3.5,0,Standard,1,1,34.0,Bank Transfer,Every 3 Months,4.0,-1.6493499425677411,76.20647418892435,-3.649349942567741,80.09869260404471,Average,2,4,1,241,Need Attention
1425,1426,59,Male,Coat,Outerwear,40.0,Wyoming,S,White,Winter,3.7,0,Next Day Air,1,1,39.0,Credit Card,Annually,1.0,-0.6637266420334582,66.41484133256627,-2.663726642033458,71.46793236792189,Average,1,4,2,142,Need Attention
1426,1427,60,Male,Pants,Clothing,38.0,Michigan,M,Yellow,Summer,4.8,0,Free Shipping,1,1,35.0,PayPal,Every 3 Months,4.0,-0.9467402007361454,69.22642752242793,-2.946740200736145,73.94618360996404,Good,2,4,2,242,Need Attention
1427,1428,31,Male,Backpack,Accessories,90.0,South Dakota,S,Orange,Summer,4.9,0,Store Pickup,1,1,8.0,Credit Card,Annually,1.0,-0.6984809337039465,66.76010636844329,-2.6984809337039466,71.77226360524315,Good,1,1,5,115,Need Attention
1428,1429,20,Male,Blouse,Clothing,97.0,North Dakota,S,Green,Summer,4.9,0,Express,1,1,42.0,PayPal,Quarterly,3.0,2.0030387352242336,39.92197385063898,0.0030387352242335908,48.11599602000052,Good,1,5,5,155,At Risk
1429,1430,24,Male,Skirt,Clothing,38.0,Maryland,L,Gold,Fall,4.7,0,Standard,1,1,6.0,Credit Card,Every 3 Months,4.0,-2.9543173707021184,89.17061773024601,-4.954317370702118,91.525838230647,Good,2,1,2,212,About to Sleep
1430,1431,48,Male,Sandals,Footwear,30.0,Michigan,S,Orange,Summer,4.9,0,Free Shipping,1,1,3.0,Credit Card,Fortnightly,28.0,-2.873044434161775,88.36321519082782,-4.873044434161775,90.81415940914887,Good,3,1,1,311,Lost
1431,1432,39,Male,Pants,Clothing,88.0,South Dakota,M,Cyan,Fall,2.9,0,Express,1,1,29.0,Venmo,Quarterly,3.0,0.723060582967412,52.63786249112111,-1.276939417032588,59.32431925425819,Average,1,3,5,135,At Risk
1432,1433,34,Male,Hat,Accessories,33.0,Florida,L,Black,Winter,4.4,0,Express,1,1,32.0,Debit Card,Quarterly,3.0,-1.391663143986146,73.64649562279921,-3.391663143986146,77.84221898642,Good,1,4,1,141,Need Attention
1433,1434,70,Male,Hoodie,Clothing,60.0,Minnesota,L,Yellow,Winter,3.2,0,Next Day Air,1,1,45.0,Debit Card,Weekly,57.0,2.0585790713771734,39.370210737862024,0.05857907137717344,47.629648624895474,Average,4,5,3,453,Loyal Customer
1434,1435,59,Male,Sweater,Clothing,64.0,New York,L,Maroon,Summer,4.6,0,Free Shipping,1,1,21.0,Debit Card,Bi-Weekly,114.0,2.054587242200305,39.40986739543496,0.054587242200304864,47.66460368380128,Good,5,3,3,533,Potential Loyalist
1435,1436,45,Male,Scarf,Accessories,95.0,Oregon,XL,Black,Fall,4.0,0,Standard,1,1,41.0,Cash,Weekly,57.0,3.2595654088767185,27.439062929238702,1.2595654088767185,37.11302922253455,Good,4,5,5,455,Champion
1436,1437,35,Male,Sneakers,Footwear,83.0,Minnesota,M,Gray,Winter,3.7,0,Free Shipping,1,1,23.0,PayPal,Fortnightly,28.0,0.7494446099227257,52.37575149488285,-1.2505553900772743,59.09328351211281,Average,3,3,4,334,Promising
1437,1438,69,Male,Boots,Footwear,97.0,Montana,XL,Orange,Winter,4.2,0,Free Shipping,1,1,14.0,Cash,Annually,1.0,0.01245856675350121,59.6973080683337,-1.987541433246499,65.54681381371428,Good,1,2,5,125,Need Attention
1438,1439,58,Male,Coat,Outerwear,38.0,Washington,M,Cyan,Spring,2.9,0,Standard,1,1,24.0,Debit Card,Monthly,12.0,-1.4993157994675141,74.71596636067054,-3.499315799467514,78.78489582628158,Average,3,3,2,332,Promising
1439,1440,25,Male,Boots,Footwear,48.0,New Mexico,M,Magenta,Summer,4.8,0,Next Day Air,1,1,25.0,Cash,Fortnightly,28.0,-0.5899953255055074,65.6823606971488,-2.5899953255055075,70.82229288831394,Good,3,3,2,332,Promising
1440,1441,27,Male,Sandals,Footwear,76.0,Arizona,M,Pink,Spring,4.4,0,Standard,1,1,13.0,Venmo,Monthly,12.0,-0.6562404661449258,66.34047023586137,-2.6562404661449257,71.40237853092925,Good,3,2,4,324,Promising
1441,1442,34,Male,Pants,Clothing,25.0,Nebraska,S,Turquoise,Summer,3.4,0,Free Shipping,1,1,3.0,Venmo,Every 3 Months,4.0,-3.710929651413435,96.6871503277617,-5.710929651413435,98.15122866427981,Average,2,1,1,211,About to Sleep
1442,1443,53,Male,Hoodie,Clothing,92.0,Idaho,S,Violet,Spring,2.8,0,2-Day Shipping,1,1,42.0,Credit Card,Annually,1.0,1.739681290132713,42.538287213895316,-0.260318709867287,50.4221255156716,Average,1,5,5,155,At Risk
1443,1444,58,Male,Sandals,Footwear,47.0,Idaho,L,Teal,Fall,4.2,0,Next Day Air,1,1,2.0,Cash,Monthly,12.0,-2.642275610962729,86.07065210893437,-4.642275610962729,88.79339713422749,Good,3,1,2,312,Need Attention
1444,1445,32,Male,Sweater,Clothing,36.0,Vermont,L,Pink,Fall,3.8,0,Express,1,1,26.0,Cash,Quarterly,3.0,-1.680347349198759,76.51441660979206,-3.680347349198759,80.37012610650848,Average,1,3,2,132,Need Attention
1445,1446,64,Male,Belt,Accessories,51.0,Arkansas,M,Gold,Fall,3.1,0,2-Day Shipping,1,1,24.0,Credit Card,Annually,1.0,-1.2376478017292987,72.11643674045756,-3.237647801729299,76.49356023313901,Average,1,3,2,132,Need Attention
1446,1447,63,Male,Jeans,Clothing,35.0,Wyoming,XL,Red,Summer,3.2,0,Express,1,1,6.0,Credit Card,Quarterly,3.0,-3.107108858010121,90.68851827753002,-5.107108858010121,92.86378011205457,Average,1,1,1,111,Hibernating
1447,1448,23,Male,Hoodie,Clothing,57.0,New Mexico,S,Beige,Summer,3.0,0,Next Day Air,1,1,25.0,PayPal,Monthly,12.0,-0.6278039395379846,66.05796876892742,-2.6278039395379844,71.15336976362475,Average,3,3,3,333,Promising
1448,1449,64,Male,Boots,Footwear,95.0,West Virginia,M,Black,Summer,3.6,0,Free Shipping,1,1,11.0,Credit Card,Every 3 Months,4.0,-0.2013281929848424,61.82116356137406,-2.2013281929848425,67.41887006883633,Average,2,2,5,225,About to Sleep
1449,1450,18,Male,Socks,Clothing,41.0,New York,L,Lavender,Winter,2.5,0,Store Pickup,1,1,20.0,Cash,Every 3 Months,4.0,-1.8584655966278536,78.28392478081261,-3.8584655966278536,81.92984561233347,Poor,2,2,2,222,About to Sleep
1450,1451,25,Male,Dress,Clothing,44.0,Illinois,S,Teal,Winter,3.4,0,Free Shipping,1,1,25.0,Cash,Quarterly,3.0,-1.4117699119672356,73.84624545612,-3.4117699119672356,78.01828695627628,Average,1,3,2,132,Need Attention
1451,1452,54,Male,Jacket,Outerwear,34.0,Utah,M,Maroon,Fall,2.5,0,Next Day Air,1,1,35.0,PayPal,Quarterly,3.0,-1.141757217568631,71.1638158010236,-3.141757217568631,75.65387975851564,Poor,1,4,1,141,Need Attention
1452,1453,60,Male,Jacket,Outerwear,25.0,Colorado,L,Blue,Spring,4.7,0,2-Day Shipping,1,1,11.0,Bank Transfer,Quarterly,3.0,-3.183230158433236,91.44474210654018,-5.183230158433236,93.53034784889445,Good,1,2,1,121,Hibernating
1453,1454,36,Male,Boots,Footwear,93.0,Virginia,S,Teal,Winter,3.2,0,2-Day Shipping,1,1,41.0,Bank Transfer,Fortnightly,28.0,2.41778228652575,35.80172163898248,0.4177822865257501,44.4842310761106,Average,3,5,5,355,Loyal Customer
1454,1455,66,Male,Sneakers,Footwear,50.0,Georgia,L,Maroon,Winter,2.9,0,Free Shipping,1,1,17.0,Credit Card,Annually,1.0,-1.7644609240041893,77.35003934951841,-3.7644609240041893,81.10667940872376,Average,1,2,2,122,Hibernating
1455,1456,60,Male,Pants,Clothing,79.0,Alabama,L,Silver,Fall,4.9,0,Express,1,1,1.0,PayPal,Every 3 Months,4.0,-1.5692046550200165,75.41027423057396,-3.5692046550200165,79.39688821234195,Good,2,1,4,214,About to Sleep
1456,1457,59,Male,Coat,Outerwear,100.0,Montana,S,Olive,Spring,2.7,0,Store Pickup,1,1,30.0,PayPal,Every 3 Months,4.0,1.325108634960109,46.65684166521074,-0.6748913650398909,54.05239398163418,Average,2,3,5,235,At Risk
1457,1458,58,Male,Shirt,Clothing,57.0,Pennsylvania,S,Gray,Spring,4.7,0,Express,1,1,47.0,Venmo,Fortnightly,28.0,1.3130240174304095,46.776895785274846,-0.6869759825695905,54.15821477177536,Good,3,5,3,353,Loyal Customer
1458,1459,35,Male,Sweater,Clothing,28.0,Missouri,M,Peach,Spring,2.9,0,2-Day Shipping,1,1,34.0,Venmo,Weekly,57.0,-0.054132662014079846,60.35885580487002,-2.05413266201408,66.12993002962581,Average,4,4,1,441,Loyal Customer
1459,1460,20,Male,Shoes,Footwear,35.0,Maine,L,Yellow,Winter,4.8,0,Express,1,1,18.0,Venmo,Fortnightly,28.0,-1.6235148020741996,75.94981608194975,-3.6235148020741996,79.87246326962716,Good,3,2,1,321,Promising
1460,1461,70,Male,Boots,Footwear,85.0,Pennsylvania,L,Violet,Fall,4.6,0,Standard,1,1,33.0,Venmo,Bi-Weekly,114.0,3.772044949786584,22.347856676034063,1.7720449497865838,32.625424230735256,Good,5,4,5,545,Champion
1461,1462,54,Male,Sunglasses,Accessories,95.0,Oregon,S,Red,Summer,5.0,0,2-Day Shipping,1,1,42.0,Venmo,Quarterly,3.0,1.9185876761752665,40.76094931326233,-0.08141232382473351,48.8555045542886,Good,1,5,5,155,At Risk
1462,1463,38,Male,Sneakers,Footwear,90.0,Utah,S,Charcoal,Summer,4.8,0,2-Day Shipping,1,1,2.0,Venmo,Quarterly,3.0,-1.0616119300209061,70.36761584267322,-3.061611930020906,74.95207536681288,Good,1,1,5,115,Need Attention
1463,1464,54,Male,Jewelry,Accessories,49.0,Oklahoma,M,Beige,Summer,4.9,0,Store Pickup,1,1,1.0,Bank Transfer,Monthly,12.0,-2.627051350878106,85.91940734313232,-4.627051350878106,88.6600835868595,Good,3,1,2,312,Need Attention
1464,1465,33,Male,Belt,Accessories,92.0,Montana,M,Peach,Winter,4.6,0,2-Day Shipping,1,1,23.0,Bank Transfer,Quarterly,3.0,0.47660190727928253,55.08629574680229,-1.5233980927207176,61.48247210720265,Good,1,3,5,135,At Risk
1465,1466,46,Male,Gloves,Accessories,72.0,Nebraska,XL,Violet,Winter,3.9,0,Store Pickup,1,1,42.0,Cash,Bi-Weekly,114.0,3.8461542566473943,21.611620911693997,1.8461542566473943,31.976474821326832,Average,5,5,4,554,Champion
1466,1467,58,Male,Shorts,Clothing,71.0,Alabama,M,Green,Summer,4.5,0,Store Pickup,1,1,3.0,PayPal,Annually,1.0,-1.8468999894908515,78.16902674747166,-3.8468999894908515,81.82856961558038,Good,1,1,4,114,Need Attention
1467,1468,30,Male,Jewelry,Accessories,27.0,Ohio,XL,Olive,Winter,4.7,0,Store Pickup,1,1,16.0,Debit Card,Fortnightly,28.0,-2.099772636198755,80.68117932608575,-4.099772636198756,84.04288738061967,Good,3,2,1,321,Promising
1468,1469,42,Male,Gloves,Accessories,39.0,Arkansas,S,Silver,Fall,3.9,0,Express,1,1,46.0,Cash,Fortnightly,28.0,0.48373768702536346,55.01540564570628,-1.5162623129746367,61.41998656728814,Average,3,5,2,352,Loyal Customer
1469,1470,28,Male,Jewelry,Accessories,98.0,Mississippi,M,Purple,Winter,4.4,0,Standard,1,1,31.0,PayPal,Every 3 Months,4.0,1.309884374875486,46.80808643101277,-0.690115625124514,54.18570752900217,Good,2,4,5,245,At Risk
1470,1471,43,Male,Sandals,Footwear,27.0,California,M,Silver,Spring,3.9,0,Next Day Air,1,1,15.0,Cash,Every 3 Months,4.0,-2.7957570047923412,87.5954065032826,-4.795757004792341,90.1373802869505,Average,2,2,1,221,About to Sleep
1471,1472,31,Male,Jewelry,Accessories,71.0,Alaska,S,Gray,Spring,2.8,0,2-Day Shipping,1,1,48.0,Venmo,Every 3 Months,4.0,1.346650660108279,46.44283333046564,-0.653349339891721,53.863757964249444,Average,2,5,4,254,At Risk
1472,1473,39,Male,Hat,Accessories,24.0,Indiana,L,Turquoise,Spring,3.5,0,Store Pickup,1,1,11.0,Cash,Weekly,57.0,-1.8152511562919231,77.85461275700692,-3.8152511562919234,81.55143179736433,Average,4,2,1,421,Potential Loyalist
1473,1474,69,Male,Shorts,Clothing,63.0,Wisconsin,M,Violet,Fall,4.3,0,Express,1,1,20.0,Credit Card,Every 3 Months,4.0,-0.9295039470892177,69.05519469195578,-2.9295039470892177,73.79525173516463,Good,2,2,3,223,About to Sleep
1474,1475,31,Male,Sweater,Clothing,72.0,New Jersey,S,Pink,Fall,3.9,0,Next Day Air,1,1,6.0,Credit Card,Monthly,12.0,-1.309730176993267,72.83253603885727,-3.309730176993267,77.12476050794612,Average,3,1,4,314,Need Attention
1475,1476,44,Male,Blouse,Clothing,61.0,Rhode Island,M,Teal,Spring,4.0,0,Express,1,1,24.0,Cash,Monthly,12.0,-0.5281286204043947,65.06774854050204,-2.5281286204043947,70.28054768196871,Good,3,3,3,333,Promising
1476,1477,39,Male,Hat,Accessories,56.0,Wyoming,M,Magenta,Fall,4.1,0,Next Day Air,1,1,18.0,Credit Card,Monthly,12.0,-1.1546170618128753,71.29157137798828,-3.1546170618128753,75.76648893920951,Good,3,2,3,323,Promising
1477,1478,24,Male,Belt,Accessories,32.0,Oregon,XL,Silver,Summer,4.3,0,Standard,1,1,1.0,PayPal,Every 3 Months,4.0,-3.5538045426707385,95.12619760222262,-5.553804542670738,96.77533876811174,Good,2,1,1,211,About to Sleep
1478,1479,28,Male,Gloves,Accessories,23.0,Washington,M,Blue,Summer,4.2,0,Free Shipping,1,1,13.0,Venmo,Bi-Weekly,114.0,-0.23047386001826808,62.11070995378408,-2.230473860018268,67.67408853206767,Good,5,2,1,521,Potential Loyalist
1479,1480,48,Male,Coat,Outerwear,100.0,Washington,L,Black,Spring,4.0,0,Standard,1,1,2.0,Bank Transfer,Weekly,57.0,0.7708478968897239,52.163121448711536,-1.2291521031102761,58.90586237669835,Good,4,1,5,415,Recent Customer
1480,1481,39,Male,Jewelry,Accessories,74.0,New Hampshire,M,Gold,Fall,3.6,0,Express,1,1,26.0,Cash,Quarterly,3.0,-0.07577722726838798,60.57388281994848,-2.075777227268388,66.31946395503503,Average,1,3,4,134,At Risk
1481,1482,64,Male,Skirt,Clothing,33.0,Maryland,S,Gray,Spring,3.3,0,Standard,1,1,31.0,PayPal,Quarterly,3.0,-1.46088994295049,74.33422631962053,-3.46088994295049,78.4484139733401,Average,1,4,1,141,Need Attention
1482,1483,28,Male,Gloves,Accessories,67.0,Wisconsin,S,Magenta,Spring,4.1,0,2-Day Shipping,1,1,43.0,Bank Transfer,Weekly,57.0,2.21570418011987,37.809258012322935,0.2157041801198698,46.25375872872741,Good,4,5,3,453,Loyal Customer
1483,1484,39,Male,Jewelry,Accessories,61.0,Massachusetts,S,Yellow,Summer,4.7,0,Next Day Air,1,1,12.0,Debit Card,Bi-Weekly,114.0,1.3048694629477593,46.857906860761794,-0.6951305370522407,54.22962136751431,Good,5,2,3,523,Potential Loyalist
1484,1485,49,Male,Shorts,Clothing,46.0,Nebraska,M,Teal,Summer,4.4,0,Store Pickup,1,1,22.0,Venmo,Every 3 Months,4.0,-1.5088843510767485,74.8110247306116,-3.5088843510767482,78.86868430277306,Good,2,3,2,232,Need Attention
1485,1486,22,Male,Gloves,Accessories,56.0,Nebraska,L,Red,Spring,3.4,0,Standard,1,1,3.0,Cash,Fortnightly,28.0,-1.7751806665252055,77.45653417672429,-3.7751806665252055,81.20054846340389,Average,3,1,3,313,Need Attention
1486,1487,25,Male,Sneakers,Footwear,73.0,Idaho,S,Yellow,Spring,5.0,0,Free Shipping,1,1,23.0,Venmo,Every 3 Months,4.0,-0.2995682549513514,62.79712528837511,-2.2995682549513514,68.27912410296393,Good,2,3,4,234,At Risk
1487,1488,40,Male,Skirt,Clothing,44.0,Arizona,L,Black,Summer,4.6,0,Store Pickup,1,1,26.0,PayPal,Annually,1.0,-1.394772910471995,73.67738946599664,-3.3947729104719953,77.86945012930708,Good,1,3,2,132,Need Attention
1488,1489,23,Male,Hat,Accessories,44.0,Hawaii,L,Pink,Winter,4.0,0,Standard,1,1,37.0,Credit Card,Weekly,57.0,0.8291562072706871,51.583860013419304,-1.170843792729313,58.3952767945609,Good,4,4,2,442,Loyal Customer
1489,1490,24,Male,Jewelry,Accessories,26.0,Missouri,XL,Magenta,Summer,4.1,0,Next Day Air,1,1,42.0,Venmo,Quarterly,3.0,-0.9949738610140914,69.7056027737678,-2.9949738610140915,74.36854898722723,Good,1,5,1,151,Need Attention
1490,1491,66,Male,Sneakers,Footwear,52.0,Louisiana,L,Olive,Spring,4.9,0,Express,1,1,15.0,Venmo,Bi-Weekly,114.0,1.1325200941204399,48.57010435210292,-0.8674799058795601,55.73882481105036,Good,5,2,3,523,Potential Loyalist
1491,1492,27,Male,Shirt,Clothing,54.0,Arkansas,S,Black,Summer,2.7,0,Free Shipping,1,1,10.0,Bank Transfer,Quarterly,3.0,-2.0279166011875596,79.96732859532295,-4.02791660118756,83.41366908863743,Average,1,1,3,113,Lost
1492,1493,62,Male,Jacket,Outerwear,38.0,North Carolina,M,Maroon,Summer,4.5,0,Free Shipping,1,1,3.0,Venmo,Quarterly,3.0,-3.188112666329702,91.49324717405892,-5.188112666329702,93.57310227138275,Good,1,1,2,112,Hibernating
1493,1494,70,Male,Belt,Accessories,44.0,North Dakota,S,Gold,Fall,2.7,0,Standard,1,1,44.0,Credit Card,Quarterly,3.0,-0.09646073164470148,60.779362216515054,-2.0964607316447017,66.50058220479434,Average,1,5,2,152,Need Attention
1494,1495,43,Male,T-shirt,Clothing,76.0,Montana,M,Gray,Spring,3.0,0,Next Day Air,1,1,23.0,Bank Transfer,Fortnightly,28.0,0.45386590325134146,55.312165614064554,-1.5461340967486585,61.681563382121084,Average,3,3,4,334,Promising
1495,1496,45,Male,Jewelry,Accessories,23.0,Rhode Island,M,Brown,Winter,4.5,0,Next Day Air,1,1,6.0,PayPal,Weekly,57.0,-2.2036106806381266,81.71275397242516,-4.203610680638127,84.95216099910887,Good,4,1,1,411,Recent Customer
1496,1497,63,Male,T-shirt,Clothing,98.0,Idaho,M,Purple,Winter,5.0,0,Standard,1,1,9.0,Venmo,Bi-Weekly,114.0,2.6595336584606155,33.400052892693814,0.6595336584606155,42.36729844394521,Good,5,1,5,515,Recent Customer
1497,1498,69,Male,Jacket,Outerwear,33.0,Michigan,S,Magenta,Spring,3.8,0,2-Day Shipping,1,1,16.0,Debit Card,Every 3 Months,4.0,-2.473177028681097,84.39074941859126,-4.473177028681096,87.31265969716617,Average,2,2,1,221,About to Sleep
1498,1499,59,Male,Sweater,Clothing,32.0,Illinois,M,Teal,Summer,3.1,0,Standard,1,1,46.0,Venmo,Fortnightly,28.0,0.18815898035397927,57.951819764888,-1.8118410196460206,64.00826643729641,Average,3,5,1,351,Loyal Customer
1499,1500,19,Male,Boots,Footwear,85.0,Georgia,S,Olive,Fall,3.4,0,Free Shipping,1,1,24.0,Credit Card,Every 3 Months,4.0,0.2763648983067939,57.075541815813715,-1.723635101693206,63.235877910315374,Average,2,3,5,235,At Risk
1500,1501,63,Male,Jeans,Clothing,69.0,Alabama,L,Maroon,Summer,4.8,0,Next Day Air,1,1,22.0,Debit Card,Monthly,12.0,-0.3287779821372149,63.08730808365127,-2.3287779821372148,68.5349035186566,Good,3,3,4,334,Promising
1501,1502,37,Male,Jeans,Clothing,55.0,Alaska,XL,Silver,Spring,2.7,0,Standard,1,1,13.0,Debit Card,Every 3 Months,4.0,-1.7518957760354925,77.22521142019836,-3.7518957760354925,80.99665078075763,Average,2,2,3,223,About to Sleep
1502,1503,37,Male,Pants,Clothing,66.0,Massachusetts,M,Black,Summer,3.2,0,Store Pickup,1,1,20.0,Cash,Fortnightly,28.0,-0.1760697888865247,61.57023501764524,-2.1760697888865246,67.19769101432178,Average,3,2,3,323,Promising
1503,1504,50,Male,Jacket,Outerwear,30.0,Michigan,M,Maroon,Fall,3.9,0,2-Day Shipping,1,1,46.0,Cash,Quarterly,3.0,-0.5491645470587819,65.27672906123586,-2.549164547058782,70.46475197097067,Average,1,5,1,151,Need Attention
1504,1505,60,Male,Jacket,Outerwear,80.0,Alaska,M,Teal,Winter,4.2,0,Next Day Air,1,1,10.0,Bank Transfer,Monthly,12.0,-0.6950187449400237,66.72571140107863,-2.6950187449400236,71.74194642311342,Good,3,1,4,314,Need Attention
1505,1506,46,Male,Belt,Accessories,20.0,North Dakota,M,Teal,Summer,3.0,0,Express,1,1,39.0,Cash,Monthly,12.0,-1.2209733464430577,71.95078507196095,-3.2209733464430577,76.34754783107273,Average,3,4,1,341,Loyal Customer
1506,1507,35,Male,Shirt,Clothing,30.0,South Carolina,L,Beige,Fall,3.0,0,2-Day Shipping,1,1,44.0,PayPal,Quarterly,3.0,-0.6876181449874698,66.65219045487848,-2.6876181449874696,71.67714194481087,Average,1,5,1,151,Need Attention
1507,1508,66,Male,Dress,Clothing,86.0,Pennsylvania,S,Maroon,Winter,3.7,0,2-Day Shipping,1,1,7.0,Venmo,Annually,1.0,-0.936609850766224,69.12578799051131,-2.936609850766224,73.85747566073941,Average,1,1,5,115,Need Attention
1508,1509,35,Male,Blouse,Clothing,84.0,Colorado,L,Beige,Spring,4.4,0,Store Pickup,1,1,3.0,Cash,Every 3 Months,4.0,-1.2196234094689116,71.93737418037297,-3.2196234094689116,76.33572690278156,Good,2,1,4,214,About to Sleep
1509,1510,20,Male,Dress,Clothing,54.0,New Hampshire,XL,White,Summer,4.6,0,Free Shipping,1,1,44.0,Debit Card,Annually,1.0,0.27356476613102954,57.103359610096284,-1.7264352338689704,63.26039769330486,Good,1,5,3,153,At Risk
1510,1511,55,Male,Blouse,Clothing,30.0,Maryland,XL,Gray,Fall,3.0,0,Free Shipping,1,1,31.0,Venmo,Annually,1.0,-1.639796328993044,76.11156422025351,-3.639796328993044,80.01503493472309,Average,1,4,1,141,Need Attention
1511,1512,34,Male,Dress,Clothing,91.0,Georgia,M,Violet,Winter,3.6,0,Express,1,1,48.0,Credit Card,Weekly,57.0,3.5752508835291925,24.302898976736202,1.5752508835291925,34.34868138266998,Average,4,5,5,455,Champion
1512,1513,60,Male,Sneakers,Footwear,23.0,Wisconsin,L,Silver,Winter,3.9,0,Standard,1,1,18.0,PayPal,Bi-Weekly,114.0,0.11566013480345161,58.672056469677514,-1.8843398651965484,64.64311359746715,Average,5,2,1,521,Potential Loyalist
1513,1514,22,Male,Socks,Clothing,35.0,Texas,M,Red,Spring,4.1,0,Free Shipping,1,1,27.0,Cash,Monthly,12.0,-1.4183119911479327,73.9112374641416,-3.4183119911479327,78.07557366695339,Good,3,3,1,331,Promising
1514,1515,26,Male,Shoes,Footwear,90.0,Utah,L,Brown,Winter,3.9,0,2-Day Shipping,1,1,1.0,Venmo,Weekly,57.0,0.27936580268054545,57.04572945864959,-1.7206341973194546,63.209600035058834,Average,4,1,5,415,Recent Customer
1515,1516,39,Male,Jeans,Clothing,93.0,Indiana,S,Turquoise,Fall,3.9,0,2-Day Shipping,1,1,34.0,Cash,Weekly,57.0,2.690526757077344,33.09215326961124,0.6905267570773441,42.095902665263345,Average,4,4,5,445,Champion
1516,1517,20,Male,Jeans,Clothing,68.0,Nevada,L,Indigo,Winter,4.5,0,Express,1,1,5.0,Bank Transfer,Bi-Weekly,114.0,1.1158605768687362,48.73560761932927,-0.8841394231312638,55.88470640594676,Good,5,1,3,513,Recent Customer
1517,1518,57,Male,Gloves,Accessories,41.0,New Hampshire,M,Violet,Spring,3.4,0,Standard,1,1,12.0,Cash,Quarterly,3.0,-2.4383948870771563,84.04520770873208,-4.438394887077156,87.00808458766971,Average,1,2,2,122,Hibernating
1518,1519,68,Male,Belt,Accessories,73.0,New York,M,Yellow,Winter,4.1,0,Next Day Air,1,1,14.0,Venmo,Fortnightly,28.0,-0.2958518760012039,62.7602050793914,-2.295851876001204,68.24658106583412,Good,3,2,4,324,Promising
1519,1520,50,Male,Sunglasses,Accessories,73.0,Texas,L,Cyan,Fall,4.9,0,Next Day Air,1,1,40.0,PayPal,Weekly,57.0,2.261376960373739,37.35552371491683,0.26137696037373903,45.85381808662349,Good,4,4,4,444,Champion
1520,1521,21,Male,Hat,Accessories,66.0,Iowa,M,Brown,Summer,4.4,0,2-Day Shipping,1,1,39.0,Cash,Quarterly,3.0,0.4863669230722151,54.98928561176479,-1.513633076927785,61.39696326222601,Good,1,4,3,143,At Risk
1521,1522,29,Male,Backpack,Accessories,59.0,Washington,M,White,Summer,2.7,0,2-Day Shipping,1,1,50.0,Bank Transfer,Weekly,57.0,2.3624875366744096,36.351044985067126,0.3624875366744096,44.968427957439,Average,4,5,3,453,Loyal Customer
1522,1523,38,Male,Shorts,Clothing,72.0,Tennessee,L,Yellow,Spring,4.8,0,Free Shipping,1,1,5.0,Debit Card,Monthly,12.0,-1.3789569759576108,73.52026673567859,-3.378956975957611,77.73095549486622,Good,3,1,4,314,Need Attention
1523,1524,54,Male,Socks,Clothing,88.0,Georgia,M,White,Summer,3.3,0,2-Day Shipping,1,1,35.0,Debit Card,Annually,1.0,1.086191579284372,49.03035301689119,-0.9138084207156281,56.144507492688476,Average,1,4,5,145,At Risk
1524,1525,22,Male,Socks,Clothing,76.0,Massachusetts,L,Pink,Summer,4.4,0,Free Shipping,1,1,6.0,Cash,Bi-Weekly,114.0,1.5228916120289475,44.69197507201458,-0.4771083879710525,52.32047728187435,Good,5,1,4,514,Recent Customer
1525,1526,29,Male,Belt,Accessories,31.000000000000004,Oregon,M,Indigo,Winter,4.6,0,2-Day Shipping,1,1,22.0,Cash,Fortnightly,28.0,-1.5155097243147577,74.87684421991119,-3.5155097243147577,78.9267003905229,Good,3,3,1,331,Promising
1526,1527,41,Male,Jacket,Outerwear,22.0,Oklahoma,L,White,Summer,3.1,0,Next Day Air,1,1,27.0,PayPal,Monthly,12.0,-1.9672438749662176,79.36457797119336,-3.9672438749662176,82.8823791398259,Average,3,3,1,331,Promising
1527,1528,26,Male,Hat,Accessories,75.0,Wisconsin,L,Red,Fall,4.5,0,2-Day Shipping,1,1,33.0,Debit Card,Fortnightly,28.0,1.103908363370297,48.854346377163104,-0.8960916366297029,55.9893677800641,Good,3,4,4,344,Loyal Customer
1528,1529,69,Male,T-shirt,Clothing,75.0,Oregon,S,Red,Spring,4.0,0,Store Pickup,1,1,47.0,Venmo,Bi-Weekly,114.0,4.318964840042565,16.914504233652405,2.3189648400425646,27.8362370852942,Good,5,5,4,554,Champion
1529,1530,20,Male,Backpack,Accessories,63.0,Georgia,M,Lavender,Winter,3.1,0,Free Shipping,1,1,48.0,Credit Card,Bi-Weekly,114.0,3.8814852847131065,21.26062631257118,1.8814852847131065,31.66709330410256,Average,5,5,3,553,Loyal Customer
1530,1531,59,Male,Coat,Outerwear,21.0,New Mexico,M,Teal,Spring,3.9,0,Next Day Air,1,1,22.0,Bank Transfer,Quarterly,3.0,-2.5906374879233867,85.55765536675244,-4.590637487923386,88.34122006134946,Average,1,3,1,131,Lost
1531,1532,63,Male,Backpack,Accessories,83.0,Mississippi,S,Violet,Spring,4.5,0,Next Day Air,1,1,8.0,PayPal,Bi-Weekly,114.0,1.9569239166290195,40.38009955919023,-0.043076083370980456,48.519807438025886,Good,5,1,4,514,Recent Customer
1532,1533,68,Male,Jacket,Outerwear,46.0,Wisconsin,S,Silver,Winter,4.4,0,Next Day Air,1,1,5.0,PayPal,Every 3 Months,4.0,-2.685739933470595,86.50244657657394,-4.685739933470595,89.1739990804148,Good,2,1,2,212,About to Sleep
1533,1534,50,Male,Shoes,Footwear,59.0,New Hampshire,M,Gold,Summer,3.6,0,2-Day Shipping,1,1,16.0,Bank Transfer,Quarterly,3.0,-1.4014281597790788,73.74350575783672,-3.401428159779079,77.92772783139664,Average,1,2,3,123,Need Attention
1534,1535,55,Male,Blouse,Clothing,66.0,Wyoming,M,Green,Summer,3.4,0,Free Shipping,1,1,26.0,Venmo,Fortnightly,28.0,0.2392910048995387,57.44385083671736,-1.7607089951004613,63.56052109280116,Average,3,3,3,333,Promising
1535,1536,36,Male,Sandals,Footwear,74.0,West Virginia,S,Turquoise,Fall,4.0,0,2-Day Shipping,1,1,8.0,Venmo,Monthly,12.0,-1.0868255200156123,70.6180991825913,-3.086825520015612,75.17286199981784,Good,3,1,4,314,Need Attention
1536,1537,18,Male,Sunglasses,Accessories,82.0,Michigan,M,Indigo,Summer,2.6,0,Store Pickup,1,1,17.0,Cash,Quarterly,3.0,-0.3610141817516155,63.40755724084691,-2.3610141817516155,68.81718470016365,Average,1,2,4,124,Need Attention
1537,1538,68,Male,Shoes,Footwear,89.0,Alaska,L,Black,Spring,3.2,0,Next Day Air,1,1,50.0,Venmo,Annually,1.0,2.166819093274014,38.29490483325982,0.16681909327401412,46.68182842174289,Average,1,5,5,155,At Risk
1538,1539,56,Male,Dress,Clothing,65.0,Illinois,L,Charcoal,Fall,3.2,0,Standard,1,1,22.0,Venmo,Bi-Weekly,114.0,2.166039570689132,38.30264896730197,0.166039570689132,46.68865442973714,Average,5,3,3,533,Potential Loyalist
1539,1540,32,Male,Belt,Accessories,55.0,Hawaii,M,Turquoise,Spring,5.0,0,2-Day Shipping,1,1,19.0,Cash,Every 3 Months,4.0,-1.3365349822494292,73.09882723927049,-3.3365349822494292,77.35948085923702,Good,2,2,3,223,About to Sleep
1540,1541,28,Male,Shorts,Clothing,95.0,Colorado,M,Red,Winter,2.9,0,Next Day Air,1,1,14.0,Bank Transfer,Monthly,12.0,0.21527139378460358,57.68247264411826,-1.7847286062153964,63.77085246827243,Average,3,2,5,325,Promising
1541,1542,24,Male,Handbag,Accessories,77.0,Illinois,S,Indigo,Winter,2.9,0,Store Pickup,1,1,35.0,Cash,Bi-Weekly,114.0,3.5726943115194043,24.328297132884817,1.5726943115194043,34.371068394047356,Average,5,4,4,544,Champion
1542,1543,59,Male,Blouse,Clothing,44.0,Hawaii,M,Maroon,Winter,3.5,0,Next Day Air,1,1,43.0,PayPal,Weekly,57.0,1.2445170010567503,47.457475832491426,-0.7554829989432497,54.75810687304029,Average,4,5,2,452,Loyal Customer
1543,1544,56,Male,Jeans,Clothing,89.0,Wisconsin,M,Indigo,Fall,4.0,0,Standard,1,1,24.0,Venmo,Annually,1.0,0.3669223202010724,56.17590295061397,-1.6330776797989275,62.442898081665554,Good,1,3,5,135,At Risk
1544,1545,30,Male,Jewelry,Accessories,24.0,Arkansas,M,Maroon,Spring,3.9,0,Standard,1,1,17.0,Debit Card,Bi-Weekly,114.0,0.08865886536359113,58.94029943518715,-1.9113411346364089,64.87955431724322,Average,5,2,1,521,Potential Loyalist
1545,1546,48,Male,Belt,Accessories,43.0,Delaware,M,Black,Winter,4.9,0,Store Pickup,1,1,49.0,Bank Transfer,Annually,1.0,0.15521793618343105,58.27907117041813,-1.8447820638165688,64.29671969728875,Good,1,5,2,152,Need Attention
1546,1547,60,Male,Sneakers,Footwear,51.0,Oregon,XL,Purple,Summer,3.8,0,Express,1,1,17.0,Bank Transfer,Annually,1.0,-1.722235394479706,76.93055161820675,-3.722235394479706,80.73692514157973,Average,1,2,2,122,Hibernating
1547,1548,46,Male,Hat,Accessories,46.0,South Carolina,L,Teal,Summer,3.5,0,Standard,1,1,40.0,Cash,Quarterly,3.0,-0.28891686845310993,62.691309541176956,-2.28891686845311,68.18585361818667,Average,1,4,2,142,Need Attention
1548,1549,69,Male,Dress,Clothing,32.0,Maryland,M,Silver,Summer,3.7,0,Store Pickup,1,1,43.0,Bank Transfer,Weekly,57.0,0.737810646762949,52.491328608231505,-1.262189353237051,59.19515807876875,Average,4,5,1,451,Loyal Customer
1549,1550,19,Male,Sneakers,Footwear,55.0,Kansas,M,Black,Spring,2.9,0,2-Day Shipping,1,1,19.0,Debit Card,Every 3 Months,4.0,-1.3365349822494292,73.09882723927049,-3.3365349822494292,77.35948085923702,Average,2,2,3,223,About to Sleep
1550,1551,66,Male,Sunglasses,Accessories,26.0,Arkansas,S,Black,Summer,2.8,0,Free Shipping,1,1,40.0,Bank Transfer,Quarterly,3.0,-1.133427458942779,71.08106416741042,-3.133427458942779,75.58093896106745,Average,1,4,1,141,Need Attention
1551,1552,64,Male,Handbag,Accessories,29.000000000000004,Minnesota,M,Olive,Summer,3.7,0,2-Day Shipping,1,1,13.0,Credit Card,Monthly,12.0,-2.6408403537956477,86.05639360751005,-4.640840353795648,88.78082908669906,Average,3,2,1,321,Promising
1552,1553,54,Male,Blouse,Clothing,49.0,New Mexico,L,Purple,Spring,3.0,0,Express,1,1,20.0,Credit Card,Monthly,12.0,-1.3117421705555716,72.85252410352737,-3.3117421705555716,77.14237883537758,Average,3,2,2,322,Promising
1553,1554,27,Male,Blouse,Clothing,45.0,Delaware,M,Indigo,Spring,4.8,0,Free Shipping,1,1,21.0,Debit Card,Quarterly,3.0,-1.6464515783001277,76.17768051209359,-3.6464515783001277,80.07331263681264,Good,1,3,2,132,Need Attention
1554,1555,64,Male,Shorts,Clothing,48.0,Utah,S,Lavender,Winter,2.7,0,Standard,1,1,18.0,Cash,Bi-Weekly,114.0,1.1712983729155377,48.18486318688567,-0.8287016270844623,55.3992569188662,Average,5,2,2,522,Potential Loyalist
1555,1556,43,Male,Shorts,Clothing,47.0,Ohio,S,Cyan,Winter,4.5,0,Free Shipping,1,1,44.0,Cash,Quarterly,3.0,0.030215856928748952,59.52089902258003,-1.969784143071251,65.39131940336222,Good,1,5,2,152,Need Attention
1556,1557,43,Male,Hoodie,Clothing,57.0,Alabama,M,Gold,Fall,2.7,0,Standard,1,1,26.0,Credit Card,Quarterly,3.0,-0.7936112291846067,67.70517425224692,-2.7936112291846067,72.60528649648367,Average,1,3,3,133,At Risk
1557,1558,27,Male,Backpack,Accessories,34.0,South Dakota,L,Magenta,Fall,3.5,0,Next Day Air,1,1,34.0,PayPal,Quarterly,3.0,-1.2109840165329748,71.85154649784492,-3.210984016532975,76.26007474543574,Average,1,4,1,141,Need Attention
1558,1559,35,Male,Sunglasses,Accessories,75.0,New Mexico,XL,Teal,Fall,3.5,0,Express,1,1,24.0,Credit Card,Every 3 Months,4.0,-0.14589039693804062,61.270419128930456,-2.1458903969380407,66.93342058175575,Average,2,3,4,234,At Risk
1559,1560,43,Male,Scarf,Accessories,94.0,Oregon,L,Beige,Fall,4.5,0,Store Pickup,1,1,23.0,PayPal,Fortnightly,28.0,1.2139254346920434,47.761386450454445,-0.7860745653079566,55.0259865735284,Good,3,3,5,335,Promising
1560,1561,57,Male,Hat,Accessories,84.0,Oregon,M,Teal,Winter,3.8,0,Free Shipping,1,1,3.0,Debit Card,Weekly,57.0,0.16446622346233242,58.18719445287701,-1.8355337765376676,64.21573566408286,Average,4,1,4,414,Recent Customer
1561,1562,50,Male,Scarf,Accessories,38.0,Mississippi,M,Indigo,Summer,3.8,0,Standard,1,1,2.0,Bank Transfer,Quarterly,3.0,-3.257339465294046,92.18097787088024,-5.257339465294046,94.17929725830285,Average,1,1,2,112,Hibernating
1562,1563,37,Male,Scarf,Accessories,75.0,Alabama,M,Purple,Winter,3.2,0,Next Day Air,1,1,23.0,Venmo,Bi-Weekly,114.0,2.6575216648983107,33.42004095736392,0.6575216648983107,42.38491677137666,Average,5,3,4,534,Potential Loyalist
1563,1564,68,Male,Pants,Clothing,44.0,Kansas,M,Teal,Fall,4.3,0,Next Day Air,1,1,8.0,Cash,Weekly,57.0,-1.178420962695286,71.52805022123738,-3.178420962695286,75.97493141524387,Good,4,1,2,412,Recent Customer
1564,1565,22,Male,Backpack,Accessories,33.0,California,XL,Turquoise,Summer,4.5,0,Next Day Air,1,1,30.0,Debit Card,Every 3 Months,4.0,-1.5040018431802822,74.76251966309286,-3.504001843180282,78.82592988028475,Good,2,3,1,231,Need Attention
1565,1566,58,Male,Sunglasses,Accessories,93.0,Idaho,L,Peach,Fall,4.2,0,Free Shipping,1,1,48.0,PayPal,Annually,1.0,2.19726761344326,37.992415301655754,0.19726761344325983,46.415201327006955,Good,1,5,5,155,At Risk
1566,1567,48,Male,Sneakers,Footwear,99.0,Wyoming,S,Green,Winter,3.0,0,Free Shipping,1,1,21.0,Cash,Bi-Weekly,114.0,3.5324807755572256,24.727796799526384,1.5324807755572256,34.72320433375995,Average,5,3,5,535,Potential Loyalist
1567,1568,30,Male,Backpack,Accessories,33.0,Minnesota,M,Turquoise,Spring,4.1,0,Standard,1,1,9.0,Cash,Monthly,12.0,-2.7488454315550896,87.12936546954857,-4.74884543155509,89.72659196580331,Good,3,1,1,311,Lost
1568,1569,51,Male,Sneakers,Footwear,76.0,Washington,L,Yellow,Spring,4.6,0,Store Pickup,1,1,8.0,Debit Card,Monthly,12.0,-1.0023744609666454,69.77912371996794,-3.0023744609666454,74.43335346552978,Good,3,1,4,314,Need Attention
1569,1570,20,Male,Skirt,Clothing,63.0,Hawaii,M,Orange,Summer,2.9,0,Standard,1,1,29.0,Debit Card,Weekly,57.0,1.0776268765211214,49.115438693068,-0.9223731234788786,56.219505614184996,Average,4,3,3,433,Potential Loyalist
1570,1571,30,Male,Pants,Clothing,41.0,Missouri,L,Brown,Winter,4.8,0,Next Day Air,1,1,3.0,Bank Transfer,Every 3 Months,4.0,-3.0353211790217,89.97534662677492,-5.0353211790217,92.2351603899752,Good,2,1,2,212,About to Sleep
1571,1572,28,Male,Jewelry,Accessories,88.0,Colorado,L,Silver,Winter,4.5,0,Next Day Air,1,1,11.0,Bank Transfer,Fortnightly,28.0,0.1298506699730162,58.53108120018023,-1.8701493300269838,64.51885201943387,Good,3,2,5,325,Promising
1572,1573,37,Male,Skirt,Clothing,92.0,Washington,L,White,Summer,3.4,0,2-Day Shipping,1,1,16.0,Debit Card,Monthly,12.0,0.2270484031398411,57.56547444441066,-1.772951596860159,63.667725295864344,Average,3,2,5,325,Promising
1573,1574,36,Male,T-shirt,Clothing,31.000000000000004,North Dakota,L,Indigo,Summer,4.3,0,2-Day Shipping,1,1,25.0,Debit Card,Weekly,57.0,-0.5504972641197245,65.2899688823268,-2.5504972641197243,70.47642211047462,Good,4,3,1,431,Potential Loyalist
1574,1575,18,Male,Skirt,Clothing,25.0,Minnesota,S,Magenta,Spring,4.2,0,Free Shipping,1,1,32.0,PayPal,Bi-Weekly,114.0,1.1692863793532329,48.20485125155579,-0.8307136206467671,55.41687524629765,Good,5,4,1,541,Loyal Customer
1575,1576,52,Male,Shirt,Clothing,28.0,California,M,Turquoise,Spring,3.6,0,Next Day Air,1,1,28.0,Cash,Fortnightly,28.0,-1.2268255191021447,72.00892323291833,-3.2268255191021447,76.3987932704344,Average,3,3,1,331,Promising
1576,1577,56,Male,Dress,Clothing,75.0,Michigan,M,White,Spring,3.7,0,2-Day Shipping,1,1,36.0,PayPal,Monthly,12.0,0.8937503805105005,50.942151940282855,-1.1062496194894995,57.829648098910944,Average,3,4,4,344,Loyal Customer
1577,1578,68,Male,Boots,Footwear,34.0,Delaware,S,Olive,Spring,4.0,0,Standard,1,1,7.0,Venmo,Fortnightly,28.0,-2.4272351202064657,83.93434147829586,-4.427235120206466,86.91036239289231,Good,3,1,1,311,Lost
1578,1579,62,Male,Pants,Clothing,97.0,California,S,Maroon,Winter,4.9,0,2-Day Shipping,1,1,2.0,PayPal,Quarterly,3.0,-0.7660332233495221,67.43120172349151,-2.766033223349522,72.36379549680461,Good,1,1,5,115,Need Attention
1579,1580,35,Male,Jacket,Outerwear,80.0,Oklahoma,M,Violet,Summer,3.1,0,Free Shipping,1,1,6.0,Bank Transfer,Monthly,12.0,-0.9719259407973994,69.47663418836389,-2.9719259407973992,74.16672637079382,Average,3,1,4,314,Need Attention
1580,1581,65,Male,Sneakers,Footwear,71.0,North Dakota,L,Cyan,Summer,3.7,0,Standard,1,1,30.0,Cash,Annually,1.0,0.02222358254643375,59.60029793329621,-1.9777764174535664,65.46130496873764,Average,1,3,4,134,At Risk
1581,1582,69,Male,Jewelry,Accessories,77.0,Ohio,L,Teal,Fall,4.2,0,Free Shipping,1,1,46.0,Cash,Quarterly,3.0,1.43543534059194,45.560805689587205,-0.56456465940806,53.08630141520088,Good,1,5,4,154,At Risk
1582,1583,28,Male,Belt,Accessories,41.0,Hawaii,L,Red,Spring,2.5,0,Next Day Air,1,1,39.0,Cash,Monthly,12.0,-0.3342372264289053,63.14154271441581,-2.3342372264289053,68.58270822104794,Poor,3,4,2,342,Loyal Customer
1583,1584,37,Male,Scarf,Accessories,92.0,Maryland,XL,Yellow,Summer,4.3,0,Next Day Air,1,1,8.0,Venmo,Annually,1.0,-0.6140298746549796,65.92113090581996,-2.6140298746549795,71.03275507095509,Good,1,1,5,115,Need Attention
1584,1585,41,Male,Blouse,Clothing,95.0,Hawaii,S,Silver,Spring,3.1,0,Store Pickup,1,1,46.0,Credit Card,Quarterly,3.0,2.195494872032642,38.01002652597708,0.19549487203264215,46.430724606608194,Average,1,5,5,155,At Risk
1585,1586,37,Male,Sweater,Clothing,25.0,Alabama,M,Charcoal,Fall,3.0,0,Next Day Air,1,1,40.0,Debit Card,Fortnightly,28.0,-0.5227805201034682,65.01461806499759,-2.5227805201034683,70.23371622882529,Average,3,4,1,341,Loyal Customer
1586,1587,25,Male,Boots,Footwear,77.0,Oklahoma,M,Purple,Fall,4.0,0,Express,1,1,21.0,Bank Transfer,Weekly,57.0,1.1149698981491385,48.744456029275085,-0.8850301018508615,55.89250576952928,Good,4,3,4,434,Potential Loyalist
1587,1588,41,Male,Socks,Clothing,99.0,Alabama,M,Beige,Summer,3.5,0,Free Shipping,1,1,33.0,Credit Card,Fortnightly,28.0,2.1173210719578996,38.786640825682944,0.11732107195789965,47.11526536860718,Average,3,4,5,345,Loyal Customer
1588,1589,48,Male,Belt,Accessories,24.0,Vermont,L,Cyan,Winter,3.2,0,Next Day Air,1,1,3.0,Venmo,Monthly,12.0,-3.5442359910615044,95.03113923228153,-5.544235991061504,96.69155029162027,Average,3,1,1,311,Lost
1589,1590,42,Male,Sneakers,Footwear,72.0,Ohio,M,Silver,Summer,2.7,0,Store Pickup,1,1,48.0,Cash,Weekly,57.0,2.7729658225640064,32.273165871658,0.7729658225640064,41.37401245840671,Average,4,5,4,454,Champion
1590,1591,54,Male,Jeans,Clothing,80.0,Wisconsin,S,Pink,Winter,3.0,0,Free Shipping,1,1,8.0,PayPal,Annually,1.0,-1.120736228948781,70.95498368156004,-3.1207362289487808,75.46980627668354,Average,1,1,4,114,Need Attention
1591,1592,18,Male,Skirt,Clothing,100.0,South Dakota,L,Gold,Winter,2.9,0,Next Day Air,1,1,24.0,PayPal,Annually,1.0,0.8314031449703904,51.56153790618556,-1.1685968550296097,58.37560114308115,Average,1,3,5,135,At Risk
1592,1593,56,Male,Shoes,Footwear,83.0,Iowa,M,Cyan,Summer,3.3,0,Free Shipping,1,1,10.0,Bank Transfer,Every 3 Months,4.0,-0.7772613462429876,67.54274703393544,-2.7772613462429874,72.46211626148488,Average,2,1,4,214,About to Sleep
1593,1594,61,Male,Dress,Clothing,95.0,Maryland,M,Black,Spring,4.9,0,2-Day Shipping,1,1,25.0,Bank Transfer,Monthly,12.0,0.9767661823923863,50.11743497908383,-1.0232338176076137,57.10270761215131,Good,3,3,5,335,Promising
1594,1595,40,Male,Handbag,Accessories,41.0,Colorado,XL,Charcoal,Summer,3.7,0,Store Pickup,1,1,3.0,Cash,Fortnightly,28.0,-2.4085636093924574,83.7488501463994,-4.408563609392457,86.74686247056447,Average,3,1,2,312,Need Attention
1595,1596,34,Male,Backpack,Accessories,35.0,Wisconsin,S,Magenta,Spring,3.5,0,Standard,1,1,45.0,Debit Card,Fortnightly,28.0,0.2456087699630859,57.38108726777429,-1.754391230036914,63.5051986227844,Average,3,5,1,351,Loyal Customer
1596,1597,42,Male,Jewelry,Accessories,30.0,Mississippi,S,Pink,Fall,4.7,0,Store Pickup,1,1,15.0,Debit Card,Monthly,12.0,-2.4601612263424766,84.26144448255573,-4.460161226342477,87.19868484571481,Good,3,2,1,321,Promising
1597,1598,43,Male,Hat,Accessories,21.0,Mississippi,XL,Maroon,Winter,2.6,0,Store Pickup,1,1,34.0,Bank Transfer,Quarterly,3.0,-1.7599159003512597,77.30488700489667,-3.7599159003512597,81.06688021830823,Average,1,4,1,141,Need Attention
1598,1599,47,Male,Jewelry,Accessories,85.0,California,M,Teal,Fall,4.1,0,Express,1,1,21.0,Venmo,Bi-Weekly,114.0,2.9413233622144572,30.600625037889817,0.9413233622144572,39.89976407377648,Good,5,3,5,535,Potential Loyalist
1599,1600,48,Male,Shirt,Clothing,54.0,Delaware,M,Orange,Winter,2.8,0,2-Day Shipping,1,1,22.0,Debit Card,Bi-Weekly,114.0,1.701558745919814,42.91701401173038,-0.29844125408018596,50.75595136832156,Average,5,3,3,533,Potential Loyalist
1600,1601,20,Male,Boots,Footwear,26.0,Montana,S,Yellow,Spring,4.7,0,Next Day Air,1,1,24.0,PayPal,Weekly,57.0,-0.8308517107064857,68.07513823570649,-2.8308517107064857,72.93138843311493,Good,4,3,1,431,Potential Loyalist
1601,1602,65,Male,Shirt,Clothing,59.0,Indiana,XL,Red,Spring,2.9,0,Store Pickup,1,1,33.0,Credit Card,Monthly,12.0,0.01046151122573341,59.71714773173357,-1.9895384887742666,65.56430133397588,Average,3,4,3,343,Loyal Customer
1602,1603,54,Male,Sunglasses,Accessories,48.0,West Virginia,S,Charcoal,Winter,2.8,0,Free Shipping,1,1,13.0,Venmo,Fortnightly,28.0,-1.420716913077634,73.93512905900455,-3.420716913077634,78.09663273135516,Average,3,2,2,322,Promising
1603,1604,23,Male,Shorts,Clothing,98.0,Iowa,L,Black,Summer,4.3,0,Next Day Air,1,1,17.0,Debit Card,Bi-Weekly,114.0,3.2133480501753664,27.898207318123312,1.2133480501753664,37.517738548584404,Good,5,2,5,525,Potential Loyalist
1604,1605,18,Male,Sweater,Clothing,92.0,Maine,M,White,Summer,4.8,0,2-Day Shipping,1,1,25.0,Credit Card,Every 3 Months,4.0,0.6411704039425219,53.45139699981068,-1.358829596057478,60.041403053387,Good,2,3,5,235,At Risk
1605,1606,70,Male,Belt,Accessories,46.0,Connecticut,M,Lavender,Winter,3.4,0,Next Day Air,1,1,15.0,Credit Card,Bi-Weekly,114.0,0.8791669169735392,51.08703073997296,-1.1208330830264608,57.957350413914575,Average,5,2,2,522,Potential Loyalist
1606,1607,55,Male,T-shirt,Clothing,21.0,Kansas,S,White,Spring,4.3,0,Standard,1,1,4.0,PayPal,Fortnightly,28.0,-3.1838474009177826,91.45087407581156,-5.183847400917783,93.53575282652513,Good,3,1,1,311,Lost
1607,1608,49,Male,Shorts,Clothing,72.0,Vermont,S,Gray,Fall,2.7,0,Free Shipping,1,1,43.0,Debit Card,Quarterly,3.0,1.0166272960764915,49.7214364366095,-0.9833727039235085,56.75365771168137,Average,1,5,4,154,At Risk
1608,1609,26,Male,Sandals,Footwear,58.0,Nebraska,XL,Cyan,Fall,4.6,0,Next Day Air,1,1,12.0,Bank Transfer,Bi-Weekly,114.0,1.178192874374309,48.116370054696816,-0.8218071256256909,55.338884168946436,Good,5,2,3,523,Potential Loyalist
1609,1610,33,Male,Shirt,Clothing,93.0,Nevada,S,Brown,Fall,4.1,0,Standard,1,1,3.0,Venmo,Monthly,12.0,-0.6306744538721463,66.08648577177605,-2.630674453872146,71.17850585868163,Good,3,1,5,315,Need Attention
1610,1611,20,Male,Socks,Clothing,31.000000000000004,Tennessee,L,Purple,Spring,3.4,0,2-Day Shipping,1,1,1.0,PayPal,Annually,1.0,-3.6743747683988772,96.32399739358122,-5.674374768398877,97.83113027518212,Average,1,1,1,111,Hibernating
1611,1612,41,Male,Pants,Clothing,26.0,Arkansas,L,Yellow,Winter,4.5,0,Next Day Air,1,1,6.0,Debit Card,Monthly,12.0,-3.2521045351195053,92.12897167919425,-5.252104535119505,94.13345679657188,Good,3,1,1,311,Lost
1612,1613,18,Male,Skirt,Clothing,68.0,Wisconsin,M,Indigo,Summer,4.4,0,Standard,1,1,26.0,Venmo,Monthly,12.0,-0.09409631580432276,60.7558730276777,-2.0940963158043226,66.47987783812025,Good,3,3,3,333,Promising
1613,1614,26,Male,Jewelry,Accessories,31.000000000000004,Illinois,S,Black,Summer,4.0,0,Next Day Air,1,1,6.0,Credit Card,Fortnightly,28.0,-2.62313850774426,85.8805353690522,-4.62313850774426,88.62582018124453,Good,3,1,1,311,Lost
1614,1615,30,Male,T-shirt,Clothing,41.0,Kansas,S,Gray,Summer,3.4,0,Free Shipping,1,1,22.0,Cash,Bi-Weekly,114.0,1.1526268621015292,48.370354518782136,-0.8473731378984708,55.56275684119406,Average,5,3,2,532,Potential Loyalist
1615,1616,64,Male,Jewelry,Accessories,62.0,New York,M,Indigo,Fall,3.2,0,Standard,1,1,45.0,Cash,Bi-Weekly,114.0,3.6315793582955913,23.743306134346792,1.6315793582955913,33.85543253200691,Average,5,5,3,553,Loyal Customer
1616,1617,26,Male,Hat,Accessories,41.0,Colorado,M,Green,Spring,3.4,0,Standard,1,1,50.0,Cash,Quarterly,3.0,0.1922234735679117,57.9114412295222,-1.8077765264320882,63.972675084705834,Average,1,5,2,152,Need Attention
1617,1618,43,Male,Blouse,Clothing,64.0,Wisconsin,M,Peach,Winter,4.3,0,Standard,1,1,50.0,Credit Card,Fortnightly,28.0,1.8162831209948256,41.77728957562918,-0.18371687900517442,49.75134994100679,Good,3,5,3,353,Loyal Customer
1618,1619,63,Male,Sandals,Footwear,72.0,Michigan,L,Purple,Summer,5.0,0,Standard,1,1,39.0,Debit Card,Quarterly,3.0,0.7397201002191157,52.47235922389476,-1.2602798997808842,59.178437659361784,Good,1,4,4,144,At Risk
1619,1620,57,Male,Handbag,Accessories,78.0,Hawaii,L,Beige,Winter,3.5,0,Store Pickup,1,1,50.0,Venmo,Bi-Weekly,114.0,4.653321825509046,13.592848949253453,2.653321825509046,24.908389323101783,Average,5,5,4,554,Champion
1620,1621,25,Male,Hat,Accessories,47.0,Virginia,M,Charcoal,Winter,3.1,0,2-Day Shipping,1,1,27.0,PayPal,Every 3 Months,4.0,-1.1205248267305454,70.95288351519338,-3.1205248267305454,75.46795510102851,Average,2,3,2,232,Need Attention
1621,1622,68,Male,Scarf,Accessories,46.0,Ohio,L,Gray,Summer,3.9,0,2-Day Shipping,1,1,38.0,Debit Card,Fortnightly,28.0,0.22550200198199655,57.58083710109507,-1.7744979980180036,63.681266592640696,Average,3,4,2,342,Loyal Customer
1622,1623,31,Male,Shorts,Clothing,43.0,Missouri,S,Brown,Winter,4.0,0,Store Pickup,1,1,37.0,Bank Transfer,Every 3 Months,4.0,-0.5971589551850404,65.75352747222693,-2.5971589551850403,70.88502230040365,Good,2,4,2,242,Need Attention
1623,1624,64,Male,Backpack,Accessories,58.0,Indiana,M,Cyan,Summer,3.5,0,Next Day Air,1,1,50.0,Debit Card,Annually,1.0,0.8578276780150268,51.29902450392171,-1.1421723219849733,58.14421070320809,Average,1,5,3,153,At Risk
1624,1625,38,Male,Sweater,Clothing,32.0,Florida,M,White,Winter,3.6,0,Free Shipping,1,1,40.0,PayPal,Every 3 Months,4.0,-0.8539593830613266,68.3047004261914,-2.8539593830613263,73.13373427822776,Average,2,4,1,241,Need Attention
1625,1626,34,Male,Skirt,Clothing,45.0,Minnesota,L,Beige,Winter,3.0,0,Next Day Air,1,1,3.0,PayPal,Bi-Weekly,114.0,0.006219799876928889,59.75928683314039,-1.9937802001230711,65.60144452409985,Average,5,1,2,512,Recent Customer
1626,1627,32,Male,Sneakers,Footwear,35.0,Nevada,L,Orange,Summer,2.6,0,Next Day Air,1,1,45.0,Credit Card,Bi-Weekly,114.0,2.491490061134538,35.069474879761984,0.4914900611345381,43.838797744895935,Average,5,5,1,551,Loyal Customer
1627,1628,69,Male,Sunglasses,Accessories,21.0,Maine,M,Olive,Winter,2.9,0,Next Day Air,1,1,8.0,Credit Card,Annually,1.0,-3.6120424708933045,95.70475982894877,-5.6120424708933045,97.28530803818178,Average,1,1,1,111,Hibernating
1628,1629,45,Male,Dress,Clothing,64.0,Massachusetts,S,Teal,Winter,3.1,0,Next Day Air,1,1,7.0,Cash,Monthly,12.0,-1.5783076142247905,75.50070719252933,-3.5783076142247907,79.47659965817834,Average,3,1,3,313,Need Attention
1629,1630,35,Male,Blouse,Clothing,88.0,North Dakota,S,Silver,Spring,3.3,0,Next Day Air,1,1,13.0,Venmo,Quarterly,3.0,-0.3845682004620903,63.64155364026212,-2.3845682004620903,69.02343904497982,Average,1,2,5,125,Need Attention
1630,1631,63,Male,Shoes,Footwear,48.0,New Jersey,M,Gold,Summer,2.9,0,Store Pickup,1,1,29.0,Venmo,Every 3 Months,4.0,-0.9398456992773743,69.15793439023908,-2.9398456992773743,73.88581086004426,Average,2,3,2,232,Need Attention
1631,1632,65,Male,Sweater,Clothing,36.0,Indiana,L,Violet,Summer,3.9,0,2-Day Shipping,1,1,7.0,Bank Transfer,Fortnightly,28.0,-2.342784061157499,83.09536601567252,-4.342784061157499,86.17085385860425,Average,3,1,2,312,Need Attention
1632,1633,35,Male,Gloves,Accessories,28.0,Oregon,S,White,Summer,4.7,0,2-Day Shipping,1,1,50.0,Debit Card,Every 3 Months,4.0,-0.3305935115158214,63.105344383224974,-2.330593511515821,68.55080147760289,Good,2,5,1,251,Need Attention
1633,1634,54,Male,Socks,Clothing,80.0,North Dakota,M,Peach,Spring,4.4,0,2-Day Shipping,1,1,33.0,Debit Card,Bi-Weekly,114.0,3.5609173021641665,24.44529533259243,1.5609173021641665,34.47419556645545,Good,5,4,4,544,Champion
1634,1635,28,Male,Coat,Outerwear,23.0,South Carolina,S,Orange,Summer,3.6,0,Store Pickup,1,1,30.0,Cash,Every 3 Months,4.0,-1.9262571384251168,78.95739697620961,-3.926257138425117,82.52347255172512,Average,2,3,1,231,Need Attention
1635,1636,68,Male,Sunglasses,Accessories,24.0,North Carolina,L,Violet,Summer,3.2,0,Standard,1,1,40.0,Cash,Annually,1.0,-1.2701083154608495,72.43891433673174,-3.2701083154608495,76.7778056553064,Average,1,4,1,141,Need Attention
1636,1637,58,Male,Boots,Footwear,22.0,North Dakota,L,Green,Fall,4.0,0,Free Shipping,1,1,49.0,Cash,Fortnightly,28.0,-0.0264159179978235,60.08350498754079,-2.0264159179978236,65.88722414797648,Good,3,5,1,351,Loyal Customer
1637,1638,35,Male,Dress,Clothing,21.0,Massachusetts,M,Peach,Spring,3.5,0,Next Day Air,1,1,32.0,Venmo,Fortnightly,28.0,-1.2454970299161534,72.19441456481479,-3.2454970299161534,76.56229319276227,Average,3,4,1,341,Loyal Customer
1638,1639,68,Male,Jacket,Outerwear,51.0,Tennessee,M,Black,Spring,4.6,0,Free Shipping,1,1,18.0,Venmo,Weekly,57.0,-0.19057426638046282,61.71432913384254,-2.190574266380463,67.32470167603456,Good,4,2,2,422,Potential Loyalist
1639,1640,41,Male,Gloves,Accessories,65.0,Missouri,L,Blue,Summer,3.3,0,Free Shipping,1,1,50.0,PayPal,Annually,1.0,1.153406384686411,48.36261038473999,-0.8465936153135889,55.55593083319982,Average,1,5,3,153,At Risk
1640,1641,65,Male,Scarf,Accessories,51.0,Tennessee,S,Magenta,Spring,4.0,0,2-Day Shipping,1,1,13.0,PayPal,Weekly,57.0,-0.5367082612021823,65.1529826179491,-2.5367082612021825,70.35567661063509,Good,4,2,2,422,Potential Loyalist
1641,1642,50,Male,Hoodie,Clothing,32.0,Colorado,L,Violet,Summer,3.4,0,Free Shipping,1,1,1.0,Bank Transfer,Every 3 Months,4.0,-3.5538045426707385,95.12619760222262,-5.553804542670738,96.77533876811174,Average,2,1,1,211,About to Sleep
1642,1643,18,Male,Coat,Outerwear,70.0,Mississippi,M,Beige,Spring,4.2,0,Store Pickup,1,1,16.0,PayPal,Fortnightly,28.0,-0.28407486664596654,62.6432068796838,-2.2840748666459665,68.14345389342603,Good,3,2,4,324,Promising
1643,1644,38,Male,Scarf,Accessories,77.0,Ohio,L,Pink,Summer,3.9,0,2-Day Shipping,1,1,6.0,PayPal,Monthly,12.0,-1.09860252937085,70.73509738229889,-3.09860252937085,75.27598917222595,Average,3,1,4,314,Need Attention
1644,1645,68,Male,Coat,Outerwear,90.0,North Carolina,S,Beige,Summer,3.9,0,Next Day Air,1,1,21.0,Debit Card,Monthly,12.0,0.4887313389125938,54.96579642292745,-1.5112686610874062,61.376258895551906,Average,3,3,5,335,Promising
1645,1646,53,Male,Scarf,Accessories,36.0,Ohio,L,Green,Summer,2.8,0,Standard,1,1,36.0,Venmo,Every 3 Months,4.0,-0.9619644608207685,69.37767228822996,-2.9619644608207683,74.07949715733201,Average,2,4,2,242,Need Attention
1646,1647,58,Male,Handbag,Accessories,77.0,Nebraska,S,Silver,Summer,3.7,0,Standard,1,1,20.0,Bank Transfer,Every 3 Months,4.0,-0.33834653374644935,63.18236645359235,-2.3383465337464493,68.61869199514808,Average,2,2,4,224,About to Sleep
1647,1648,34,Male,Boots,Footwear,78.0,Hawaii,M,Purple,Summer,4.9,0,Store Pickup,1,1,8.0,Debit Card,Quarterly,3.0,-1.1529574905286446,71.27508443748542,-3.1529574905286446,75.75195665102072,Good,1,1,4,114,Need Attention
1648,1649,36,Male,Pants,Clothing,69.0,Oklahoma,M,Gray,Summer,2.6,0,Express,1,1,22.0,Credit Card,Monthly,12.0,-0.3287779821372149,63.08730808365127,-2.3287779821372148,68.5349035186566,Average,3,3,4,334,Promising
1649,1650,58,Male,T-shirt,Clothing,63.0,Wisconsin,M,White,Summer,4.9,0,Free Shipping,1,1,3.0,Credit Card,Quarterly,3.0,-2.132474428217616,81.00605389126709,-4.132474428217616,84.3292455927818,Good,1,1,3,113,Lost
1650,1651,60,Male,Scarf,Accessories,36.0,Arkansas,M,Silver,Winter,3.4,0,Next Day Air,1,1,46.0,Credit Card,Fortnightly,28.0,0.35706109845191303,56.2738688396413,-1.6429389015480869,62.52924936872025,Average,3,5,2,352,Loyal Customer
1651,1652,59,Male,Coat,Outerwear,80.0,Texas,M,Blue,Winter,3.9,0,Standard,1,1,42.0,Debit Card,Monthly,12.0,1.520238821918981,44.71832910279661,-0.4797611780810189,52.34370684167015,Average,3,5,4,354,Loyal Customer
1652,1653,65,Male,Sweater,Clothing,35.0,New Mexico,M,Orange,Summer,4.0,0,Next Day Air,1,1,1.0,Bank Transfer,Fortnightly,28.0,-2.800370384468046,87.64123792791206,-4.800370384468046,90.1777780472689,Good,3,1,1,311,Lost
1653,1654,31,Male,Belt,Accessories,93.0,Colorado,L,Silver,Winter,3.0,0,2-Day Shipping,1,1,29.0,Debit Card,Bi-Weekly,114.0,3.832941990125076,21.74287761282592,1.832941990125076,32.09217004126336,Average,5,3,5,535,Potential Loyalist
1654,1655,43,Male,Belt,Accessories,25.0,Indiana,L,Gray,Spring,2.6,0,Store Pickup,1,1,14.0,Credit Card,Quarterly,3.0,-2.9755497615402042,89.38155001607623,-4.975549761540204,91.71176288813413,Average,1,2,1,121,Hibernating
1655,1656,37,Male,Sweater,Clothing,81.0,Arizona,L,Gold,Spring,3.2,0,Next Day Air,1,1,4.0,PayPal,Monthly,12.0,-1.0681540092016035,70.43260785069482,-3.0681540092016037,75.00936207748998,Average,3,1,4,314,Need Attention
1656,1657,21,Male,Blouse,Clothing,42.0,Indiana,L,Brown,Spring,2.6,0,2-Day Shipping,1,1,41.0,PayPal,Every 3 Months,4.0,-0.36247728885214825,63.42209241625336,-2.362477288852148,68.82999661986727,Average,2,5,2,252,Need Attention
1657,1658,69,Male,Skirt,Clothing,36.0,Indiana,L,Turquoise,Spring,3.2,0,Store Pickup,1,1,4.0,Debit Card,Bi-Weekly,114.0,-0.30458316687907816,62.84694571812414,-2.304583166879078,68.32303794147609,Average,5,1,2,512,Recent Customer
1658,1659,32,Male,Jewelry,Accessories,66.0,Alaska,S,Pink,Spring,4.1,0,Store Pickup,1,1,47.0,Cash,Weekly,57.0,2.450385846452762,35.47782295634935,0.4503858464527619,44.198733048191045,Good,4,5,3,453,Loyal Customer
1659,1660,53,Male,Gloves,Accessories,37.0,Utah,M,Black,Fall,3.9,0,Next Day Air,1,1,44.0,Venmo,Annually,1.0,-0.44426923578518906,64.23465104239473,-2.444269235785189,69.54622023475349,Average,1,5,2,152,Need Attention
1660,1661,59,Male,T-shirt,Clothing,45.0,Louisiana,L,Yellow,Winter,4.1,0,Standard,1,1,37.0,Venmo,Monthly,12.0,-0.30378870625965926,62.839053182811746,-2.303788706259659,68.31608112631199,Good,3,4,2,342,Loyal Customer
1661,1662,64,Male,Gloves,Accessories,86.0,Iowa,S,Beige,Summer,2.7,0,2-Day Shipping,1,1,21.0,Debit Card,Quarterly,3.0,0.08479513220369406,58.97868352831497,-1.915204867796306,64.91338768390709,Average,1,3,5,135,At Risk
1662,1663,63,Male,Sunglasses,Accessories,24.0,New Mexico,M,Olive,Winter,4.6,0,Free Shipping,1,1,46.0,Debit Card,Fortnightly,28.0,-0.14964525584188826,61.30772161538138,-2.149645255841888,66.96630057444871,Good,3,5,1,351,Loyal Customer
1663,1664,43,Male,Shirt,Clothing,22.0,Maine,XL,Gold,Summer,3.5,0,Standard,1,1,1.0,Cash,Bi-Weekly,114.0,-1.1034209771148782,70.78296604695151,-3.103420977114878,75.31818264225294,Average,5,1,1,511,Recent Customer
1664,1665,19,Male,Handbag,Accessories,53.0,Minnesota,M,Purple,Spring,5.0,0,Next Day Air,1,1,35.0,PayPal,Weekly,57.0,1.0707323750623503,49.18393182525686,-0.9292676249376497,56.27987836410476,Good,4,4,3,443,Loyal Customer
1665,1666,40,Male,Jacket,Outerwear,41.0,New Mexico,L,Pink,Fall,3.4,0,Next Day Air,1,1,49.0,Venmo,Monthly,12.0,0.35803076321453364,56.26423574620269,-1.6419692367854664,62.520758351846915,Average,3,5,2,352,Loyal Customer
1666,1667,51,Male,Skirt,Clothing,64.0,Arkansas,M,Blue,Summer,3.1,0,Store Pickup,1,1,47.0,PayPal,Annually,1.0,0.903500458268896,50.8452902065156,-1.096499541731104,57.74427006110416,Average,1,5,3,153,At Risk
1667,1668,51,Male,Handbag,Accessories,40.0,Oklahoma,L,Brown,Winter,3.4,0,2-Day Shipping,1,1,24.0,Bank Transfer,Every 3 Months,4.0,-1.6237839302949615,75.95248972483903,-3.6237839302949615,79.87481993179709,Average,2,3,2,232,Need Attention
1668,1669,66,Male,Blouse,Clothing,33.0,Utah,L,Charcoal,Summer,4.0,0,Standard,1,1,28.0,Debit Card,Fortnightly,28.0,-1.0156978714797273,69.91148457635997,-3.0156978714797273,74.55002193471421,Good,3,3,1,331,Promising
1669,1670,42,Male,T-shirt,Clothing,59.0,Wisconsin,L,Maroon,Winter,2.7,0,Store Pickup,1,1,22.0,Bank Transfer,Quarterly,3.0,-0.9860673659930154,69.61712157690883,-2.9860673659930153,74.29055790987601,Average,1,3,3,133,At Risk
1670,1671,22,Male,Pants,Clothing,73.0,Utah,L,Cyan,Fall,3.6,0,Free Shipping,1,1,20.0,Cash,Weekly,57.0,0.8768409810868609,51.11013765134309,-1.123159018913139,57.97771782502553,Average,4,2,4,424,Potential Loyalist
1671,1672,31,Male,Hoodie,Clothing,22.0,Utah,M,Olive,Winter,4.0,0,Free Shipping,1,1,25.0,Bank Transfer,Weekly,57.0,-0.9305270298400756,69.06535846413188,-2.930527029840076,73.80421051477096,Good,4,3,1,431,Potential Loyalist
1672,1673,18,Male,Boots,Footwear,73.0,South Carolina,L,Gold,Fall,3.8,0,Free Shipping,1,1,15.0,Venmo,Quarterly,3.0,-0.8794975454006544,68.5584082162946,-2.879497545400654,73.35736307830018,Average,1,2,4,124,Need Attention
1673,1674,21,Male,Blouse,Clothing,62.0,Hawaii,M,Violet,Fall,3.4,0,Next Day Air,1,1,49.0,Venmo,Bi-Weekly,114.0,3.908486554152967,20.99238334706154,1.908486554152967,31.430652584326495,Average,5,5,3,553,Loyal Customer
1674,1675,35,Male,Coat,Outerwear,56.0,Alaska,M,Peach,Winter,3.2,0,Free Shipping,1,1,10.0,Debit Card,Fortnightly,28.0,-1.2905930737747981,72.6424192989751,-3.290593073774798,76.95718355496317,Average,3,1,3,313,Need Attention
1675,1676,35,Male,Pants,Clothing,90.0,Colorado,M,Beige,Spring,4.7,0,Next Day Air,1,1,21.0,Credit Card,Annually,1.0,0.20146745283252432,57.819607309766226,-1.7985325471674756,63.891728775281834,Good,1,3,5,135,At Risk
1676,1677,27,Male,Sunglasses,Accessories,44.0,West Virginia,M,Cyan,Winter,3.1,0,Next Day Air,1,1,34.0,Bank Transfer,Weekly,57.0,0.6214758103776553,53.64705210388324,-1.3785241896223446,60.213861755321204,Average,4,4,2,442,Loyal Customer
1677,1678,65,Male,Jeans,Clothing,35.0,Oregon,L,Silver,Summer,3.3,0,Next Day Air,0,0,41.0,Debit Card,Weekly,57.0,0.7260336374077117,52.60832680793911,0.7260336374077117,41.78498127095582,Average,4,5,1,451,Loyal Customer
1678,1679,41,Male,Pants,Clothing,71.0,Ohio,S,Magenta,Summer,4.8,0,2-Day Shipping,0,0,30.0,Venmo,Fortnightly,28.0,0.7273258483793316,52.59548939287374,0.7273258483793316,41.773665829179535,Good,3,3,4,334,Promising
1679,1680,60,Male,Dress,Clothing,52.0,Massachusetts,S,Black,Fall,4.5,0,Next Day Air,0,0,24.0,Debit Card,Bi-Weekly,114.0,1.755561284799535,42.3805280807111,1.755561284799535,32.76976594854841,Good,5,3,3,533,Potential Loyalist
1680,1681,61,Male,Shoes,Footwear,37.0,Louisiana,M,Olive,Summer,3.4,0,Store Pickup,0,0,6.0,Credit Card,Annually,1.0,-3.074887596430257,90.36841752160463,-3.074887596430257,75.06832575749635,Average,1,1,2,112,Hibernating
1681,1682,24,Male,Sneakers,Footwear,95.0,Virginia,L,Green,Winter,3.7,0,2-Day Shipping,0,0,14.0,Credit Card,Bi-Weekly,114.0,2.8789910647088846,31.21986260252227,2.8789910647088846,22.932282330555793,Average,5,2,5,525,Potential Loyalist
1682,1683,65,Male,Socks,Clothing,97.0,New York,M,Yellow,Fall,4.9,0,2-Day Shipping,0,0,37.0,Credit Card,Bi-Weekly,114.0,4.555658499937762,14.56308111300872,4.555658499937762,8.250289097105364,Good,5,4,5,545,Champion
1683,1684,23,Male,Coat,Outerwear,57.0,Arkansas,S,Lavender,Spring,3.5,0,Next Day Air,0,0,37.0,Venmo,Quarterly,3.0,-0.032116440576823835,60.14013658721249,-0.032116440576823835,48.42383766014154,Average,1,4,3,143,At Risk
1684,1685,30,Male,Shirt,Clothing,93.0,New Mexico,M,Indigo,Spring,4.6,0,Standard,0,0,28.0,PayPal,Weekly,57.0,2.275165963291281,37.21853745053912,2.275165963291281,28.219768606562933,Good,4,3,5,435,Potential Loyalist
1685,1686,33,Male,Blouse,Clothing,48.0,Minnesota,M,Pink,Winter,4.6,0,Standard,0,0,43.0,PayPal,Bi-Weekly,114.0,2.9019683470241353,30.991595766352848,2.9019683470241353,22.731078265642623,Good,5,5,2,552,Loyal Customer
1686,1687,22,Male,Gloves,Accessories,75.0,Illinois,L,Red,Fall,4.2,0,Store Pickup,0,0,25.0,Cash,Annually,1.0,-0.15500829417735196,61.36100049215608,-0.15500829417735196,49.49995885454098,Good,1,3,4,134,At Risk
1687,1688,67,Male,Skirt,Clothing,70.0,Georgia,S,Magenta,Winter,3.7,0,Free Shipping,0,0,4.0,PayPal,Annually,1.0,-1.819898720050991,77.90078378196202,-1.819898720050991,64.07882491558331,Average,1,1,4,114,Need Attention
1688,1689,28,Male,Handbag,Accessories,26.0,Mississippi,S,Peach,Winter,3.0,0,Next Day Air,0,0,13.0,Venmo,Fortnightly,28.0,-2.34967856261627,83.16385914786136,-2.34967856261627,68.71792262830299,Average,3,2,1,321,Promising
1689,1690,32,Male,Shirt,Clothing,73.0,North Carolina,L,Turquoise,Winter,4.6,0,Store Pickup,0,0,32.0,Bank Transfer,Monthly,12.0,0.5323921256041579,54.53205019019145,0.5323921256041579,43.48063260065842,Good,3,4,4,344,Loyal Customer
1690,1691,40,Male,Coat,Outerwear,30.0,Nevada,M,Black,Summer,3.2,0,Free Shipping,0,0,1.0,Cash,Annually,1.0,-3.7166002979233608,96.7434851248929,-3.7166002979233608,80.68758056210513,Average,1,1,1,111,Hibernating
1691,1692,64,Male,Shoes,Footwear,61.0,Connecticut,L,Blue,Summer,3.5,0,Next Day Air,0,0,4.0,Cash,Annually,1.0,-2.199928485771342,81.67617336376708,-2.199928485771342,67.40661331987965,Average,1,1,3,113,Lost
1692,1693,56,Male,Handbag,Accessories,75.0,Utah,M,Beige,Winter,2.6,0,Standard,0,0,33.0,Cash,Bi-Weekly,114.0,3.349789654541749,26.542733989150797,3.349789654541749,18.80966292195462,Average,5,4,4,544,Champion
1693,1694,63,Male,Jacket,Outerwear,88.0,Tennessee,XL,Olive,Fall,4.9,0,Standard,0,0,45.0,Bank Transfer,Fortnightly,28.0,2.4835618347607085,35.1482375082556,2.4835618347607085,26.39491848392936,Good,3,5,5,355,Loyal Customer
1694,1695,20,Male,Shirt,Clothing,67.0,Mississippi,M,Turquoise,Summer,2.7,0,Express,0,0,20.0,Debit Card,Fortnightly,28.0,-0.13384425936204125,61.15074728633356,-0.13384425936204125,49.31463276695671,Average,3,2,3,323,Promising
1695,1696,54,Male,Hat,Accessories,95.0,Nebraska,S,Yellow,Fall,4.7,0,2-Day Shipping,0,0,1.0,PayPal,Fortnightly,28.0,-0.2668386129990389,62.47197404921165,-0.2668386129990389,50.47921803840559,Good,3,1,5,315,Need Attention
1696,1697,31,Male,Sunglasses,Accessories,69.0,West Virginia,S,Turquoise,Spring,4.0,0,Free Shipping,0,0,7.0,Credit Card,Bi-Weekly,114.0,1.2965397043219073,46.94065849437497,1.2965397043219073,36.7892581847415,Good,5,1,4,514,Recent Customer
1697,1698,36,Male,Shirt,Clothing,87.0,South Carolina,L,Lavender,Fall,3.5,0,Next Day Air,0,0,48.0,Credit Card,Every 3 Months,4.0,2.022259132500014,39.73102962947886,2.022259132500014,30.43438570972382,Average,2,5,5,255,At Risk
1698,1699,25,Male,Belt,Accessories,41.0,Iowa,XL,Turquoise,Winter,4.8,0,Standard,0,0,46.0,Bank Transfer,Quarterly,3.0,-0.08468372228946397,60.662364016807445,-0.08468372228946397,48.88415105216522,Good,1,5,2,152,Need Attention
1699,1700,20,Male,Sweater,Clothing,67.0,North Dakota,L,Teal,Spring,4.0,0,Free Shipping,0,0,34.0,Debit Card,Annually,1.0,0.13022866030587543,58.52732607125765,0.13022866030587543,47.00223810941235,Good,1,4,3,143,At Risk
1700,1701,62,Male,Hoodie,Clothing,70.0,West Virginia,L,Black,Fall,4.1,0,Express,0,0,36.0,Bank Transfer,Monthly,12.0,0.6826227328880832,53.03959059684122,0.6826227328880832,42.16511545441012,Good,3,4,4,344,Loyal Customer
1701,1702,69,Male,Handbag,Accessories,41.0,Mississippi,XL,Blue,Winter,3.8,0,Next Day Air,0,0,44.0,Debit Card,Every 3 Months,4.0,-0.19702242148360005,61.77838805710108,-0.19702242148360005,49.86786194602999,Average,2,5,2,252,Need Attention
1702,1703,54,Male,Jeans,Clothing,83.0,Alabama,XL,Yellow,Summer,5.0,0,Express,0,0,48.0,Bank Transfer,Weekly,57.0,3.237446647333325,27.658800827229584,3.237446647333325,19.793411539601266,Good,4,5,4,454,Champion
1703,1704,39,Male,Backpack,Accessories,22.0,California,M,Black,Spring,4.0,0,Next Day Air,0,0,12.0,Bank Transfer,Annually,1.0,-3.2929097455114453,92.53434931035184,-3.2929097455114453,76.97746984313632,Good,1,2,1,121,Hibernating
1704,1705,56,Male,Sneakers,Footwear,20.0,Idaho,M,Lavender,Summer,3.9,0,Store Pickup,0,0,19.0,Cash,Every 3 Months,4.0,-2.8144285156063495,87.78089783517905,-2.8144285156063495,72.78757622905734,Average,2,2,1,221,About to Sleep
1705,1706,39,Male,Jewelry,Accessories,29.000000000000004,South Dakota,L,Cyan,Summer,3.4,0,2-Day Shipping,0,0,49.0,Venmo,Bi-Weekly,114.0,2.515044079845013,34.83547848034677,2.515044079845013,26.119239419858737,Average,5,5,1,551,Loyal Customer
1706,1707,37,Male,Sunglasses,Accessories,87.0,North Dakota,M,Brown,Spring,3.0,0,Standard,0,0,25.0,Venmo,Fortnightly,28.0,1.056800325949347,49.32233917599353,1.056800325949347,38.88857248947544,Average,3,3,5,335,Promising
1707,1708,25,Male,Shorts,Clothing,81.0,Nevada,L,Maroon,Fall,4.9,0,2-Day Shipping,0,0,25.0,Cash,Bi-Weekly,114.0,3.049328439973899,29.527653175851253,3.049328439973899,21.440697214451205,Good,5,3,4,534,Potential Loyalist
1708,1709,35,Male,Boots,Footwear,58.0,Florida,L,Cyan,Spring,3.2,0,Express,0,0,1.0,Credit Card,Quarterly,3.0,-2.4820556737687207,84.47895394146808,-2.4820556737687207,69.87710292212118,Average,1,1,3,113,Lost
1709,1710,45,Male,Skirt,Clothing,83.0,Indiana,M,Pink,Winter,3.8,0,Standard,0,0,19.0,Bank Transfer,Annually,1.0,-0.2325648517675477,62.13148282259058,-0.2325648517675477,50.179094638909284,Average,1,2,4,124,Need Attention
1710,1711,19,Male,Pants,Clothing,59.0,Arkansas,XL,Orange,Fall,3.8,0,Store Pickup,0,0,7.0,Credit Card,Quarterly,3.0,-2.024469350458174,79.93308202922853,-2.024469350458174,65.87017873345653,Average,1,1,3,113,Lost
1711,1712,21,Male,T-shirt,Clothing,93.0,North Carolina,M,Lavender,Spring,4.7,0,Express,0,0,19.0,Credit Card,Monthly,12.0,0.47695432955735617,55.082794622635056,0.47695432955735617,43.966082087738975,Good,3,2,5,325,Promising
1712,1713,65,Male,T-shirt,Clothing,87.0,Illinois,S,Beige,Fall,3.8,0,2-Day Shipping,0,0,9.0,Cash,Fortnightly,28.0,-0.050828457480155076,60.32603032513454,-0.050828457480155076,48.587692280197075,Average,3,1,5,315,Need Attention
1713,1714,49,Male,Jacket,Outerwear,22.0,Missouri,M,Pink,Winter,4.6,0,Free Shipping,0,0,37.0,PayPal,Quarterly,3.0,-1.5100099739337445,74.82220718312107,-1.5100099739337445,61.365237010182874,Good,1,4,1,141,Need Attention
1714,1715,30,Male,Jeans,Clothing,71.0,South Dakota,S,Charcoal,Summer,4.4,0,Standard,0,0,15.0,Cash,Monthly,12.0,-0.7289145158386553,67.06244749877712,-0.7289145158386553,54.52545591258823,Good,3,2,4,324,Promising
1715,1716,23,Male,Dress,Clothing,69.0,Idaho,XL,Gray,Spring,3.4,0,2-Day Shipping,0,0,30.0,PayPal,Bi-Weekly,114.0,2.888756080501817,31.122852467484773,2.888756080501817,22.846773485579153,Average,5,3,4,534,Potential Loyalist
1716,1717,69,Male,Blouse,Clothing,47.0,Connecticut,M,Cyan,Winter,4.7,0,Standard,0,0,30.0,Cash,Every 3 Months,4.0,-0.9128444298375138,68.88969142472942,-0.9128444298375138,56.13606616004718,Good,2,3,2,232,Need Attention
1717,1718,29,Male,Hoodie,Clothing,50.0,Hawaii,L,Orange,Summer,2.9,0,Express,0,0,16.0,Debit Card,Bi-Weekly,114.0,1.1172958340358168,48.72134911790496,1.1172958340358168,38.35883437819731,Average,5,2,2,522,Potential Loyalist
1718,1719,54,Male,T-shirt,Clothing,96.0,Maryland,L,Pink,Winter,3.4,0,2-Day Shipping,0,0,14.0,PayPal,Every 3 Months,4.0,0.04857773343267291,59.338483739598445,0.04857773343267291,47.71722686071095,Average,2,2,5,225,About to Sleep
1719,1720,45,Male,Sweater,Clothing,39.0,Maryland,M,White,Winter,3.2,0,Free Shipping,0,0,8.0,Venmo,Quarterly,3.0,-2.799753141983499,87.63510595864068,-2.799753141983499,72.65906908941719,Average,1,1,2,112,Hibernating
1720,1721,25,Male,Shorts,Clothing,84.0,Massachusetts,S,Beige,Winter,2.8,0,Express,0,0,40.0,Debit Card,Bi-Weekly,114.0,4.214407013012508,17.95322952959654,4.214407013012508,11.238509609217557,Average,5,4,4,544,Champion
1721,1722,34,Male,Jewelry,Accessories,28.0,Delaware,S,Magenta,Spring,4.3,0,Free Shipping,0,0,24.0,Credit Card,Monthly,12.0,-1.9215710947123485,78.91084367378726,-1.9215710947123485,64.96913451750095,Good,3,3,1,331,Promising
1722,1723,46,Male,T-shirt,Clothing,51.0,Massachusetts,L,Violet,Summer,3.3,0,Standard,0,0,14.0,Cash,Fortnightly,28.0,-1.2248135255398398,71.98893516824822,-1.2248135255398398,58.86787096278194,Average,3,2,2,322,Promising
1723,1724,70,Male,Scarf,Accessories,20.0,New York,XL,Gold,Spring,3.3,0,Standard,0,0,39.0,PayPal,Annually,1.0,-1.5082372325231272,74.80459595879974,-1.5082372325231272,61.349713730581634,Average,1,4,1,141,Need Attention
1724,1725,42,Male,Shoes,Footwear,72.0,Delaware,S,Teal,Winter,3.3,0,Free Shipping,0,0,21.0,PayPal,Weekly,57.0,0.9038422505267214,50.84189468583345,0.9038422505267214,40.22797312502845,Average,4,3,4,434,Potential Loyalist
1725,1726,45,Male,Sunglasses,Accessories,33.0,Massachusetts,M,Indigo,Spring,3.0,0,Next Day Air,0,0,32.0,Venmo,Quarterly,3.0,-1.391663143986146,73.64649562279921,-1.391663143986146,60.328915006198955,Average,1,4,1,141,Need Attention
1726,1727,57,Male,Coat,Outerwear,28.0,Indiana,S,Olive,Summer,2.8,0,Express,0,0,45.0,Debit Card,Weekly,57.0,0.7073621265937031,52.793818139835565,0.7073621265937031,41.94848119328367,Average,4,5,1,451,Loyal Customer
1727,1728,49,Male,Blouse,Clothing,53.0,Virginia,S,Violet,Spring,4.0,0,Express,0,0,19.0,PayPal,Monthly,12.0,-1.212066851421982,71.862303875102,-1.212066851421982,58.756252773500506,Good,3,2,3,323,Promising
1728,1729,23,Male,Jeans,Clothing,48.0,Wyoming,L,Black,Fall,4.3,0,Express,0,0,1.0,Debit Card,Every 3 Months,4.0,-2.8781960702790035,88.41439390123584,-2.8781960702790035,73.34596651358612,Good,2,1,2,212,About to Sleep
1729,1730,47,Male,Shorts,Clothing,21.0,Illinois,M,Brown,Winter,3.8,0,Store Pickup,0,0,12.0,Venmo,Fortnightly,28.0,-2.6300330092030313,85.94902850124106,-2.6300330092030313,71.17288895094329,Average,3,2,1,321,Promising
1730,1731,23,Male,Shirt,Clothing,22.0,Alabama,S,Silver,Fall,4.2,0,Free Shipping,0,0,26.0,Credit Card,Weekly,57.0,-0.8613002308757316,68.37762776731057,-0.8613002308757316,55.68471154762985,Good,4,3,1,431,Potential Loyalist
1731,1732,21,Male,Backpack,Accessories,87.0,Idaho,M,Gray,Fall,3.1,0,Next Day Air,0,0,12.0,Cash,Monthly,12.0,-0.2609864403399518,62.41383588825429,-0.2609864403399518,50.427972599043926,Average,3,2,5,325,Promising
1732,1733,45,Male,Belt,Accessories,50.0,Rhode Island,S,Charcoal,Winter,2.6,0,Free Shipping,0,0,36.0,Cash,Every 3 Months,4.0,-0.3708070474780001,63.504844049866534,-0.3708070474780001,51.38963343709446,Average,2,4,2,242,Need Attention
1733,1734,67,Male,Blouse,Clothing,85.0,New York,L,Black,Summer,3.4,0,Express,0,0,22.0,Credit Card,Annually,1.0,0.05956660417445081,59.22931526950328,0.05956660417445081,47.621001143860894,Average,1,3,5,135,At Risk
1734,1735,31,Male,Jeans,Clothing,98.0,Missouri,L,Brown,Spring,3.1,0,Next Day Air,0,0,16.0,PayPal,Quarterly,3.0,0.24536749167577576,57.38348423668145,0.24536749167577576,45.99400743255812,Average,1,2,5,125,Need Attention
1735,1736,58,Male,Dress,Clothing,34.0,Texas,M,Purple,Winter,3.6,0,Express,0,0,31.0,Venmo,Annually,1.0,-1.4708942108951102,74.43361329500682,-1.4708942108951102,61.022713885925924,Average,1,4,1,141,Need Attention
1736,1737,57,Male,Shorts,Clothing,61.0,Tennessee,M,Purple,Summer,2.6,0,2-Day Shipping,0,0,43.0,Cash,Quarterly,3.0,0.5521464713071734,54.33580148103792,0.5521464713071734,43.30765067004477,Average,1,5,3,153,At Risk
1737,1738,42,Male,Jewelry,Accessories,98.0,Ohio,L,Gray,Summer,4.2,0,Store Pickup,0,0,50.0,Venmo,Bi-Weekly,114.0,5.497832415998715,5.203094323019979,5.497832415998715,0.0,Good,5,5,5,555,Champion
1738,1739,60,Male,Handbag,Accessories,61.0,Tennessee,M,Green,Spring,2.9,0,2-Day Shipping,0,0,37.0,Credit Card,Weekly,57.0,1.5469902091869057,44.45256858112085,1.5469902091869057,34.59615027289124,Average,4,4,3,443,Loyal Customer
1739,1740,21,Male,Jewelry,Accessories,98.0,Minnesota,L,Silver,Winter,4.2,0,Express,0,0,23.0,Cash,Weekly,57.0,2.140159616091979,38.55975227808731,2.140159616091979,29.401972205443254,Good,4,3,5,435,Potential Loyalist
1740,1741,69,Male,Pants,Clothing,21.0,Wisconsin,L,Charcoal,Fall,3.3,0,Next Day Air,0,0,10.0,Bank Transfer,Every 3 Months,4.0,-3.395244176760962,93.55098637525921,-3.395244176760962,77.87357684419422,Average,2,1,1,211,About to Sleep
1741,1742,41,Male,Pants,Clothing,51.0,Delaware,XL,Teal,Winter,3.6,0,Next Day Air,0,0,20.0,Bank Transfer,Monthly,12.0,-1.2272911115066047,72.01354864090402,-1.2272911115066047,58.88956632086848,Average,3,2,2,322,Promising
1742,1743,51,Male,Sandals,Footwear,80.0,Kansas,XL,White,Spring,4.3,0,Express,0,0,18.0,Venmo,Every 3 Months,4.0,-0.3501235431016867,63.299364653299975,-0.3501235431016867,51.208515187335145,Good,2,2,4,224,About to Sleep
1743,1744,23,Male,Skirt,Clothing,72.0,Missouri,XL,Brown,Winter,3.3,0,Standard,0,0,3.0,Bank Transfer,Weekly,57.0,-0.34224013083146887,63.22104722861709,-0.34224013083146887,51.13948288959029,Average,4,1,4,414,Recent Customer
1744,1745,57,Male,Sunglasses,Accessories,63.0,Michigan,L,Teal,Winter,3.0,0,Standard,0,0,23.0,PayPal,Weekly,57.0,0.662266082735058,53.24182287399589,0.662266082735058,42.343371555484595,Average,4,3,3,433,Potential Loyalist
1745,1746,40,Male,Skirt,Clothing,27.0,West Virginia,L,Red,Winter,3.6,0,Store Pickup,0,0,27.0,Cash,Weekly,57.0,-0.5809457842889707,65.59245841393087,-0.5809457842889707,53.22974522498956,Average,4,3,1,431,Potential Loyalist
1746,1747,65,Male,Handbag,Accessories,44.0,Alabama,L,Brown,Summer,3.1,0,Store Pickup,0,0,44.0,Bank Transfer,Fortnightly,28.0,0.5564117367190928,54.293428382790545,0.5564117367190928,43.27030122518714,Average,3,5,2,352,Loyal Customer
1747,1748,61,Male,Coat,Outerwear,23.0,New Hampshire,M,Yellow,Winter,2.9,0,Express,0,0,41.0,Venmo,Quarterly,3.0,-1.1908772485518857,71.65179666452414,-1.1908772485518857,58.57070279535842,Average,1,5,1,151,Need Attention
1748,1749,34,Male,Skirt,Clothing,93.0,Montana,L,Teal,Winter,3.9,0,2-Day Shipping,0,0,41.0,Bank Transfer,Annually,1.0,1.7126800206928525,42.80653017940495,1.7126800206928525,33.14526225522665,Average,1,5,5,155,At Risk
1749,1750,43,Male,Hoodie,Clothing,70.0,Wyoming,L,Pink,Fall,3.2,0,2-Day Shipping,0,0,36.0,Debit Card,Every 3 Months,4.0,0.47370354301166895,55.115089423633066,0.47370354301166895,43.9945480942137,Average,2,4,4,244,At Risk
1750,1751,31,Male,Sunglasses,Accessories,85.0,Missouri,M,White,Fall,3.1,0,Express,0,0,38.0,Venmo,Every 3 Months,4.0,1.2455400838076085,47.44731206031533,1.2455400838076085,37.23584411321292,Average,2,4,5,245,At Risk
1751,1752,57,Male,Sweater,Clothing,40.0,Ohio,M,Silver,Winter,3.2,0,2-Day Shipping,0,0,34.0,Cash,Annually,1.0,-1.0098606368551777,69.85349481667284,-1.0098606368551777,56.985603322301394,Average,1,4,2,142,Need Attention
1752,1753,34,Male,Boots,Footwear,29.000000000000004,South Dakota,L,Blue,Winter,3.3,0,Store Pickup,0,0,14.0,Venmo,Quarterly,3.0,-2.80664764344227,87.70359909082956,-2.80664764344227,72.71944183933695,Average,1,2,1,121,Hibernating
1753,1754,25,Male,Skirt,Clothing,27.0,Colorado,L,Black,Fall,4.8,0,Next Day Air,0,0,23.0,Credit Card,Fortnightly,28.0,-1.615185043448348,75.86706444833658,-1.615185043448348,62.28621849195793,Good,3,3,1,331,Promising
1754,1755,66,Male,Dress,Clothing,93.0,Massachusetts,S,Beige,Fall,3.8,0,2-Day Shipping,0,0,18.0,Credit Card,Fortnightly,28.0,0.8255659103458406,51.61952766587268,0.8255659103458406,40.91341179505192,Average,3,2,5,325,Promising
1755,1756,56,Male,Belt,Accessories,20.0,Delaware,XL,Charcoal,Spring,4.6,0,Next Day Air,0,0,45.0,Cash,Monthly,12.0,-0.8056125526569942,67.82440089103308,-0.8056125526569942,55.1970739293311,Good,3,5,1,351,Loyal Customer
1756,1757,49,Male,Jewelry,Accessories,55.0,New Hampshire,S,Cyan,Fall,2.8,0,Free Shipping,0,0,14.0,Bank Transfer,Weekly,57.0,-0.2985793441399046,62.78730099588109,-0.2985793441399046,50.75716057491781,Average,4,2,3,423,Potential Loyalist
1757,1758,19,Male,Dress,Clothing,94.0,Michigan,L,Yellow,Fall,3.6,0,Standard,0,0,48.0,Debit Card,Annually,1.0,2.2394931429677434,37.572927570344085,2.2394931429677434,28.53214307964189,Average,1,5,5,155,At Risk
1758,1759,27,Male,Hat,Accessories,56.0,Pennsylvania,M,Silver,Winter,4.3,0,Free Shipping,0,0,17.0,Venmo,Bi-Weekly,114.0,1.4398758101470615,45.5166920332136,1.4398758101470615,35.53411378841298,Good,5,2,3,523,Potential Loyalist
1759,1760,68,Male,Sweater,Clothing,58.0,Louisiana,L,Green,Spring,4.0,0,Next Day Air,0,0,1.0,PayPal,Weekly,57.0,-1.071851142102925,70.46933686062314,-1.071851142102925,57.52843260344703,Good,4,1,3,413,Recent Customer
1760,1761,20,Male,Skirt,Clothing,44.0,Minnesota,XL,Peach,Spring,3.5,0,Standard,0,0,39.0,PayPal,Weekly,57.0,0.9676098051993748,50.20839861977667,0.9676098051993748,39.66958284049967,Average,4,4,2,442,Loyal Customer
1761,1762,21,Male,Hoodie,Clothing,95.0,Hawaii,S,Green,Fall,4.9,0,2-Day Shipping,0,0,24.0,Cash,Weekly,57.0,2.0827098264828723,39.130484775201026,2.0827098264828723,29.905040019955266,Good,4,3,5,435,Potential Loyalist
1762,1763,36,Male,Sandals,Footwear,42.0,Idaho,M,Brown,Summer,3.1,0,Express,0,0,41.0,Bank Transfer,Fortnightly,28.0,0.2642802807770943,57.19559593587783,0.2642802807770943,45.82839472023552,Average,3,5,2,352,Loyal Customer
1763,1764,37,Male,Jewelry,Accessories,93.0,Vermont,M,Lavender,Winter,3.9,0,Store Pickup,0,0,28.0,PayPal,Annually,1.0,0.8127316341563818,51.74702923808202,0.8127316341563818,41.025797085187975,Average,1,3,5,135,At Risk
1764,1765,61,Male,Dress,Clothing,56.0,Delaware,M,Charcoal,Summer,3.0,0,Store Pickup,0,0,34.0,Venmo,Quarterly,3.0,-0.28202236699433897,62.6228164089881,-0.28202236699433897,50.61217688804589,Average,1,4,3,143,At Risk
1765,1766,68,Male,Hoodie,Clothing,88.0,New Mexico,M,Orange,Spring,4.1,0,2-Day Shipping,0,0,41.0,Venmo,Quarterly,3.0,1.553782170539539,44.385094129265354,1.553782170539539,34.53667543099594,Good,1,5,5,155,At Risk
1766,1767,60,Male,Sweater,Clothing,54.0,Alaska,S,Cyan,Winter,4.3,0,2-Day Shipping,0,0,27.0,Cash,Bi-Weekly,114.0,2.0476927407415335,39.47836052762382,2.0476927407415335,30.211672453500032,Good,5,3,3,533,Potential Loyalist
1767,1768,69,Male,Jewelry,Accessories,89.0,Minnesota,L,Lavender,Fall,3.8,0,2-Day Shipping,0,0,46.0,Debit Card,Fortnightly,28.0,2.5950141632495356,34.04101908012262,2.5950141632495356,25.41896922986522,Average,3,5,5,355,Loyal Customer
1768,1769,25,Male,Sandals,Footwear,45.0,Nebraska,M,Indigo,Summer,3.9,0,2-Day Shipping,0,0,2.0,PayPal,Every 3 Months,4.0,-2.9356458598881097,88.98512639834954,-2.9356458598881097,73.84903432809813,Average,2,1,2,212,About to Sleep
1769,1770,32,Male,Socks,Clothing,75.0,Alaska,L,Brown,Winter,4.3,0,Free Shipping,0,0,45.0,Cash,Monthly,12.0,1.5167915711895954,44.75257566889103,1.5167915711895954,34.860589236409005,Good,3,5,4,354,Loyal Customer
1770,1771,53,Male,Backpack,Accessories,22.0,Michigan,M,Pink,Fall,4.3,0,Express,0,0,34.0,Bank Transfer,Weekly,57.0,-0.3074858391609805,62.87578219274006,-0.3074858391609805,50.835151652269026,Good,4,4,1,441,Loyal Customer
1771,1772,46,Male,Shirt,Clothing,82.0,Indiana,XL,Turquoise,Fall,4.7,0,Store Pickup,0,0,9.0,Credit Card,Annually,1.0,-0.9670583709354701,69.42827752211537,-0.9670583709354701,56.610798775254345,Good,1,1,4,114,Need Attention
1772,1773,58,Male,Shoes,Footwear,34.0,Hawaii,M,Gold,Summer,3.1,0,2-Day Shipping,0,0,1.0,Bank Transfer,Annually,1.0,-3.547698179825427,95.06553419964621,-3.547698179825427,79.208563493529,Average,1,1,1,111,Hibernating
1773,1774,21,Male,Coat,Outerwear,92.0,West Virginia,M,Blue,Summer,2.7,0,Free Shipping,0,0,17.0,PayPal,Annually,1.0,0.009011316024115534,59.73155463442814,0.009011316024115534,48.063696208453145,Average,1,2,5,125,Need Attention
1774,1775,46,Male,Sweater,Clothing,78.0,New York,M,Lavender,Spring,3.7,0,Express,0,0,6.0,PayPal,Weekly,57.0,0.11879344320846341,58.640928750283116,0.11879344320846341,47.10237232596575,Average,4,1,4,414,Recent Customer
1775,1776,18,Male,Jacket,Outerwear,47.0,Iowa,M,Violet,Spring,3.3,0,2-Day Shipping,0,0,12.0,Cash,Bi-Weekly,114.0,0.7137120496049909,52.730735099125226,0.7137120496049909,41.89287712730983,Average,5,2,2,522,Potential Loyalist
1776,1777,56,Male,Jacket,Outerwear,64.0,Arizona,L,Cyan,Summer,3.4,0,Free Shipping,0,0,10.0,Venmo,Every 3 Months,4.0,-1.579546407208173,75.51301392885725,-1.579546407208173,61.974143357000585,Average,2,1,3,213,About to Sleep
1777,1778,18,Male,Sneakers,Footwear,44.0,Minnesota,L,Purple,Winter,4.7,0,Free Shipping,0,0,4.0,Cash,Fortnightly,28.0,-2.212660221854663,81.80265625564307,-2.212660221854663,67.51810070199123,Good,3,1,2,312,Need Attention
1778,1779,49,Male,Belt,Accessories,94.0,Texas,M,Red,Winter,4.9,0,Store Pickup,0,0,8.0,Debit Card,Bi-Weekly,114.0,2.4214047413983373,35.765734514761824,2.4214047413983373,26.93920651922045,Good,5,1,5,515,Recent Customer
1779,1780,29,Male,Scarf,Accessories,62.0,Virginia,M,Charcoal,Winter,4.3,0,Free Shipping,0,0,41.0,Venmo,Weekly,57.0,1.8661229345687647,41.282158062523926,1.8661229345687647,31.801616058066788,Good,4,5,3,453,Loyal Customer
1780,1781,67,Male,Jewelry,Accessories,81.0,North Dakota,S,Gray,Summer,4.2,0,Next Day Air,0,0,49.0,Credit Card,Weekly,57.0,3.222222387248702,27.810045593031624,3.222222387248702,19.926725086969242,Good,4,5,4,454,Champion
1781,1782,31,Male,T-shirt,Clothing,33.0,Iowa,M,Pink,Fall,3.7,0,Express,0,0,49.0,Bank Transfer,Quarterly,3.0,-0.21480756159229986,61.9550737768369,-0.21480756159229986,50.02360022855723,Average,1,5,1,151,Need Attention
1782,1783,52,Male,Pants,Clothing,88.0,Utah,M,Lavender,Fall,2.7,0,Next Day Air,0,0,40.0,Bank Transfer,Fortnightly,28.0,2.137427839938989,38.58689099236216,2.137427839938989,29.42589341852987,Average,3,4,5,345,Loyal Customer
1783,1784,42,Male,Handbag,Accessories,49.0,Ohio,L,Lavender,Winter,3.3,0,Free Shipping,0,0,30.0,Credit Card,Monthly,12.0,-0.6194741809121327,65.97521713531424,-0.6194741809121327,53.56712498595553,Average,3,3,2,332,Promising
1784,1785,32,Male,Backpack,Accessories,31.000000000000004,Louisiana,L,Yellow,Summer,4.8,0,Standard,0,0,4.0,Debit Card,Quarterly,3.0,-3.4144645740367423,93.74193059641932,-3.4144645740367423,78.0418831742499,Good,1,1,1,111,Hibernating
1785,1786,47,Male,Gloves,Accessories,29.000000000000004,Iowa,S,Peach,Fall,4.1,0,Next Day Air,0,0,22.0,Venmo,Monthly,12.0,-2.017799163116553,79.86681733611822,-2.017799163116553,65.81177022419712,Good,3,3,1,331,Promising
1786,1787,45,Male,Jacket,Outerwear,34.0,Maryland,M,Brown,Spring,4.6,0,2-Day Shipping,0,0,22.0,Venmo,Monthly,12.0,-1.8066715154941357,77.76937867955985,-1.8066715154941357,63.96299888847692,Good,3,3,1,331,Promising
1787,1788,20,Male,Sweater,Clothing,38.0,Montana,L,Gold,Fall,4.9,0,2-Day Shipping,0,0,10.0,Bank Transfer,Quarterly,3.0,-2.7035250735792946,86.67913229630975,-2.7035250735792946,71.81643338272103,Good,1,1,2,112,Hibernating
1788,1789,66,Male,Blouse,Clothing,41.0,Illinois,L,Pink,Summer,3.1,0,Store Pickup,0,0,23.0,Cash,Bi-Weekly,114.0,1.221853661065873,47.68262382196083,1.221853661065873,37.44325787405293,Average,5,3,2,532,Potential Loyalist
1789,1790,52,Male,Blouse,Clothing,34.0,Arizona,L,Peach,Spring,3.0,0,2-Day Shipping,0,0,43.0,Debit Card,Quarterly,3.0,-0.5879428258538798,65.66197022645309,-0.5879428258538798,53.2910158829338,Average,1,5,1,151,Need Attention
1790,1791,50,Male,Gloves,Accessories,26.0,North Carolina,S,Violet,Summer,3.7,0,Store Pickup,0,0,31.0,PayPal,Bi-Weekly,114.0,1.1422851099133726,48.47309421706542,1.1422851099133726,38.14001198585268,Average,5,4,1,541,Loyal Customer
1791,1792,62,Male,Jeans,Clothing,98.0,Montana,S,Purple,Winter,4.0,0,Store Pickup,0,0,38.0,Cash,Annually,1.0,1.7161272714222382,42.77228361331051,1.7161272714222382,33.115075880266765,Good,1,4,5,145,At Risk
1792,1793,38,Male,Sneakers,Footwear,59.0,Iowa,M,Peach,Fall,3.0,0,Express,0,0,22.0,Debit Card,Every 3 Months,4.0,-0.9599524672584636,69.35768422355986,-0.9599524672584636,56.54857484967955,Average,2,3,3,233,At Risk
1793,1794,65,Male,Hat,Accessories,92.0,Iowa,S,White,Fall,3.8,0,Store Pickup,0,0,45.0,Cash,Every 3 Months,4.0,2.0257063832294,39.69678306338443,2.0257063832294,30.404199334763938,Average,2,5,5,255,At Risk
1794,1795,60,Male,Backpack,Accessories,40.0,Ohio,L,Indigo,Spring,3.7,0,Express,0,0,21.0,Debit Card,Fortnightly,28.0,-1.2047067575587507,71.78918533492744,-1.2047067575587507,58.691802992925645,Average,3,3,2,332,Promising
1795,1796,68,Male,Jeans,Clothing,20.0,Wisconsin,S,Violet,Fall,4.0,0,2-Day Shipping,0,0,9.0,Debit Card,Fortnightly,28.0,-2.8799389356205465,88.43170832301666,-2.8799389356205465,73.36122817884764,Good,3,1,1,311,Lost
1796,1797,62,Male,Skirt,Clothing,35.0,South Carolina,S,Brown,Spring,3.1,0,Store Pickup,0,0,34.0,Venmo,Weekly,57.0,0.24144604465730435,57.4224416856883,0.24144604465730435,46.02834617939653,Average,4,4,1,441,Loyal Customer
1797,1798,62,Male,Belt,Accessories,35.0,Oregon,L,Maroon,Spring,3.9,0,2-Day Shipping,0,0,26.0,Venmo,Weekly,57.0,-0.31236834705744676,62.92428726025881,-0.31236834705744676,50.87790607475735,Average,4,3,1,431,Potential Loyalist
1798,1799,40,Male,Dress,Clothing,82.0,North Dakota,L,Magenta,Winter,3.7,0,Express,0,0,1.0,Cash,Weekly,57.0,-0.058438433515322186,60.40163130914298,-0.058438433515322186,48.65433019199011,Average,4,1,4,414,Recent Customer
1799,1800,32,Male,Hoodie,Clothing,48.0,California,M,Charcoal,Fall,3.9,0,Express,0,0,47.0,Venmo,Weekly,57.0,1.69032631501206,43.02860211995948,1.69032631501206,33.341005876562704,Average,4,5,2,452,Loyal Customer
1800,1801,22,Male,Coat,Outerwear,58.0,Mississippi,XL,Indigo,Winter,2.7,0,Express,0,0,30.0,Credit Card,Weekly,57.0,0.9357260278630481,50.52514665280506,0.9357260278630481,39.948777982764064,Average,4,3,3,433,Potential Loyalist
1801,1802,33,Male,Sweater,Clothing,57.0,New Jersey,M,Turquoise,Spring,3.9,0,Express,0,0,48.0,Debit Card,Fortnightly,28.0,1.3822508163947536,46.089165088453534,1.3822508163947536,36.03871580463423,Average,3,5,3,353,Loyal Customer
1802,1803,57,Male,Shorts,Clothing,96.0,Rhode Island,L,Turquoise,Winter,2.6,0,Store Pickup,0,0,31.0,Venmo,Bi-Weekly,114.0,4.098072176627214,19.108953025248272,4.098072176627214,12.25721328577002,Average,5,4,5,545,Champion
1803,1804,60,Male,Sneakers,Footwear,97.0,New Hampshire,S,Gray,Summer,3.5,0,Free Shipping,0,0,33.0,Venmo,Fortnightly,28.0,2.032870012908933,39.62561628830629,2.032870012908933,30.341469922674243,Average,3,4,5,345,Loyal Customer
1804,1805,30,Male,Sweater,Clothing,42.0,Louisiana,L,Peach,Winter,4.4,0,Next Day Air,0,0,39.0,Credit Card,Weekly,57.0,0.8831587461504079,51.04737408240002,0.8831587461504079,40.40909137478776,Good,4,4,2,442,Loyal Customer
1805,1806,41,Male,T-shirt,Clothing,62.0,Arizona,L,Gold,Spring,4.9,0,Store Pickup,0,0,46.0,Debit Card,Weekly,57.0,2.2122569293904846,37.84350457841736,2.2122569293904846,28.770641123466273,Good,4,5,3,453,Loyal Customer
1806,1807,58,Male,Handbag,Accessories,67.0,Rhode Island,M,Green,Fall,3.9,0,Standard,0,0,24.0,Venmo,Annually,1.0,-0.5620393293375634,65.40463303947077,-0.5620393293375634,53.06418797861339,Average,1,3,3,133,At Risk
1807,1808,34,Male,Sneakers,Footwear,46.0,Vermont,L,Gold,Summer,3.5,0,Standard,0,0,37.0,Venmo,Fortnightly,28.0,0.15627520301765263,58.26856779791638,0.15627520301765263,46.77415759933978,Average,3,4,2,342,Loyal Customer
1808,1809,67,Male,Jacket,Outerwear,71.0,Tennessee,M,Lavender,Spring,4.3,0,Next Day Air,0,0,7.0,Debit Card,Monthly,12.0,-1.2827289075534063,72.56429307334761,-1.2827289075534063,59.37501580794904,Good,3,1,4,314,Need Attention
1809,1810,58,Male,Backpack,Accessories,99.0,Alaska,S,Blue,Fall,3.4,0,Free Shipping,0,0,6.0,Debit Card,Fortnightly,28.0,0.24819749992061457,57.3553696398584,0.24819749992061457,45.96922603522892,Average,3,1,5,315,Need Attention
1810,1811,41,Male,Jeans,Clothing,28.0,Maryland,M,Magenta,Fall,2.7,0,Standard,0,0,16.0,Cash,Bi-Weekly,114.0,0.18833418449718087,57.95007920676177,0.18833418449718087,46.49342825536614,Average,5,2,1,521,Potential Loyalist
1811,1812,42,Male,Belt,Accessories,77.0,Wisconsin,L,Blue,Summer,3.6,0,Standard,0,0,33.0,Bank Transfer,Annually,1.0,0.48325715658636603,55.020179454962225,0.48325715658636603,43.910890424892074,Average,1,4,4,144,At Risk
1812,1813,50,Male,Boots,Footwear,63.0,Nevada,S,Blue,Summer,4.9,0,Express,0,0,18.0,PayPal,Bi-Weekly,114.0,1.8046813157827897,41.89254721721057,1.8046813157827897,32.33963893148461,Good,5,2,3,523,Potential Loyalist
1813,1814,40,Male,Shorts,Clothing,62.0,Illinois,M,Olive,Spring,3.5,0,Free Shipping,0,0,24.0,PayPal,Weekly,57.0,0.6892673521749185,52.97357990848624,0.6892673521749185,42.106930835708525,Average,4,3,3,433,Potential Loyalist
1814,1815,32,Male,Jeans,Clothing,92.0,Montana,M,White,Summer,3.8,0,Free Shipping,0,0,24.0,Cash,Quarterly,3.0,0.5458287062436263,54.39856504998099,0.5458287062436263,43.36297314006153,Average,1,3,5,135,At Risk
1815,1816,51,Male,Shoes,Footwear,72.0,New Mexico,L,White,Winter,4.5,0,2-Day Shipping,0,0,48.0,Credit Card,Every 3 Months,4.0,1.3888761896327626,46.023345599153956,1.3888761896327626,35.980699716884395,Good,2,5,4,254,At Risk
1816,1817,26,Male,Hat,Accessories,79.0,Virginia,M,Purple,Summer,4.0,0,Express,0,0,4.0,Cash,Weekly,57.0,0.02256537480425924,59.596902412614064,0.02256537480425924,47.945008032661924,Good,4,1,4,414,Recent Customer
1817,1818,32,Male,T-shirt,Clothing,27.0,Delaware,M,White,Summer,4.7,0,Free Shipping,0,0,20.0,Cash,Weekly,57.0,-1.065533377039378,70.40657329168008,-1.065533377039378,57.473110133430275,Good,4,2,1,421,Potential Loyalist
1818,1819,58,Male,Sunglasses,Accessories,39.0,North Carolina,M,White,Fall,3.8,0,Express,0,0,47.0,Debit Card,Every 3 Months,4.0,-0.07379308363953507,60.554171429260506,-0.07379308363953507,48.78878551955775,Average,2,5,2,252,Need Attention
1819,1820,51,Male,Socks,Clothing,86.0,Nevada,S,Peach,Spring,4.5,0,Next Day Air,0,0,50.0,Cash,Quarterly,3.0,2.092372302169667,39.034493320496885,2.092372302169667,29.8204290830031,Good,1,5,5,155,At Risk
1820,1821,19,Male,Shirt,Clothing,94.0,Washington,XL,Gold,Fall,5.0,0,Express,0,0,31.0,PayPal,Monthly,12.0,1.3499014466539665,46.41053852946762,1.3499014466539665,36.32198797755372,Good,3,4,5,345,Loyal Customer
1821,1822,57,Male,Shorts,Clothing,53.0,Maine,M,Teal,Spring,2.8,0,Express,0,0,29.0,PayPal,Quarterly,3.0,-0.7548329503895088,67.31993308702968,-0.7548329503895088,54.752414624078504,Average,1,3,3,133,At Risk
1822,1823,66,Male,Shirt,Clothing,85.0,Connecticut,S,Cyan,Summer,4.4,0,Standard,0,0,4.0,Cash,Annually,1.0,-1.1865157771837391,71.60846781228692,-1.1865157771837391,58.53251090842274,Good,1,1,5,115,Need Attention
1823,1824,62,Male,Socks,Clothing,50.0,Louisiana,L,Pink,Fall,4.7,0,Free Shipping,0,0,40.0,Bank Transfer,Bi-Weekly,114.0,2.7787390091800708,32.215812394193435,2.7787390091800708,23.810154692114853,Good,5,4,2,542,Loyal Customer
1824,1825,58,Male,Pants,Clothing,47.0,Illinois,XL,Magenta,Winter,3.8,0,Express,0,0,31.0,Cash,Monthly,12.0,-0.6346984409967557,66.12646190111627,-0.6346984409967557,53.7004385333235,Average,3,4,2,342,Loyal Customer
1825,1826,23,Male,Boots,Footwear,75.0,South Dakota,M,Pink,Winter,4.9,0,Next Day Air,0,0,41.0,Credit Card,Weekly,57.0,2.4150548183870493,35.82881755547218,2.4150548183870493,26.994810585194294,Good,4,5,4,454,Champion
1826,1827,45,Male,T-shirt,Clothing,60.0,Indiana,M,Turquoise,Winter,4.2,0,Express,0,0,44.0,Debit Card,Annually,1.0,0.5269179432779302,54.58643322222624,0.5269179432779302,43.5285681102196,Good,1,5,3,153,At Risk
1827,1828,20,Male,T-shirt,Clothing,36.0,Vermont,S,Pink,Spring,4.9,0,2-Day Shipping,0,0,31.0,Bank Transfer,Weekly,57.0,0.07599117728875604,59.066146044840565,0.07599117728875604,47.4771768730128,Good,4,4,2,442,Loyal Customer
1828,1829,33,Male,Coat,Outerwear,80.0,New Hampshire,L,Gray,Spring,3.9,0,Express,0,0,45.0,Cash,Every 3 Months,4.0,1.5190000289355985,44.73063583912452,1.5190000289355985,34.841250540492396,Average,2,5,4,254,At Risk
1829,1830,30,Male,Hat,Accessories,96.0,Oregon,M,White,Spring,4.9,0,2-Day Shipping,0,0,50.0,Credit Card,Quarterly,3.0,2.5146275974145014,34.83961600738015,2.5146275974145014,26.122886411562725,Good,1,5,5,155,At Risk
1830,1831,50,Male,Sunglasses,Accessories,80.0,Kansas,M,Blue,Winter,4.8,0,Express,0,0,7.0,Venmo,Annually,1.0,-1.1899630279131248,71.64271437838134,-1.1899630279131248,58.56269728338261,Good,1,1,4,114,Need Attention
1831,1832,62,Male,Blouse,Clothing,71.0,Maine,M,Cyan,Summer,3.3,0,Free Shipping,0,0,5.0,Bank Transfer,Every 3 Months,4.0,-1.6301016953585084,76.0152532937821,-1.6301016953585084,62.41683842159282,Average,2,1,4,214,About to Sleep
1832,1833,69,Male,Jewelry,Accessories,29.000000000000004,Louisiana,M,Blue,Fall,4.6,0,Free Shipping,0,0,48.0,Cash,Monthly,12.0,-0.21790239004361145,61.98581921876407,-0.21790239004361145,50.05070056427445,Good,3,5,1,351,Loyal Customer
1833,1834,34,Male,Jewelry,Accessories,53.0,Louisiana,M,Yellow,Spring,4.5,0,2-Day Shipping,0,0,19.0,PayPal,Fortnightly,28.0,-0.7942284716691534,67.7113062215183,-0.7942284716691534,55.09738749389336,Good,3,2,3,323,Promising
1834,1835,49,Male,Skirt,Clothing,35.0,Indiana,M,Charcoal,Summer,4.1,0,2-Day Shipping,0,0,39.0,Venmo,Fortnightly,28.0,-0.1697520238229776,61.50747144870217,-0.1697520238229776,49.62906456408398,Good,3,4,1,341,Loyal Customer
1835,1836,65,Male,Scarf,Accessories,75.0,Kentucky,M,Lavender,Fall,3.2,0,2-Day Shipping,0,0,45.0,Credit Card,Quarterly,3.0,1.2817574825786293,47.08751184903186,1.2817574825786293,36.91870095618803,Average,1,5,4,154,At Risk
1836,1837,66,Male,Pants,Clothing,52.0,South Carolina,M,Teal,Fall,4.2,0,2-Day Shipping,0,0,35.0,Credit Card,Monthly,12.0,-0.1466635975169629,61.27810045727266,-0.1466635975169629,49.426887249922906,Good,3,4,3,343,Loyal Customer
1837,1838,41,Male,Hat,Accessories,77.0,Montana,M,Beige,Winter,4.8,0,Free Shipping,0,0,8.0,Venmo,Monthly,12.0,-0.960148931442162,69.35963598865628,-0.960148931442162,56.55029521816471,Good,3,1,4,314,Need Attention
1838,1839,37,Male,Gloves,Accessories,24.0,Vermont,L,Blue,Fall,4.1,0,Next Day Air,0,0,11.0,Credit Card,Quarterly,3.0,-3.225455687957719,91.86422983785185,-3.225455687957719,76.38679813581746,Good,1,2,1,121,Hibernating
1839,1840,32,Male,Shirt,Clothing,78.0,Mississippi,XL,Purple,Winter,3.7,0,Store Pickup,0,0,32.0,Cash,Annually,1.0,0.45625588714650556,55.288422420471875,0.45625588714650556,44.147331144668144,Average,1,4,4,144,At Risk
1840,1841,42,Male,Sandals,Footwear,98.0,Wyoming,M,Gold,Winter,2.6,0,Store Pickup,0,0,46.0,Bank Transfer,Every 3 Months,4.0,2.3482863593406447,36.492125978693075,2.3482863593406447,27.579478744979607,Average,2,5,5,255,At Risk
1841,1842,31,Male,Socks,Clothing,57.0,Vermont,L,Blue,Winter,3.0,0,Standard,0,0,7.0,PayPal,Every 3 Months,4.0,-2.082805510772589,80.51262013850291,-2.082805510772589,66.38100818776915,Average,2,1,3,213,About to Sleep
1842,1843,61,Male,Handbag,Accessories,78.0,Alabama,M,Black,Summer,4.4,0,Express,0,0,1.0,Debit Card,Annually,1.0,-1.6897748807481552,76.60807402193257,-1.6897748807481552,62.939375739191306,Good,1,1,4,114,Need Attention
1843,1844,36,Male,Jacket,Outerwear,76.0,Kentucky,M,Charcoal,Fall,4.7,0,Next Day Air,0,0,32.0,Credit Card,Monthly,12.0,0.6590687141776082,53.27358699625643,0.6590687141776082,42.3713697992263,Good,3,4,4,344,Loyal Customer
1844,1845,60,Male,Shorts,Clothing,26.0,South Dakota,M,Purple,Spring,2.7,0,2-Day Shipping,0,0,31.0,Credit Card,Annually,1.0,-1.8086984470909777,77.7895151455002,-1.8086984470909777,63.98074802307823,Average,1,4,1,141,Need Attention
1845,1846,51,Male,Sandals,Footwear,78.0,Delaware,M,Orange,Winter,2.8,0,2-Day Shipping,0,0,39.0,Bank Transfer,Quarterly,3.0,0.9930732773660164,49.95543283602472,0.9930732773660164,39.44660807627653,Average,1,4,4,144,At Risk
1846,1847,68,Male,Scarf,Accessories,53.0,Wisconsin,M,Yellow,Summer,2.9,0,Standard,0,0,9.0,Venmo,Quarterly,3.0,-2.1393689296763867,81.07454702345593,-2.1393689296763867,66.87631436248054,Average,1,1,3,113,Lost
1847,1848,46,Male,Sandals,Footwear,100.0,Arizona,XL,Cyan,Summer,4.4,0,Free Shipping,0,0,49.0,Credit Card,Weekly,57.0,4.024507448213887,19.83977869810983,4.024507448213887,12.90139401123252,Good,4,5,5,455,Champion
1848,1849,19,Male,Jeans,Clothing,73.0,Maine,XL,Yellow,Winter,2.7,0,Express,0,0,34.0,Cash,Every 3 Months,4.0,0.46192653365643155,55.23208762334066,0.46192653365643155,44.09767526662179,Average,2,4,4,244,At Risk
1849,1850,30,Male,Skirt,Clothing,40.0,New Mexico,M,Maroon,Winter,4.5,0,Store Pickup,0,0,35.0,Bank Transfer,Monthly,12.0,-0.6533699518107643,66.31195323301273,-0.6533699518107643,53.863938455651365,Good,3,4,2,342,Loyal Customer
1850,1851,51,Male,Gloves,Accessories,76.0,Wyoming,S,Black,Winter,2.8,0,Store Pickup,0,0,50.0,Debit Card,Weekly,57.0,3.0803215385906286,29.219753552768672,3.0803215385906286,21.169301435769327,Average,4,5,4,454,Champion
1851,1852,28,Male,Skirt,Clothing,80.0,Delaware,S,Lavender,Fall,3.1,0,Free Shipping,0,0,4.0,Bank Transfer,Fortnightly,28.0,-0.6925411589732586,66.70109792842281,-0.6925411589732586,54.206947084805854,Average,3,1,4,314,Need Attention
1852,1853,41,Male,Sweater,Clothing,80.0,Pennsylvania,XL,Violet,Winter,3.8,0,Store Pickup,0,0,32.0,Cash,Weekly,57.0,2.003141275330372,39.92095517030562,2.003141275330372,30.601794131755018,Average,4,4,4,444,Champion
1853,1854,29,Male,Blouse,Clothing,67.0,North Dakota,XL,Olive,Spring,2.9,0,Express,0,0,11.0,PayPal,Fortnightly,28.0,-0.7568854500411363,67.34032355772538,-0.7568854500411363,54.77038764923763,Average,3,2,3,323,Promising
1854,1855,25,Male,Sweater,Clothing,61.0,Kentucky,M,Teal,Spring,3.8,0,Express,0,0,49.0,Credit Card,Annually,1.0,0.9152774676241332,50.728292006808,0.9152774676241332,40.127838908475056,Average,1,5,3,153,At Risk
1855,1856,60,Male,Shirt,Clothing,76.0,Rhode Island,XL,Teal,Spring,4.7,0,Standard,0,0,9.0,Cash,Annually,1.0,-1.220411548082371,71.94520390998541,-1.220411548082371,58.829324378118564,Good,1,1,4,114,Need Attention
1856,1857,63,Male,Jewelry,Accessories,55.0,Arizona,XL,Beige,Summer,3.2,0,Free Shipping,0,0,30.0,PayPal,Bi-Weekly,114.0,2.2975986671590487,36.99568070584821,2.2975986671590487,28.023333225595685,Average,5,3,3,533,Potential Loyalist
1857,1858,51,Male,T-shirt,Clothing,85.0,Colorado,L,Maroon,Summer,4.0,0,Next Day Air,0,0,33.0,Cash,Monthly,12.0,1.108325278862303,48.810466717630064,1.108325278862303,38.43738640800986,Good,3,4,5,345,Loyal Customer
1858,1859,22,Male,Scarf,Accessories,69.0,Maine,S,Peach,Spring,4.9,0,2-Day Shipping,0,0,8.0,Debit Card,Annually,1.0,-1.585217053718099,75.56934872598845,-1.585217053718099,62.02379923504694,Good,1,1,4,114,Need Attention
1859,1860,54,Male,Belt,Accessories,26.0,New Jersey,L,Beige,Summer,3.7,0,Store Pickup,0,0,29.0,Debit Card,Fortnightly,28.0,-1.2420497791867677,72.16016799872035,-1.2420497791867677,59.01880283758136,Average,3,3,1,331,Promising
1860,1861,18,Male,T-shirt,Clothing,64.0,Kansas,M,Silver,Summer,4.8,0,Next Day Air,0,0,4.0,Credit Card,Monthly,12.0,-1.7859880111178221,77.56389928299328,-1.7859880111178221,63.78188063871762,Good,3,1,3,313,Need Attention
1861,1862,29,Male,Sneakers,Footwear,60.0,South Dakota,S,Peach,Fall,3.6,0,Standard,0,0,19.0,Debit Card,Monthly,12.0,-0.9164881447505976,68.92588975592028,-0.9164881447505976,56.167972903492235,Average,3,2,3,323,Promising
1862,1863,59,Male,Gloves,Accessories,36.0,New Hampshire,M,Turquoise,Winter,4.6,0,Express,0,0,10.0,PayPal,Fortnightly,28.0,-2.1351036642644674,81.03217392520857,-2.1351036642644674,66.83896491762292,Good,3,1,2,312,Need Attention
1863,1864,25,Male,Sandals,Footwear,21.0,Connecticut,L,Orange,Spring,4.3,0,2-Day Shipping,0,0,39.0,Debit Card,Monthly,12.0,-1.1787478169185743,71.53129734064927,-1.1787478169185743,58.46448958370768,Good,3,4,1,341,Loyal Customer
1864,1865,19,Male,Backpack,Accessories,72.0,Wyoming,S,Cyan,Fall,3.2,0,2-Day Shipping,0,0,21.0,Venmo,Quarterly,3.0,-0.5063622811390744,64.8515117666784,-0.5063622811390744,52.5766434437026,Average,1,3,4,134,At Risk
1865,1866,56,Male,Pants,Clothing,62.0,Missouri,S,Silver,Summer,3.8,0,Store Pickup,0,0,12.0,Bank Transfer,Monthly,12.0,-1.3166246784520381,72.90102917104612,-1.3166246784520381,59.67182927764488,Average,3,2,3,323,Promising
1866,1867,31,Male,T-shirt,Clothing,44.0,Alaska,XL,Gold,Winter,4.2,0,Standard,0,0,9.0,Credit Card,Fortnightly,28.0,-1.8665262270329435,78.36400277153649,-1.8665262270329435,64.48712576739072,Good,3,1,2,312,Need Attention
1867,1868,45,Male,Skirt,Clothing,52.0,Delaware,M,Brown,Fall,3.4,0,2-Day Shipping,0,0,20.0,Venmo,Quarterly,3.0,-1.4200996705930873,73.92899708973317,-1.4200996705930873,60.577923773503464,Average,1,2,3,123,Need Attention
1868,1869,23,Male,Gloves,Accessories,58.0,Indiana,M,Silver,Spring,4.7,0,Next Day Air,0,0,44.0,Cash,Fortnightly,28.0,1.147569150061861,48.42060014442711,1.147569150061861,38.093741485170604,Good,3,5,3,353,Loyal Customer
1869,1870,18,Male,Blouse,Clothing,77.0,West Virginia,S,Beige,Spring,3.9,0,2-Day Shipping,0,0,16.0,Debit Card,Every 3 Months,4.0,-0.615253729603825,65.9332892408776,-0.615253729603825,53.53016796260748,Average,2,2,4,224,About to Sleep
1870,1871,43,Male,Blouse,Clothing,99.0,Wyoming,L,Violet,Spring,4.3,0,Store Pickup,0,0,27.0,Debit Card,Fortnightly,28.0,1.7019602781718364,42.91302500661082,1.7019602781718364,33.239131309906774,Good,3,3,5,335,Promising
1871,1872,56,Male,Jeans,Clothing,96.0,Illinois,XL,Violet,Fall,2.7,0,Standard,0,0,14.0,Cash,Every 3 Months,4.0,0.04857773343267291,59.338483739598445,0.04857773343267291,47.71722686071095,Average,2,2,5,225,About to Sleep
1872,1873,43,Male,T-shirt,Clothing,64.0,Alaska,M,Lavender,Summer,4.6,0,Standard,0,0,24.0,Credit Card,Monthly,12.0,-0.40145203183094436,63.809285346567016,-0.40145203183094436,51.65798090031557,Good,3,3,3,333,Promising
1873,1874,64,Male,Sweater,Clothing,44.0,Wisconsin,XL,Red,Fall,2.9,0,Express,0,0,49.0,Bank Transfer,Weekly,57.0,1.6598777948428136,43.33109165156355,1.6598777948428136,33.607632971298656,Average,4,5,2,452,Loyal Customer
1874,1875,67,Male,Pants,Clothing,33.0,Indiana,L,Purple,Fall,3.6,0,Free Shipping,0,0,14.0,Cash,Weekly,57.0,-1.2275409936785404,72.0160310847379,-1.2275409936785404,58.89175445208665,Average,4,2,1,421,Potential Loyalist
1875,1876,63,Male,Boots,Footwear,71.0,Tennessee,M,Brown,Winter,3.9,0,Next Day Air,0,0,6.0,Credit Card,Quarterly,3.0,-1.5869897951287164,75.58695995030976,-1.5869897951287164,62.03932251464818,Average,1,1,4,114,Need Attention
1876,1877,54,Male,Skirt,Clothing,36.0,Illinois,M,Gray,Fall,2.6,0,Standard,0,0,20.0,Venmo,Quarterly,3.0,-2.0957081429848228,80.64080079071996,-2.0957081429848228,66.49399204780806,Average,1,2,2,122,Hibernating
1877,1878,69,Male,Gloves,Accessories,62.0,Pennsylvania,L,Pink,Fall,3.6,0,Express,0,0,3.0,Credit Card,Annually,1.0,-2.2269297552112026,81.94441632927672,-2.2269297552112026,67.64305403965571,Average,1,1,3,113,Lost
1878,1879,34,Male,Socks,Clothing,29.000000000000004,Oklahoma,L,Magenta,Summer,3.4,0,Store Pickup,0,0,5.0,Credit Card,Monthly,12.0,-3.194654745510399,91.55823918208054,-3.194654745510399,76.11708500183883,Average,3,1,1,311,Lost
1879,1880,56,Male,T-shirt,Clothing,33.0,Tennessee,L,Charcoal,Spring,3.5,0,Express,0,0,46.0,Cash,Bi-Weekly,114.0,2.476265801049915,35.22071964556402,2.476265801049915,26.458807312042893,Average,5,5,1,551,Loyal Customer
1880,1881,34,Male,Blouse,Clothing,33.0,New Jersey,L,Yellow,Fall,3.1,0,2-Day Shipping,0,0,8.0,Debit Card,Monthly,12.0,-2.8180722305194337,87.81709616636991,-2.8180722305194337,72.81948297250239,Average,3,1,1,311,Lost
1881,1882,58,Male,Blouse,Clothing,41.0,New Jersey,M,Red,Winter,4.3,0,Standard,0,0,13.0,Cash,Bi-Weekly,114.0,0.5295856714224341,54.55993079017395,0.5295856714224341,43.50520774325396,Good,5,2,2,522,Potential Loyalist
1882,1883,44,Male,Scarf,Accessories,54.0,Tennessee,L,Blue,Winter,5.0,0,Store Pickup,0,0,25.0,Bank Transfer,Quarterly,3.0,-0.9895146167224009,69.65136814300327,-0.9895146167224009,56.80744030461488,Good,1,3,3,133,At Risk
1883,1884,25,Male,Backpack,Accessories,58.0,Georgia,M,Cyan,Spring,4.9,0,Store Pickup,0,0,39.0,Debit Card,Fortnightly,28.0,0.8014351552401417,51.859253628533686,0.8014351552401417,41.124716419771104,Good,3,4,3,343,Loyal Customer
1884,1885,27,Male,Shorts,Clothing,30.0,Arizona,S,Pink,Summer,4.3,0,Next Day Air,0,0,15.0,Bank Transfer,Bi-Weekly,114.0,0.20355844458180394,57.79883444095974,0.20355844458180394,46.36011470799818,Good,5,2,1,521,Potential Loyalist
1885,1886,26,Male,Jewelry,Accessories,53.0,Nevada,S,Maroon,Winter,4.4,0,Standard,0,0,35.0,Cash,Monthly,12.0,-0.10443806799247946,60.85861272596098,-0.10443806799247946,49.05713298277887,Good,3,4,3,343,Loyal Customer
1886,1887,18,Male,Gloves,Accessories,91.0,Arkansas,L,Beige,Spring,4.4,0,Next Day Air,0,0,46.0,Cash,Bi-Weekly,114.0,4.925346513469956,10.890431229486945,4.925346513469956,5.013059817688674,Good,5,5,5,555,Champion
1887,1888,64,Male,Hoodie,Clothing,44.0,North Dakota,XL,Gold,Fall,3.5,0,Express,0,0,3.0,PayPal,Monthly,12.0,-2.699725400571835,86.64138460604806,-2.699725400571835,71.78316096851849,Average,3,1,2,312,Need Attention
1888,1889,62,Male,Hoodie,Clothing,89.0,South Dakota,XL,Turquoise,Winter,3.4,0,Free Shipping,0,0,48.0,Credit Card,Weekly,57.0,3.4907998244802254,25.141874439359547,3.4907998244802254,17.57488593673704,Average,4,5,5,455,Champion
1889,1890,59,Male,Skirt,Clothing,57.0,North Carolina,L,Peach,Spring,2.5,0,Next Day Air,0,0,27.0,Bank Transfer,Weekly,57.0,0.685820101445533,53.007826474580675,0.685820101445533,42.137117210668414,Poor,4,3,3,433,Potential Loyalist
1890,1891,36,Male,Sunglasses,Accessories,57.0,Hawaii,M,Lavender,Spring,3.4,0,Store Pickup,0,0,5.0,Credit Card,Weekly,57.0,-0.8371694757700328,68.13790180464956,-0.8371694757700328,55.47340692291065,Average,4,1,3,413,Recent Customer
1891,1892,69,Male,Jewelry,Accessories,74.0,New Hampshire,M,Gray,Summer,2.6,0,Next Day Air,0,0,48.0,Debit Card,Quarterly,3.0,1.4472123499471774,45.443807489879596,1.4472123499471774,35.46987026257177,Average,1,5,4,154,At Risk
1892,1893,39,Male,Jacket,Outerwear,30.0,California,M,Blue,Fall,4.6,0,2-Day Shipping,0,0,12.0,Venmo,Weekly,57.0,-1.4926711801806787,74.64995567231556,-1.4926711801806787,61.21340722735897,Good,4,2,1,421,Potential Loyalist
1893,1894,28,Male,Dress,Clothing,20.0,Delaware,L,Red,Summer,3.7,0,Express,0,0,10.0,PayPal,Fortnightly,28.0,-2.8107121366562025,87.74397762619535,-2.8107121366562025,72.75503319192754,Average,3,1,1,311,Lost
1894,1895,42,Male,Hoodie,Clothing,90.0,Arizona,M,Purple,Fall,2.5,0,Free Shipping,0,0,48.0,Debit Card,Bi-Weekly,114.0,5.02157458187416,9.934457567155995,5.02157458187416,4.170424110992511,Poor,5,5,5,555,Champion
1895,1896,31,Male,Jeans,Clothing,61.0,Washington,L,Indigo,Fall,4.5,0,Express,0,0,3.0,Debit Card,Monthly,12.0,-1.9818913986556166,79.51009317374962,-1.9818913986556166,65.49733842706983,Good,3,1,3,313,Need Attention
1896,1897,57,Male,Sandals,Footwear,51.0,Nevada,M,Gold,Fall,2.9,0,Standard,0,0,19.0,Venmo,Monthly,12.0,-1.2965179104709486,72.70127933772534,-1.2965179104709486,59.49576130778858,Average,3,2,2,322,Promising
1897,1898,53,Male,Sunglasses,Accessories,97.0,Alaska,L,Teal,Winter,2.9,0,Free Shipping,0,0,11.0,Debit Card,Fortnightly,28.0,0.5098804356933673,54.75569161837517,0.5098804356933673,43.677759634916484,Average,3,2,5,325,Promising
1898,1899,59,Male,Pants,Clothing,97.0,Texas,L,Magenta,Fall,3.5,0,Next Day Air,0,0,25.0,Venmo,Monthly,12.0,1.0612172414413534,49.27845951646048,1.0612172414413534,38.84989509764221,Average,3,3,5,335,Promising
1899,1900,32,Male,Shorts,Clothing,40.0,New York,L,Maroon,Winter,4.2,0,Store Pickup,0,0,42.0,PayPal,Weekly,57.0,1.0063880839944725,49.823157454559436,1.0063880839944725,39.33001494831552,Good,4,5,2,452,Loyal Customer
1900,1901,65,Male,Jewelry,Accessories,85.0,Iowa,S,Blue,Summer,3.3,0,Free Shipping,0,0,34.0,Cash,Quarterly,3.0,0.9425179892156811,50.45767220094957,0.9425179892156811,39.88930314086877,Average,1,4,5,145,At Risk
1901,1902,56,Male,Socks,Clothing,76.0,Arizona,S,Beige,Winter,3.9,0,Store Pickup,0,0,50.0,Cash,Quarterly,3.0,1.6701170069248326,43.22937063361362,1.6701170069248326,33.51797175444348,Average,1,5,4,154,At Risk
1902,1903,31,Male,Sandals,Footwear,22.0,New Mexico,S,Olive,Spring,5.0,0,Store Pickup,0,0,21.0,Venmo,Monthly,12.0,-2.382604668752281,83.49096215212126,-2.382604668752281,69.00624508112548,Good,3,3,1,331,Promising
1903,1904,59,Male,Pants,Clothing,63.0,North Carolina,M,Gold,Summer,3.3,0,Standard,0,0,37.0,Bank Transfer,Weekly,57.0,1.6314412682358728,43.613593118497505,1.6314412682358728,33.85664173860315,Average,4,4,3,443,Loyal Customer
1904,1905,22,Male,T-shirt,Clothing,71.0,Nevada,S,Silver,Spring,4.2,0,Free Shipping,0,0,46.0,Cash,Monthly,12.0,1.4171162520560057,45.74279589731642,1.4171162520560057,35.73341131806506,Good,3,5,4,354,Loyal Customer
1905,1906,47,Male,Boots,Footwear,35.0,Idaho,M,Teal,Summer,4.9,0,2-Day Shipping,0,0,14.0,Bank Transfer,Fortnightly,28.0,-1.9004219979315748,78.70073886923498,-1.9004219979315748,64.78393923708656,Good,3,2,1,321,Promising
1906,1907,23,Male,Backpack,Accessories,30.0,Vermont,M,Green,Spring,4.6,0,2-Day Shipping,0,0,24.0,PayPal,Fortnightly,28.0,-1.4192816559105532,73.92087055758023,-1.4192816559105532,60.57076070360571,Good,3,3,1,331,Promising
1907,1908,69,Male,Skirt,Clothing,74.0,New Mexico,L,Orange,Fall,4.8,0,Store Pickup,0,0,36.0,Credit Card,Every 3 Months,4.0,0.6426056611096027,53.43713849838636,0.6426056611096027,42.51553102563755,Good,2,4,4,244,At Risk
1908,1909,18,Male,Scarf,Accessories,71.0,Georgia,XL,Charcoal,Winter,2.7,0,Next Day Air,0,0,19.0,Debit Card,Bi-Weekly,114.0,2.2117123509430012,37.84891466989587,2.2117123509430012,28.7754098074122,Average,5,2,4,524,Potential Loyalist
1909,1910,50,Male,Sweater,Clothing,84.0,Kentucky,S,Black,Spring,4.3,0,Store Pickup,0,0,12.0,Credit Card,Monthly,12.0,-0.3876630289134022,63.67229908218931,-0.3876630289134022,51.537235400476035,Good,3,2,4,324,Promising
1910,1911,29,Male,Sandals,Footwear,38.0,New York,S,Yellow,Fall,3.8,0,Express,0,0,13.0,Debit Card,Quarterly,3.0,-2.495844676686263,84.6159402058458,-2.495844676686263,69.99784842196071,Average,1,2,2,122,Hibernating
1911,1912,65,Male,Jewelry,Accessories,81.0,Arizona,M,Gray,Spring,4.9,0,Express,0,0,32.0,Debit Card,Bi-Weekly,114.0,3.5339160327243064,24.713538298102065,3.5339160327243064,17.197332306010487,Good,5,4,4,544,Champion
1912,1913,29,Male,Sweater,Clothing,56.0,Colorado,S,Charcoal,Winter,3.4,0,2-Day Shipping,0,0,5.0,Credit Card,Bi-Weekly,114.0,0.6091542225749347,53.76946039506936,0.6091542225749347,42.8084536314542,Average,5,1,3,513,Recent Customer
1913,1914,49,Male,Skirt,Clothing,48.0,Kentucky,M,Peach,Winter,3.6,0,Express,0,0,29.0,Cash,Annually,1.0,-1.0181903954810296,69.936246450286,-1.0181903954810296,57.0585441197496,Average,1,3,2,132,Need Attention
1914,1915,28,Male,Shorts,Clothing,97.0,Alaska,L,Green,Fall,3.4,0,Standard,0,0,40.0,Credit Card,Fortnightly,28.0,2.5174576056593403,34.8115014105571,2.5174576056593403,26.098105014233525,Average,3,4,5,345,Loyal Customer
1915,1916,51,Male,Backpack,Accessories,74.0,Alabama,M,Magenta,Fall,4.7,0,2-Day Shipping,0,0,44.0,Cash,Weekly,57.0,2.580509685755598,34.185113196319904,2.580509685755598,25.545979891578025,Good,4,5,4,454,Champion
1916,1917,26,Male,Hoodie,Clothing,50.0,Connecticut,S,Beige,Winter,3.0,0,Next Day Air,0,0,3.0,Debit Card,Bi-Weekly,114.0,0.2173474474993462,57.66184817658202,0.2173474474993462,46.239369208158635,Average,5,1,2,512,Recent Customer
1917,1918,38,Male,Skirt,Clothing,71.0,Hawaii,L,Black,Winter,3.4,0,Free Shipping,0,0,35.0,PayPal,Bi-Weekly,114.0,3.3193411343725034,26.845223520754864,3.3193411343725034,19.076290016690564,Average,5,4,4,544,Champion
1918,1919,35,Male,Skirt,Clothing,33.0,Idaho,S,Purple,Summer,4.6,0,Standard,0,0,33.0,Debit Card,Monthly,12.0,-1.087402256410836,70.62382874583707,-1.087402256410836,57.66460829949984,Good,3,4,1,341,Loyal Customer
1919,1920,34,Male,Backpack,Accessories,56.0,Virginia,M,Olive,Summer,3.1,0,Express,0,0,20.0,PayPal,Bi-Weekly,114.0,1.6475562070400933,43.45349994274966,1.6475562070400933,33.71552882765267,Average,5,2,3,523,Potential Loyalist
1920,1921,51,Male,Blouse,Clothing,84.0,Connecticut,M,Purple,Spring,2.8,0,Standard,0,0,40.0,Cash,Every 3 Months,4.0,1.3417681522118126,46.491338397984386,1.3417681522118126,36.393208406516756,Average,2,4,4,244,At Risk
1921,1922,47,Male,Shirt,Clothing,36.0,Michigan,M,Green,Fall,3.5,0,Store Pickup,0,0,13.0,Venmo,Annually,1.0,-2.6325255332043334,85.9737903751671,-2.6325255332043334,71.19471511619967,Average,1,2,2,122,Hibernating
1922,1923,18,Male,Gloves,Accessories,63.0,Kentucky,S,Peach,Summer,4.6,0,Standard,0,0,9.0,PayPal,Monthly,12.0,-1.4820795458205862,74.54473353019839,-1.4820795458205862,61.12065997126114,Good,3,1,3,313,Need Attention
1923,1924,64,Male,Sandals,Footwear,36.0,Nebraska,XL,Blue,Summer,4.3,0,Standard,0,0,7.0,Cash,Annually,1.0,-3.0478863269903966,90.10017455609498,-3.0478863269903966,74.8318850377203,Good,1,1,2,112,Hibernating
1924,1925,30,Male,Jacket,Outerwear,63.0,Michigan,M,Gray,Fall,4.8,0,Free Shipping,0,0,42.0,PayPal,Quarterly,3.0,0.5673707313917963,54.18455671523588,0.5673707313917963,43.174337122676796,Good,1,5,3,153,At Risk
1925,1926,59,Male,Sneakers,Footwear,32.0,Utah,L,Black,Winter,2.9,0,Express,0,0,44.0,Credit Card,Fortnightly,28.0,0.04970538242529143,59.32728115853062,0.04970538242529143,47.70735243091559,Average,3,5,1,351,Loyal Customer
1926,1927,66,Male,Backpack,Accessories,93.0,New Mexico,M,Silver,Spring,3.0,0,Express,0,0,6.0,PayPal,Annually,1.0,-0.7102579430591841,66.8771045681509,-0.7102579430591841,54.36208679743023,Average,1,1,5,115,Need Attention
1927,1928,40,Male,Pants,Clothing,29.000000000000004,Florida,M,Pink,Summer,2.9,0,Standard,0,0,8.0,Cash,Every 3 Months,4.0,-3.1958935384937814,91.57054591840844,-3.1958935384937814,76.12793268088211,Average,2,1,1,211,About to Sleep
1928,1929,25,Male,Sunglasses,Accessories,92.0,Mississippi,S,Lavender,Summer,3.7,0,Standard,0,0,10.0,PayPal,Weekly,57.0,0.9868580524086075,50.01717772463442,0.9868580524086075,39.50103263826881,Average,4,1,5,415,Recent Customer
1929,1930,59,Male,Jeans,Clothing,33.0,Hawaii,L,Brown,Fall,4.7,0,Standard,0,0,46.0,Venmo,Quarterly,3.0,-0.4224879584853315,64.01826586730083,-0.4224879584853315,51.84218518931753,Good,1,5,1,151,Need Attention
1930,1931,66,Male,Pants,Clothing,52.0,North Carolina,L,Turquoise,Spring,3.5,0,Store Pickup,0,0,26.0,Cash,Weekly,57.0,0.4054656548587718,55.792995827960354,0.4054656548587718,44.592083533308696,Average,4,3,3,433,Potential Loyalist
1931,1932,54,Male,Jewelry,Accessories,42.0,Illinois,S,Olive,Spring,2.7,0,Store Pickup,0,0,6.0,Debit Card,Every 3 Months,4.0,-2.7854152526041847,87.4926668049993,-2.7854152526041847,72.53351718184985,Average,2,1,2,212,About to Sleep
1932,1933,42,Male,Hoodie,Clothing,36.0,Maryland,M,White,Spring,5.0,0,Free Shipping,0,0,47.0,Credit Card,Every 3 Months,4.0,-0.2004696722129855,61.812634623195514,-0.2004696722129855,49.898048320989865,Good,2,5,2,252,Need Attention
1933,1934,48,Male,Sandals,Footwear,67.0,Montana,L,Violet,Summer,4.1,0,Next Day Air,0,0,28.0,Venmo,Annually,1.0,-0.28513213348018784,62.653710252185526,-0.28513213348018784,50.63940803093296,Good,1,3,3,133,At Risk
1934,1935,34,Male,Jacket,Outerwear,43.0,Michigan,L,Gold,Winter,2.7,0,Free Shipping,0,0,23.0,Bank Transfer,Annually,1.0,-1.6446788368895102,76.16006928777226,-1.6446788368895102,62.5444853769904,Average,1,3,2,132,Need Attention
1935,1936,19,Male,Blouse,Clothing,68.0,North Carolina,XL,Violet,Spring,4.8,0,Free Shipping,0,0,45.0,Cash,Fortnightly,28.0,1.6390512442710397,43.53799213448906,1.6390512442710397,33.790003826810114,Good,3,5,3,353,Loyal Customer
1936,1937,70,Male,Jewelry,Accessories,60.0,Minnesota,S,Teal,Summer,4.3,0,2-Day Shipping,0,0,44.0,PayPal,Every 3 Months,4.0,0.6052626394815854,53.80812116217929,0.6052626394815854,42.84253087029326,Good,2,5,3,253,At Risk
1937,1938,43,Male,Socks,Clothing,53.0,Delaware,M,Olive,Summer,4.5,0,2-Day Shipping,0,0,11.0,Bank Transfer,Monthly,12.0,-1.765881243136733,77.36414944967251,-1.765881243136733,63.605812668861326,Good,3,2,3,323,Promising
1938,1939,46,Male,Jeans,Clothing,23.0,Kentucky,L,Blue,Spring,3.8,0,Standard,0,0,39.0,Debit Card,Bi-Weekly,114.0,1.5694229130546733,44.22971183642994,1.5694229130546733,34.399714891923985,Average,5,4,1,541,Loyal Customer
1939,1940,66,Male,Gloves,Accessories,57.0,Ohio,L,Magenta,Winter,3.7,0,Store Pickup,0,0,20.0,PayPal,Every 3 Months,4.0,-1.1828571242361183,71.57212107982583,-1.1828571242361183,58.50047335780783,Average,2,2,3,223,About to Sleep
1940,1941,50,Male,Hat,Accessories,89.0,Alaska,L,Gray,Fall,3.9,0,2-Day Shipping,0,0,48.0,PayPal,Fortnightly,28.0,2.7334677611782237,32.665557686479985,2.7334677611782237,24.206579256025012,Average,3,5,5,355,Loyal Customer
1941,1942,55,Male,Shoes,Footwear,99.0,Vermont,XL,Peach,Winter,3.3,0,Standard,0,0,46.0,Credit Card,Quarterly,3.0,2.364396990130576,36.332075600730384,2.364396990130576,27.43840355781102,Average,1,5,5,155,At Risk
1942,1943,63,Male,Pants,Clothing,28.0,Alabama,M,Cyan,Fall,3.4,0,Express,0,0,22.0,PayPal,Monthly,12.0,-2.0600246926410364,80.28630506742988,-2.0600246926410364,66.18152449134115,Average,3,3,1,331,Promising
1943,1944,32,Male,Socks,Clothing,53.0,Wisconsin,L,Violet,Summer,3.8,0,Next Day Air,0,0,45.0,Cash,Annually,1.0,0.30056603557089,56.835116644586634,0.30056603557089,45.510652993307765,Average,1,5,3,153,At Risk
1944,1945,30,Male,Hoodie,Clothing,45.0,Arkansas,M,Gold,Winter,2.7,0,Free Shipping,0,0,49.0,Cash,Every 3 Months,4.0,0.3180136914360532,56.66178364774783,0.3180136914360532,45.35786994285333,Average,2,5,2,252,Need Attention
1945,1946,35,Male,Hoodie,Clothing,38.0,Georgia,M,Gold,Winter,2.9,0,2-Day Shipping,0,0,9.0,Credit Card,Every 3 Months,4.0,-2.746636973809087,87.10742563978206,-2.746636973809087,72.19394928966568,Average,2,1,2,212,About to Sleep
1946,1947,59,Male,Pants,Clothing,49.0,Louisiana,M,White,Summer,4.5,0,Standard,0,0,41.0,Credit Card,Quarterly,3.0,-0.0930134809153158,60.74511565042062,-0.0930134809153158,48.957091849613434,Good,1,5,2,152,Need Attention
1947,1948,59,Male,Shirt,Clothing,32.0,New York,M,Gray,Summer,2.6,0,Store Pickup,0,0,2.0,PayPal,Monthly,12.0,-3.27565855382998,92.36296807860946,-3.27565855382998,76.82640716116704,Average,3,1,1,311,Lost
1948,1949,54,Male,T-shirt,Clothing,37.0,Connecticut,L,Brown,Winter,3.1,0,Next Day Air,0,0,39.0,PayPal,Bi-Weekly,114.0,2.160580326397442,38.3568835980665,2.160580326397442,29.22315515190745,Average,5,4,2,542,Loyal Customer
1949,1950,63,Male,Dress,Clothing,80.0,Nebraska,L,Gray,Winter,4.7,0,Store Pickup,0,0,12.0,PayPal,Quarterly,3.0,-0.7915992356223018,67.68518618757682,-0.7915992356223018,55.07436418883122,Good,1,2,4,124,Need Attention
1950,1951,43,Male,Backpack,Accessories,78.0,Arkansas,L,Blue,Summer,4.6,0,Free Shipping,0,0,26.0,PayPal,Every 3 Months,4.0,0.11923978956409753,58.63649454135281,0.11923978956409753,47.09846382626241,Good,2,3,4,234,At Risk
1951,1952,33,Male,Gloves,Accessories,53.0,Connecticut,L,Gold,Summer,2.7,0,Next Day Air,0,0,32.0,Bank Transfer,Bi-Weekly,114.0,2.3516012060387697,36.45919477482892,2.3516012060387697,27.550451786043556,Average,5,4,3,543,Loyal Customer
1952,1953,57,Male,Shoes,Footwear,82.0,Maryland,L,Yellow,Summer,4.6,0,2-Day Shipping,0,0,50.0,Cash,Bi-Weekly,114.0,4.82222394360698,11.914898024006753,4.82222394360698,5.9160682743046085,Good,5,5,4,554,Champion
1953,1954,25,Male,Skirt,Clothing,33.0,Colorado,XL,Green,Spring,4.8,0,Standard,0,0,3.0,PayPal,Fortnightly,28.0,-2.746367845588325,87.10475199689279,-2.746367845588325,72.19159262749574,Good,3,1,1,311,Lost
1954,1955,26,Male,Gloves,Accessories,77.0,Colorado,M,Pink,Winter,4.2,0,Free Shipping,0,0,3.0,Venmo,Quarterly,3.0,-1.5413170148748474,75.13322565290366,-1.5413170148748474,61.63938187254425,Good,1,1,4,114,Need Attention
1955,1956,50,Male,Hoodie,Clothing,56.0,Maine,M,Pink,Winter,4.9,0,Express,0,0,37.0,Cash,Monthly,12.0,0.1606921185096588,58.22468813838333,0.1606921185096588,46.73548020750655,Good,3,4,3,343,Loyal Customer
1956,1957,70,Male,Socks,Clothing,37.0,Oklahoma,M,Pink,Winter,4.9,0,Express,0,0,20.0,Credit Card,Fortnightly,28.0,-1.400610145096545,73.73537922568377,-1.400610145096545,60.40726078127786,Good,3,2,2,322,Promising
1957,1958,68,Male,Gloves,Accessories,54.0,South Carolina,M,Cyan,Spring,4.5,0,Store Pickup,0,0,26.0,Cash,Bi-Weekly,114.0,1.9784659417771897,40.16609122444513,1.9784659417771897,30.817867440420134,Good,5,3,3,533,Potential Loyalist
1958,1959,39,Male,Shorts,Clothing,67.0,Nevada,M,Gray,Winter,2.7,0,Store Pickup,0,0,47.0,Cash,Quarterly,3.0,1.0824068443114498,49.06795230588262,1.0824068443114498,38.66434511950013,Average,1,5,3,153,At Risk
1959,1960,46,Male,Shoes,Footwear,90.0,Colorado,M,White,Fall,3.1,0,Store Pickup,0,0,7.0,Credit Card,Every 3 Months,4.0,-0.689363036464635,66.66952500521766,-0.689363036464635,54.179117372015895,Average,2,1,5,215,About to Sleep
1960,1961,57,Male,Jeans,Clothing,72.0,Massachusetts,L,Red,Summer,3.3,0,2-Day Shipping,0,0,40.0,Credit Card,Annually,1.0,0.7567171017143562,52.30350323377141,0.7567171017143562,41.51629685217155,Average,1,4,4,144,At Risk
1961,1962,47,Male,Boots,Footwear,59.0,Nevada,L,Black,Summer,2.6,0,Free Shipping,0,0,45.0,Debit Card,Quarterly,3.0,0.6061490101868944,53.79931555001863,0.6061490101868944,42.83476923049264,Average,1,5,3,153,At Risk
1962,1963,40,Male,Hat,Accessories,45.0,Iowa,M,Silver,Fall,4.4,0,Standard,0,0,20.0,PayPal,Fortnightly,28.0,-1.0628059089006774,70.37947737519038,-1.0628059089006774,57.44922664412555,Good,3,2,2,322,Promising
1963,1964,52,Male,Shorts,Clothing,30.0,Michigan,L,Pink,Spring,3.9,0,Standard,0,0,11.0,Credit Card,Weekly,57.0,-1.5618979791450227,75.33768636913688,-1.5618979791450227,61.81960221427908,Average,4,2,1,421,Potential Loyalist
1964,1965,40,Male,Pants,Clothing,51.0,West Virginia,S,Cyan,Summer,4.6,0,Express,0,0,50.0,Debit Card,Monthly,12.0,0.8495128574237121,51.38162773626463,0.8495128574237121,40.70371671326541,Good,3,5,2,352,Loyal Customer
1965,1966,67,Male,Sweater,Clothing,90.0,Indiana,M,White,Fall,4.9,0,Express,0,0,25.0,Debit Card,Quarterly,3.0,0.5306044461590033,54.549809815783014,0.5306044461590033,43.4962866874295,Good,1,3,5,135,At Risk
1966,1967,67,Male,Jacket,Outerwear,95.0,Indiana,XL,Purple,Winter,3.7,0,Express,0,0,5.0,Credit Card,Fortnightly,28.0,0.010068582858336783,59.72105126192639,0.010068582858336783,48.05443809072518,Average,3,1,5,315,Need Attention
1967,1968,37,Male,Dress,Clothing,81.0,Georgia,L,Yellow,Fall,3.7,0,Standard,0,0,4.0,Venmo,Annually,1.0,-1.355417895281673,73.28641873753361,-1.355417895281673,60.01152797699889,Average,1,1,4,114,Need Attention
1968,1969,67,Male,Shirt,Clothing,70.0,Minnesota,S,Blue,Spring,4.2,0,Standard,0,0,25.0,Credit Card,Weekly,57.0,1.09629838733513,48.92994736117154,1.09629838733513,38.54270171163611,Good,4,3,4,434,Potential Loyalist
1969,1970,64,Male,Dress,Clothing,32.0,Louisiana,S,Cyan,Winter,3.5,0,Next Day Air,0,0,11.0,Bank Transfer,Fortnightly,28.0,-2.234778983398057,82.02239415363395,-2.234778983398057,67.71178699927897,Average,3,2,1,321,Promising
1970,1971,28,Male,Belt,Accessories,94.0,Maryland,M,Indigo,Spring,2.9,0,Next Day Air,0,0,4.0,Credit Card,Bi-Weekly,114.0,2.144497545540962,38.51665730204707,2.144497545540962,29.363986466900855,Average,5,1,5,515,Recent Customer
1971,1972,54,Male,Hat,Accessories,29.000000000000004,Pennsylvania,XL,Indigo,Spring,3.4,0,Next Day Air,0,0,1.0,Venmo,Monthly,12.0,-3.4715619413677743,94.30916196936577,-3.4715619413677743,78.54186494951925,Average,3,1,1,311,Lost
1972,1973,54,Male,Backpack,Accessories,31.000000000000004,Louisiana,M,Silver,Summer,3.3,0,Express,0,0,48.0,PayPal,Every 3 Months,4.0,-0.3423705208710588,63.222342582932576,-0.3423705208710588,51.14062466978996,Average,2,5,1,251,Need Attention
1973,1974,24,Male,Skirt,Clothing,20.0,Maryland,XL,Red,Fall,4.5,0,Standard,0,0,9.0,Venmo,Every 3 Months,4.0,-3.506696505249789,94.6582048033922,-3.506696505249789,78.84952609825837,Good,2,1,1,211,About to Sleep
1974,1975,27,Male,Gloves,Accessories,44.0,Tennessee,M,Peach,Winter,4.6,0,2-Day Shipping,0,0,2.0,PayPal,Fortnightly,28.0,-2.3511138197833508,83.1781176492857,-2.3511138197833508,68.73049067583142,Good,3,1,2,312,Need Attention
1975,1976,53,Male,Jacket,Outerwear,77.0,Illinois,L,Turquoise,Fall,2.9,0,Express,0,0,4.0,Cash,Quarterly,3.0,-1.4720902159105034,74.44549495608234,-1.4720902159105034,61.03318688562415,Average,1,1,4,114,Need Attention
1976,1977,32,Male,Handbag,Accessories,51.0,Wyoming,M,Pink,Spring,3.2,0,Next Day Air,0,0,43.0,PayPal,Fortnightly,28.0,0.7827636444261332,52.044744960430144,0.7827636444261332,41.28821634209897,Average,3,5,2,352,Loyal Customer
1977,1978,24,Male,Sandals,Footwear,49.0,Florida,M,Teal,Summer,2.6,0,Free Shipping,0,0,32.0,Bank Transfer,Annually,1.0,-0.7682844690635144,67.4535666285104,-0.7682844690635144,54.870204891845255,Average,1,4,2,142,Need Attention
1978,1979,45,Male,Sunglasses,Accessories,78.0,Massachusetts,L,Magenta,Spring,3.8,0,Store Pickup,0,0,1.0,Cash,Quarterly,3.0,-1.637545083279052,76.08919931523461,-1.637545083279052,62.48201757924042,Average,1,1,4,114,Need Attention
1979,1980,49,Male,Jeans,Clothing,98.0,Tennessee,L,Blue,Spring,2.8,0,Store Pickup,0,0,38.0,Debit Card,Fortnightly,28.0,2.421229537255136,35.76747507288805,2.421229537255136,26.94074072092969,Average,3,4,5,345,Loyal Customer
1980,1981,51,Male,Sandals,Footwear,94.0,Iowa,M,Green,Winter,4.4,0,Store Pickup,0,0,25.0,PayPal,Fortnightly,28.0,1.3523790326207314,46.385925056811814,1.3523790326207314,36.300292619467164,Good,3,3,5,335,Promising
1981,1982,69,Male,Shoes,Footwear,91.0,Michigan,L,Violet,Summer,4.7,0,Express,0,0,42.0,PayPal,Quarterly,3.0,1.7496855580773327,42.43890023850903,1.7496855580773327,32.82121764264373,Good,1,5,5,155,At Risk
1982,1983,41,Male,Sunglasses,Accessories,77.0,Kansas,M,Turquoise,Summer,2.7,0,2-Day Shipping,0,0,32.0,PayPal,Monthly,12.0,0.7012942437020917,52.854099264944765,0.7012942437020917,42.001615532082255,Average,3,4,4,344,Loyal Customer
1983,1984,59,Male,Scarf,Accessories,97.0,Georgia,M,Pink,Summer,2.6,0,Next Day Air,0,0,21.0,Debit Card,Quarterly,3.0,0.549275956973012,54.36431848388656,0.549275956973012,43.33278676510165,Average,1,3,5,135,At Risk
1984,1985,26,Male,Skirt,Clothing,58.0,West Virginia,M,Black,Summer,3.4,0,2-Day Shipping,0,0,26.0,PayPal,Fortnightly,28.0,-0.09851323129632891,60.79975268721075,-0.09851323129632891,49.005251249732446,Average,3,3,3,333,Promising
1985,1986,23,Male,Gloves,Accessories,97.0,Tennessee,M,Gold,Spring,3.9,0,2-Day Shipping,0,0,6.0,Credit Card,Fortnightly,28.0,0.1637464408716477,58.19434510248175,0.1637464408716477,46.708734569517,Average,3,1,5,315,Need Attention
1986,1987,62,Male,Coat,Outerwear,48.0,Arkansas,L,Green,Summer,3.4,0,2-Day Shipping,0,0,14.0,Venmo,Quarterly,3.0,-2.0043625824770843,79.73333219590775,-2.0043625824770843,65.69411076360022,Average,1,2,2,122,Hibernating
1987,1988,69,Male,Belt,Accessories,23.0,Vermont,XL,White,Summer,3.4,0,Express,0,0,4.0,Cash,Quarterly,3.0,-3.75226881023261,97.09783244691272,-3.75226881023261,80.99991731140221,Average,1,1,1,111,Hibernating
1988,1989,46,Male,Pants,Clothing,79.0,Virginia,M,Gold,Winter,3.9,0,Free Shipping,0,0,26.0,Bank Transfer,Weekly,57.0,1.5455549520198248,44.46682708254517,1.5455549520198248,34.608718320419676,Average,4,3,4,434,Potential Loyalist
1989,1990,35,Male,Jewelry,Accessories,42.0,Maryland,S,Charcoal,Spring,4.0,0,Express,0,0,39.0,PayPal,Bi-Weekly,114.0,2.3717079740198588,36.25944494150814,2.3717079740198588,27.374383816187265,Good,5,4,2,542,Loyal Customer
1990,1991,32,Male,Backpack,Accessories,95.0,Connecticut,L,White,Spring,3.4,0,2-Day Shipping,0,0,15.0,PayPal,Annually,1.0,-0.0027656933311220877,59.848552834135745,-0.0027656933311220877,48.16682338086123,Average,1,2,5,125,Need Attention
1991,1992,46,Male,Sneakers,Footwear,29.000000000000004,Missouri,M,Brown,Summer,3.7,0,Next Day Air,0,0,1.0,Venmo,Every 3 Months,4.0,-3.6804811312441887,96.38466079615763,-3.6804811312441887,80.37129758932284,Average,2,1,1,211,About to Sleep
1992,1993,33,Male,Hoodie,Clothing,98.0,New Jersey,L,Gold,Winter,4.9,0,2-Day Shipping,0,0,28.0,Venmo,Monthly,12.0,1.3111231678588686,46.79577969468487,1.3111231678588686,36.661555869737875,Good,3,3,5,335,Promising
1993,1994,32,Male,Blouse,Clothing,96.0,Arkansas,S,Purple,Spring,5.0,0,Express,0,0,17.0,Cash,Weekly,57.0,1.6403477632569485,43.52511192163854,1.6403477632569485,33.778650661251945,Good,4,2,5,425,Potential Loyalist
1994,1995,33,Male,Sunglasses,Accessories,66.0,Nevada,M,Brown,Fall,2.9,0,Next Day Air,0,0,24.0,Credit Card,Weekly,57.0,0.8581694702728524,51.29562898323955,0.8581694702728524,40.62791376713237,Average,4,3,3,433,Potential Loyalist
1995,1996,67,Male,Boots,Footwear,80.0,Missouri,S,Teal,Spring,3.0,0,Standard,0,0,29.0,Debit Card,Quarterly,3.0,0.3852563467715445,55.993764341614494,0.3852563467715445,44.76904941118947,Average,1,3,4,134,At Risk
1996,1997,67,Male,Sneakers,Footwear,27.0,South Dakota,L,Indigo,Summer,3.3,0,Next Day Air,0,0,18.0,Cash,Every 3 Months,4.0,-2.5880766078993096,85.53221441281866,-2.5880766078993096,70.80549134596919,Average,2,2,1,221,About to Sleep
1997,1998,42,Male,Backpack,Accessories,25.0,Connecticut,M,Purple,Fall,4.7,0,Express,0,0,10.0,Debit Card,Bi-Weekly,114.0,-0.3537031978623326,63.33492658162467,-0.3537031978623326,51.23986097831887,Good,5,1,1,511,Recent Customer
1998,1999,20,Male,Pants,Clothing,45.0,Vermont,M,Orange,Fall,3.4,0,2-Day Shipping,0,0,19.0,Cash,Quarterly,3.0,-1.7849051762288153,77.55314190573621,-1.7849051762288153,63.77239863043182,Average,1,2,2,122,Hibernating
1999,2000,39,Male,Socks,Clothing,89.0,Tennessee,L,Indigo,Winter,4.6,0,2-Day Shipping,0,0,26.0,Debit Card,Monthly,12.0,0.7926398042098297,51.946630670132556,0.7926398042098297,41.20173424787442,Good,3,3,5,335,Promising
2000,2001,26,Male,Belt,Accessories,27.0,California,M,Lavender,Winter,3.6,0,2-Day Shipping,0,0,25.0,Cash,Bi-Weekly,114.0,0.7691498456517925,52.17999066668163,0.7691498456517925,41.407427640229265,Average,5,3,1,531,Potential Loyalist
2001,2002,51,Male,Sunglasses,Accessories,90.0,Wyoming,S,Purple,Winter,2.6,0,Free Shipping,0,0,2.0,Debit Card,Fortnightly,28.0,-0.40873946165711195,63.881682008948715,-0.40873946165711195,51.72179438720568,Average,3,1,5,315,Need Attention
2002,2003,31,Male,Shirt,Clothing,65.0,New York,M,Red,Summer,2.7,0,Express,0,0,19.0,PayPal,Every 3 Months,4.0,-0.9142796870045946,68.90394992615376,-0.9142796870045946,56.14863420757562,Average,2,2,3,223,About to Sleep
2003,2004,68,Male,Sneakers,Footwear,72.0,Maine,S,Blue,Spring,3.1,0,Express,0,0,32.0,Cash,Quarterly,3.0,0.2551325074687084,57.28647410164395,0.2551325074687084,45.90849858758148,Average,1,4,4,144,At Risk
2004,2005,44,Male,Shoes,Footwear,70.0,Georgia,L,Blue,Fall,3.2,0,2-Day Shipping,0,0,13.0,Cash,Bi-Weekly,114.0,1.7541260276324542,42.394786582135424,1.7541260276324542,32.78233399607686,Average,5,2,4,524,Potential Loyalist
2005,2006,18,Male,Sandals,Footwear,82.0,Tennessee,M,Cyan,Winter,3.4,0,Store Pickup,0,0,30.0,PayPal,Fortnightly,28.0,1.1918066731486494,47.981124348445334,1.1918066731486494,37.70636889059512,Average,3,3,4,334,Promising
2006,2007,58,Male,Scarf,Accessories,97.0,New Mexico,S,Pink,Fall,4.4,0,Express,0,0,2.0,Credit Card,Annually,1.0,-0.8182630208186256,67.95007643018947,-0.8182630208186256,55.30784967653448,Good,1,1,5,115,Need Attention
2007,2008,26,Male,Shirt,Clothing,25.0,Virginia,M,Silver,Summer,3.2,0,2-Day Shipping,0,0,8.0,PayPal,Quarterly,3.0,-3.3909105553262675,93.50793419700412,-3.3909105553262675,77.83562882943373,Average,1,1,1,111,Hibernating
2008,2009,57,Male,Skirt,Clothing,48.0,Florida,M,Gray,Spring,2.5,0,Free Shipping,0,0,27.0,PayPal,Every 3 Months,4.0,-1.078299297206062,70.53339578388169,-1.078299297206062,57.584896853663444,Poor,2,3,2,232,Need Attention
2009,2010,37,Male,Boots,Footwear,99.0,Alabama,M,Indigo,Summer,3.8,0,Next Day Air,0,0,26.0,Venmo,Bi-Weekly,114.0,3.8786147703789453,21.289143315419818,3.8786147703789453,14.178925418938416,Average,5,3,5,535,Potential Loyalist
2010,2011,24,Male,Sweater,Clothing,21.0,Texas,M,Maroon,Summer,4.4,0,2-Day Shipping,0,0,3.0,Debit Card,Bi-Weekly,114.0,-1.0071929087106741,69.82699238462055,-1.0071929087106741,56.96224295533575,Good,5,1,1,511,Recent Customer
2011,2012,57,Male,Sandals,Footwear,94.0,West Virginia,M,Beige,Spring,3.7,0,Express,0,0,4.0,Bank Transfer,Monthly,12.0,-0.5192221253833187,64.97926734364307,-0.5192221253833187,52.689252624396474,Average,3,1,5,315,Need Attention
2012,2013,48,Male,Jeans,Clothing,53.0,Nevada,L,Green,Fall,3.2,0,Store Pickup,0,0,5.0,Cash,Fortnightly,28.0,-1.763403657169968,77.33953597701668,-1.763403657169968,63.58411731077478,Average,3,1,3,313,Need Attention
2013,2014,39,Male,Backpack,Accessories,70.0,Virginia,M,Peach,Winter,4.9,0,Standard,0,0,25.0,Debit Card,Quarterly,3.0,-0.31390614433066577,62.93956444201649,-0.31390614433066577,50.891372030310265,Good,1,3,4,134,At Risk
2014,2015,51,Male,Skirt,Clothing,26.0,Wisconsin,L,Black,Summer,3.9,0,Standard,0,0,47.0,PayPal,Bi-Weekly,114.0,2.249913893342875,37.46940306792441,2.249913893342875,28.440892195131052,Average,5,5,1,551,Loyal Customer
2015,2016,57,Male,Belt,Accessories,82.0,Virginia,S,Pink,Summer,4.5,0,Next Day Air,0,0,8.0,Credit Card,Fortnightly,28.0,-0.3311829040669163,63.11119967851422,-0.3311829040669163,51.04265860283736,Good,3,1,4,314,Need Attention
2016,2017,53,Male,Shoes,Footwear,47.0,Maine,S,Violet,Winter,3.4,0,Standard,0,0,20.0,Debit Card,Fortnightly,28.0,-0.9783548498517102,69.54050191256704,-0.9783548498517102,56.70971810983747,Average,3,2,2,322,Promising
2017,2018,70,Male,Socks,Clothing,32.0,Massachusetts,S,Green,Winter,4.1,0,Next Day Air,0,0,42.0,Bank Transfer,Every 3 Months,4.0,-0.715505785132639,66.92923903254878,-0.715505785132639,54.40804032416654,Good,2,5,1,251,Need Attention
2018,2019,60,Male,Backpack,Accessories,97.0,Arkansas,S,Gold,Fall,4.5,0,Store Pickup,0,0,20.0,Bank Transfer,Weekly,57.0,1.8902536896744637,41.04243209986292,1.8902536896744637,31.5903114333476,Good,4,2,5,425,Potential Loyalist
2019,2020,31,Male,Shirt,Clothing,68.0,Idaho,S,Red,Winter,4.7,0,Store Pickup,0,0,23.0,Cash,Fortnightly,28.0,0.11606166705547388,58.66806746455795,0.11606166705547388,47.12629353905237,Good,3,3,3,333,Promising
2020,2021,41,Male,Sweater,Clothing,23.0,Pennsylvania,M,Beige,Winter,4.8,0,Next Day Air,0,0,26.0,Cash,Quarterly,3.0,-2.229279233017044,81.96775711684384,-2.229279233017044,67.66362759915995,Good,1,3,1,131,Lost
2021,2022,62,Male,Handbag,Accessories,33.0,Maine,M,Green,Winter,4.4,0,Standard,0,0,48.0,Venmo,Quarterly,3.0,-0.28403436055664366,62.642804473658195,-0.28403436055664366,50.62979521547732,Good,1,5,1,151,Need Attention
2022,2023,59,Male,Jewelry,Accessories,38.0,Alabama,S,Black,Winter,4.0,0,Store Pickup,0,0,16.0,Cash,Bi-Weekly,114.0,0.6105894797420155,53.755201893645044,0.6105894797420155,42.79588558392577,Good,5,2,2,522,Potential Loyalist
2023,2024,46,Male,Socks,Clothing,68.0,Idaho,S,Teal,Winter,4.1,0,Store Pickup,0,0,28.0,Cash,Bi-Weekly,114.0,2.708076953048646,32.91780159243907,2.708076953048646,24.42891772656339,Good,5,3,3,533,Potential Loyalist
2024,2025,62,Male,Socks,Clothing,23.0,Arkansas,L,Silver,Fall,3.7,0,Express,0,0,39.0,PayPal,Weekly,57.0,0.08087368518522231,59.017640977321825,0.08087368518522231,47.43442245052448,Average,4,4,1,441,Loyal Customer
2025,2026,42,Male,Shirt,Clothing,29.000000000000004,Delaware,M,Turquoise,Summer,3.0,0,Express,0,0,43.0,Debit Card,Fortnightly,28.0,-0.14619800511250258,61.27347504928695,-0.14619800511250258,49.42281021926781,Average,3,5,1,351,Loyal Customer
2026,2027,37,Male,Scarf,Accessories,35.0,Maine,M,Orange,Winter,3.6,0,Express,0,0,45.0,Bank Transfer,Every 3 Months,4.0,-0.38114879966615667,63.60758374814982,-0.38114879966615667,51.480192561974114,Average,2,5,1,251,Need Attention
2027,2028,50,Male,Shoes,Footwear,73.0,Nebraska,S,Gold,Fall,4.8,0,Standard,0,0,50.0,Credit Card,Every 3 Months,4.0,1.5695553170859338,44.22839647419966,1.5695553170859338,34.39855547590015,Good,2,5,4,254,At Risk
2028,2029,29,Male,Shoes,Footwear,84.0,Ohio,XL,Purple,Fall,3.7,0,2-Day Shipping,0,0,10.0,Venmo,Bi-Weekly,114.0,2.1376030440821907,38.585150434235935,2.1376030440821907,29.424359216820626,Average,5,1,4,514,Recent Customer
2029,2030,25,Male,Scarf,Accessories,23.0,Montana,M,Pink,Spring,4.6,0,Next Day Air,0,0,40.0,PayPal,Quarterly,3.0,-1.2601040475162293,72.33952736134545,-1.2601040475162293,59.17689778227852,Good,1,4,1,141,Need Attention
2030,2031,66,Male,Sunglasses,Accessories,67.0,New Mexico,S,Green,Summer,2.8,0,Standard,0,0,38.0,Credit Card,Monthly,12.0,0.6943997422433206,52.92259239713361,0.6943997422433206,42.06198828200203,Average,3,4,3,343,Loyal Customer
2031,2032,21,Male,Socks,Clothing,51.0,North Carolina,L,Charcoal,Spring,4.0,0,Standard,0,0,2.0,Credit Card,Monthly,12.0,-2.473373492864795,84.39270118368765,-2.473373492864795,69.80107608543031,Good,3,1,2,312,Need Attention
2032,2033,46,Male,Blouse,Clothing,36.0,South Carolina,M,Maroon,Winter,4.2,0,Next Day Air,0,0,13.0,Cash,Annually,1.0,-2.6325255332043334,85.9737903751671,-2.6325255332043334,71.19471511619967,Good,1,2,2,122,Hibernating
2033,2034,57,Male,Jeans,Clothing,55.0,Illinois,L,Olive,Summer,3.6,0,Express,0,0,33.0,Venmo,Annually,1.0,-0.4457044929522699,64.24890954381905,-0.4457044929522699,52.04548430206092,Average,1,4,3,143,At Risk
2034,2035,61,Male,Shorts,Clothing,30.0,Alabama,M,Peach,Spring,2.9,0,Store Pickup,0,0,27.0,PayPal,Monthly,12.0,-1.62943963877035,76.00867612069997,-1.62943963877035,62.411041022452565,Average,3,3,1,331,Promising
2035,2036,53,Male,T-shirt,Clothing,70.0,Oklahoma,S,Yellow,Summer,4.1,0,Express,0,0,43.0,Bank Transfer,Weekly,57.0,2.34238076869332,36.550794818387914,2.34238076869332,27.631191947074278,Good,4,5,4,454,Champion
2036,2037,37,Male,Blouse,Clothing,63.0,Minnesota,S,Lavender,Winter,3.1,0,Next Day Air,0,0,46.0,Cash,Weekly,57.0,2.2544824589149677,37.42401684710569,2.2544824589149677,28.400886856322238,Average,4,5,3,453,Loyal Customer
2037,2038,39,Male,Belt,Accessories,87.0,Illinois,S,Green,Summer,4.3,0,Express,0,0,7.0,Venmo,Bi-Weekly,114.0,2.0565992357626097,39.38987933076485,2.0565992357626097,30.133681376148814,Good,5,1,5,515,Recent Customer
2038,2039,53,Male,Blouse,Clothing,70.0,Arkansas,L,Orange,Spring,4.4,0,Next Day Air,0,0,35.0,Credit Card,Fortnightly,28.0,1.0312343136765674,49.57632364007885,1.0312343136765674,39.112445161723066,Good,3,4,4,344,Loyal Customer
2039,2040,35,Male,T-shirt,Clothing,51.0,Minnesota,M,Olive,Spring,3.1,0,Next Day Air,0,0,31.0,Debit Card,Bi-Weekly,114.0,2.197923348025459,37.98590093427358,2.197923348025459,28.896155307251735,Average,5,4,2,542,Loyal Customer
2040,2041,69,Male,Jewelry,Accessories,25.0,South Carolina,XL,Gray,Spring,2.9,0,Free Shipping,0,0,42.0,Venmo,Quarterly,3.0,-1.037199390538575,70.12509050507948,-1.037199390538575,57.22499927415024,Average,1,5,1,151,Need Attention
2041,2042,66,Male,Jacket,Outerwear,32.0,New York,S,Lavender,Winter,3.2,0,Next Day Air,0,0,14.0,PayPal,Bi-Weekly,114.0,0.21878270466642702,57.647589675157704,0.21878270466642702,46.226801160630195,Average,5,2,1,521,Potential Loyalist
2042,2043,19,Male,Shoes,Footwear,52.0,Alabama,M,Red,Spring,4.0,0,2-Day Shipping,0,0,35.0,Venmo,Monthly,12.0,-0.1466635975169629,61.27810045727266,-0.1466635975169629,49.426887249922906,Good,3,4,3,343,Loyal Customer
2043,2044,47,Male,Gloves,Accessories,33.0,New York,M,Charcoal,Summer,2.7,0,Standard,0,0,49.0,PayPal,Weekly,57.0,1.1953969700734959,47.94545669599196,1.1953969700734959,37.674929909883076,Average,4,5,1,451,Loyal Customer
2044,2045,49,Male,Jeans,Clothing,68.0,Missouri,L,Orange,Spring,3.0,0,Free Shipping,0,0,17.0,PayPal,Fortnightly,28.0,-0.2992991267305895,62.79445164548583,-0.2992991267305895,50.76346346057298,Average,3,2,3,323,Promising
2045,2046,31,Male,Jewelry,Accessories,20.0,Georgia,M,Red,Fall,4.4,0,Express,0,0,26.0,PayPal,Quarterly,3.0,-2.355955821590494,83.22622031077884,-2.355955821590494,68.77289040059208,Good,1,3,1,131,Lost
2046,2047,39,Male,Pants,Clothing,32.0,Oklahoma,M,Maroon,Winter,2.8,0,Free Shipping,0,0,30.0,Cash,Every 3 Months,4.0,-1.5462273727047657,75.18200739440454,-1.5462273727047657,61.68238016720776,Average,2,3,1,231,Need Attention
2047,2048,58,Male,Jewelry,Accessories,82.0,Connecticut,M,Silver,Summer,3.1,0,Store Pickup,0,0,32.0,Cash,Annually,1.0,0.6251580052444395,53.61047149522518,0.6251580052444395,42.66831407609199,Average,1,4,4,144,At Risk
2048,2049,45,Male,Sneakers,Footwear,64.0,Michigan,XL,Pink,Winter,3.9,0,Express,0,0,35.0,Bank Transfer,Quarterly,3.0,0.12500866816587253,58.5791838616734,0.12500866816587253,47.047947763973475,Average,1,4,3,143,At Risk
2049,2050,68,Male,Boots,Footwear,24.0,Rhode Island,L,Blue,Fall,2.7,0,Standard,0,0,15.0,Venmo,Annually,1.0,-3.0007782895694466,89.63218175726456,-3.0007782895694466,74.41937634808792,Average,1,2,1,121,Hibernating
2050,2051,35,Male,Hat,Accessories,96.0,Mississippi,M,Teal,Summer,3.4,0,Store Pickup,0,0,10.0,Debit Card,Annually,1.0,-0.306674158628358,62.867718586930636,-0.306674158628358,50.8280440483177,Average,1,1,5,115,Need Attention
2051,2052,65,Male,T-shirt,Clothing,94.0,Massachusetts,L,Black,Spring,3.8,0,Free Shipping,0,0,14.0,Credit Card,Monthly,12.0,0.17304586426012025,58.10196037542994,0.17304586426012025,46.62730275519545,Average,3,2,5,325,Promising
2052,2053,45,Male,Backpack,Accessories,48.0,New Hampshire,M,Gray,Winter,3.7,0,2-Day Shipping,0,0,30.0,Bank Transfer,Annually,1.0,-0.9489635965166856,69.2485157534647,-0.9489635965166856,56.4523491328295,Average,1,3,2,132,Need Attention
2053,2054,19,Male,Sunglasses,Accessories,60.0,Wyoming,S,Purple,Spring,4.5,0,2-Day Shipping,0,0,16.0,Credit Card,Fortnightly,28.0,-0.706330161890801,66.83808419280052,-0.706330161890801,54.32769258464538,Good,3,2,3,323,Promising
2054,2055,65,Male,Sweater,Clothing,56.0,New Jersey,XL,Gold,Spring,2.9,0,Express,0,0,14.0,PayPal,Annually,1.0,-1.7187881437503205,76.89630505211233,-1.7187881437503205,63.19343478639882,Average,1,2,3,123,Need Attention
2055,2056,28,Male,Handbag,Accessories,33.0,Texas,M,Silver,Fall,3.4,0,2-Day Shipping,0,0,28.0,Bank Transfer,Weekly,57.0,-0.2583658081777259,62.38780132923952,-0.2583658081777259,50.40502463520522,Average,4,3,1,431,Potential Loyalist
2056,2057,55,Male,Backpack,Accessories,46.0,Minnesota,L,Blue,Spring,4.4,0,2-Day Shipping,0,0,29.0,PayPal,Monthly,12.0,-0.8153775684499269,67.92141102607057,-0.8153775684499269,55.28258277430774,Good,3,3,2,332,Promising
2057,2058,66,Male,Socks,Clothing,37.0,South Dakota,L,Yellow,Spring,4.2,0,Standard,0,0,5.0,PayPal,Every 3 Months,4.0,-3.065769699190946,90.27783615837899,-3.065769699190946,74.98848350449013,Good,2,1,2,212,About to Sleep
2058,2059,29,Male,Shirt,Clothing,98.0,Washington,M,Brown,Winter,3.3,0,Store Pickup,0,0,17.0,Bank Transfer,Quarterly,3.0,0.3145942906401197,56.695753539860135,0.3145942906401197,45.38781244563802,Average,1,2,5,125,Need Attention
2059,2060,56,Male,Shorts,Clothing,50.0,California,XL,Beige,Spring,3.7,0,Express,0,0,50.0,PayPal,Weekly,57.0,1.9824577709540585,40.126434566872184,1.9824577709540585,30.782912381514322,Average,4,5,2,452,Loyal Customer
2060,2061,21,Male,Belt,Accessories,63.0,Wisconsin,M,Blue,Fall,3.2,0,Next Day Air,0,0,23.0,Bank Transfer,Quarterly,3.0,-0.7479384489307377,67.25143995484083,-0.7479384489307377,54.69204187415874,Average,1,3,3,133,At Risk
2061,2062,32,Male,Sweater,Clothing,70.0,Michigan,S,Magenta,Summer,2.6,0,Store Pickup,0,0,22.0,Debit Card,Annually,1.0,-0.5738163386928009,65.52163123917839,-0.5738163386928009,53.16731515102147,Average,1,3,4,134,At Risk
2062,2063,54,Male,Coat,Outerwear,63.0,South Carolina,L,Silver,Fall,2.8,0,Standard,0,0,15.0,Cash,Quarterly,3.0,-1.3017528406454888,72.75328552941133,-1.3017528406454888,59.54160176951956,Average,1,2,3,123,Need Attention
2063,2064,61,Male,Shorts,Clothing,86.0,Indiana,M,Cyan,Fall,2.9,0,Standard,0,0,32.0,Cash,Monthly,12.0,1.0813240094224428,49.0787096831397,1.0813240094224428,38.67382712778591,Average,3,4,5,345,Loyal Customer
2064,2065,31,Male,Shoes,Footwear,99.0,Arkansas,M,Green,Summer,4.0,0,2-Day Shipping,0,0,5.0,Bank Transfer,Monthly,12.0,-0.23886767879655757,62.194097990263394,-0.23886767879655757,50.23428630175618,Good,3,1,5,315,Need Attention
2065,2066,27,Male,Sneakers,Footwear,40.0,Oregon,M,Blue,Spring,2.9,0,Free Shipping,0,0,6.0,Bank Transfer,Bi-Weekly,114.0,0.002772549147543213,59.793533399234825,0.002772549147543213,48.11832691883871,Average,5,1,2,512,Recent Customer
2066,2067,64,Male,Sneakers,Footwear,92.0,Illinois,M,Olive,Fall,4.7,0,Store Pickup,0,0,44.0,Debit Card,Fortnightly,28.0,2.5832371538942986,34.15801727983021,2.5832371538942986,25.522096402273302,Good,3,5,5,355,Loyal Customer
2067,2068,60,Male,Pants,Clothing,21.0,Maryland,XL,Beige,Fall,3.1,0,2-Day Shipping,0,0,23.0,Cash,Fortnightly,28.0,-1.8685382205952483,78.3839908362066,-1.8685382205952483,64.50474409482216,Average,3,3,1,331,Promising
2068,2069,70,Male,Jewelry,Accessories,81.0,Vermont,XL,Black,Summer,3.9,0,Store Pickup,0,0,44.0,Venmo,Monthly,12.0,1.7009179493721522,42.92337997784231,1.7009179493721522,33.24825862046488,Average,3,5,4,354,Loyal Customer
2069,2070,36,Male,T-shirt,Clothing,82.0,Texas,M,Indigo,Fall,3.4,0,Free Shipping,0,0,3.0,Debit Card,Quarterly,3.0,-1.33018936725243,73.0357869963453,-1.33018936725243,59.79061053682406,Average,1,1,4,114,Need Attention
2070,2071,56,Male,Jewelry,Accessories,88.0,Nebraska,XL,Red,Spring,3.1,0,Express,0,0,14.0,Cash,Monthly,12.0,-0.08030731288678039,60.61888676329998,-0.08030731288678039,48.845828358059684,Average,3,2,5,325,Promising
2071,2072,69,Male,Jacket,Outerwear,100.0,South Carolina,S,Yellow,Fall,4.8,0,Store Pickup,0,0,37.0,PayPal,Quarterly,3.0,1.7835813289759646,42.10216414081053,1.7835813289759646,32.5244041729479,Good,1,4,5,145,At Risk
2072,2073,39,Male,Backpack,Accessories,66.0,Massachusetts,M,Beige,Winter,3.9,0,Next Day Air,0,0,22.0,Bank Transfer,Weekly,57.0,0.7197158723441646,52.67109037688218,0.7197158723441646,41.84030374097257,Average,4,3,3,433,Potential Loyalist
2073,2074,38,Male,Belt,Accessories,25.0,Texas,S,Green,Winter,3.5,0,Next Day Air,0,0,2.0,PayPal,Every 3 Months,4.0,-3.780156450377779,97.37488102458302,-3.780156450377779,81.24411967097889,Average,2,1,1,211,About to Sleep
2074,2075,36,Male,Scarf,Accessories,53.0,Florida,M,White,Summer,3.1,0,Free Shipping,0,0,44.0,Debit Card,Fortnightly,28.0,0.9364415024394438,50.51803880098548,0.9364415024394438,39.94251282089079,Average,3,5,3,353,Loyal Customer
2075,2076,46,Male,Sweater,Clothing,28.0,South Carolina,S,Turquoise,Fall,4.7,0,Express,0,0,49.0,Debit Card,Monthly,12.0,-0.1909011206037512,61.717576253254435,-0.1909011206037512,49.814259844498395,Good,3,5,1,351,Loyal Customer
2076,2077,59,Male,Gloves,Accessories,23.0,Florida,S,Indigo,Fall,4.6,0,Free Shipping,0,0,22.0,Debit Card,Bi-Weekly,114.0,0.39256733066082705,55.92113368239225,0.39256733066082705,44.70502966956572,Good,5,3,1,531,Potential Loyalist
2077,2078,64,Male,Scarf,Accessories,34.0,Nebraska,L,Orange,Fall,3.3,0,Free Shipping,0,0,26.0,Bank Transfer,Annually,1.0,-1.8170282057168294,77.87226677911339,-1.8170282057168294,64.05368882052642,Average,1,3,1,131,Lost
2078,2079,49,Male,Dress,Clothing,42.0,Hawaii,M,Blue,Spring,3.2,0,Next Day Air,0,0,40.0,Debit Card,Weekly,57.0,0.9523855451147519,50.359643385578714,0.9523855451147519,39.80289638786765,Average,4,4,2,442,Loyal Customer
2079,2080,32,Male,Jeans,Clothing,24.0,Montana,L,Violet,Summer,3.1,0,Next Day Air,0,0,16.0,PayPal,Quarterly,3.0,-2.8793216931359997,88.4255763537453,-2.8793216931359997,73.35582320121694,Average,1,2,1,121,Hibernating
2080,2081,29,Male,Sunglasses,Accessories,47.0,South Dakota,S,Gray,Fall,3.5,0,Free Shipping,0,0,17.0,Debit Card,Bi-Weekly,114.0,1.0598460444267106,49.29208161501866,1.0598460444267106,38.861902192709316,Average,5,2,2,522,Potential Loyalist
2081,2082,24,Male,Coat,Outerwear,78.0,Alabama,S,Cyan,Spring,4.3,0,Standard,0,0,48.0,Bank Transfer,Bi-Weekly,114.0,4.514868227580358,14.96831034289608,4.514868227580358,8.60747531672097,Good,5,5,4,554,Champion
2082,2083,41,Male,Jeans,Clothing,89.0,Arkansas,M,Yellow,Summer,2.9,0,Free Shipping,0,0,28.0,Venmo,Every 3 Months,4.0,0.7221742122621033,52.64666810328178,0.7221742122621033,41.81877691383779,Average,2,3,5,235,At Risk
2083,2084,41,Male,Scarf,Accessories,59.0,Mississippi,L,Orange,Fall,2.7,0,Store Pickup,0,0,26.0,Credit Card,Fortnightly,28.0,-0.056287701771845465,60.38026495589908,-0.056287701771845465,48.6354969825884,Average,3,3,3,333,Promising
2084,2085,32,Male,Blouse,Clothing,94.0,Vermont,S,Brown,Summer,4.0,0,Standard,0,0,43.0,Bank Transfer,Quarterly,3.0,1.9455889456151274,40.49270634775269,1.9455889456151274,31.10575985429151,Good,1,5,5,155,At Risk
2085,2086,69,Male,Jeans,Clothing,49.0,New York,M,Teal,Fall,4.6,0,Free Shipping,0,0,38.0,Debit Card,Weekly,57.0,1.1095106538574484,48.79869066003962,1.1095106538574484,38.427006491699586,Good,4,4,2,442,Loyal Customer
2086,2087,65,Male,Dress,Clothing,89.0,North Dakota,L,Beige,Summer,4.7,0,2-Day Shipping,0,0,36.0,Cash,Every 3 Months,4.0,1.2759886039768544,47.14482252871127,1.2759886039768544,36.969217018476975,Good,2,4,5,245,At Risk
2087,2088,54,Male,Hat,Accessories,91.0,Wisconsin,M,Blue,Summer,4.7,0,Standard,0,0,1.0,Credit Card,Weekly,57.0,0.3215913322050288,56.62624172733792,0.3215913322050288,45.32654178769378,Good,4,1,5,415,Recent Customer
2088,2089,39,Male,Sandals,Footwear,89.0,California,L,Orange,Spring,4.0,0,Standard,0,0,49.0,Debit Card,Annually,1.0,2.09759229430967,38.98263553008114,2.09759229430967,29.77471942844198,Good,1,5,5,155,At Risk
2089,2090,37,Male,Jacket,Outerwear,57.0,Maryland,L,Gold,Spring,3.6,0,Free Shipping,0,0,41.0,Credit Card,Every 3 Months,4.0,0.2709056540151036,57.12977644657825,0.2709056540151036,45.77037863248568,Average,2,5,3,253,At Risk
2090,2091,51,Male,Socks,Clothing,71.0,Massachusetts,S,Teal,Winter,3.4,0,Free Shipping,0,0,21.0,Debit Card,Monthly,12.0,-0.31355372205259185,62.936063317849246,-0.31355372205259185,50.88828599106762,Average,3,3,4,334,Promising
2091,2092,26,Male,Jeans,Clothing,97.0,Washington,XL,Beige,Fall,3.0,0,Next Day Air,0,0,24.0,Bank Transfer,Quarterly,3.0,0.7569563538660437,52.301126393422614,0.7569563538660437,41.51420180434134,Average,1,3,5,135,At Risk
2092,2093,42,Male,Sandals,Footwear,45.0,Minnesota,M,Silver,Fall,2.6,0,Next Day Air,0,0,27.0,Bank Transfer,Weekly,57.0,0.17911374715173145,58.041679250320755,0.17911374715173145,46.574168416396866,Average,4,3,2,432,Potential Loyalist
2093,2094,21,Male,Dress,Clothing,91.0,Washington,M,Maroon,Spring,4.2,0,Store Pickup,0,0,4.0,Debit Card,Annually,1.0,-0.9331626000368386,69.09154142441687,-0.9331626000368386,56.313985305558504,Good,1,1,5,115,Need Attention
2094,2095,53,Male,Socks,Clothing,25.0,South Carolina,M,Indigo,Spring,3.4,0,Standard,0,0,19.0,Venmo,Annually,1.0,-2.681645564187588,86.46177123866762,-2.681645564187588,71.62484213326348,Average,1,2,1,121,Hibernating
2095,2096,36,Male,Hoodie,Clothing,63.0,New Mexico,M,Gray,Fall,4.0,0,Store Pickup,0,0,1.0,Bank Transfer,Fortnightly,28.0,-1.618055557782509,75.8955814511852,-1.618055557782509,62.31135458701481,Good,3,1,3,313,Need Attention
2096,2097,21,Male,Dress,Clothing,52.0,North Carolina,L,Blue,Summer,4.7,0,Free Shipping,0,0,27.0,Debit Card,Annually,1.0,-0.9877418753117835,69.63375691868194,-0.9877418753117835,56.791917025013646,Good,1,3,3,133,At Risk
2097,2098,33,Male,Sneakers,Footwear,43.0,Iowa,S,Cyan,Winter,3.9,0,Next Day Air,0,0,5.0,Credit Card,Weekly,57.0,-1.4283268891128011,74.010730043013,-1.4283268891128011,60.64996666292719,Average,4,1,2,412,Recent Customer
2098,2099,49,Male,T-shirt,Clothing,28.0,Louisiana,M,White,Summer,3.3,0,2-Day Shipping,0,0,20.0,Venmo,Quarterly,3.0,-2.4335123791806903,83.99670264121333,-2.4335123791806903,69.45202618496037,Average,1,2,1,121,Hibernating
2099,2100,31,Male,T-shirt,Clothing,78.0,Oklahoma,L,Green,Summer,2.9,0,Express,0,0,50.0,PayPal,Annually,1.0,1.702338268504696,42.90926987768823,1.702338268504696,33.2358213801063,Average,1,5,4,154,At Risk
2100,2101,68,Male,Sweater,Clothing,31.000000000000004,Michigan,M,Silver,Spring,4.4,0,Free Shipping,0,0,36.0,Cash,Fortnightly,28.0,-0.546334538813943,65.2486144644128,-0.546334538813943,52.92666659342045,Good,3,4,1,341,Loyal Customer
2101,2102,49,Male,Shirt,Clothing,23.0,Oregon,M,Blue,Winter,3.6,0,Next Day Air,0,0,12.0,Bank Transfer,Bi-Weekly,114.0,-0.29970065898261167,62.79844065060538,-0.29970065898261167,50.76697953876674,Average,5,2,1,521,Potential Loyalist
2102,2103,23,Male,Hat,Accessories,25.0,Idaho,M,Brown,Spring,4.5,0,Store Pickup,0,0,23.0,Cash,Monthly,12.0,-2.1174744822501426,80.8570375645436,-2.1174744822501426,66.68459230585316,Good,3,3,1,331,Promising
2103,2104,30,Male,Pants,Clothing,86.0,Indiana,S,Red,Summer,3.7,0,Store Pickup,0,0,21.0,Venmo,Weekly,57.0,1.4949996638694898,44.96906644747002,1.4949996638694898,35.05141338501191,Average,4,3,5,435,Potential Loyalist
2104,2105,53,Male,Shoes,Footwear,88.0,New Mexico,M,Gold,Spring,2.8,0,Free Shipping,0,0,47.0,Venmo,Weekly,57.0,3.3793474959913983,26.249092867492536,3.3793474959913983,18.55083519080118,Average,4,5,5,455,Champion
2105,2106,65,Male,Gloves,Accessories,35.0,South Carolina,M,Silver,Spring,4.5,0,Free Shipping,0,0,38.0,Venmo,Bi-Weekly,114.0,2.0069024683841308,39.88358975751117,2.0069024683841308,30.568858673115635,Good,5,4,1,541,Loyal Customer
2106,2107,60,Male,Jewelry,Accessories,34.0,Vermont,M,Gray,Fall,4.4,0,Standard,0,0,40.0,Credit Card,Every 3 Months,4.0,-0.7695083240123597,67.46572496356805,-0.7695083240123597,54.88092176371866,Good,2,4,1,241,Need Attention
2107,2108,46,Male,Pants,Clothing,75.0,Delaware,M,Black,Winter,3.3,0,Standard,0,0,35.0,PayPal,Quarterly,3.0,0.5894894929351905,53.96481881724499,0.5894894929351905,42.98065082538905,Average,1,4,4,144,At Risk
2108,2109,54,Male,Hoodie,Clothing,46.0,North Dakota,XL,Beige,Winter,4.2,0,Express,0,0,4.0,Credit Card,Quarterly,3.0,-2.7810816311694904,87.44961462674424,-2.7810816311694904,72.49556916708933,Good,1,1,2,112,Hibernating
2109,2110,59,Male,Jewelry,Accessories,31.000000000000004,California,L,Peach,Fall,2.7,0,Free Shipping,0,0,28.0,Venmo,Every 3 Months,4.0,-1.7269065001579367,76.97695651935884,-1.7269065001579367,63.264524408192,Average,2,3,1,231,Need Attention
2110,2111,52,Male,Socks,Clothing,93.0,Montana,L,Cyan,Spring,3.9,0,Store Pickup,0,0,36.0,Debit Card,Every 3 Months,4.0,1.444890722074788,45.46687160346458,1.444890722074788,35.49019994990082,Average,2,4,5,245,At Risk
2111,2112,41,Male,Sunglasses,Accessories,85.0,Missouri,XL,Pink,Spring,2.6,0,Free Shipping,0,0,15.0,Bank Transfer,Annually,1.0,-0.4250209885759565,64.04343014725248,-0.4250209885759565,51.86436605230161,Average,1,2,5,125,Need Attention
2112,2113,43,Male,Belt,Accessories,68.0,Tennessee,M,Lavender,Fall,4.5,0,2-Day Shipping,0,0,7.0,Cash,Fortnightly,28.0,-0.9915671163740284,69.67175861369897,-0.9915671163740284,56.825413329774,Good,3,1,3,313,Need Attention
2113,2114,63,Male,Dress,Clothing,40.0,Virginia,M,Brown,Spring,2.7,0,Store Pickup,0,0,29.0,PayPal,Every 3 Months,4.0,-1.2776499354732418,72.51383624073246,-1.2776499354732418,59.33054101697556,Average,2,3,2,232,Need Attention
2114,2115,37,Male,Shirt,Clothing,51.0,Vermont,M,Magenta,Winter,2.9,0,Standard,0,0,12.0,Debit Card,Annually,1.0,-2.0683693893014254,80.36920510231333,-2.0683693893014254,66.25459609595922,Average,1,2,2,122,Hibernating
2115,2116,44,Male,Scarf,Accessories,85.0,Rhode Island,M,Violet,Winter,3.4,0,Store Pickup,0,0,16.0,Bank Transfer,Bi-Weekly,114.0,2.5951893673927375,34.03927852199638,2.5951893673927375,25.417435028155978,Average,5,2,5,525,Potential Loyalist
2116,2117,67,Male,Jacket,Outerwear,23.0,Kansas,M,Teal,Summer,2.9,0,Express,0,0,50.0,Debit Card,Bi-Weekly,114.0,2.3309177016624565,36.6646741713955,2.3309177016624565,27.73157003580286,Average,5,5,1,551,Loyal Customer
2117,2118,27,Male,Dress,Clothing,28.0,Colorado,L,Brown,Summer,3.8,0,Free Shipping,0,0,11.0,Debit Card,Annually,1.0,-3.1087833673288885,90.70515361930312,-3.1087833673288885,75.36513922719219,Average,1,2,1,121,Hibernating
2118,2119,60,Male,Socks,Clothing,44.0,Georgia,M,Olive,Fall,4.2,0,2-Day Shipping,0,0,28.0,Debit Card,Quarterly,3.0,-1.204089515074204,71.78305336565607,-1.204089515074204,58.68639801529495,Good,1,3,2,132,Need Attention
2119,2120,58,Male,Jewelry,Accessories,57.0,Nebraska,M,Indigo,Spring,3.5,0,Store Pickup,0,0,36.0,Venmo,Bi-Weekly,114.0,2.797410519994079,32.03032106229698,2.797410519994079,23.646654769786995,Average,5,4,3,543,Loyal Customer
2120,2121,53,Male,Scarf,Accessories,98.0,Missouri,S,Red,Fall,3.1,0,Next Day Air,0,0,38.0,PayPal,Quarterly,3.0,1.7683570688913415,42.25340890661256,1.7683570688913415,32.65771772031587,Average,1,4,5,145,At Risk
2121,2122,43,Male,Backpack,Accessories,68.0,Alaska,M,Olive,Winter,3.5,0,2-Day Shipping,0,0,32.0,Bank Transfer,Monthly,12.0,0.3212644779817406,56.62948884674982,0.3212644779817406,45.329403936378604,Average,3,4,3,343,Loyal Customer
2122,2123,32,Male,Jacket,Outerwear,36.0,Virginia,L,Teal,Fall,4.0,0,Express,0,0,42.0,Debit Card,Weekly,57.0,0.8374859658965388,51.501108379806126,0.8374859658965388,40.80903201689168,Good,4,5,2,452,Loyal Customer
2123,2124,54,Male,Coat,Outerwear,71.0,Nebraska,L,Cyan,Spring,3.7,0,Express,0,0,22.0,Debit Card,Bi-Weekly,114.0,2.419392747836033,35.785722579431926,2.419392747836033,26.956824846651894,Average,5,3,4,534,Potential Loyalist
2124,2125,47,Male,Skirt,Clothing,60.0,Rhode Island,M,Teal,Fall,4.2,0,Next Day Air,0,0,22.0,Venmo,Quarterly,3.0,-0.9438418364685319,69.19763384559717,-0.9438418364685319,56.40749966251095,Good,1,3,3,133,At Risk
2125,2126,57,Male,Coat,Outerwear,87.0,New Hampshire,M,Beige,Fall,4.8,0,Store Pickup,0,0,31.0,PayPal,Quarterly,3.0,0.8192886513716163,51.68188882879016,0.8192886513716163,40.968379567341,Good,1,4,5,145,At Risk
2126,2127,63,Male,Shoes,Footwear,38.0,Alabama,XL,Magenta,Winter,4.1,0,Express,0,0,28.0,Credit Card,Monthly,12.0,-1.2224086036101385,71.96504357338527,-1.2224086036101385,58.84681189838016,Good,3,3,2,332,Promising
2127,2128,70,Male,Boots,Footwear,45.0,North Carolina,M,Indigo,Spring,4.5,0,2-Day Shipping,0,0,40.0,Debit Card,Weekly,57.0,1.0790621336882023,49.10118019164369,1.0790621336882023,38.69363358643554,Good,4,4,2,442,Loyal Customer
2128,2129,62,Male,Coat,Outerwear,47.0,New Mexico,L,Cyan,Fall,2.7,0,2-Day Shipping,0,0,21.0,PayPal,Weekly,57.0,-0.15179598758536494,61.329087968625295,-0.15179598758536494,49.4718298036294,Average,4,3,2,432,Potential Loyalist
2129,2130,40,Male,Skirt,Clothing,57.0,Minnesota,L,Orange,Fall,2.8,0,Store Pickup,0,0,12.0,PayPal,Every 3 Months,4.0,-1.7366715159508694,77.07396665439633,-1.7366715159508694,63.35003325316863,Average,2,2,3,223,About to Sleep
2130,2131,25,Male,Backpack,Accessories,68.0,Arizona,L,Violet,Summer,3.7,0,Free Shipping,0,0,33.0,Credit Card,Annually,1.0,0.10322739086601496,58.79556903676729,0.10322739086601496,47.23867882918842,Average,1,4,3,143,At Risk
2131,2132,19,Male,Shorts,Clothing,52.0,Montana,M,Red,Fall,3.6,0,Express,0,0,9.0,Bank Transfer,Fortnightly,28.0,-1.528721990837076,75.00810092104312,-1.528721990837076,61.52909163023841,Average,3,1,3,313,Need Attention
2132,2133,25,Male,Skirt,Clothing,87.0,Vermont,M,Magenta,Fall,4.7,0,2-Day Shipping,0,0,15.0,Debit Card,Weekly,57.0,1.1218643996079096,48.67596289708623,1.1218643996079096,38.31882903938849,Good,4,2,5,425,Potential Loyalist
2133,2134,21,Male,Hat,Accessories,34.0,Maine,M,Olive,Summer,3.8,0,Standard,0,0,13.0,Bank Transfer,Annually,1.0,-2.7169765922533,86.81276583779045,-2.7169765922533,71.93422365048775,Average,1,2,1,121,Hibernating
2134,2135,55,Male,Sandals,Footwear,41.0,Virginia,XL,Maroon,Winter,2.9,0,Standard,0,0,35.0,Credit Card,Fortnightly,28.0,-0.19330604253345252,61.74146784811738,-0.19330604253345252,49.83531890890017,Average,3,4,2,342,Loyal Customer
2135,2136,34,Male,Sunglasses,Accessories,94.0,California,S,Yellow,Winter,4.6,0,Next Day Air,0,0,1.0,Debit Card,Every 3 Months,4.0,-0.9358217121527648,69.11795826089886,-0.9358217121527648,56.337270224960356,Good,2,1,5,215,About to Sleep
2136,2137,47,Male,Sunglasses,Accessories,93.0,New York,M,Red,Summer,2.8,0,Standard,0,0,25.0,Bank Transfer,Fortnightly,28.0,1.310153503096248,46.80541278812349,1.310153503096248,36.67004688661121,Average,3,3,5,335,Promising
2137,2138,27,Male,Socks,Clothing,51.0,Indiana,XL,Purple,Winter,4.6,0,2-Day Shipping,0,0,20.0,Credit Card,Every 3 Months,4.0,-1.436210301383019,74.08904746769586,-1.436210301383019,60.71899896067205,Good,2,2,2,222,About to Sleep
2138,2139,67,Male,Sweater,Clothing,42.0,Mississippi,M,Teal,Fall,2.8,0,Next Day Air,0,0,36.0,Venmo,Quarterly,3.0,-0.7347261824084195,67.1201832537089,-0.7347261824084195,54.576346654222206,Average,1,4,2,142,Need Attention
2139,2140,40,Male,Boots,Footwear,95.0,New York,M,Red,Winter,3.0,0,Free Shipping,0,0,33.0,Cash,Weekly,57.0,2.705751017161967,32.940908503809204,2.705751017161967,24.449285137674348,Average,4,4,5,445,Champion
2140,2141,53,Male,Handbag,Accessories,90.0,New Mexico,M,Brown,Fall,3.7,0,Standard,0,0,36.0,Cash,Fortnightly,28.0,1.9449717031305802,40.49883831702407,1.9449717031305802,31.1111648319222,Average,3,4,5,345,Loyal Customer
2141,2142,24,Male,Dress,Clothing,98.0,Kentucky,M,Peach,Winter,4.1,0,2-Day Shipping,0,0,32.0,PayPal,Annually,1.0,1.300766477636175,46.8986677942384,1.300766477636175,36.75224580178737,Good,1,4,5,145,At Risk
2142,2143,47,Male,Hat,Accessories,39.0,North Dakota,M,Maroon,Winter,4.3,0,Next Day Air,0,0,21.0,Venmo,Quarterly,3.0,-1.899804755447028,78.69460689996362,-1.899804755447028,64.77853425945585,Good,1,3,2,132,Need Attention
2143,2144,53,Male,Sandals,Footwear,66.0,Arkansas,L,Red,Fall,3.8,0,Next Day Air,0,0,48.0,Venmo,Bi-Weekly,114.0,4.008161873286557,20.002163118636158,4.008161873286557,13.044526522449424,Average,5,5,3,553,Loyal Customer
2144,2145,47,Male,Shoes,Footwear,23.0,Maryland,L,Orange,Winter,3.7,0,Free Shipping,0,0,25.0,PayPal,Quarterly,3.0,-2.298506031981388,82.65548781366515,-2.298506031981388,68.26982258608007,Average,1,3,1,131,Lost
2145,2146,38,Male,Skirt,Clothing,73.0,Connecticut,S,White,Winter,4.8,0,Standard,0,0,32.0,PayPal,Annually,1.0,0.24512823952408846,57.38586107703023,0.24512823952408846,45.99610248038833,Good,1,4,4,144,At Risk
2146,2147,48,Male,Sunglasses,Accessories,23.0,Utah,XL,White,Summer,4.6,0,Standard,0,0,45.0,PayPal,Every 3 Months,4.0,-0.8878551539599582,68.64143652388991,-0.8878551539599582,55.917243767702566,Good,2,5,1,251,Need Attention
2147,2148,47,Male,Skirt,Clothing,43.0,Missouri,S,Charcoal,Fall,4.8,0,Standard,0,0,4.0,Cash,Fortnightly,28.0,-2.2548857513791463,82.22214398695473,-2.2548857513791463,67.88785496913526,Good,3,1,2,312,Need Attention
2148,2149,19,Male,T-shirt,Clothing,45.0,Nebraska,XL,Turquoise,Winter,4.6,0,2-Day Shipping,0,0,19.0,PayPal,Bi-Weekly,114.0,1.1138485833064313,48.75559568399938,1.1138485833064313,38.38902075315719,Good,5,2,2,522,Potential Loyalist
2149,2150,38,Male,Sandals,Footwear,21.0,Hawaii,L,Orange,Winter,4.0,0,Standard,0,0,1.0,Bank Transfer,Weekly,57.0,-2.634195734508813,85.99038291915507,-2.634195734508813,71.20934048777644,Good,4,1,1,411,Recent Customer
2150,2151,57,Male,Shirt,Clothing,40.0,Illinois,M,Orange,Spring,2.6,0,2-Day Shipping,0,0,12.0,Cash,Weekly,57.0,-1.070415884935844,70.45507835919882,-1.070415884935844,57.5158645559186,Average,4,2,2,422,Potential Loyalist
2151,2152,70,Male,Jeans,Clothing,58.0,Vermont,L,Brown,Fall,2.6,0,2-Day Shipping,0,0,18.0,Venmo,Monthly,12.0,-1.0701660027639084,70.45259591536494,-1.0701660027639084,57.51367642470042,Average,3,2,3,323,Promising
2152,2153,38,Male,Shorts,Clothing,48.0,New Jersey,L,Magenta,Summer,4.5,0,Next Day Air,0,0,43.0,Bank Transfer,Bi-Weekly,114.0,2.9019683470241353,30.991595766352848,2.9019683470241353,22.731078265642623,Good,5,5,2,552,Loyal Customer
2153,2154,35,Male,Shirt,Clothing,94.0,Kentucky,M,Violet,Fall,4.2,0,Free Shipping,0,0,31.0,PayPal,Annually,1.0,1.0626375605738971,49.2643494163064,1.0626375605738971,38.83745785728363,Good,1,4,5,145,At Risk
2154,2155,46,Male,Scarf,Accessories,74.0,Wyoming,M,Violet,Spring,3.4,0,Store Pickup,0,0,33.0,Cash,Every 3 Months,4.0,0.4349252642165711,55.50033058885031,0.4349252642165711,44.33411598639785,Average,2,4,4,244,At Risk
2155,2156,32,Male,Handbag,Accessories,51.0,Hawaii,L,Yellow,Fall,3.7,0,Store Pickup,0,0,46.0,PayPal,Monthly,12.0,0.5726056615663364,54.132550523549895,0.5726056615663364,43.12849666094583,Average,3,5,2,352,Loyal Customer
2156,2157,38,Male,Skirt,Clothing,83.0,Missouri,M,Maroon,Winter,3.6,0,Next Day Air,0,0,41.0,Debit Card,Bi-Weekly,114.0,4.241408282452369,17.684986564086895,4.241408282452369,11.002068889441489,Average,5,5,4,554,Champion
2157,2158,41,Male,Handbag,Accessories,68.0,Mississippi,L,Turquoise,Winter,4.0,0,Next Day Air,0,0,41.0,Venmo,Fortnightly,28.0,1.362144048413664,46.288914921774314,1.362144048413664,36.21478377449053,Good,3,5,3,353,Loyal Customer
2158,2159,19,Male,Gloves,Accessories,84.0,Massachusetts,XL,Olive,Spring,4.6,0,Standard,0,0,9.0,Bank Transfer,Fortnightly,28.0,-0.1775050460536055,61.58449351906956,-0.1775050460536055,49.69695508162919,Good,3,1,4,314,Need Attention
2159,2160,18,Male,Shirt,Clothing,58.0,Louisiana,M,Peach,Fall,3.0,0,Free Shipping,0,0,34.0,Cash,Annually,1.0,-0.24980110541447553,62.30271565306271,-0.24980110541447553,50.330026513708695,Average,1,4,3,143,At Risk
2160,2161,45,Male,Blouse,Clothing,92.0,West Virginia,L,Charcoal,Winter,3.3,0,Express,0,0,21.0,PayPal,Annually,1.0,0.2859185118814912,56.98063184714288,0.2859185118814912,45.638916260772724,Average,1,3,5,135,At Risk
2161,2162,23,Male,Dress,Clothing,69.0,Washington,S,Peach,Summer,3.8,0,Express,0,0,5.0,Debit Card,Fortnightly,28.0,-1.087795184778233,70.6277322760299,-1.087795184778233,57.66804903647017,Average,3,1,4,314,Need Attention
2162,2163,60,Male,Shorts,Clothing,48.0,Oregon,S,Black,Summer,2.7,0,Free Shipping,0,0,32.0,PayPal,Weekly,57.0,0.6519243305469014,53.34456257227917,0.6519243305469014,42.43393068036424,Average,4,4,2,442,Loyal Customer
2163,2164,52,Male,Shoes,Footwear,60.0,New York,L,Gray,Spring,4.5,0,Express,0,0,44.0,Bank Transfer,Monthly,12.0,0.8141818293579997,51.732622335387454,0.8141818293579997,41.01309823048968,Good,3,5,3,353,Loyal Customer
2164,2165,42,Male,Sandals,Footwear,20.0,Iowa,S,Olive,Winter,4.8,0,Next Day Air,0,0,46.0,PayPal,Bi-Weekly,114.0,1.9273339172316304,40.67406015261577,1.9273339172316304,31.265612784915387,Good,5,5,1,551,Loyal Customer
2165,2166,29,Male,Pants,Clothing,55.0,Idaho,M,Turquoise,Summer,4.2,0,Express,0,0,42.0,Credit Card,Every 3 Months,4.0,0.2556813939304804,57.28102121238029,0.2556813939304804,45.90369217985366,Good,2,5,3,253,At Risk
2166,2167,31,Male,Jacket,Outerwear,88.0,New Jersey,S,Purple,Spring,3.5,0,Express,0,0,50.0,Credit Card,Bi-Weekly,114.0,5.075577120753881,9.397971636136715,5.075577120753881,3.6975426714403827,Average,5,5,5,555,Champion
2167,2168,30,Male,Skirt,Clothing,48.0,Ohio,L,Green,Winter,4.9,0,Standard,0,0,33.0,Venmo,Fortnightly,28.0,-0.03618093379075621,60.18051512257829,-0.03618093379075621,48.459429012732116,Good,3,4,2,342,Loyal Customer
2168,2169,23,Male,Handbag,Accessories,74.0,Connecticut,M,Beige,Spring,4.1,0,Next Day Air,0,0,32.0,Cash,Quarterly,3.0,0.3395835665176753,56.4474986390206,0.3395835665176753,45.16899005329339,Good,1,4,4,144,At Risk
2169,2170,31,Male,Coat,Outerwear,42.0,Florida,M,Brown,Fall,2.9,0,Next Day Air,0,0,32.0,Bank Transfer,Bi-Weekly,114.0,1.8871203812694517,41.07355981925733,1.8871203812694517,31.617748724627976,Average,5,4,2,542,Loyal Customer
2170,2171,40,Male,Sweater,Clothing,32.0,South Carolina,M,Turquoise,Fall,4.0,0,Next Day Air,0,0,37.0,Venmo,Every 3 Months,4.0,-1.0616397799543584,70.36789251665535,-1.0616397799543584,57.43901525876704,Good,2,4,1,241,Need Attention
2171,2172,39,Male,Shorts,Clothing,98.0,Missouri,M,Yellow,Summer,4.6,0,Store Pickup,0,0,9.0,Cash,Fortnightly,28.0,0.4136523672891629,55.711665280706136,0.4136523672891629,44.520395341612655,Good,3,1,5,315,Need Attention
2172,2173,28,Male,Skirt,Clothing,89.0,Rhode Island,S,Lavender,Fall,2.8,0,Store Pickup,0,0,6.0,PayPal,Fortnightly,28.0,-0.17405779532422005,61.55024695297513,-0.17405779532422005,49.66676870666931,Average,3,1,5,315,Need Attention
2173,2174,23,Male,Gloves,Accessories,97.0,Delaware,S,Cyan,Summer,5.0,0,2-Day Shipping,0,0,36.0,Venmo,Quarterly,3.0,1.5876779414381703,44.048358031566856,1.5876779414381703,34.239861961300115,Good,1,4,5,145,At Risk
2174,2175,42,Male,Backpack,Accessories,49.0,Colorado,S,Olive,Spring,2.9,0,Store Pickup,0,0,1.0,Cash,Annually,1.0,-2.914315236958175,88.7732182299711,-2.914315236958175,73.66224948636841,Average,1,1,2,112,Hibernating
2175,2176,68,Male,Dress,Clothing,50.0,Nebraska,M,Silver,Spring,3.3,0,Free Shipping,0,0,48.0,Credit Card,Fortnightly,28.0,1.0866721097233691,49.02557920763525,1.0866721097233691,38.6269956746425,Average,3,5,2,352,Loyal Customer
2176,2177,24,Male,Belt,Accessories,91.0,Vermont,S,Red,Winter,3.4,0,2-Day Shipping,0,0,44.0,Debit Card,Quarterly,3.0,1.8881391560060203,41.063438844866404,1.8881391560060203,31.608827668803528,Average,1,5,5,155,At Risk
2177,2178,24,Male,Gloves,Accessories,93.0,Montana,XL,Green,Winter,3.0,0,Express,0,0,9.0,PayPal,Bi-Weekly,114.0,2.448406010838198,35.49749154925218,2.448406010838198,26.702765799444382,Average,5,1,5,515,Recent Customer
2178,2179,21,Male,Jewelry,Accessories,98.0,Florida,M,Gold,Summer,4.7,0,Standard,0,0,32.0,Venmo,Annually,1.0,1.300766477636175,46.8986677942384,1.300766477636175,36.75224580178737,Good,1,4,5,145,At Risk
2179,2180,49,Male,Socks,Clothing,82.0,Delaware,L,Lavender,Fall,2.9,0,Next Day Air,0,0,14.0,PayPal,Monthly,12.0,-0.33366049003368115,63.13581315117003,-0.33366049003368115,51.06435396092392,Average,3,2,4,324,Promising
2180,2181,41,Male,Coat,Outerwear,37.0,Connecticut,M,Yellow,Summer,4.1,0,Store Pickup,0,0,43.0,Cash,Quarterly,3.0,-0.46126623728042937,64.40350703251808,-0.46126623728042937,52.18175308150168,Good,1,5,2,152,Need Attention
2181,2182,22,Male,Handbag,Accessories,63.0,Hawaii,M,Black,Fall,3.2,0,Free Shipping,0,0,32.0,Bank Transfer,Bi-Weekly,114.0,2.7738565012836043,32.26431746171219,2.7738565012836043,23.852909114603175,Average,5,4,3,543,Loyal Customer
2182,2183,42,Male,Blouse,Clothing,99.0,New Mexico,M,Maroon,Winter,2.7,0,Store Pickup,0,0,26.0,Venmo,Bi-Weekly,114.0,3.8786147703789453,21.289143315419818,3.8786147703789453,14.178925418938416,Average,5,3,5,535,Potential Loyalist
2183,2184,30,Male,Shorts,Clothing,37.0,Kansas,M,Maroon,Spring,4.7,0,Store Pickup,0,0,2.0,Cash,Monthly,12.0,-3.0645309062075627,90.26552942205109,-3.0645309062075627,74.97763582544684,Good,3,1,2,312,Need Attention
2184,2185,38,Male,Shoes,Footwear,34.0,Nevada,S,Gold,Spring,3.2,0,Free Shipping,0,0,16.0,PayPal,Every 3 Months,4.0,-2.4309514991566132,83.97126168727956,-2.4309514991566132,69.42960144980111,Average,2,2,1,221,About to Sleep
2185,2186,40,Male,Shorts,Clothing,32.0,North Carolina,M,Violet,Winter,2.5,0,Express,0,0,50.0,Debit Card,Every 3 Months,4.0,-0.16169139341788763,61.427393457978276,-0.16169139341788763,49.558480428805716,Poor,2,5,1,251,Need Attention
2186,2187,55,Male,Sandals,Footwear,23.0,New Mexico,XL,Teal,Winter,4.3,0,Next Day Air,0,0,6.0,PayPal,Every 3 Months,4.0,-3.5877003135693704,95.46293369992111,-3.5877003135693704,79.55884825758656,Good,2,1,1,211,About to Sleep
2187,2188,37,Male,Blouse,Clothing,78.0,Idaho,M,Violet,Spring,4.4,0,Free Shipping,0,0,20.0,PayPal,Annually,1.0,-0.37446570042562116,63.541190782327625,-0.37446570042562116,51.42167098770937,Good,1,2,4,124,Need Attention
2188,2189,41,Male,Coat,Outerwear,54.0,California,M,Brown,Winter,4.7,0,Next Day Air,0,0,9.0,Credit Card,Weekly,57.0,-0.6869388684861075,66.64544221129933,-0.6869388684861075,54.15788977666236,Good,4,1,3,413,Recent Customer
2189,2190,38,Male,Blouse,Clothing,94.0,Wisconsin,XL,Brown,Fall,4.0,0,Express,0,0,47.0,Credit Card,Bi-Weekly,114.0,5.121249901007749,8.94423733873062,5.121249901007749,3.297602029336466,Good,5,5,5,555,Champion
2190,2191,42,Male,Belt,Accessories,75.0,Alaska,S,Maroon,Spring,4.6,0,Express,0,0,33.0,Credit Card,Annually,1.0,0.39880609753739915,55.85915491758557,0.39880609753739915,44.65039895918015,Good,1,4,4,144,At Risk
2191,2192,26,Male,Blouse,Clothing,69.0,Pennsylvania,S,Maroon,Summer,3.8,0,Next Day Air,0,0,46.0,Cash,Bi-Weekly,114.0,3.9963848639313193,20.119161318343767,3.9963848639313193,13.147653694857517,Average,5,5,4,554,Champion
2192,2193,41,Male,Scarf,Accessories,35.0,Virginia,L,Yellow,Winter,3.2,0,Next Day Air,0,0,9.0,Credit Card,Monthly,12.0,-2.6643943725061225,86.29039000692525,-2.6643943725061225,71.47377945129422,Average,3,1,1,311,Lost
2193,2194,27,Male,Shirt,Clothing,78.0,California,L,Turquoise,Spring,5.0,0,Express,0,0,8.0,PayPal,Monthly,12.0,-0.9179234019176785,68.9401482573446,-0.9179234019176785,56.180540951020674,Good,3,1,4,314,Need Attention
2194,2195,61,Male,Socks,Clothing,29.000000000000004,Kentucky,M,Silver,Summer,3.5,0,Standard,0,0,48.0,Bank Transfer,Quarterly,3.0,-0.4529364786545774,64.32075539890491,-0.4529364786545774,52.10881228405347,Average,1,5,1,151,Need Attention
2195,2196,58,Male,Jeans,Clothing,62.0,New York,M,Brown,Fall,3.7,0,Next Day Air,0,0,2.0,Cash,Monthly,12.0,-2.008892668095477,79.77833613925924,-2.008892668095477,65.73377914684589,Average,3,1,3,313,Need Attention
2196,2197,25,Male,Dress,Clothing,58.0,Vermont,M,Gray,Spring,4.8,0,Next Day Air,0,0,31.0,PayPal,Weekly,57.0,1.004952826827392,49.83741595598376,1.004952826827392,39.34258299584396,Good,4,4,3,443,Loyal Customer
2197,2198,33,Male,Boots,Footwear,88.0,Pennsylvania,M,Indigo,Summer,3.7,0,2-Day Shipping,0,0,40.0,Venmo,Monthly,12.0,1.719589460186161,42.737888645945844,1.719589460186161,33.084758698137016,Average,3,4,5,345,Loyal Customer
2198,2199,57,Male,Scarf,Accessories,80.0,New York,L,Turquoise,Summer,3.5,0,Free Shipping,0,0,35.0,Venmo,Monthly,12.0,1.0356512291685738,49.5324439805458,1.0356512291685738,39.07376776988984,Average,3,4,4,344,Loyal Customer
2199,2200,39,Male,Scarf,Accessories,47.0,North Carolina,M,Maroon,Summer,4.9,0,Store Pickup,0,0,40.0,Debit Card,Monthly,12.0,-0.011657250317660517,59.93688562972446,-0.011657250317660517,48.244683651042585,Good,3,4,2,342,Loyal Customer
2200,2201,60,Male,Gloves,Accessories,51.0,Wyoming,L,Charcoal,Summer,4.7,0,Next Day Air,0,0,27.0,Debit Card,Every 3 Months,4.0,-0.9516227086326117,69.27493258994669,-0.9516227086326117,56.475634052231335,Good,2,3,2,232,Need Attention
2201,2202,39,Male,Pants,Clothing,25.0,Ohio,L,Peach,Spring,4.9,0,2-Day Shipping,0,0,10.0,Venmo,Annually,1.0,-3.3046867548666827,92.65134751005945,-3.3046867548666827,77.08059701554441,Good,1,1,1,111,Hibernating
2202,2203,42,Male,Dress,Clothing,36.0,Alabama,M,Red,Summer,4.3,0,Next Day Air,0,0,23.0,Credit Card,Weekly,57.0,-0.4778232144259953,64.56799161941107,-0.4778232144259953,52.326736768373614,Good,4,3,2,432,Potential Loyalist
2203,2204,53,Male,Dress,Clothing,79.0,Rhode Island,M,Indigo,Winter,3.1,0,Free Shipping,0,0,32.0,Cash,Quarterly,3.0,0.5507112141400926,54.35005998246223,0.5507112141400926,43.320218717573205,Average,1,4,4,144,At Risk
2204,2205,20,Male,Jeans,Clothing,41.0,Oregon,S,Lavender,Winter,3.4,0,2-Day Shipping,0,0,6.0,Debit Card,Monthly,12.0,-2.618721592252254,85.83665570951915,-2.618721592252254,71.07383880919028,Average,3,1,2,312,Need Attention
2205,2206,46,Male,Sweater,Clothing,68.0,North Dakota,XL,Red,Fall,2.7,0,Express,0,0,27.0,PayPal,Weekly,57.0,1.150300926214851,48.39346143015227,1.150300926214851,38.06982027208399,Average,4,3,3,433,Potential Loyalist
2206,2207,46,Male,Sandals,Footwear,51.0,Illinois,L,Green,Spring,2.6,0,Store Pickup,0,0,25.0,Bank Transfer,Fortnightly,28.0,-0.46331873693205694,64.42389750321378,-0.46331873693205694,52.19972610666082,Average,3,3,2,332,Promising
2207,2208,69,Male,Handbag,Accessories,38.0,New Mexico,M,Gray,Fall,2.9,0,Next Day Air,0,0,11.0,Credit Card,Annually,1.0,-2.6865280720840543,86.51027630618638,-2.6865280720840543,71.66759655575183,Average,1,2,2,122,Hibernating
2208,2209,28,Male,Scarf,Accessories,46.0,Colorado,XL,Violet,Summer,2.7,0,2-Day Shipping,0,0,23.0,PayPal,Monthly,12.0,-1.2307383622359902,72.04779520699846,-1.2307383622359902,58.919752695828365,Average,3,3,2,332,Promising
2209,2210,42,Male,Sandals,Footwear,20.0,Utah,XL,Beige,Summer,4.5,0,2-Day Shipping,0,0,44.0,Bank Transfer,Quarterly,3.0,-1.1098734402323043,70.84706776799521,-1.1098734402323043,57.86138063603023,Good,1,5,1,151,Need Attention
2210,2211,30,Male,Sunglasses,Accessories,25.0,Virginia,M,Orange,Summer,3.1,0,Store Pickup,0,0,35.0,PayPal,Fortnightly,28.0,-0.8689145149251878,68.45327154910416,-0.8689145149251878,55.751387183204784,Average,3,4,1,341,Loyal Customer
2211,2212,50,Male,Sweater,Clothing,89.0,Maine,L,Purple,Winter,3.2,0,Free Shipping,0,0,45.0,Debit Card,Every 3 Months,4.0,1.8990297946559496,40.95524625731945,1.8990297946559496,31.51346213619605,Average,2,5,5,255,At Risk
2212,2213,59,Male,Pants,Clothing,77.0,Nebraska,M,Brown,Winter,3.3,0,Next Day Air,0,0,22.0,Bank Transfer,Quarterly,3.0,-0.22600783455231332,62.06634241329871,-0.22600783455231332,50.12167712106231,Average,1,3,4,134,At Risk
2213,2214,54,Male,Hat,Accessories,94.0,Hawaii,M,Maroon,Fall,2.9,0,Express,0,0,18.0,Debit Card,Quarterly,3.0,0.21491897150652983,57.685973768285514,0.21491897150652983,46.26063452729407,Average,1,2,5,125,Need Attention
2214,2215,50,Male,Belt,Accessories,100.0,Idaho,L,Gold,Fall,4.1,0,Standard,0,0,20.0,Debit Card,Weekly,57.0,2.016930278247914,39.78396890592791,2.016930278247914,30.481048631915485,Good,4,2,5,425,Potential Loyalist
2215,2216,25,Male,Sandals,Footwear,96.0,West Virginia,M,Indigo,Winter,2.7,0,Express,0,0,28.0,Credit Card,Fortnightly,28.0,1.6445104885627302,43.483757503724526,1.6445104885627302,33.74219912441879,Average,3,3,5,335,Promising
2216,2217,41,Male,Pants,Clothing,36.0,Vermont,XL,Silver,Winter,4.0,0,Store Pickup,0,0,15.0,Venmo,Bi-Weekly,114.0,0.4569116217287046,55.28190805308969,0.4569116217287046,44.141589105133946,Good,5,2,2,522,Potential Loyalist
2217,2218,35,Male,Jewelry,Accessories,27.0,Indiana,XL,Red,Fall,2.6,0,Store Pickup,0,0,42.0,Bank Transfer,Fortnightly,28.0,-0.2998758631258137,62.80018120873162,-0.2998758631258137,50.76851374047598,Average,3,5,1,351,Loyal Customer
2218,2219,67,Male,Sunglasses,Accessories,67.0,Idaho,M,Magenta,Winter,3.5,0,Store Pickup,0,0,20.0,Debit Card,Quarterly,3.0,-0.7867167277258356,67.63668112005807,-0.7867167277258356,55.031609766342896,Average,1,2,3,123,Need Attention
2219,2220,33,Male,Blouse,Clothing,91.0,Minnesota,S,Purple,Fall,2.8,0,Store Pickup,0,0,16.0,Bank Transfer,Fortnightly,28.0,0.6026612533681859,53.83396452213866,0.6026612533681859,42.8653103031802,Average,3,2,5,325,Promising
2220,2221,19,Male,Belt,Accessories,62.0,Wyoming,XL,Beige,Fall,4.5,0,Store Pickup,0,0,47.0,Cash,Annually,1.0,0.8190493992199291,51.68426566913895,0.8190493992199291,40.97047461517122,Good,1,5,3,153,At Risk
2221,2222,25,Male,Shorts,Clothing,88.0,Kansas,XL,White,Fall,3.0,0,Free Shipping,0,0,34.0,Credit Card,Annually,1.0,1.016964780320028,49.71808371371251,1.016964780320028,39.23739849938755,Average,1,4,5,145,At Risk
2222,2223,32,Male,Pants,Clothing,66.0,Georgia,M,Teal,Summer,4.4,0,Store Pickup,0,0,30.0,Credit Card,Weekly,57.0,1.2735302640589157,47.16924480231168,1.2735302640589157,36.99074384561175,Good,4,3,3,433,Potential Loyalist
2223,2224,30,Male,Sandals,Footwear,65.0,Kansas,M,Gray,Fall,4.7,0,Next Day Air,0,0,5.0,PayPal,Quarterly,3.0,-1.909569771239961,78.79161703500111,-1.909569771239961,64.8640431044325,Good,1,1,3,113,Lost
2224,2225,18,Male,Gloves,Accessories,25.0,Nebraska,L,Charcoal,Winter,4.3,0,Standard,0,0,38.0,Cash,Quarterly,3.0,-1.3141065863959502,72.87601329236473,-1.3141065863959502,59.649779221830656,Good,1,4,1,141,Need Attention
2225,2226,38,Male,Belt,Accessories,64.0,Washington,S,Olive,Spring,4.8,0,Free Shipping,0,0,18.0,Credit Card,Annually,1.0,-1.1040767116970773,70.78948041433368,-1.1040767116970773,57.81062070156611,Good,1,2,3,123,Need Attention
2226,2227,22,Male,Shirt,Clothing,72.0,Missouri,L,Blue,Spring,4.8,0,Store Pickup,0,0,28.0,Cash,Annually,1.0,-0.07400448585777064,60.556271595627166,-0.07400448585777064,48.790636695212775,Good,1,3,4,134,At Risk
2227,2228,40,Male,Scarf,Accessories,74.0,Washington,S,Gray,Summer,4.4,0,Next Day Air,0,0,42.0,Credit Card,Fortnightly,28.0,1.6847240245249084,43.08425783708296,1.6847240245249084,33.3900631847062,Good,3,5,4,354,Loyal Customer
2228,2229,54,Male,Gloves,Accessories,50.0,Kansas,M,Green,Fall,3.7,0,Free Shipping,0,0,5.0,Credit Card,Weekly,57.0,-1.132748182441417,71.07431592383128,-1.132748182441417,58.06168679291892,Average,4,1,2,412,Recent Customer
2229,2230,70,Male,Pants,Clothing,97.0,Minnesota,M,Silver,Fall,3.9,0,Express,0,0,50.0,Venmo,Monthly,12.0,2.7918872155499512,32.08519209592765,2.7918872155499512,23.695020424639655,Average,3,5,5,355,Loyal Customer
2230,2231,52,Male,Sneakers,Footwear,36.0,Colorado,S,Teal,Spring,3.8,0,Express,0,0,33.0,Venmo,Fortnightly,28.0,-0.5428872880845577,65.21436789831837,-0.5428872880845577,52.89648021846056,Average,3,4,2,342,Loyal Customer
2231,2232,34,Male,Jacket,Outerwear,49.0,Utah,M,Beige,Fall,4.1,0,Store Pickup,0,0,1.0,Credit Card,Weekly,57.0,-1.451880907823276,74.24472644242822,-1.451880907823276,60.85622100774337,Good,4,1,2,412,Recent Customer
2232,2233,65,Male,Shoes,Footwear,64.0,North Carolina,L,Lavender,Spring,4.0,0,Store Pickup,0,0,14.0,Cash,Fortnightly,28.0,-0.675881641721555,66.53559466119646,-0.675881641721555,54.06106548990943,Good,3,2,3,323,Promising
2233,2234,38,Male,Blouse,Clothing,31.000000000000004,Florida,XL,Gray,Summer,4.5,0,Express,0,0,48.0,Credit Card,Monthly,12.0,-0.13345133099464457,61.14684375614073,-0.13345133099464457,49.31119202998637,Good,3,5,1,351,Loyal Customer
2234,2235,35,Male,Boots,Footwear,66.0,New Hampshire,S,Yellow,Winter,4.0,0,Express,0,0,26.0,Cash,Weekly,57.0,0.9966230682015401,49.92016758959693,0.9966230682015401,39.41552379329217,Good,4,3,3,433,Potential Loyalist
2235,2236,40,Male,Socks,Clothing,82.0,Illinois,M,Gray,Spring,4.5,0,2-Day Shipping,0,0,44.0,Credit Card,Annually,1.0,1.4558795928165664,45.35770313336942,1.4558795928165664,35.393974233050756,Good,1,5,4,154,At Risk
2236,2237,23,Male,T-shirt,Clothing,88.0,Louisiana,M,Yellow,Winter,2.7,0,Standard,0,0,18.0,Debit Card,Fortnightly,28.0,0.6144382627234235,53.71696632243105,0.6144382627234235,42.76218313077212,Average,3,2,5,325,Promising
2237,2238,45,Male,Sandals,Footwear,34.0,Alabama,S,Black,Summer,3.8,0,Next Day Air,0,0,31.0,Venmo,Every 3 Months,4.0,-1.3925495146914548,73.65530123495986,-1.3925495146914548,60.336676645999574,Average,2,4,1,241,Need Attention
2238,2239,40,Male,Sneakers,Footwear,84.0,Florida,L,Beige,Winter,3.8,0,Standard,0,0,18.0,Debit Card,Weekly,57.0,1.2028682079274908,47.87123400055731,1.2028682079274908,37.6095068800603,Average,4,2,4,424,Potential Loyalist
2239,2240,42,Male,Jewelry,Accessories,96.0,Alabama,L,Indigo,Summer,3.8,0,2-Day Shipping,0,0,41.0,Credit Card,Every 3 Months,4.0,1.9177013054699583,40.76975492542298,1.9177013054699583,31.349962213868192,Average,2,5,5,255,At Risk
2240,2241,57,Male,Sandals,Footwear,71.0,California,L,Green,Winter,4.3,0,Next Day Air,0,0,18.0,Debit Card,Every 3 Months,4.0,-0.7301533088220378,67.07475423510503,-0.7301533088220378,54.536303591631494,Good,2,2,4,224,About to Sleep
2241,2242,18,Male,Jacket,Outerwear,77.0,Maryland,M,Purple,Summer,3.5,0,Free Shipping,0,0,3.0,Bank Transfer,Bi-Weekly,114.0,1.3574367446603994,46.33567943116683,1.3574367446603994,36.25600399526961,Average,5,1,4,514,Recent Customer
2242,2243,18,Male,Skirt,Clothing,66.0,Nevada,M,Orange,Spring,3.8,0,Next Day Air,0,0,5.0,Credit Card,Bi-Weekly,114.0,1.0314095178197693,49.574583081952625,1.0314095178197693,39.110910960013825,Average,5,1,3,513,Recent Customer
2243,2244,56,Male,Shirt,Clothing,21.0,Massachusetts,M,Teal,Winter,3.7,0,2-Day Shipping,0,0,13.0,Debit Card,Annually,1.0,-3.265908476071585,92.2661063448422,-3.265908476071585,76.74102912336026,Average,1,2,1,121,Hibernating
2244,2245,35,Male,Shorts,Clothing,37.0,South Carolina,M,Gold,Summer,4.8,0,2-Day Shipping,0,0,22.0,PayPal,Annually,1.0,-1.967258813000755,79.36472637246361,-1.967258813000755,65.36920596677473,Good,1,3,2,132,Need Attention
2245,2246,49,Male,Socks,Clothing,90.0,Delaware,L,Gray,Fall,4.9,0,Free Shipping,0,0,45.0,PayPal,Fortnightly,28.0,2.5680128938096756,34.30926204563225,2.5680128938096756,25.655409949641278,Good,3,5,5,355,Loyal Customer
2246,2247,49,Male,Jacket,Outerwear,96.0,Hawaii,M,Cyan,Fall,4.3,0,Store Pickup,0,0,39.0,PayPal,Every 3 Months,4.0,1.7792477075412703,42.14521631906561,1.7792477075412703,32.5623521877084,Good,2,4,5,245,At Risk
2247,2248,34,Male,Jewelry,Accessories,37.0,Florida,L,Teal,Summer,4.4,0,Next Day Air,0,0,18.0,Venmo,Annually,1.0,-2.24416600885813,82.11564915974886,-2.24416600885813,67.79398591445513,Good,1,2,2,122,Hibernating
2248,2249,63,Male,T-shirt,Clothing,66.0,Rhode Island,M,Violet,Winter,3.4,0,Free Shipping,0,0,19.0,PayPal,Fortnightly,28.0,-0.24529658785086855,62.25796571446654,-0.24529658785086855,50.290582021020846,Average,3,2,3,323,Promising
2249,2250,42,Male,Gloves,Accessories,45.0,Wyoming,XL,Indigo,Spring,4.3,0,Next Day Air,0,0,29.0,Debit Card,Weekly,57.0,0.3175673450804193,56.66621785667814,0.3175673450804193,45.361778442556655,Good,4,3,2,432,Potential Loyalist
2250,2251,41,Male,Shoes,Footwear,89.0,Colorado,L,Pink,Summer,4.6,0,Store Pickup,0,0,19.0,Credit Card,Weekly,57.0,1.4832226545142522,45.08606464717763,1.4832226545142522,35.154540557420006,Good,4,2,5,425,Potential Loyalist
2251,2252,26,Male,Shoes,Footwear,94.0,Virginia,L,Gold,Fall,3.8,0,Free Shipping,0,0,22.0,Debit Card,Monthly,12.0,0.7268602559748714,52.600114800859444,0.7268602559748714,41.77774285983463,Average,3,3,5,335,Promising
2252,2253,48,Male,Shoes,Footwear,96.0,Nebraska,S,Maroon,Summer,3.9,0,Express,0,0,21.0,Bank Transfer,Annually,1.0,0.45482062997942496,55.30268092189618,0.45482062997942496,44.159899192196576,Average,1,3,5,135,At Risk
2253,2254,62,Male,Hoodie,Clothing,31.000000000000004,Oklahoma,M,Brown,Spring,2.6,0,Store Pickup,0,0,22.0,PayPal,Monthly,12.0,-1.933348104067586,79.02784187349488,-1.933348104067586,65.07226168990904,Average,3,3,1,331,Promising
2254,2255,24,Male,Belt,Accessories,79.0,North Dakota,M,Gold,Winter,4.2,0,Store Pickup,0,0,44.0,PayPal,Every 3 Months,4.0,1.407547700446771,45.8378542672575,1.407547700446771,35.81719979455654,Good,2,5,4,254,At Risk
2255,2256,48,Male,Coat,Outerwear,39.0,Michigan,L,Teal,Spring,4.6,0,Store Pickup,0,0,42.0,Bank Transfer,Quarterly,3.0,-0.4460419771958065,64.25226226671604,-0.4460419771958065,52.048439534133706,Good,1,5,2,152,Need Attention
2256,2257,31,Male,Blouse,Clothing,22.0,California,M,Turquoise,Fall,5.0,0,Standard,0,0,33.0,Credit Card,Quarterly,3.0,-1.7869171697911201,77.57312997040631,-1.7869171697911201,63.79001695786328,Good,1,4,1,141,Need Attention
2257,2258,41,Male,Skirt,Clothing,32.0,Tennessee,L,Olive,Fall,4.2,0,Standard,0,0,6.0,Bank Transfer,Annually,1.0,-3.2860152440526744,92.465856178163,-3.2860152440526744,76.91709709321654,Good,1,1,1,111,Hibernating
2258,2259,24,Male,T-shirt,Clothing,71.0,Ohio,L,Cyan,Winter,4.3,0,Store Pickup,0,0,44.0,Credit Card,Every 3 Months,4.0,1.0697434642509034,49.19375611775089,1.0697434642509034,38.77523393170884,Good,2,5,4,254,At Risk
2259,2260,60,Male,Jeans,Clothing,96.0,Florida,XL,Beige,Spring,3.3,0,Free Shipping,0,0,24.0,Cash,Annually,1.0,0.6625010268724566,53.23948883143225,0.6625010268724566,42.34131423143627,Average,1,3,5,135,At Risk
2260,2261,38,Male,Scarf,Accessories,82.0,Missouri,M,Blue,Fall,4.9,0,Express,0,0,16.0,PayPal,Quarterly,3.0,-0.4302409807159594,64.09528793766822,-0.4302409807159594,51.910075706862735,Good,1,2,4,124,Need Attention
2261,2262,58,Male,Backpack,Accessories,76.0,South Carolina,L,Gold,Spring,4.4,0,Standard,0,0,12.0,Bank Transfer,Fortnightly,28.0,-0.3076288853564414,62.877203279099014,-0.3076288853564414,50.8364042580212,Good,3,2,4,324,Promising
2262,2263,53,Male,Backpack,Accessories,22.0,Arizona,M,Green,Winter,3.1,0,2-Day Shipping,0,0,50.0,PayPal,Monthly,12.0,-0.3750274987863078,63.54677194430316,-0.3750274987863078,51.42659046044251,Average,3,5,1,351,Loyal Customer
2263,2264,44,Male,Scarf,Accessories,40.0,Indiana,XL,Green,Winter,3.5,0,Store Pickup,0,0,42.0,Cash,Quarterly,3.0,-0.4038164476713231,63.83277453540437,-0.4038164476713231,51.678685266989675,Average,1,5,2,152,Need Attention
2264,2265,51,Male,Hat,Accessories,92.0,North Dakota,M,Turquoise,Summer,3.9,0,2-Day Shipping,0,0,50.0,PayPal,Monthly,12.0,2.580759567927534,34.18263075248601,2.580759567927534,25.543791760359845,Average,3,5,5,355,Loyal Customer
2265,2266,36,Male,Coat,Outerwear,94.0,Montana,XL,Yellow,Fall,3.9,0,Store Pickup,0,0,10.0,PayPal,Quarterly,3.0,-0.3388954202082214,63.18781934285601,-0.3388954202082214,51.110194422654885,Average,1,1,5,115,Need Attention
2266,2267,20,Male,Dress,Clothing,44.0,Missouri,M,Yellow,Fall,4.3,0,Store Pickup,0,0,32.0,Debit Card,Weekly,57.0,0.48302221244896754,55.02251349752586,0.48302221244896754,43.91294774894039,Good,4,4,2,442,Loyal Customer
2267,2268,32,Male,Gloves,Accessories,49.0,Kentucky,S,Blue,Spring,3.8,0,Express,0,0,37.0,Venmo,Weekly,57.0,1.0402838548931044,49.48642135686093,1.0402838548931044,39.03320147861969,Average,4,4,2,442,Loyal Customer
2268,2269,66,Male,Sweater,Clothing,26.0,Georgia,L,Charcoal,Spring,2.7,0,2-Day Shipping,0,0,15.0,Bank Transfer,Monthly,12.0,-2.629063344440411,85.93939540780242,-2.629063344440411,71.16439793406994,Average,3,2,1,321,Promising
2269,2270,49,Male,Skirt,Clothing,38.0,Kentucky,M,Yellow,Fall,4.4,0,Store Pickup,0,0,27.0,Credit Card,Annually,1.0,-1.5788992886545519,75.50658515704536,-1.5788992886545519,61.968476765030175,Good,1,3,2,132,Need Attention
2270,2271,27,Male,Blouse,Clothing,72.0,Georgia,L,Purple,Spring,3.5,0,Express,0,0,7.0,Venmo,Weekly,57.0,-0.0653329349740932,60.47012444133184,-0.0653329349740932,48.714702941909884,Average,4,1,4,414,Recent Customer
2271,2272,29,Male,Dress,Clothing,99.0,Alaska,M,Green,Summer,3.4,0,Free Shipping,0,0,49.0,PayPal,Quarterly,3.0,2.572077387023608,34.26888351026644,2.572077387023608,25.61981859705071,Average,1,5,5,155,At Risk
2272,2273,29,Male,Jacket,Outerwear,38.0,Maine,L,Charcoal,Spring,4.0,0,Standard,0,0,44.0,PayPal,Monthly,12.0,-0.11477982018063615,60.96135242424426,-0.11477982018063615,49.14769210765852,Good,3,5,2,352,Loyal Customer
2273,2274,55,Male,Coat,Outerwear,96.0,New Mexico,L,Silver,Winter,4.8,0,Express,0,0,13.0,PayPal,Bi-Weekly,114.0,2.851989795269024,31.48810556803191,2.851989795269024,23.16872305033186,Good,5,2,5,525,Potential Loyalist
2274,2275,57,Male,Dress,Clothing,27.0,New York,L,Turquoise,Spring,4.5,0,Next Day Air,0,0,38.0,PayPal,Fortnightly,28.0,-0.5767830589831892,65.55110399601686,-0.5767830589831892,53.193293688156395,Good,3,4,1,341,Loyal Customer
2275,2276,29,Male,Shorts,Clothing,24.0,Oklahoma,M,Gray,Winter,4.4,0,Standard,0,0,10.0,Debit Card,Weekly,57.0,-1.8844779552562672,78.54234345382822,-1.8844779552562672,64.6443228040634,Good,4,1,1,411,Recent Customer
2276,2277,31,Male,Jeans,Clothing,82.0,Wyoming,L,Red,Summer,4.1,0,2-Day Shipping,0,0,25.0,Debit Card,Weekly,57.0,1.6030047416289315,43.89609458543146,1.6030047416289315,34.10565050590766,Good,4,3,4,434,Potential Loyalist
2277,2278,25,Male,Hat,Accessories,56.0,Alabama,M,Beige,Summer,4.6,0,Next Day Air,0,0,18.0,Credit Card,Quarterly,3.0,-1.3896511504238411,73.6265075581291,-1.3896511504238411,60.31129667876751,Good,1,2,3,123,Need Attention
2278,2279,61,Male,Gloves,Accessories,25.0,Maryland,M,Maroon,Fall,3.8,0,Store Pickup,0,0,6.0,Cash,Every 3 Months,4.0,-3.5032492545204037,94.62395823729777,-3.5032492545204037,78.81933972329847,Average,2,1,1,211,About to Sleep
2279,2280,53,Male,Sneakers,Footwear,67.0,West Virginia,L,Indigo,Spring,2.9,0,Free Shipping,0,0,35.0,Bank Transfer,Quarterly,3.0,0.25168525673932296,57.32072066773838,0.25168525673932296,45.93868496254135,Average,1,4,3,143,At Risk
2280,2281,22,Male,Shoes,Footwear,21.0,Kentucky,M,Red,Summer,2.8,0,Standard,0,0,31.0,Credit Card,Fortnightly,28.0,-1.314723828880497,72.8821452616361,-1.314723828880497,59.655184199461345,Average,3,4,1,341,Loyal Customer
2281,2282,28,Male,Hoodie,Clothing,27.0,Kansas,XL,Maroon,Summer,3.0,0,Store Pickup,0,0,41.0,Bank Transfer,Annually,1.0,-1.0742049279230552,70.4927204459754,-1.0742049279230552,57.549043886733166,Average,1,5,1,151,Need Attention
2282,2283,18,Male,Sneakers,Footwear,97.0,Idaho,S,Red,Fall,4.2,0,2-Day Shipping,0,0,8.0,Credit Card,Annually,1.0,-0.4029022270325623,63.82369224926159,-0.4029022270325623,51.67067975501387,Good,1,1,5,115,Need Attention
2283,2284,44,Male,Handbag,Accessories,45.0,Ohio,S,Black,Winter,4.1,0,Free Shipping,0,0,34.0,Credit Card,Fortnightly,28.0,-0.09363072339986267,60.751247619691995,-0.09363072339986267,48.962496827244124,Good,3,4,2,342,Loyal Customer
2284,2285,32,Male,Blouse,Clothing,63.0,Iowa,XL,Black,Fall,4.1,0,Express,0,0,20.0,Venmo,Annually,1.0,-1.0078486432928728,69.83350675200273,-1.0078486432928728,56.96798499486994,Good,1,2,3,123,Need Attention
2285,2286,34,Male,Belt,Accessories,100.0,Michigan,L,Pink,Summer,4.6,0,2-Day Shipping,0,0,38.0,PayPal,Every 3 Months,4.0,1.8789230266748604,41.154996090640225,1.8789230266748604,31.689530106052345,Good,2,4,5,245,At Risk
2286,2287,67,Male,Socks,Clothing,38.0,South Dakota,L,Blue,Spring,2.5,0,Store Pickup,0,0,35.0,Venmo,Quarterly,3.0,-0.9728550994706971,69.48586487577691,-0.9728550994706971,56.66155870971848,Poor,1,4,2,142,Need Attention
2287,2288,66,Male,Blouse,Clothing,45.0,Nebraska,L,Green,Summer,3.0,0,Store Pickup,0,0,6.0,Debit Card,Annually,1.0,-2.7370833602343896,87.01251567111123,-2.7370833602343896,72.11029162034406,Average,1,1,2,112,Hibernating
2288,2289,28,Male,Jewelry,Accessories,91.0,California,M,Orange,Fall,3.8,0,Next Day Air,0,0,50.0,PayPal,Weekly,57.0,3.7137044814578797,22.927437583093578,3.7137044814578797,15.622987428608761,Average,4,5,5,455,Champion
2289,2290,70,Male,Shorts,Clothing,82.0,Nevada,M,Orange,Fall,4.1,0,Free Shipping,0,0,47.0,Venmo,Weekly,57.0,3.125994318844497,28.76601925536258,3.125994318844497,20.769360793665413,Good,4,5,4,454,Champion
2290,2291,37,Male,Boots,Footwear,48.0,Kansas,L,Magenta,Winter,3.3,0,Standard,0,0,23.0,PayPal,Quarterly,3.0,-1.3813213917979894,73.54375592451593,-1.3813213917979894,60.23835588131931,Average,1,3,2,132,Need Attention
2291,2292,28,Male,Coat,Outerwear,30.0,Ohio,M,Indigo,Spring,5.0,0,2-Day Shipping,0,0,13.0,Credit Card,Quarterly,3.0,-2.8336489128821305,87.97184205633918,-2.8336489128821305,72.95588255911302,Good,1,2,1,121,Hibernating
2292,2293,43,Male,T-shirt,Clothing,34.0,Vermont,S,Beige,Spring,3.8,0,Next Day Air,0,0,31.0,Debit Card,Monthly,12.0,-1.1836303248150406,71.57980240816804,-1.1836303248150406,58.507244006196004,Average,3,4,1,341,Loyal Customer
2293,2294,37,Male,Sweater,Clothing,68.0,Georgia,L,Green,Fall,3.3,0,Express,0,0,16.0,Debit Card,Every 3 Months,4.0,-0.995283495324176,69.70867882268267,-0.995283495324176,56.857956366903814,Average,2,2,3,223,About to Sleep
2294,2295,54,Male,Sunglasses,Accessories,95.0,Maryland,M,Red,Winter,5.0,0,Express,0,0,40.0,Debit Card,Annually,1.0,1.7279042807774756,42.65528541360291,1.7279042807774756,33.01194870785867,Good,1,4,5,145,At Risk
2295,2296,50,Male,Hat,Accessories,22.0,Connecticut,L,Beige,Spring,2.9,0,2-Day Shipping,0,0,45.0,PayPal,Quarterly,3.0,-0.9561955822189933,69.32036160855056,-0.9561955822189933,56.51567711482205,Average,1,5,1,151,Need Attention
2296,2297,46,Male,Gloves,Accessories,88.0,Washington,M,Green,Fall,2.5,0,Next Day Air,0,0,50.0,Venmo,Every 3 Months,4.0,2.2029382599531857,37.936080504524554,2.2029382599531857,28.852241468739575,Poor,2,5,5,255,At Risk
2297,2298,60,Male,Socks,Clothing,83.0,California,M,Orange,Summer,4.7,0,Standard,0,0,1.0,Bank Transfer,Quarterly,3.0,-1.4264174356566346,73.99176065867624,-1.4264174356566346,60.63324624352023,Good,1,1,4,114,Need Attention
2298,2299,40,Male,Handbag,Accessories,87.0,Montana,L,Cyan,Spring,2.9,0,2-Day Shipping,0,0,10.0,Cash,Every 3 Months,4.0,-0.6083592281450538,65.86479610868876,-0.6083592281450538,53.46979521268771,Average,2,1,5,215,About to Sleep
2299,2300,64,Male,Coat,Outerwear,57.0,Idaho,M,Violet,Summer,3.7,0,Store Pickup,0,0,48.0,Credit Card,Every 3 Months,4.0,0.7554932467655109,52.315661568829064,0.7554932467655109,41.52701372404496,Average,2,5,3,253,At Risk
2300,2301,18,Male,Coat,Outerwear,88.0,Pennsylvania,XL,Lavender,Summer,4.4,0,2-Day Shipping,0,0,38.0,Credit Card,Monthly,12.0,1.581135862257473,44.113350039588475,1.581135862257473,34.297148671977226,Good,3,4,5,345,Loyal Customer
2301,2302,37,Male,Pants,Clothing,20.0,Maine,L,Turquoise,Winter,2.9,0,Next Day Air,0,0,21.0,Debit Card,Annually,1.0,-2.754319613881317,87.18374850158337,-2.754319613881317,72.26122349514348,Average,1,3,1,131,Lost
2302,2303,36,Male,Belt,Accessories,39.0,Montana,L,Pink,Summer,3.6,0,Store Pickup,0,0,38.0,Venmo,Monthly,12.0,-0.487915084442216,64.66824887386046,-0.487915084442216,52.4151077620351,Average,3,4,2,342,Loyal Customer
2303,2304,51,Male,Sunglasses,Accessories,71.0,New Jersey,S,Beige,Spring,4.8,0,2-Day Shipping,0,0,31.0,Credit Card,Fortnightly,28.0,0.7965526473436755,51.90775869605242,0.7965526473436755,41.16747084225943,Good,3,4,4,344,Loyal Customer
2304,2305,26,Male,Hoodie,Clothing,73.0,Louisiana,L,Silver,Winter,4.7,0,Free Shipping,0,0,9.0,Debit Card,Fortnightly,28.0,-0.6419858708229234,66.19885856349796,-0.6419858708229234,53.76425202021361,Good,3,1,4,314,Need Attention
2305,2306,68,Male,Handbag,Accessories,63.0,Maine,M,Gold,Summer,2.6,0,Free Shipping,0,0,47.0,Cash,Weekly,57.0,2.3237092578793117,36.73628615028438,2.3237092578793117,27.794691869402133,Average,4,5,3,453,Loyal Customer
2306,2307,27,Male,Gloves,Accessories,78.0,Florida,L,Silver,Winter,3.4,0,Standard,0,0,8.0,Cash,Bi-Weekly,114.0,1.7457962690066022,42.4775382157486,1.7457962690066022,32.855274793525055,Average,5,1,4,514,Recent Customer
2307,2308,28,Male,Skirt,Clothing,96.0,Missouri,L,Green,Fall,3.5,0,Next Day Air,0,0,30.0,Debit Card,Annually,1.0,1.0778618206585202,49.11310465050437,1.0778618206585202,38.704144309915655,Average,1,3,5,135,At Risk
2308,2309,49,Male,Sunglasses,Accessories,81.0,North Dakota,M,Teal,Winter,3.4,0,2-Day Shipping,0,0,22.0,Bank Transfer,Quarterly,3.0,-0.05710571645437945,60.388391488052015,-0.05710571645437945,48.64266005248615,Average,1,3,4,134,At Risk
2309,2310,70,Male,Dress,Clothing,95.0,Connecticut,S,Gold,Fall,5.0,0,2-Day Shipping,0,0,3.0,Bank Transfer,Quarterly,3.0,-0.7812574834341454,67.58244648929353,-0.7812574834341454,54.983805063951564,Good,1,1,5,115,Need Attention
2310,2311,30,Male,Gloves,Accessories,68.0,Virginia,M,Cyan,Spring,4.6,0,Standard,0,0,15.0,PayPal,Monthly,12.0,-0.8555911044121056,68.32091069271213,-0.8555911044121056,55.63471871402035,Good,3,2,3,323,Promising
2311,2312,27,Male,Sneakers,Footwear,28.0,Montana,L,Gold,Spring,4.8,0,2-Day Shipping,0,0,10.0,Bank Transfer,Every 3 Months,4.0,-3.0996654700895774,90.61457225607748,-3.0996654700895774,75.28529697418595,Good,2,1,1,211,About to Sleep
2312,2313,19,Male,T-shirt,Clothing,30.0,Vermont,L,Violet,Summer,3.7,0,Free Shipping,0,0,19.0,Cash,Every 3 Months,4.0,-2.3921732203615154,83.58602052206233,-2.3921732203615154,69.09003355761696,Average,2,2,1,221,About to Sleep
2313,2314,64,Male,Dress,Clothing,31.000000000000004,Georgia,M,Black,Summer,4.7,0,Next Day Air,0,0,36.0,Bank Transfer,Fortnightly,28.0,-0.546334538813943,65.2486144644128,-0.546334538813943,52.92666659342045,Good,3,4,1,341,Loyal Customer
2314,2315,42,Male,Handbag,Accessories,95.0,Virginia,XL,Brown,Winter,4.4,0,Express,0,0,12.0,Bank Transfer,Every 3 Months,4.0,-0.13210139402049847,61.13343286455274,-0.13210139402049847,49.2993711016952,Good,2,2,5,225,About to Sleep
2315,2316,69,Male,Socks,Clothing,79.0,Vermont,M,Indigo,Winter,3.5,0,2-Day Shipping,0,0,49.0,Debit Card,Quarterly,3.0,1.7275667965339387,42.65863813649992,1.7275667965339387,33.01490393993147,Average,1,5,4,154,At Risk
2316,2317,28,Male,Sneakers,Footwear,39.0,Montana,L,Yellow,Winter,3.8,0,Standard,0,0,7.0,Debit Card,Annually,1.0,-2.921209738416946,88.84171136215996,-2.921209738416946,73.72262223628819,Average,1,1,2,112,Hibernating
2317,2318,47,Male,Jacket,Outerwear,34.0,New Jersey,M,Purple,Summer,4.7,0,Next Day Air,0,0,28.0,Bank Transfer,Monthly,12.0,-1.3913107217080722,73.64299449863198,-1.3913107217080722,60.32582896695631,Good,3,3,1,331,Promising
2318,2319,69,Male,Hoodie,Clothing,28.0,Wyoming,L,White,Spring,3.1,0,Store Pickup,0,0,30.0,Credit Card,Annually,1.0,-1.7934741870063546,77.63827037969816,-1.7934741870063546,63.84743447571025,Average,1,3,1,131,Lost
2319,2320,56,Male,Sandals,Footwear,38.0,Maine,XL,Turquoise,Winter,5.0,0,Free Shipping,0,0,29.0,PayPal,Monthly,12.0,-1.1531818046457945,71.27731287656395,-1.1531818046457945,58.24061691146005,Good,3,3,2,332,Promising
2320,2321,28,Male,Shoes,Footwear,55.0,New Mexico,M,Olive,Spring,3.7,0,Free Shipping,0,0,9.0,Debit Card,Every 3 Months,4.0,-2.028802971892868,79.97613420748363,-2.028802971892868,65.90812674821703,Average,2,1,3,213,About to Sleep
2321,2322,50,Male,Sandals,Footwear,31.000000000000004,Colorado,M,Beige,Winter,3.0,0,Next Day Air,0,0,27.0,Debit Card,Fortnightly,28.0,-1.169375729493038,71.43819073580462,-1.169375729493038,58.38242147570136,Average,3,3,1,331,Promising
2322,2323,39,Male,Coat,Outerwear,84.0,Connecticut,S,Lavender,Spring,4.5,0,Store Pickup,0,0,21.0,Venmo,Fortnightly,28.0,0.6532165415185213,53.3317251572138,0.6532165415185213,42.422615238587966,Good,3,3,4,334,Promising
2323,2324,35,Male,Gloves,Accessories,93.0,Maryland,L,White,Winter,4.7,0,Express,0,0,36.0,Credit Card,Monthly,12.0,1.6538099119512022,43.39137277667273,1.6538099119512022,33.66076731009724,Good,3,4,5,345,Loyal Customer
2324,2325,59,Male,Coat,Outerwear,28.0,Oregon,L,Brown,Winter,3.5,0,Free Shipping,0,0,19.0,Debit Card,Annually,1.0,-2.5549689756141376,85.20330804473261,-2.5549689756141376,70.51557933183138,Average,1,2,1,121,Hibernating
2325,2326,44,Male,Boots,Footwear,55.0,New York,M,Charcoal,Summer,4.4,0,2-Day Shipping,0,0,47.0,Cash,Weekly,57.0,1.9859050216834442,40.09218800077776,1.9859050216834442,30.752726006554436,Good,4,5,3,453,Loyal Customer
2326,2327,66,Male,Skirt,Clothing,63.0,Oklahoma,L,Maroon,Winter,2.6,0,Standard,0,0,38.0,Bank Transfer,Annually,1.0,0.23823373806531734,57.45435420921909,0.23823373806531734,46.056475230308095,Average,1,4,3,143,At Risk
2327,2328,20,Male,Skirt,Clothing,94.0,Alabama,M,Red,Winter,4.2,0,2-Day Shipping,0,0,22.0,Venmo,Bi-Weekly,114.0,3.390579926899152,26.137504759263443,3.390579926899152,18.45247670233902,Good,5,3,5,535,Potential Loyalist
2328,2329,45,Male,Pants,Clothing,36.0,North Dakota,M,Maroon,Fall,2.6,0,Express,0,0,29.0,Venmo,Bi-Weekly,114.0,1.4260868072295192,45.65367829759131,1.4260868072295192,35.65485928825251,Average,5,3,2,532,Potential Loyalist
2329,2330,49,Male,Hat,Accessories,97.0,Nebraska,S,Teal,Spring,4.8,0,Free Shipping,0,0,42.0,Bank Transfer,Annually,1.0,1.9508089377551303,40.44084855733694,1.9508089377551303,31.060050199730394,Good,1,5,5,155,At Risk
2330,2331,60,Male,Backpack,Accessories,63.0,Arizona,L,Orange,Summer,2.9,0,Store Pickup,0,0,47.0,PayPal,Every 3 Months,4.0,0.9396196249480677,50.486465877780326,0.9396196249480677,39.91468310810083,Average,2,5,3,253,At Risk
2331,2332,61,Male,Scarf,Accessories,77.0,Illinois,S,Olive,Spring,4.3,0,2-Day Shipping,0,0,10.0,Credit Card,Bi-Weekly,114.0,1.8420243374108067,41.52156455341765,1.8420243374108067,32.01263908682889,Good,5,1,4,514,Recent Customer
2332,2333,36,Male,Scarf,Accessories,53.0,South Carolina,XL,Olive,Fall,2.6,0,Store Pickup,0,0,10.0,Venmo,Monthly,12.0,-1.835108042101077,78.05188014649382,-1.835108042101077,64.21200765578142,Average,3,1,3,313,Need Attention
2333,2334,33,Male,Shirt,Clothing,77.0,Kansas,M,Beige,Spring,3.8,0,Next Day Air,0,0,1.0,PayPal,Every 3 Months,4.0,-1.6536557140689836,76.24924969319731,-1.6536557140689836,62.623092766409016,Average,2,1,4,214,About to Sleep
2334,2335,49,Male,Boots,Footwear,79.0,Kansas,L,Green,Summer,4.2,0,Standard,0,0,7.0,Credit Card,Monthly,12.0,-0.9449246713575389,69.20839122285423,-0.9449246713575389,56.41698167079674,Good,3,1,4,314,Need Attention
2335,2336,31,Male,Coat,Outerwear,37.0,Idaho,M,Black,Summer,3.9,0,Store Pickup,0,0,10.0,Venmo,Fortnightly,28.0,-2.092878134739984,80.6126861938969,-2.092878134739984,66.46921065047887,Average,3,1,2,312,Need Attention
2336,2337,19,Male,Belt,Accessories,94.0,California,M,Green,Winter,3.1,0,Free Shipping,0,0,11.0,Credit Card,Weekly,57.0,1.1405359104219182,48.49047156518977,1.1405359104219182,38.15532911706063,Average,4,2,5,425,Potential Loyalist
2337,2338,39,Male,Boots,Footwear,76.0,North Dakota,S,Violet,Fall,3.6,0,Store Pickup,0,0,5.0,Cash,Annually,1.0,-1.4973187439397466,74.69612669727066,-1.4973187439397466,61.254104325798984,Average,1,1,4,114,Need Attention
2338,2339,66,Male,Sneakers,Footwear,68.0,Georgia,S,Silver,Fall,4.0,0,Express,0,0,21.0,PayPal,Quarterly,3.0,-0.6752643992370082,66.52946269192509,-0.6752643992370082,54.05566051227875,Good,1,3,3,133,At Risk
2339,2340,25,Male,Shirt,Clothing,65.0,Illinois,L,Maroon,Spring,3.4,0,Next Day Air,0,0,24.0,Bank Transfer,Quarterly,3.0,-0.5942605909174269,65.72473379539618,-0.5942605909174269,53.34633835295056,Average,1,3,3,133,At Risk
2340,2341,63,Male,Blouse,Clothing,24.0,Delaware,M,Cyan,Summer,2.6,0,Standard,0,0,37.0,Credit Card,Fortnightly,28.0,-0.7726864465209833,67.4972978867732,-0.7726864465209833,54.90875147650861,Average,3,4,1,341,Loyal Customer
2341,2342,56,Male,Jacket,Outerwear,31.000000000000004,Connecticut,L,Teal,Summer,4.5,0,Express,0,0,22.0,Venmo,Every 3 Months,4.0,-2.142267293944,81.10334070028672,-2.142267293944,66.90169432971261,Good,2,3,1,231,Need Attention
2342,2343,20,Male,Skirt,Clothing,89.0,Tennessee,M,Olive,Fall,4.9,0,Standard,0,0,16.0,Debit Card,Fortnightly,28.0,0.518210194319219,54.672939984761996,0.518210194319219,43.60481883746828,Good,3,2,5,325,Promising
2343,2344,58,Male,Socks,Clothing,49.0,Maryland,M,Red,Summer,4.4,0,2-Day Shipping,0,0,44.0,PayPal,Monthly,12.0,0.3497010045886818,56.34698737981586,0.3497010045886818,45.0803951690741,Good,3,5,2,352,Loyal Customer
2344,2345,34,Male,Sandals,Footwear,92.0,Rhode Island,XL,Lavender,Fall,3.5,0,Express,0,0,14.0,Venmo,Bi-Weekly,114.0,2.7523144761354343,32.47832579645729,2.7523144761354343,24.041545131987906,Average,5,2,5,525,Potential Loyalist
2345,2346,28,Male,T-shirt,Clothing,32.0,New York,S,Orange,Winter,3.3,0,Express,0,0,23.0,Bank Transfer,Every 3 Months,4.0,-2.030814965455173,79.99612227215374,-2.030814965455173,65.92574507564848,Average,2,3,1,231,Need Attention
2346,2347,22,Male,Jacket,Outerwear,67.0,New Mexico,L,Brown,Winter,3.1,0,Standard,0,0,46.0,Debit Card,Fortnightly,28.0,1.6660525137109001,43.26974916897942,1.6660525137109001,33.55356310703406,Average,3,5,3,353,Loyal Customer
2347,2348,37,Male,Belt,Accessories,64.0,California,S,Gray,Fall,4.2,0,Express,0,0,46.0,Cash,Every 3 Months,4.0,0.9126183555082072,50.754708843289976,0.9126183555082072,40.15112382787691,Good,2,5,3,253,At Risk
2348,2349,54,Male,Shoes,Footwear,84.0,Maine,M,Orange,Spring,4.9,0,Next Day Air,0,0,16.0,PayPal,Every 3 Months,4.0,-0.3196750229324409,62.99687512169589,-0.3196750229324409,50.94188809259921,Good,2,2,4,224,About to Sleep
2349,2350,65,Male,Blouse,Clothing,34.0,New York,M,Orange,Fall,3.9,0,Standard,0,0,40.0,Credit Card,Every 3 Months,4.0,-0.7695083240123597,67.46572496356805,-0.7695083240123597,54.88092176371866,Average,2,4,1,241,Need Attention
2350,2351,57,Male,Shoes,Footwear,26.0,Hawaii,M,Turquoise,Winter,4.2,0,Free Shipping,0,0,21.0,Cash,Annually,1.0,-2.5009664367344167,84.66682211371334,-2.5009664367344167,70.04269789227925,Good,1,3,1,131,Lost
2351,2352,38,Male,Sweater,Clothing,50.0,New Hampshire,S,Cyan,Fall,4.9,0,Store Pickup,0,0,25.0,PayPal,Bi-Weekly,114.0,1.7403370247149121,42.531772846513135,1.7403370247149121,32.90307949591639,Good,5,3,2,532,Potential Loyalist
2352,2353,70,Male,Boots,Footwear,46.0,Nebraska,M,Yellow,Fall,2.8,0,Store Pickup,0,0,25.0,Bank Transfer,Quarterly,3.0,-1.3273188529182685,73.00726999349665,-1.3273188529182685,59.76547444176718,Average,1,3,2,132,Need Attention
2353,2354,56,Male,Handbag,Accessories,71.0,Montana,M,White,Fall,4.1,0,Standard,0,0,25.0,Debit Card,Every 3 Months,4.0,-0.24556571607163047,62.26063935735583,-0.24556571607163047,50.29293868319078,Good,2,3,4,234,At Risk
2354,2355,56,Male,Blouse,Clothing,78.0,Wisconsin,M,Blue,Summer,4.8,0,Next Day Air,0,0,27.0,Venmo,Monthly,12.0,0.39738577840485556,55.87326501773965,0.39738577840485556,44.66283619953874,Good,3,3,4,334,Promising
2355,2356,22,Male,Skirt,Clothing,35.0,Tennessee,S,Purple,Winter,4.1,0,Next Day Air,0,0,12.0,Cash,Monthly,12.0,-2.4567139756130913,84.2271979164613,-2.4567139756130913,69.65519449053392,Good,3,2,1,321,Promising
2356,2357,57,Male,Backpack,Accessories,58.0,Montana,M,Gray,Summer,3.0,0,Free Shipping,0,0,27.0,Debit Card,Quarterly,3.0,-0.6821589006957793,66.59795582411394,-0.6821589006957793,54.11603326219853,Average,1,3,3,133,At Risk
2357,2358,53,Male,Shirt,Clothing,67.0,Michigan,L,Cyan,Fall,4.2,0,2-Day Shipping,0,0,40.0,Credit Card,Bi-Weekly,114.0,3.496573011096289,25.08452096189499,3.496573011096289,17.524332150666208,Good,5,4,3,543,Loyal Customer
2358,2359,53,Male,Sweater,Clothing,93.0,Texas,L,Pink,Spring,3.8,0,Standard,0,0,38.0,Credit Card,Quarterly,3.0,1.5572294212689242,44.35084756317093,1.5572294212689242,34.50648905603606,Average,1,4,5,145,At Risk
2359,2360,19,Male,Scarf,Accessories,81.0,Pennsylvania,S,Gold,Spring,3.3,0,2-Day Shipping,0,0,44.0,Bank Transfer,Every 3 Months,4.0,1.491998759495738,44.99887880463415,1.491998759495738,35.07769126026846,Average,2,5,4,254,At Risk
2360,2361,49,Male,Handbag,Accessories,80.0,New York,L,Silver,Fall,4.7,0,2-Day Shipping,0,0,27.0,Venmo,Every 3 Months,4.0,0.27291764757740833,57.109788381908146,0.27291764757740833,45.75276030505424,Good,2,3,4,234,At Risk
2361,2362,44,Male,Scarf,Accessories,64.0,Alabama,M,Gray,Spring,4.3,0,2-Day Shipping,0,0,30.0,Credit Card,Every 3 Months,4.0,-0.1950104279212952,61.75839999243099,-0.1950104279212952,49.85024361859853,Good,2,3,3,233,At Risk
2362,2363,27,Male,Jeans,Clothing,41.0,Virginia,M,Brown,Fall,2.7,0,Standard,0,0,24.0,Credit Card,Monthly,12.0,-1.3726392108940637,73.4575031667355,-1.3726392108940637,60.16232904462845,Average,3,3,2,332,Promising
2363,2364,60,Male,Socks,Clothing,79.0,Pennsylvania,XL,Pink,Winter,4.2,0,Express,0,0,38.0,Cash,Bi-Weekly,114.0,3.8648257674614026,21.426129579797536,3.8648257674614026,14.299670918777954,Good,5,4,4,544,Champion
2364,2365,62,Male,Sunglasses,Accessories,60.0,Mississippi,L,Maroon,Winter,4.2,0,Free Shipping,0,0,4.0,PayPal,Quarterly,3.0,-2.189924217826722,81.5767863883808,-2.189924217826722,67.3190094270728,Good,1,1,3,113,Lost
2365,2366,52,Male,Sneakers,Footwear,91.0,Wyoming,S,Peach,Winter,2.5,0,Next Day Air,0,0,32.0,Venmo,Monthly,12.0,1.2924516570448599,46.981271026581325,1.2924516570448599,36.825055792065726,Poor,3,4,5,345,Loyal Customer
2366,2367,30,Male,Shoes,Footwear,66.0,New Mexico,L,Brown,Winter,3.6,0,Express,0,0,32.0,Credit Card,Fortnightly,28.0,0.6546517986856021,53.31746665578948,0.6546517986856021,42.41004719105952,Average,3,4,3,343,Loyal Customer
2367,2368,66,Male,Socks,Clothing,85.0,North Dakota,L,Green,Winter,3.4,0,Standard,0,0,28.0,Bank Transfer,Bi-Weekly,114.0,3.4259109549648645,25.786510160140626,3.4259109549648645,18.143095185114746,Average,5,3,5,535,Potential Loyalist
2368,2369,29,Male,Sunglasses,Accessories,38.0,New Jersey,M,Lavender,Summer,3.3,0,Standard,0,0,6.0,Debit Card,Every 3 Months,4.0,-2.9543173707021184,89.17061773024601,-2.9543173707021184,74.01253425042597,Average,2,1,2,212,About to Sleep
2369,2370,24,Male,Sweater,Clothing,23.0,Vermont,M,Cyan,Winter,4.6,0,Standard,0,0,24.0,PayPal,Monthly,12.0,-2.1326987423347656,81.00828233034564,-2.1326987423347656,66.81790585322113,Good,3,3,1,331,Promising
2370,2371,51,Male,Shoes,Footwear,71.0,Alaska,M,Black,Spring,3.9,0,Store Pickup,0,0,38.0,Venmo,Weekly,57.0,2.038472303396084,39.569960571182804,2.038472303396084,30.29241261453075,Average,4,4,4,444,Champion
2371,2372,67,Male,Socks,Clothing,25.0,Indiana,M,Charcoal,Winter,3.7,0,Next Day Air,0,0,28.0,Debit Card,Annually,1.0,-2.058604373508493,80.27219496727582,-2.058604373508493,66.16908725098257,Average,1,3,1,131,Lost
2372,2373,50,Male,Boots,Footwear,39.0,Alabama,XL,Silver,Spring,3.1,0,Express,0,0,9.0,PayPal,Fortnightly,28.0,-2.0776538746553608,80.46144142809486,-2.0776538746553608,66.33589710311091,Average,3,1,2,312,Need Attention
2373,2374,37,Male,Hoodie,Clothing,20.0,Michigan,M,Gray,Spring,4.9,0,Express,0,0,21.0,Debit Card,Every 3 Months,4.0,-2.675974917677662,86.40543644153644,-2.675974917677662,71.57518625521713,Good,2,3,1,231,Need Attention
2374,2375,69,Male,Gloves,Accessories,73.0,Washington,L,Peach,Winter,4.7,0,Standard,0,0,31.0,Debit Card,Monthly,12.0,0.463165326639814,55.21978088701277,0.463165326639814,44.08682758757851,Good,3,4,4,344,Loyal Customer
2375,2376,60,Male,Backpack,Accessories,63.0,Virginia,L,Peach,Fall,2.9,0,Next Day Air,0,0,18.0,Credit Card,Quarterly,3.0,-1.0940724437524572,70.69009343894739,-1.0940724437524572,57.723016808759255,Average,1,2,3,123,Need Attention
2376,2377,21,Male,Gloves,Accessories,94.0,Tennessee,XL,Cyan,Spring,4.1,0,Express,0,0,5.0,Cash,Weekly,57.0,0.7251751166358549,52.61685574611764,0.7251751166358549,41.79249903858125,Good,4,1,5,415,Recent Customer
2377,2378,44,Male,Blouse,Clothing,94.0,South Dakota,L,Magenta,Fall,4.0,0,Next Day Air,0,0,22.0,Cash,Annually,1.0,0.4395963698948019,55.453925687698224,0.4395963698948019,44.29321273956455,Good,1,3,5,135,At Risk
2378,2379,26,Male,Scarf,Accessories,71.0,New Hampshire,L,Teal,Summer,2.7,0,Store Pickup,0,0,37.0,PayPal,Bi-Weekly,114.0,3.457794732301191,25.46976212711224,3.457794732301191,17.86390004285036,Average,5,4,4,544,Champion
2379,2380,40,Male,Hat,Accessories,77.0,South Dakota,M,Peach,Spring,4.0,0,2-Day Shipping,0,0,22.0,Debit Card,Monthly,12.0,0.00902625405865265,59.73140623315789,0.00902625405865265,48.063565401283284,Good,3,3,4,334,Promising
2380,2381,41,Male,Scarf,Accessories,66.0,Pennsylvania,M,Black,Fall,2.5,0,Next Day Air,0,0,36.0,PayPal,Fortnightly,28.0,0.9315589945429777,50.56654386850423,0.9315589945429777,39.98526724337911,Poor,3,4,3,343,Loyal Customer
2381,2382,62,Male,Sandals,Footwear,23.0,Wisconsin,M,Teal,Summer,4.5,0,Free Shipping,0,0,23.0,PayPal,Annually,1.0,-2.4891894273791793,84.54982391400573,-2.4891894273791793,69.93957071987116,Good,1,3,1,131,Lost
2382,2383,39,Male,Sweater,Clothing,60.0,California,M,Turquoise,Spring,3.9,0,Express,0,0,44.0,Debit Card,Weekly,57.0,1.9893522724128294,40.057941434683336,1.9893522724128294,30.722539631594557,Average,4,5,3,453,Loyal Customer
2383,2384,53,Male,Backpack,Accessories,72.0,Rhode Island,L,Gold,Spring,4.9,0,2-Day Shipping,0,0,25.0,Bank Transfer,Annually,1.0,-0.2816848827508023,62.6194636860911,-0.2816848827508023,50.609221655973094,Good,1,3,4,134,At Risk
2384,2385,24,Male,Blouse,Clothing,35.0,Alabama,L,Green,Winter,3.3,0,2-Day Shipping,0,0,40.0,PayPal,Quarterly,3.0,-0.7533976932224279,67.30567458560536,-0.7533976932224279,54.739846576550065,Average,1,4,1,141,Need Attention
2385,2386,41,Male,Scarf,Accessories,31.000000000000004,Oklahoma,M,Brown,Fall,3.8,0,Express,0,0,12.0,PayPal,Weekly,57.0,-1.4504456506561951,74.23046794100388,-1.4504456506561951,60.84365296021493,Average,4,2,1,421,Potential Loyalist
2386,2387,19,Male,Socks,Clothing,33.0,Illinois,L,Blue,Summer,2.9,0,Standard,0,0,14.0,Venmo,Monthly,12.0,-2.4027114367333704,83.69071198544202,-2.4027114367333704,69.18231305098178,Average,3,2,1,321,Promising
2387,2388,36,Male,Hat,Accessories,95.0,Tennessee,M,Gold,Summer,4.0,0,2-Day Shipping,0,0,14.0,Debit Card,Monthly,12.0,0.21527139378460358,57.68247264411826,0.21527139378460358,46.25754848805141,Good,3,2,5,325,Promising
2388,2389,21,Male,Dress,Clothing,68.0,Alabama,M,Peach,Fall,4.1,0,Store Pickup,0,0,10.0,Debit Card,Annually,1.0,-1.4889889853138945,74.6133750636575,-1.4889889853138945,61.181163528350766,Good,1,1,3,113,Lost
2389,2390,25,Male,Coat,Outerwear,87.0,Kansas,M,Violet,Spring,3.1,0,Store Pickup,0,0,17.0,Bank Transfer,Every 3 Months,4.0,-0.12377163539464653,61.05068123093956,-0.12377163539464653,49.226430304246996,Average,2,2,5,225,About to Sleep
2390,2391,65,Male,Shirt,Clothing,64.0,Arizona,XL,Yellow,Winter,4.6,0,Express,0,0,24.0,Debit Card,Fortnightly,28.0,0.016386347921883995,59.658287692983336,0.016386347921883995,47.999115620708416,Good,3,3,3,333,Promising
2391,2392,42,Male,Shirt,Clothing,74.0,Michigan,M,Black,Winter,4.6,0,Next Day Air,0,0,31.0,Bank Transfer,Quarterly,3.0,0.2703567675533315,57.13522933584192,0.2703567675533315,45.7751850402135,Good,1,4,4,144,At Risk
2392,2393,40,Male,Jeans,Clothing,62.0,Missouri,L,Silver,Spring,2.6,0,2-Day Shipping,0,0,36.0,Cash,Annually,1.0,0.05755461061214606,59.24930333417338,0.05755461061214606,47.638619471292344,Average,1,4,3,143,At Risk
2393,2394,58,Male,Socks,Clothing,97.0,Louisiana,M,Brown,Winter,5.0,0,2-Day Shipping,0,0,38.0,PayPal,Every 3 Months,4.0,1.7522464381014102,42.413459284575254,1.7522464381014102,32.79879290748446,Good,2,4,5,245,At Risk
2394,2395,40,Male,Sandals,Footwear,47.0,Connecticut,L,Peach,Fall,2.9,0,2-Day Shipping,0,0,23.0,Debit Card,Fortnightly,28.0,-0.7706744529586785,67.4773098221031,-0.7706744529586785,54.89113314907716,Average,3,3,2,332,Promising
2395,2396,62,Male,Blouse,Clothing,83.0,Connecticut,M,Cyan,Winter,3.5,0,2-Day Shipping,0,0,47.0,PayPal,Bi-Weekly,114.0,4.656769076238431,13.558602383159027,4.656769076238431,7.364898967920884,Average,5,5,4,554,Champion
2396,2397,38,Male,Shirt,Clothing,82.0,Oregon,M,Olive,Spring,3.7,0,2-Day Shipping,0,0,20.0,Venmo,Weekly,57.0,1.256870746807212,47.33474806953803,1.256870746807212,37.13662544050817,Average,4,2,4,424,Potential Loyalist
2397,2398,37,Male,Sunglasses,Accessories,26.0,West Virginia,L,Black,Fall,2.9,0,Store Pickup,0,0,41.0,Venmo,Monthly,12.0,-0.8291665713674692,68.05839729044828,-0.8291665713674692,55.40332827414729,Average,3,5,1,351,Loyal Customer
2398,2399,65,Male,Jacket,Outerwear,81.0,Florida,M,Orange,Winter,4.3,0,Free Shipping,0,0,44.0,Bank Transfer,Fortnightly,28.0,2.1187563291249805,38.77238232425862,2.1187563291249805,29.58939334085773,Good,3,5,4,354,Loyal Customer
2399,2400,55,Male,Dress,Clothing,44.0,New Hampshire,L,Beige,Spring,3.2,0,Store Pickup,0,0,31.0,Cash,Monthly,12.0,-0.7613750295702061,67.3849250950513,-0.7613750295702061,54.80970133475562,Average,3,4,2,342,Loyal Customer
2400,2401,43,Male,Sunglasses,Accessories,88.0,Oregon,M,Peach,Winter,4.2,0,Next Day Air,0,0,11.0,Credit Card,Bi-Weekly,114.0,2.3757319611444685,36.219468812167925,2.3757319611444685,27.339147161324373,Good,5,2,5,525,Potential Loyalist
2401,2402,43,Male,Boots,Footwear,76.0,Oregon,M,Pink,Winter,4.2,0,Standard,0,0,25.0,PayPal,Bi-Weekly,114.0,2.838200792351482,31.625091832409623,2.838200792351482,23.289468550171396,Good,5,3,4,534,Potential Loyalist
2402,2403,45,Male,Scarf,Accessories,89.0,Utah,M,Brown,Winter,3.8,0,Free Shipping,0,0,31.0,Cash,Weekly,57.0,2.3139442420863787,36.83329628532188,2.3139442420863787,27.880200714378784,Average,4,4,5,445,Champion
2403,2404,64,Male,Shorts,Clothing,22.0,Missouri,M,Magenta,Fall,4.4,0,Standard,0,0,40.0,Debit Card,Weekly,57.0,0.10787495462508301,58.74939801181218,0.10787495462508301,47.19798173074841,Good,4,4,1,441,Loyal Customer
2404,2405,28,Male,Shorts,Clothing,33.0,West Virginia,L,Cyan,Winter,3.1,0,2-Day Shipping,0,0,23.0,Credit Card,Bi-Weekly,114.0,0.8840494248700055,51.038525672454206,0.8840494248700055,40.40129201120524,Average,5,3,1,531,Potential Loyalist
2405,2406,69,Male,Jeans,Clothing,97.0,California,XL,Silver,Fall,5.0,0,Standard,0,0,5.0,Debit Card,Quarterly,3.0,-0.5583528264564904,65.36800963302755,-0.5583528264564904,53.031906555823284,Good,1,1,5,115,Need Attention
2406,2407,54,Male,Scarf,Accessories,57.0,California,M,Indigo,Winter,4.7,0,Standard,0,0,26.0,PayPal,Weekly,57.0,0.616593302481189,53.69555717140199,0.616593302481189,42.74331219758851,Good,4,3,3,433,Potential Loyalist
2407,2408,52,Male,Shorts,Clothing,38.0,Illinois,M,Beige,Summer,3.0,0,Express,0,0,11.0,Credit Card,Bi-Weekly,114.0,0.264455484920296,57.1938553777516,0.264455484920296,45.82686051852628,Average,5,2,2,522,Potential Loyalist
2408,2409,23,Male,Sneakers,Footwear,55.0,Hawaii,XL,Black,Fall,4.2,0,Next Day Air,0,0,44.0,Debit Card,Every 3 Months,4.0,0.39413499185916834,55.90555981873766,0.39413499185916834,44.69130220601345,Good,2,5,3,253,At Risk
2409,2410,26,Male,Jewelry,Accessories,37.0,Washington,L,Yellow,Spring,3.0,0,Store Pickup,0,0,47.0,Cash,Every 3 Months,4.0,-0.15824414268850195,61.393146891883845,-0.15824414268850195,49.528294053845826,Average,2,5,2,252,Need Attention
2410,2411,48,Male,Shoes,Footwear,43.0,Wisconsin,M,Maroon,Summer,3.7,0,Free Shipping,0,0,46.0,PayPal,Monthly,12.0,0.23480142537046889,57.48845237404328,0.23480142537046889,46.08653079809813,Average,3,5,2,352,Loyal Customer
2411,2412,49,Male,Hoodie,Clothing,96.0,Virginia,M,Cyan,Summer,2.7,0,Free Shipping,0,0,35.0,Cash,Every 3 Months,4.0,1.5023405116838946,44.896139106350866,1.5023405116838946,34.98713213538881,Average,2,4,5,245,At Risk
2412,2413,53,Male,Jacket,Outerwear,51.0,Oregon,M,Pink,Winter,4.3,0,2-Day Shipping,0,0,8.0,Bank Transfer,Bi-Weekly,114.0,0.605706971845549,53.80370696116379,0.605706971845549,42.83864000641409,Good,5,1,2,512,Recent Customer
2413,2414,69,Male,Shorts,Clothing,95.0,Pennsylvania,XL,Violet,Fall,2.7,0,2-Day Shipping,0,0,30.0,Bank Transfer,Weekly,57.0,2.498070620268936,35.00410059427314,2.498070620268936,26.26787009843465,Average,4,3,5,435,Potential Loyalist
2414,2415,26,Male,Socks,Clothing,26.0,Virginia,M,Lavender,Summer,3.7,0,Next Day Air,0,0,14.0,Credit Card,Bi-Weekly,114.0,-0.0345704724804734,60.16451606302774,-0.0345704724804734,48.44532676349442,Average,5,2,1,521,Potential Loyalist
2415,2416,21,Male,Coat,Outerwear,34.0,Hawaii,XL,Lavender,Fall,4.3,0,Standard,0,0,30.0,Bank Transfer,Weekly,57.0,-0.07768668072455476,60.59285220428523,-0.07768668072455476,48.82288039422098,Good,4,3,1,431,Potential Loyalist
2416,2417,59,Male,Sandals,Footwear,83.0,Nebraska,S,Black,Summer,4.0,0,Next Day Air,0,0,26.0,Credit Card,Every 3 Months,4.0,0.33036743718651485,56.53905588479444,0.33036743718651485,45.24969249054222,Good,2,3,4,234,At Risk
2417,2418,21,Male,Backpack,Accessories,24.0,Alaska,M,Olive,Fall,3.3,0,Standard,0,0,32.0,Venmo,Fortnightly,28.0,-1.1188204413427028,70.93595137087976,-1.1188204413427028,57.93972641110911,Average,3,4,1,341,Loyal Customer
2418,2419,22,Male,Pants,Clothing,69.0,Michigan,S,Indigo,Fall,4.0,0,Next Day Air,0,0,47.0,Cash,Every 3 Months,4.0,1.1929728020949684,47.9695394899103,1.1929728020949684,37.69615750523661,Good,2,5,4,254,At Risk
2419,2420,26,Male,Sweater,Clothing,40.0,North Carolina,M,Blue,Fall,2.7,0,Next Day Air,0,0,11.0,Credit Card,Every 3 Months,4.0,-2.523732316831432,84.8929887835161,-2.523732316831432,70.24205078153739,Average,2,2,2,222,About to Sleep
2420,2421,41,Male,Jacket,Outerwear,87.0,North Carolina,S,Green,Winter,4.2,0,Free Shipping,0,0,28.0,PayPal,Annually,1.0,0.5593784570094812,54.26395562595205,0.5593784570094812,43.24432268805221,Good,1,3,5,135,At Risk
2421,2422,37,Male,Sneakers,Footwear,46.0,Minnesota,L,Pink,Spring,4.6,0,Standard,0,0,2.0,Debit Card,Every 3 Months,4.0,-2.8934203303636266,88.56563866703787,-2.8934203303636266,73.47928006095408,Good,2,1,2,212,About to Sleep
2422,2423,30,Male,Jewelry,Accessories,82.0,Georgia,M,Peach,Winter,4.8,0,Store Pickup,0,0,45.0,Credit Card,Weekly,57.0,2.98754072091581,30.1414806490052,2.98754072091581,21.981750767505613,Good,4,5,4,454,Champion
2423,2424,49,Male,Backpack,Accessories,81.0,West Virginia,M,Purple,Summer,2.8,0,Free Shipping,0,0,7.0,Credit Card,Every 3 Months,4.0,-1.0693928021849861,70.44491458702274,-1.0693928021849861,57.50690577631224,Average,2,1,4,214,About to Sleep
2424,2425,49,Male,Jewelry,Accessories,57.0,Delaware,M,Peach,Winter,4.5,0,Next Day Air,0,0,28.0,Bank Transfer,Bi-Weekly,114.0,2.2435961282793278,37.53216663686748,2.2435961282793278,28.49621466514781,Good,5,3,3,533,Potential Loyalist
2425,2426,58,Male,Shoes,Footwear,49.0,North Dakota,S,Olive,Summer,3.0,0,2-Day Shipping,0,0,34.0,Bank Transfer,Quarterly,3.0,-0.5776010736657231,65.5592305281698,-0.5776010736657231,53.20045675805415,Average,1,4,2,142,Need Attention
2426,2427,70,Male,Jacket,Outerwear,42.0,Florida,M,Olive,Fall,4.6,0,Free Shipping,0,0,26.0,Debit Card,Every 3 Months,4.0,-1.4008792733173068,73.73805286857305,-1.4008792733173068,60.409617443447786,Good,2,3,2,232,Need Attention
2427,2428,27,Male,Jacket,Outerwear,26.0,Oregon,M,Purple,Spring,3.3,0,Standard,0,0,45.0,Cash,Quarterly,3.0,-0.7872934641210595,67.64241068330386,-0.7872934641210595,55.0366600462459,Average,1,5,1,151,Need Attention
2428,2429,65,Male,T-shirt,Clothing,38.0,Idaho,M,Violet,Spring,4.4,0,Next Day Air,0,0,34.0,Debit Card,Annually,1.0,-1.0943116959041446,70.69247027929619,-1.0943116959041446,57.725111856589464,Good,1,4,2,142,Need Attention
2429,2430,57,Male,Sneakers,Footwear,57.0,Virginia,XL,Maroon,Summer,4.4,0,Standard,0,0,47.0,Credit Card,Fortnightly,28.0,1.3130240174304095,46.776895785274846,1.3130240174304095,36.64491079155433,Good,3,5,3,353,Loyal Customer
2430,2431,20,Male,Jacket,Outerwear,100.0,North Dakota,XL,White,Summer,4.3,0,Express,0,0,42.0,Cash,Quarterly,3.0,2.129715323797684,38.66351065670396,2.129715323797684,29.49342923834739,Good,1,5,5,155,At Risk
2431,2432,34,Male,Hoodie,Clothing,73.0,Alabama,S,Olive,Fall,3.4,0,Express,0,0,27.0,Bank Transfer,Every 3 Months,4.0,-0.022661059093975866,60.046202501089866,-0.022661059093975866,48.3410401750625,Average,2,3,4,234,At Risk
2432,2433,59,Male,Jacket,Outerwear,66.0,Hawaii,M,Peach,Winter,2.8,0,Store Pickup,0,0,43.0,Venmo,Monthly,12.0,0.9983082075405567,49.90342664433872,0.9983082075405567,39.40076761454555,Average,3,5,3,353,Loyal Customer
2433,2434,54,Male,T-shirt,Clothing,73.0,Oregon,M,Blue,Spring,3.4,0,Standard,0,0,16.0,Cash,Bi-Weekly,114.0,2.0884830130989362,39.07313129773647,2.0884830130989362,29.85448623388443,Average,5,2,4,524,Potential Loyalist
2434,2435,36,Male,Gloves,Accessories,45.0,Utah,M,Brown,Spring,5.0,0,Store Pickup,0,0,40.0,Credit Card,Monthly,12.0,-0.09610830936662751,60.7758610923478,-0.09610830936662751,48.98419218533066,Good,3,4,2,342,Loyal Customer
2435,2436,21,Male,Sneakers,Footwear,27.0,Hawaii,S,Black,Fall,4.5,0,Free Shipping,0,0,29.0,Cash,Bi-Weekly,114.0,1.0460570415091681,49.42906787939638,1.0460570415091681,38.98264769254886,Good,5,3,1,531,Potential Loyalist
2436,2437,52,Male,T-shirt,Clothing,24.0,Connecticut,M,Yellow,Fall,2.7,0,Store Pickup,0,0,38.0,Credit Card,Quarterly,3.0,-1.3563321159204338,73.2955010236764,-1.3563321159204338,60.019533488974695,Average,1,4,1,141,Need Attention
2437,2438,43,Male,Sneakers,Footwear,59.0,Wyoming,XL,Magenta,Winter,3.4,0,Store Pickup,0,0,34.0,Credit Card,Weekly,57.0,1.2548587532449071,47.35473613420814,1.2548587532449071,37.15424376793962,Average,4,4,3,443,Loyal Customer
2438,2439,32,Male,Jeans,Clothing,20.0,Delaware,S,Cyan,Winter,3.4,0,Express,0,0,30.0,Venmo,Weekly,57.0,-0.668844094067323,66.46568044264866,-0.668844094067323,53.99944013423751,Average,4,3,1,431,Potential Loyalist
2439,2440,55,Male,Handbag,Accessories,44.0,Arkansas,M,Maroon,Summer,2.8,0,Standard,0,0,45.0,Bank Transfer,Annually,1.0,-0.07946373014946095,60.61050622639169,-0.07946373014946095,48.83844139760411,Average,1,5,2,152,Need Attention
2440,2441,31,Male,Socks,Clothing,90.0,Indiana,M,Red,Spring,4.7,0,Standard,0,0,47.0,Bank Transfer,Annually,1.0,2.001364225905466,39.93860919241208,2.001364225905466,30.617355135138148,Good,1,5,5,155,At Risk
2441,2442,45,Male,Jewelry,Accessories,36.0,California,M,Black,Fall,4.7,0,Free Shipping,0,0,5.0,Credit Card,Monthly,12.0,-2.8990760388390147,88.62182506289884,-2.8990760388390147,73.52880513183058,Good,3,1,2,312,Need Attention
2442,2443,53,Male,Blouse,Clothing,95.0,Wyoming,L,Violet,Winter,4.7,0,Free Shipping,0,0,50.0,Debit Card,Bi-Weekly,114.0,5.371155827425264,6.461557516955008,5.371155827425264,1.1092628014321209,Good,5,5,5,555,Champion
2443,2444,24,Male,Backpack,Accessories,30.0,South Dakota,M,Green,Spring,3.4,0,2-Day Shipping,0,0,24.0,Bank Transfer,Bi-Weekly,114.0,0.8265996352608991,51.609258169567916,0.8265996352608991,40.90435982571726,Average,5,3,1,531,Potential Loyalist
2444,2445,47,Male,Scarf,Accessories,65.0,West Virginia,S,Gold,Fall,3.7,0,Express,0,0,15.0,Debit Card,Bi-Weekly,114.0,1.6814519779387247,43.11676384505117,1.6814519779387247,33.41871535795684,Average,5,2,3,523,Potential Loyalist
2445,2446,63,Male,Scarf,Accessories,96.0,Tennessee,M,Brown,Summer,4.1,0,Store Pickup,0,0,50.0,Cash,Weekly,57.0,3.924832129080297,20.82999892653521,3.924832129080297,13.774216092888572,Good,4,5,5,455,Champion
2446,2447,38,Male,Shirt,Clothing,65.0,Alaska,L,Peach,Spring,2.9,0,2-Day Shipping,0,0,7.0,Credit Card,Monthly,12.0,-1.5360820847003072,75.08121946121766,-1.5360820847003072,61.59354141081328,Average,3,1,3,313,Need Attention
2447,2448,59,Male,Pants,Clothing,47.0,South Dakota,L,Peach,Fall,3.2,0,Store Pickup,0,0,10.0,Venmo,Fortnightly,28.0,-1.6706228394951492,76.41780888078017,-1.6706228394951492,62.77166797903849,Average,3,1,2,312,Need Attention
2448,2449,54,Male,Hat,Accessories,25.0,Tennessee,S,Violet,Fall,3.0,0,Free Shipping,0,0,38.0,PayPal,Bi-Weekly,114.0,1.5846471731392964,44.07846707062791,1.5846471731392964,34.266401344556016,Average,5,4,1,541,Loyal Customer
2449,2450,26,Male,Coat,Outerwear,56.0,Alabama,S,Violet,Fall,4.1,0,Express,0,0,31.0,Venmo,Fortnightly,28.0,0.1631697044764237,58.20007466572753,0.1631697044764237,46.71378484942,Good,3,4,3,343,Loyal Customer
2450,2451,68,Male,T-shirt,Clothing,76.0,North Carolina,M,Magenta,Fall,4.5,0,Standard,0,0,7.0,Venmo,Quarterly,3.0,-1.3066353485419553,72.80179059693009,-1.3066353485419553,59.58435619200788,Good,1,1,4,114,Need Attention
2451,2452,41,Male,Socks,Clothing,60.0,Oklahoma,M,Purple,Fall,3.4,0,Store Pickup,0,0,27.0,Venmo,Monthly,12.0,-0.3626737530358465,63.42404418134977,-0.3626737530358465,51.318413008131415,Average,3,3,3,333,Promising
2452,2453,68,Male,Shirt,Clothing,67.0,New York,L,Purple,Winter,4.1,0,Express,0,0,45.0,Bank Transfer,Every 3 Months,4.0,0.9700681451173137,50.183976346176266,0.9700681451173137,39.648056013364894,Good,2,5,3,253,At Risk
2453,2454,21,Male,Sweater,Clothing,95.0,Iowa,XL,Cyan,Spring,4.6,0,Store Pickup,0,0,13.0,Cash,Annually,1.0,-0.1412192912598098,61.22401422777837,-0.1412192912598098,49.379213354701434,Good,1,2,5,125,Need Attention
2454,2455,32,Male,Gloves,Accessories,72.0,Alaska,M,Magenta,Winter,4.6,0,Express,0,0,33.0,Venmo,Annually,1.0,0.2721295089639487,57.1176181115206,0.2721295089639487,45.75966176061227,Good,1,4,4,144,At Risk
2455,2456,20,Male,Belt,Accessories,98.0,Alaska,L,Lavender,Spring,3.4,0,Express,0,0,25.0,Cash,Every 3 Months,4.0,0.8945235810894225,50.934470611940654,0.8945235810894225,40.30957347030176,Average,2,3,5,235,At Risk
2456,2457,59,Male,Jeans,Clothing,83.0,Nebraska,M,Green,Winter,3.3,0,2-Day Shipping,0,0,5.0,PayPal,Monthly,12.0,-0.9144761511882928,68.90590169125016,-0.9144761511882928,56.15035457606079,Average,3,1,4,314,Need Attention
2457,2458,53,Male,Handbag,Accessories,37.0,Delaware,M,Maroon,Fall,3.6,0,2-Day Shipping,0,0,23.0,Cash,Quarterly,3.0,-1.8458022165673076,78.15812096894435,-1.8458022165673076,64.30565281990373,Average,1,3,2,132,Need Attention
2458,2459,66,Male,T-shirt,Clothing,85.0,Texas,L,Turquoise,Fall,4.6,0,Free Shipping,0,0,17.0,Bank Transfer,Weekly,57.0,1.1758669384876306,48.139476966066944,1.1758669384876306,37.84594759983636,Good,4,2,5,425,Potential Loyalist
2459,2460,47,Male,Socks,Clothing,36.0,Missouri,L,Violet,Fall,4.3,0,2-Day Shipping,0,0,14.0,Cash,Weekly,57.0,-1.1008644051050902,70.7575678908029,-1.1008644051050902,57.78249165065454,Good,4,2,2,422,Potential Loyalist
2460,2461,58,Male,Jeans,Clothing,36.0,Maine,S,Lavender,Winter,4.0,0,Store Pickup,0,0,28.0,Credit Card,Annually,1.0,-1.594123548739175,75.65782992284741,-1.594123548739175,62.10179031239815,Good,1,3,2,132,Need Attention
2461,2462,28,Male,Scarf,Accessories,86.0,Pennsylvania,L,Red,Summer,4.8,0,Next Day Air,0,0,19.0,Credit Card,Weekly,57.0,1.356546065940802,46.34452784111265,1.356546065940802,36.26380335885212,Good,4,2,5,425,Potential Loyalist
2462,2463,68,Male,Pants,Clothing,99.0,Missouri,XL,Orange,Spring,4.3,0,Standard,0,0,31.0,Bank Transfer,Bi-Weekly,114.0,4.224748765200665,17.850489831313254,4.224748765200665,11.147950484337905,Good,5,4,5,545,Champion
2463,2464,60,Male,Blouse,Clothing,21.0,Mississippi,XL,Indigo,Summer,3.3,0,Standard,0,0,25.0,Cash,Bi-Weekly,114.0,0.5157966685048918,54.696917054551676,0.5157966685048918,43.62595324309349,Average,5,3,1,531,Potential Loyalist
2464,2465,47,Male,Jacket,Outerwear,84.0,Hawaii,L,Teal,Winter,2.8,0,Express,0,0,4.0,Cash,Bi-Weekly,114.0,1.7222422502961274,42.71153461516381,1.7222422502961274,33.06152913834124,Average,5,1,4,514,Recent Customer
2465,2466,18,Male,Sandals,Footwear,63.0,Texas,M,Brown,Spring,4.4,0,Free Shipping,0,0,20.0,Bank Transfer,Weekly,57.0,0.45458568584202635,55.30501496445982,0.45458568584202635,44.16195651624489,Good,4,2,3,423,Potential Loyalist
2466,2467,32,Male,Shorts,Clothing,84.0,South Dakota,S,Pink,Summer,3.7,0,Express,0,0,37.0,Cash,Annually,1.0,1.0557430591151258,49.332842548495265,1.0557430591151258,38.8978306072034,Average,1,4,4,144,At Risk
2467,2468,27,Male,Shorts,Clothing,72.0,New Jersey,M,Lavender,Spring,3.6,0,Express,0,0,28.0,Credit Card,Annually,1.0,-0.07400448585777064,60.556271595627166,-0.07400448585777064,48.790636695212775,Average,1,3,4,134,At Risk
2468,2469,65,Male,Skirt,Clothing,21.0,Connecticut,L,Cyan,Winter,3.7,0,2-Day Shipping,0,0,6.0,Venmo,Weekly,57.0,-2.288061739687093,82.5517294350485,-2.288061739687093,68.17836555317592,Average,4,1,1,411,Recent Customer
2469,2470,68,Male,Sandals,Footwear,92.0,Maryland,M,Yellow,Fall,5.0,0,Standard,0,0,27.0,PayPal,Annually,1.0,0.7012793056675545,52.854247666215,0.7012793056675545,42.001746339252115,Good,1,3,5,135,At Risk
2470,2471,55,Male,Blouse,Clothing,72.0,Arizona,XL,Pink,Fall,2.7,0,Next Day Air,0,0,29.0,Credit Card,Fortnightly,28.0,0.7003245789394711,52.86373235838339,0.7003245789394711,42.010106548955605,Average,3,3,4,334,Promising
2471,2472,30,Male,Sandals,Footwear,83.0,Oklahoma,M,Gray,Spring,4.3,0,Store Pickup,0,0,1.0,Cash,Annually,1.0,-1.4786472331257379,74.5106353653742,-1.4786472331257379,61.09060440347112,Good,1,1,4,114,Need Attention
2472,2473,24,Male,Shirt,Clothing,73.0,Utah,M,Peach,Summer,4.1,0,Standard,0,0,31.0,Credit Card,Annually,1.0,0.17590144055974455,58.073591773851554,0.17590144055974455,46.60229746730843,Good,1,4,4,144,At Risk
2473,2474,57,Male,Socks,Clothing,98.0,Arkansas,M,Red,Winter,2.6,0,Next Day Air,0,0,28.0,Cash,Quarterly,3.0,1.0760890792479025,49.13071587482569,1.0760890792479025,38.719667589516895,Average,1,3,5,135,At Risk
2474,2475,23,Male,T-shirt,Clothing,76.0,North Carolina,M,Olive,Fall,3.2,0,Store Pickup,0,0,19.0,Bank Transfer,Quarterly,3.0,-0.4759137609698284,64.54902223507433,-0.4759137609698284,52.310016348966656,Average,1,2,4,124,Need Attention
2475,2476,69,Male,Dress,Clothing,43.0,California,S,Lavender,Summer,3.5,0,Next Day Air,0,0,36.0,Venmo,Monthly,12.0,-0.45746656427297006,64.3657593422564,-0.45746656427297006,52.14848066729915,Average,3,4,2,342,Loyal Customer
2476,2477,60,Male,Hat,Accessories,60.0,Colorado,M,Turquoise,Summer,3.7,0,Next Day Air,0,0,28.0,Cash,Monthly,12.0,-0.29344695407150256,62.73631348452846,-0.29344695407150256,50.71221802121131,Average,3,3,3,333,Promising
2477,2478,25,Male,Gloves,Accessories,40.0,California,L,Turquoise,Spring,3.8,0,2-Day Shipping,0,0,29.0,PayPal,Weekly,57.0,0.10643969745800208,58.7636565132365,0.10643969745800208,47.21054977827685,Average,4,3,2,432,Potential Loyalist
2478,2479,18,Male,Socks,Clothing,93.0,Vermont,S,Maroon,Winter,4.8,0,2-Day Shipping,0,0,9.0,Bank Transfer,Every 3 Months,4.0,-0.424232849962497,64.03560041764003,-0.424232849962497,51.857464596743576,Good,2,1,5,215,About to Sleep
2479,2480,37,Male,Dress,Clothing,98.0,Kansas,S,Olive,Fall,4.2,0,Standard,0,0,26.0,Credit Card,Every 3 Months,4.0,0.9637503800537666,50.24673991511934,0.9637503800537666,39.70337848338165,Good,2,3,5,235,At Risk
2480,2481,61,Male,Socks,Clothing,91.0,Ohio,XL,Maroon,Summer,2.9,0,Next Day Air,0,0,7.0,Credit Card,Fortnightly,28.0,-0.020379937310909146,60.02354079353047,-0.020379937310909146,48.32106518546112,Average,3,1,5,315,Need Attention
2481,2482,41,Male,Belt,Accessories,92.0,New Jersey,XL,Cyan,Fall,2.9,0,Free Shipping,0,0,35.0,Debit Card,Weekly,57.0,2.717528026517205,32.8239103041016,2.717528026517205,24.346157965266254,Average,4,4,5,445,Champion
2482,2483,69,Male,Handbag,Accessories,87.0,Arizona,S,Peach,Winter,4.8,0,Next Day Air,0,0,46.0,Credit Card,Every 3 Months,4.0,1.8838055345713265,41.106491023121485,1.8838055345713265,31.646775683564027,Good,2,5,5,255,At Risk
2483,2484,32,Male,Skirt,Clothing,96.0,Arizona,S,Teal,Fall,2.9,0,Standard,0,0,8.0,Debit Card,Monthly,12.0,-0.15786387047697636,61.38936909373448,-0.15786387047697636,49.52496414242799,Average,3,1,5,315,Need Attention
2484,2485,60,Male,Hoodie,Clothing,97.0,New Hampshire,M,Green,Summer,4.8,0,2-Day Shipping,0,0,50.0,Cash,Every 3 Months,4.0,2.582968025673537,34.160690922719496,2.582968025673537,25.524453064443236,Good,2,5,5,255,At Risk
2485,2486,43,Male,Blouse,Clothing,55.0,Louisiana,M,Beige,Spring,4.6,0,2-Day Shipping,0,0,37.0,Bank Transfer,Annually,1.0,-0.16879729709489422,61.4979867565338,-0.16879729709489422,49.62070435438051,Good,1,4,3,143,At Risk
2486,2487,61,Male,Jeans,Clothing,58.0,Texas,L,Magenta,Spring,4.4,0,Store Pickup,0,0,6.0,Credit Card,Fortnightly,28.0,-1.4830492105832072,74.55436662363701,-1.4830492105832072,61.129150988134484,Good,3,1,3,313,Need Attention
2487,2488,57,Male,Boots,Footwear,21.0,Montana,L,Violet,Spring,3.0,0,Next Day Air,0,0,16.0,PayPal,Bi-Weekly,114.0,-0.1072445221742031,60.88649332594348,-0.1072445221742031,49.08170812537441,Average,5,2,1,521,Potential Loyalist
2488,2489,56,Male,Handbag,Accessories,82.0,New Hampshire,XL,Charcoal,Summer,4.4,0,Express,0,0,30.0,PayPal,Monthly,12.0,0.7739682933958212,52.132122002029014,0.7739682933958212,41.36523417020227,Good,3,3,4,334,Promising
2489,2490,66,Male,Coat,Outerwear,34.0,South Dakota,M,Green,Winter,3.9,0,Express,0,0,50.0,Venmo,Quarterly,3.0,-0.1033552331034725,60.8478553487039,-0.1033552331034725,49.04765097449308,Average,1,5,1,151,Need Attention
2490,2491,52,Male,Blouse,Clothing,78.0,Montana,M,Gray,Spring,4.0,0,Free Shipping,0,0,5.0,Cash,Every 3 Months,4.0,-1.3345229886871244,73.07883917460038,-1.3345229886871244,59.828558551584564,Good,2,1,4,214,About to Sleep
2491,2492,63,Male,Handbag,Accessories,47.0,North Carolina,M,Magenta,Spring,2.5,0,Express,0,0,15.0,Bank Transfer,Monthly,12.0,-1.7423272244262582,77.13015305025729,-1.7423272244262582,63.399558324045145,Poor,3,2,2,322,Promising
2492,2493,50,Male,Sunglasses,Accessories,96.0,South Dakota,S,Silver,Summer,4.1,0,Next Day Air,0,0,34.0,Bank Transfer,Bi-Weekly,114.0,4.305752573520246,17.045760934784333,4.305752573520246,10.438628325009708,Good,5,4,5,545,Champion
2493,2494,21,Male,Socks,Clothing,23.0,Maine,S,Beige,Fall,4.8,0,2-Day Shipping,0,0,6.0,Venmo,Every 3 Months,4.0,-3.5877003135693704,95.46293369992111,-3.5877003135693704,79.55884825758656,Good,2,1,1,211,About to Sleep
2494,2495,42,Male,Shoes,Footwear,27.0,Oklahoma,S,Peach,Winter,2.6,0,Store Pickup,0,0,26.0,Debit Card,Annually,1.0,-2.112606912388214,80.8086808982951,-2.112606912388214,66.6419686905347,Average,1,3,1,131,Lost
2495,2496,40,Male,Backpack,Accessories,37.0,Nebraska,XL,Orange,Spring,3.1,0,Free Shipping,0,0,34.0,Credit Card,Every 3 Months,4.0,-1.0581925292249728,70.3336459505609,-1.0581925292249728,57.40882888380716,Average,2,4,2,242,Need Attention
2496,2497,67,Male,Scarf,Accessories,79.0,Illinois,S,Yellow,Summer,3.2,0,Store Pickup,0,0,37.0,Credit Card,Weekly,57.0,2.307049740627608,36.90178941751073,2.307049740627608,27.940573464298545,Average,4,4,4,444,Champion
2497,2498,35,Male,Backpack,Accessories,40.0,Colorado,M,Violet,Summer,4.2,0,Standard,0,0,28.0,Bank Transfer,Annually,1.0,-1.425221430641241,73.97987899760071,-1.425221430641241,60.622773243821996,Good,1,3,2,132,Need Attention
2498,2499,18,Male,Coat,Outerwear,39.0,Massachusetts,S,Green,Fall,2.6,0,Next Day Air,0,0,38.0,Cash,Fortnightly,28.0,-0.07007670468938765,60.51725122027679,-0.07007670468938765,48.75624248242794,Average,3,4,2,342,Loyal Customer
2499,2500,52,Male,Hoodie,Clothing,73.0,Louisiana,L,Pink,Summer,3.1,0,Next Day Air,0,0,2.0,Cash,Quarterly,3.0,-1.7794459319371252,77.49890727497166,-1.7794459319371252,63.724593928040505,Average,1,1,4,114,Need Attention
2500,2501,59,Male,Gloves,Accessories,84.0,Massachusetts,M,Violet,Fall,2.9,0,Store Pickup,0,0,32.0,Cash,Bi-Weekly,114.0,3.6605926212977566,23.455075104167044,3.6605926212977566,16.088069504578375,Average,5,4,4,544,Champion
2501,2502,49,Male,Shorts,Clothing,94.0,West Virginia,M,Violet,Fall,4.6,0,Free Shipping,0,0,30.0,Venmo,Bi-Weekly,114.0,3.944394318613903,20.635659184692937,3.944394318613903,13.602916806978198,Good,5,3,5,535,Potential Loyalist
2502,2503,46,Male,Skirt,Clothing,47.0,Idaho,L,Pink,Spring,4.1,0,Standard,0,0,17.0,PayPal,Every 3 Months,4.0,-1.8127928163739844,77.8301904834065,-1.8127928163739844,64.01660099000851,Good,2,2,2,222,About to Sleep
2503,2504,69,Male,Boots,Footwear,77.0,Ohio,M,Violet,Summer,2.5,0,Store Pickup,0,0,5.0,Debit Card,Bi-Weekly,114.0,1.495890342589087,44.960218037524214,1.495890342589087,35.043614021429406,Poor,5,1,4,514,Recent Customer
2504,2505,56,Male,Shorts,Clothing,94.0,Rhode Island,M,Turquoise,Winter,4.0,0,Store Pickup,0,0,31.0,Cash,Bi-Weekly,114.0,4.013621117578247,19.94792848787162,4.013621117578247,12.996721820058097,Good,5,4,5,545,Champion
2505,2506,27,Male,Handbag,Accessories,75.0,Illinois,M,Cyan,Summer,3.5,0,Express,0,0,43.0,PayPal,Quarterly,3.0,1.1433038846499417,48.46297324267449,1.1433038846499417,38.131090930028236,Average,1,5,4,154,At Risk
2506,2507,57,Male,Dress,Clothing,82.0,New York,XL,Orange,Spring,4.4,0,Free Shipping,0,0,19.0,Venmo,Annually,1.0,-0.27479038129203115,62.55097055390224,-0.27479038129203115,50.54884890605331,Good,1,2,4,124,Need Attention
2507,2508,58,Male,Shoes,Footwear,36.0,Louisiana,M,Cyan,Fall,2.9,0,Store Pickup,0,0,32.0,Credit Card,Every 3 Months,4.0,-1.2388716566781441,72.12859507551522,-1.2388716566781441,58.9909731247914,Average,2,4,2,242,Need Attention
2508,2509,23,Male,Sneakers,Footwear,90.0,California,XL,Indigo,Spring,3.1,0,2-Day Shipping,0,0,5.0,Debit Card,Bi-Weekly,114.0,2.044822226407372,39.50687753047246,2.044822226407372,30.23680854855691,Average,5,1,5,515,Recent Customer
2509,2510,19,Male,Socks,Clothing,48.0,Washington,M,Black,Spring,4.4,0,Free Shipping,0,0,9.0,Bank Transfer,Quarterly,3.0,-2.350496577298804,83.17198568001433,-2.350496577298804,68.72508569820074,Good,1,1,2,112,Hibernating
2510,2511,40,Male,Jacket,Outerwear,42.0,South Dakota,L,Purple,Winter,4.4,0,Standard,0,0,48.0,Credit Card,Weekly,57.0,1.506199936829503,44.85779781100821,1.506199936829503,34.953336492506835,Good,4,5,2,452,Loyal Customer
2511,2512,54,Male,Backpack,Accessories,33.0,Idaho,M,Cyan,Summer,2.7,0,Store Pickup,0,0,1.0,PayPal,Quarterly,3.0,-3.5376939118808073,94.96614722425993,-3.5376939118808073,79.12095960072214,Average,1,1,1,111,Hibernating
2512,2513,50,Male,Socks,Clothing,63.0,North Dakota,M,Green,Summer,4.9,0,Free Shipping,0,0,20.0,Credit Card,Monthly,12.0,-0.7205847572128035,66.97969586516395,-0.7205847572128035,54.452515115140024,Good,3,2,3,323,Promising
2513,2514,69,Male,Handbag,Accessories,53.0,Washington,L,Teal,Winter,3.5,0,2-Day Shipping,0,0,42.0,Cash,Annually,1.0,0.09288563867785826,58.89830873505058,0.09288563867785826,47.32923795406808,Average,1,5,3,153,At Risk
2514,2515,42,Male,Hat,Accessories,37.0,Alaska,L,Teal,Spring,4.8,0,Free Shipping,0,0,45.0,PayPal,Bi-Weekly,114.0,2.575941120183505,34.23049941713863,2.575941120183505,25.585985230386836,Good,5,5,2,552,Loyal Customer
2515,2516,37,Male,Blouse,Clothing,92.0,Kansas,M,Magenta,Summer,4.2,0,2-Day Shipping,0,0,41.0,Cash,Monthly,12.0,1.9577183772484383,40.372207023877834,1.9577183772484383,30.99954664264077,Good,3,5,5,355,Loyal Customer
2516,2517,46,Male,Shorts,Clothing,73.0,Utah,XL,Brown,Spring,4.6,0,Standard,0,0,36.0,Debit Card,Quarterly,3.0,0.5742652328505674,54.11606358304702,0.5742652328505674,43.113964372757025,Good,1,4,4,144,At Risk
2517,2518,64,Male,Shirt,Clothing,38.0,Wyoming,L,Orange,Spring,2.9,0,Standard,0,0,10.0,Venmo,Annually,1.0,-2.755754871048398,87.19800700300769,-2.755754871048398,72.2737915426719,Average,1,1,2,112,Hibernating
2518,2519,20,Male,Boots,Footwear,51.0,Maine,XL,Blue,Fall,4.0,0,Store Pickup,0,0,31.0,Venmo,Annually,1.0,-0.7530602089788914,67.30232186270837,-0.7530602089788914,54.73689134447728,Good,1,4,2,142,Need Attention
2519,2520,40,Male,Jacket,Outerwear,90.0,Michigan,L,Magenta,Spring,4.9,0,Standard,0,0,21.0,Credit Card,Quarterly,3.0,0.2536972503016278,57.30073260306826,0.2536972503016278,45.92106663510991,Good,1,3,5,135,At Risk
2520,2521,64,Male,Jacket,Outerwear,56.0,Illinois,L,Magenta,Summer,3.1,0,Next Day Air,0,0,16.0,Cash,Every 3 Months,4.0,-1.5019898496179773,74.74253159842274,-1.5019898496179773,61.29500757263228,Average,2,2,3,223,About to Sleep
2521,2522,29,Male,Handbag,Accessories,33.0,Minnesota,M,Magenta,Fall,4.4,0,Standard,0,0,18.0,PayPal,Every 3 Months,4.0,-2.3347234307524087,83.01528802494862,-2.3347234307524087,68.58696574310494,Good,2,2,1,221,About to Sleep
2522,2523,20,Male,Belt,Accessories,53.0,Massachusetts,S,Olive,Winter,2.5,0,2-Day Shipping,0,0,20.0,Debit Card,Weekly,57.0,0.032330390597191894,59.49989227757656,0.032330390597191894,47.85949918768528,Poor,4,2,3,423,Potential Loyalist
2523,2524,43,Male,Handbag,Accessories,24.0,New Jersey,S,Cyan,Spring,3.4,0,Express,0,0,21.0,Bank Transfer,Annually,1.0,-2.5854174957833833,85.50579757633668,-2.5854174957833833,70.78220642656733,Average,1,3,1,131,Lost
2524,2525,60,Male,Coat,Outerwear,59.0,Kansas,M,Purple,Spring,3.7,0,Express,0,0,23.0,Credit Card,Quarterly,3.0,-0.9168405670286714,68.92939088008752,-0.9168405670286714,56.171058942734895,Average,1,3,3,133,At Risk
2525,2526,39,Male,Sweater,Clothing,72.0,Kentucky,M,Purple,Winter,4.2,0,Standard,0,0,20.0,PayPal,Weekly,57.0,0.8346154515623774,51.529625382654764,0.8346154515623774,40.83416811194856,Good,4,2,4,424,Potential Loyalist
2526,2527,47,Male,Shorts,Clothing,28.0,Rhode Island,S,Peach,Spring,3.4,0,Express,0,0,30.0,PayPal,Bi-Weekly,114.0,1.1575093699979955,48.3218494512634,1.1575093699979955,38.00669843848471,Average,5,3,1,531,Potential Loyalist
2527,2528,19,Male,Pants,Clothing,36.0,Illinois,M,Gold,Fall,3.6,0,Express,0,0,33.0,Bank Transfer,Every 3 Months,4.0,-1.1696448577138003,71.4408643786939,-1.1696448577138003,58.384778137871294,Average,2,4,2,242,Need Attention
2528,2529,52,Male,Jewelry,Accessories,47.0,Alabama,S,Peach,Fall,4.7,0,2-Day Shipping,0,0,31.0,Debit Card,Monthly,12.0,-0.6346984409967557,66.12646190111627,-0.6346984409967557,53.7004385333235,Good,3,4,2,342,Loyal Customer
2529,2530,34,Male,Gloves,Accessories,62.0,Tennessee,M,Magenta,Spring,4.7,0,Next Day Air,0,0,48.0,Bank Transfer,Monthly,12.0,1.1755400842643422,48.142724085478854,1.1755400842643422,37.8488097485212,Good,3,5,3,353,Loyal Customer
2530,2531,25,Male,Skirt,Clothing,98.0,Massachusetts,S,Cyan,Spring,3.6,0,Free Shipping,0,0,28.0,Debit Card,Weekly,57.0,2.486293610913698,35.12109879398076,2.486293610913698,26.370997270842743,Average,4,3,5,435,Potential Loyalist
2531,2532,43,Male,Sandals,Footwear,28.0,Texas,M,Violet,Summer,4.6,0,Free Shipping,0,0,7.0,Cash,Every 3 Months,4.0,-3.307345866982609,92.67776434654142,-3.307345866982609,77.10388193494624,Good,2,1,1,211,About to Sleep
2532,2533,55,Male,Socks,Clothing,86.0,Nebraska,S,Charcoal,Summer,2.6,0,Next Day Air,0,0,4.0,Debit Card,Weekly,57.0,0.31814408147564355,56.660488293432344,0.31814408147564355,45.35672816265365,Average,4,1,5,415,Recent Customer
2533,2534,66,Male,Jewelry,Accessories,46.0,Pennsylvania,S,Blue,Summer,3.1,0,Standard,0,0,49.0,Cash,Bi-Weekly,114.0,3.232878081761232,27.70418704804832,3.232878081761232,19.833416878410084,Average,5,5,2,552,Loyal Customer
2534,2535,41,Male,Sunglasses,Accessories,42.0,Virginia,XL,Red,Fall,3.2,0,Free Shipping,0,0,22.0,Cash,Weekly,57.0,-0.29369683624343834,62.73879592836234,-0.29369683624343834,50.71440615242949,Average,4,3,2,432,Potential Loyalist
2535,2536,47,Male,Coat,Outerwear,80.0,Vermont,S,Purple,Winter,3.9,0,Express,0,0,39.0,Bank Transfer,Fortnightly,28.0,1.7303968047787777,42.630523539676865,1.7303968047787777,32.99012254260227,Average,3,4,4,344,Loyal Customer
2536,2537,51,Male,Belt,Accessories,39.0,Oklahoma,L,Gray,Spring,4.9,0,Express,0,0,45.0,PayPal,Every 3 Months,4.0,-0.2122466815682229,61.92963282290312,-0.2122466815682229,50.00117549339795,Good,2,5,2,252,Need Attention
2537,2538,44,Male,Coat,Outerwear,49.0,Maine,M,Purple,Summer,4.1,0,2-Day Shipping,0,0,30.0,PayPal,Fortnightly,28.0,-0.20163580115930435,61.82421948173056,-0.20163580115930435,49.90825970634838,Good,3,3,2,332,Promising
2538,2539,18,Male,Scarf,Accessories,32.0,New Jersey,M,Silver,Summer,4.2,0,Next Day Air,0,0,33.0,Credit Card,Bi-Weekly,114.0,1.5340918849889609,44.580706435552756,1.5340918849889609,34.70909640914826,Good,5,4,1,541,Loyal Customer
2539,2540,33,Male,Sandals,Footwear,73.0,Massachusetts,M,Purple,Fall,4.1,0,Next Day Air,0,0,24.0,Cash,Bi-Weekly,114.0,2.6422974048136876,33.57128572316596,2.6422974048136876,25.004926338523614,Good,5,3,4,534,Potential Loyalist
2540,2541,24,Male,Belt,Accessories,42.0,New Jersey,M,Charcoal,Summer,3.9,0,Free Shipping,0,0,11.0,Debit Card,Quarterly,3.0,-2.465396156517017,84.31345067424174,-2.465396156517017,69.73122132722476,Average,1,2,2,122,Hibernating
2541,2542,33,Male,Scarf,Accessories,58.0,Washington,M,Silver,Spring,2.7,0,Next Day Air,0,0,13.0,Venmo,Every 3 Months,4.0,-1.625219187462042,75.96674822626335,-1.625219187462042,62.3740839991045,Average,2,2,3,223,About to Sleep
2542,2543,61,Male,Jewelry,Accessories,22.0,Arkansas,M,White,Winter,3.7,0,Express,0,0,27.0,PayPal,Annually,1.0,-2.254507761046287,82.21838885803214,-2.254507761046287,67.88454503933478,Average,1,3,1,131,Lost
2543,2544,27,Male,Scarf,Accessories,56.0,West Virginia,L,Peach,Spring,2.7,0,Next Day Air,0,0,30.0,PayPal,Bi-Weekly,114.0,2.3398241966835323,36.57619297453653,2.3398241966835323,27.653578958451646,Average,5,3,3,533,Potential Loyalist
2544,2545,46,Male,Pants,Clothing,70.0,Delaware,M,Red,Spring,2.5,0,Next Day Air,0,0,39.0,Venmo,Quarterly,3.0,0.6552690411701488,53.31133468651811,0.6552690411701488,42.404642213428836,Poor,1,4,4,144,At Risk
2545,2546,38,Male,Shoes,Footwear,50.0,Texas,L,Olive,Spring,3.9,0,Free Shipping,0,0,10.0,Debit Card,Annually,1.0,-2.2490485167545966,82.16415422726762,-2.2490485167545966,67.83674033694346,Average,1,1,2,112,Hibernating
2546,2547,63,Male,Boots,Footwear,21.0,Texas,L,Gray,Summer,3.0,0,Express,0,0,4.0,Credit Card,Quarterly,3.0,-3.836719869281577,97.93680790953606,-3.836719869281577,81.73942584569028,Average,1,1,1,111,Hibernating
2547,2548,47,Male,Jacket,Outerwear,97.0,Mississippi,M,Beige,Summer,3.2,0,2-Day Shipping,0,0,16.0,Cash,Weekly,57.0,1.613346493817088,43.79335488714818,1.613346493817088,34.01509138102801,Average,4,2,5,425,Potential Loyalist
2548,2549,42,Male,Backpack,Accessories,63.0,Texas,L,Pink,Winter,3.8,0,Standard,0,0,34.0,Credit Card,Monthly,12.0,0.24859042828801114,57.35146610966556,0.24859042828801114,45.96578529825859,Average,3,4,3,343,Loyal Customer
2549,2550,41,Male,Jacket,Outerwear,60.0,Virginia,M,Red,Fall,2.7,0,Standard,0,0,11.0,Debit Card,Every 3 Months,4.0,-1.679221726341763,76.50323415728262,-1.679221726341763,62.84696543865663,Average,2,2,3,223,About to Sleep
2550,2551,53,Male,Boots,Footwear,52.0,New Hampshire,XL,Peach,Fall,3.0,0,Store Pickup,0,0,30.0,Debit Card,Fortnightly,28.0,-0.07495921258585403,60.56575628779554,-0.07495921258585403,48.798996904916265,Average,3,3,3,333,Promising
2551,2552,29,Male,Shoes,Footwear,32.0,Minnesota,M,Maroon,Winter,4.1,0,Next Day Air,0,0,40.0,Debit Card,Annually,1.0,-0.9323040792649818,69.08301248623833,-0.9323040792649818,56.30646753793307,Good,1,4,1,141,Need Attention
2552,2553,61,Male,Belt,Accessories,48.0,Maryland,XL,Purple,Spring,3.2,0,2-Day Shipping,0,0,13.0,Credit Card,Annually,1.0,-2.125819178910532,80.93993759942701,-2.125819178910532,66.75766391047124,Average,1,2,2,122,Hibernating
2553,2554,69,Male,Jewelry,Accessories,25.0,Vermont,M,Maroon,Summer,4.5,0,Store Pickup,0,0,28.0,Venmo,Every 3 Months,4.0,-1.9802596773048375,79.49388290722888,-1.9802596773048375,65.48305001105624,Good,2,3,1,231,Need Attention
2554,2555,51,Male,Jewelry,Accessories,68.0,Kansas,M,Gray,Summer,4.3,0,Store Pickup,0,0,49.0,Debit Card,Bi-Weekly,114.0,4.161839731299867,18.4754569591915,4.161839731299867,11.69882300124125,Good,5,5,3,553,Loyal Customer
2555,2556,24,Male,Pants,Clothing,74.0,Idaho,M,Gray,Fall,3.5,0,Standard,0,0,23.0,Credit Card,Weekly,57.0,1.126746907504376,48.62745782956748,1.126746907504376,38.27607461690017,Average,4,3,4,434,Potential Loyalist
2556,2557,24,Male,T-shirt,Clothing,88.0,Montana,XL,Magenta,Fall,3.1,0,Standard,0,0,4.0,Bank Transfer,Quarterly,3.0,-1.0076093911411852,69.83112991165393,-1.0076093911411852,56.96588994703973,Average,1,1,5,115,Need Attention
2557,2558,70,Male,Shorts,Clothing,23.0,Oklahoma,L,Cyan,Spring,3.9,0,Standard,0,0,17.0,PayPal,Fortnightly,28.0,-2.199447955332345,81.67139955451114,-2.199447955332345,67.40240548205469,Average,3,2,1,321,Promising
2558,2559,49,Male,Hoodie,Clothing,32.0,California,M,Silver,Fall,2.7,0,Express,0,0,24.0,PayPal,Fortnightly,28.0,-1.3348305968615866,73.08189509495689,-1.3348305968615866,59.83125216931764,Average,3,3,1,331,Promising
2559,2560,48,Male,Belt,Accessories,71.0,Mississippi,S,Green,Winter,4.0,0,Free Shipping,0,0,21.0,Debit Card,Every 3 Months,4.0,-0.5224729119290061,65.01156214464109,-0.5224729119290061,52.71771863087119,Good,2,3,4,234,At Risk
2560,2561,58,Male,Boots,Footwear,62.0,California,M,Violet,Spring,2.7,0,Next Day Air,0,0,17.0,Debit Card,Bi-Weekly,114.0,1.693228987293962,42.99976564534356,1.693228987293962,33.31558818554875,Average,5,2,3,523,Potential Loyalist
2561,2562,32,Male,Hoodie,Clothing,20.0,New York,L,Magenta,Spring,2.7,0,Free Shipping,0,0,22.0,Debit Card,Quarterly,3.0,-2.6328630174478698,85.9771430980641,-2.6328630174478698,71.19767034827248,Average,1,3,1,131,Lost
2562,2563,57,Male,Shorts,Clothing,62.0,Arizona,XL,Yellow,Spring,4.7,0,Standard,0,0,27.0,Cash,Fortnightly,28.0,0.1396156857659488,58.43407106514273,0.1396156857659488,46.92003919423618,Good,3,3,3,333,Promising
2563,2564,69,Male,Backpack,Accessories,81.0,Massachusetts,XL,Gray,Winter,4.5,0,Standard,0,0,1.0,Venmo,Every 3 Months,4.0,-1.4847535959710496,74.57129876795061,-1.4847535959710496,61.144075697832854,Good,2,1,4,214,About to Sleep
2564,2565,42,Male,Scarf,Accessories,90.0,Kentucky,L,Indigo,Winter,3.0,0,2-Day Shipping,0,0,27.0,Bank Transfer,Weekly,57.0,2.0792625757534866,39.16473134129545,2.0792625757534866,29.935226394915155,Average,4,3,5,435,Potential Loyalist
2565,2566,30,Male,Socks,Clothing,43.0,Vermont,S,Indigo,Fall,3.6,0,Store Pickup,0,0,8.0,Venmo,Quarterly,3.0,-2.6308510238855654,85.95715503339399,-2.6308510238855654,71.18005202084103,Average,1,1,2,112,Hibernating
2566,2567,35,Male,Handbag,Accessories,38.0,Missouri,S,Yellow,Fall,3.3,0,Standard,0,0,43.0,PayPal,Quarterly,3.0,-0.41904070775594593,63.98401930120641,-0.41904070775594593,51.81199881435765,Average,1,5,2,152,Need Attention
2567,2568,19,Male,Sunglasses,Accessories,25.0,Michigan,XL,Gold,Spring,4.3,0,Store Pickup,0,0,24.0,Cash,Fortnightly,28.0,-1.6304093035329705,76.0183092141386,-1.6304093035329705,62.41953203932591,Good,3,3,1,331,Promising
2568,2569,52,Male,T-shirt,Clothing,98.0,Texas,XL,Green,Winter,4.3,0,Express,0,0,29.0,PayPal,Fortnightly,28.0,1.7981883465760409,41.95705134427986,1.7981883465760409,32.39649560321061,Good,3,3,5,335,Promising
2569,2570,42,Male,Dress,Clothing,75.0,New York,M,Charcoal,Spring,4.8,0,Free Shipping,0,0,10.0,Bank Transfer,Bi-Weekly,114.0,1.7575732783618396,42.36054001604099,1.7575732783618396,32.75214762111697,Good,5,1,4,514,Recent Customer
2570,2571,36,Male,Sneakers,Footwear,27.0,New Mexico,XL,Olive,Spring,4.0,0,Store Pickup,0,0,12.0,PayPal,Fortnightly,28.0,-2.376679832056131,83.43210211337102,-2.376679832056131,68.95436334807906,Good,3,2,1,321,Promising
2571,2572,45,Male,Sunglasses,Accessories,27.0,Mississippi,L,Black,Winter,3.5,0,Standard,0,0,48.0,Cash,Fortnightly,28.0,0.11548493066024978,58.673797027803744,0.11548493066024978,47.13134381895538,Average,3,5,1,351,Loyal Customer
2572,2573,54,Male,Blouse,Clothing,42.0,Washington,M,Silver,Fall,3.9,0,Next Day Air,0,0,40.0,Bank Transfer,Quarterly,3.0,-0.4578189865510438,64.36926046642365,-0.4578189865510438,52.15156670654181,Average,1,4,2,142,Need Attention
2573,2574,54,Male,T-shirt,Clothing,90.0,New Mexico,M,Red,Summer,4.4,0,Store Pickup,0,0,1.0,Bank Transfer,Annually,1.0,-1.183068526454354,71.5742212461925,-1.183068526454354,58.502324533462854,Good,1,1,5,115,Need Attention
2574,2575,27,Male,Hat,Accessories,63.0,Florida,M,Brown,Summer,4.6,0,2-Day Shipping,0,0,26.0,Credit Card,Fortnightly,28.0,0.11261441632608832,58.70231403065238,0.11261441632608832,47.15647991401226,Good,3,3,3,333,Promising
2575,2576,53,Male,Shorts,Clothing,96.0,Minnesota,M,Silver,Fall,4.0,0,Express,0,0,9.0,PayPal,Annually,1.0,-0.3759009575927018,63.55544928375194,-0.3759009575927018,51.43423903523781,Good,1,1,5,115,Need Attention
2576,2577,20,Male,Hoodie,Clothing,40.0,New Hampshire,M,Silver,Winter,4.2,0,Free Shipping,0,0,19.0,Debit Card,Quarterly,3.0,-1.9960328238512326,79.65058056229456,-1.9960328238512326,65.62116996615201,Good,1,2,2,122,Hibernating
2577,2578,52,Male,Socks,Clothing,39.0,Minnesota,L,Black,Fall,4.5,0,Next Day Air,0,0,37.0,Bank Transfer,Monthly,12.0,-0.5571418834065599,65.35597957068178,-0.5571418834065599,53.0213027489552,Good,3,4,2,342,Loyal Customer
2578,2579,54,Male,Sunglasses,Accessories,48.0,Vermont,M,Purple,Fall,3.9,0,Free Shipping,0,0,3.0,Cash,Quarterly,3.0,-2.7658573710848677,87.29836986094219,-2.7658573710848677,72.36225561972137,Average,1,1,2,112,Hibernating
2579,2580,65,Male,Blouse,Clothing,20.0,Minnesota,M,Purple,Summer,3.7,0,Express,0,0,40.0,Venmo,Weekly,57.0,0.023423895576116127,59.58837347443552,0.023423895576116127,47.937490265036494,Average,4,4,1,441,Loyal Customer
2580,2581,43,Male,Jeans,Clothing,29.000000000000004,Massachusetts,S,Turquoise,Summer,3.6,0,Store Pickup,0,0,13.0,Bank Transfer,Quarterly,3.0,-2.875874442406614,88.39132978765086,-2.875874442406614,73.32563682625705,Average,1,2,1,121,Hibernating
2581,2582,57,Male,Dress,Clothing,81.0,Wyoming,M,Gold,Winter,4.7,0,Express,0,0,48.0,Credit Card,Monthly,12.0,1.977825145229528,40.172457190557054,1.977825145229528,30.82347867278447,Good,3,5,4,354,Loyal Customer
2582,2583,19,Male,Dress,Clothing,98.0,South Dakota,S,Indigo,Fall,3.6,0,2-Day Shipping,0,0,4.0,Venmo,Every 3 Months,4.0,-0.5592391971617992,65.37681524518821,-0.5592391971617992,53.039668195623904,Average,2,1,5,215,About to Sleep
2583,2584,69,Male,Jeans,Clothing,93.0,Oklahoma,M,Lavender,Fall,2.5,0,Next Day Air,0,0,9.0,Cash,Weekly,57.0,0.959856782968747,50.285420690144065,0.959856782968747,39.73747335804488,Poor,4,1,5,415,Recent Customer
2584,2585,26,Male,Socks,Clothing,30.0,Florida,L,Blue,Summer,2.9,0,Store Pickup,0,0,26.0,Bank Transfer,Bi-Weekly,114.0,0.9650532331895869,50.233796775925285,0.9650532331895869,39.69196985187705,Average,5,3,1,531,Potential Loyalist
2585,2586,57,Male,Sunglasses,Accessories,37.0,Wisconsin,L,Maroon,Fall,4.4,0,Free Shipping,0,0,19.0,Debit Card,Weekly,57.0,-0.7125048807588872,66.89942667538466,-0.7125048807588872,54.38176244890999,Good,4,2,2,422,Potential Loyalist
2586,2587,20,Male,Coat,Outerwear,28.0,Maine,L,Yellow,Winter,4.6,0,Express,0,0,1.0,Credit Card,Every 3 Months,4.0,-3.7227066607686727,96.80414852746931,-3.7227066607686727,80.74105185646687,Good,2,1,1,211,About to Sleep
2587,2588,55,Male,Scarf,Accessories,29.000000000000004,Connecticut,M,Purple,Winter,3.7,0,Express,0,0,29.0,PayPal,Every 3 Months,4.0,-1.7421307602425598,77.12820128516087,-1.7421307602425598,63.39783795555998,Average,2,3,1,231,Need Attention
2588,2589,44,Male,Backpack,Accessories,49.0,Delaware,M,Peach,Summer,3.2,0,Free Shipping,0,0,38.0,Venmo,Bi-Weekly,114.0,2.598059881726899,34.01076151914774,2.598059881726899,25.3922989330991,Average,5,4,2,542,Loyal Customer
2589,2590,52,Male,Pants,Clothing,53.0,North Dakota,M,Silver,Winter,4.9,0,2-Day Shipping,0,0,31.0,PayPal,Annually,1.0,-0.6686091499299245,66.46334640008502,-0.6686091499299245,53.9973828101892,Good,1,4,3,143,At Risk
2590,2591,57,Male,Gloves,Accessories,66.0,California,M,Turquoise,Summer,5.0,0,Free Shipping,0,0,35.0,Venmo,Annually,1.0,0.1572299297457359,58.25908310574801,0.1572299297457359,46.76579738963629,Good,1,4,3,143,At Risk
2591,2592,40,Male,Jacket,Outerwear,61.0,New Mexico,S,Olive,Spring,3.3,0,Express,0,0,40.0,Cash,Quarterly,3.0,0.3444660744141418,56.398993571501855,0.3444660744141418,45.12623563080507,Average,1,4,3,143,At Risk
2592,2593,23,Male,Shorts,Clothing,23.0,Iowa,XL,Peach,Summer,4.4,0,Store Pickup,0,0,13.0,Venmo,Quarterly,3.0,-3.129227619553515,90.9082561755209,-3.129227619553515,75.54416242912129,Good,1,2,1,121,Hibernating
2593,2594,36,Male,Pants,Clothing,36.0,Colorado,S,Indigo,Fall,4.7,0,Store Pickup,0,0,9.0,Bank Transfer,Every 3 Months,4.0,-2.831088032858054,87.94640110240543,-2.831088032858054,72.93345782395374,Good,2,1,2,212,About to Sleep
2594,2595,59,Male,Skirt,Clothing,81.0,Montana,L,Indigo,Fall,3.6,0,Free Shipping,0,0,25.0,Cash,Every 3 Months,4.0,0.17668957917320405,58.0657620442391,0.17668957917320405,46.5953960117504,Average,2,3,4,234,At Risk
2595,2596,29,Male,Blouse,Clothing,56.0,Iowa,XL,Maroon,Summer,3.2,0,Free Shipping,0,0,3.0,Bank Transfer,Bi-Weekly,114.0,0.47070062464624685,55.14492178871199,0.47070062464624685,44.02084360529442,Average,5,1,3,513,Recent Customer
2596,2597,63,Male,Shirt,Clothing,78.0,Louisiana,L,Black,Spring,3.0,0,Next Day Air,0,0,35.0,Credit Card,Monthly,12.0,0.9512001701196067,50.37141944316915,0.9512001701196067,39.81327630417792,Average,3,4,4,344,Loyal Customer
2597,2598,60,Male,Jewelry,Accessories,25.0,Alabama,XL,Teal,Summer,4.4,0,Store Pickup,0,0,13.0,Venmo,Bi-Weekly,114.0,-0.14602280096930098,61.271734491160736,-0.14602280096930098,49.42127601755857,Good,5,2,1,521,Potential Loyalist
2598,2599,64,Male,Backpack,Accessories,86.0,Nevada,XL,Olive,Fall,3.3,0,Express,0,0,31.0,Debit Card,Annually,1.0,0.7248333243780295,52.62025126679979,0.7248333243780295,41.795491994435935,Average,1,4,5,145,At Risk
2599,2600,63,Male,Jewelry,Accessories,99.0,Vermont,M,Gold,Winter,3.4,0,Express,0,0,48.0,Credit Card,Monthly,12.0,2.7378846766702303,32.62167802694693,2.7378846766702303,24.167901864191784,Average,3,5,5,355,Loyal Customer
2600,2601,21,Male,Belt,Accessories,83.0,New York,M,Gray,Fall,3.9,0,Express,0,0,6.0,Bank Transfer,Bi-Weekly,114.0,1.8184703187003317,41.75556095283286,1.8184703187003317,32.21889343164507,Average,5,1,4,514,Recent Customer
2601,2602,61,Male,Dress,Clothing,33.0,Mississippi,L,Orange,Winter,2.9,0,Store Pickup,0,0,43.0,Cash,Monthly,12.0,-0.39513426676739716,63.74652177762394,-0.39513426676739716,51.60265843029881,Average,3,5,1,351,Loyal Customer
2602,2603,65,Male,Coat,Outerwear,44.0,South Carolina,M,Black,Fall,2.9,0,Free Shipping,0,0,1.0,Venmo,Quarterly,3.0,-3.073213087111489,90.35178217983152,-3.073213087111489,75.05366266213771,Average,1,1,2,112,Hibernating
2603,2604,69,Male,Dress,Clothing,58.0,Washington,M,Teal,Spring,2.7,0,2-Day Shipping,0,0,8.0,Cash,Annually,1.0,-2.049697878487417,80.18371377041686,-2.049697878487417,66.09109617363136,Average,1,1,3,113,Lost
2604,2605,47,Male,Sweater,Clothing,54.0,Colorado,M,Beige,Spring,3.4,0,Store Pickup,0,0,6.0,Debit Card,Weekly,57.0,-0.8946192653791394,68.70863430176327,-0.8946192653791394,55.97647473742268,Average,4,1,3,413,Recent Customer
2605,2606,41,Male,Hoodie,Clothing,93.0,Nevada,M,White,Spring,3.7,0,2-Day Shipping,0,0,32.0,Venmo,Fortnightly,28.0,1.7947410958466552,41.9912979103743,1.7947410958466552,32.4266819781705,Average,3,4,5,345,Loyal Customer
2606,2607,68,Male,Shoes,Footwear,98.0,Nevada,L,Turquoise,Spring,4.7,0,Standard,0,0,46.0,Bank Transfer,Bi-Weekly,114.0,5.220925220141339,7.954017110305236,5.220925220141339,2.4247799476804133,Good,5,5,5,555,Champion
2607,2608,41,Male,Shoes,Footwear,36.0,Oklahoma,XL,Teal,Spring,3.1,0,Express,0,0,38.0,PayPal,Every 3 Months,4.0,-0.8235108628920806,68.00221089458735,-0.8235108628920806,55.35380320327078,Average,2,4,2,242,Need Attention
2608,2609,42,Male,Jacket,Outerwear,68.0,Mississippi,L,Orange,Fall,4.2,0,2-Day Shipping,0,0,48.0,Credit Card,Fortnightly,28.0,1.8467316411640713,41.47480004402512,1.8467316411640713,31.97141886604981,Good,3,5,3,353,Loyal Customer
2609,2610,66,Male,Backpack,Accessories,95.0,Arkansas,M,Black,Summer,3.0,0,Store Pickup,0,0,18.0,Debit Card,Bi-Weekly,114.0,3.1558982605662598,28.46893981523702,3.1558982605662598,20.50750238287539,Average,5,2,5,525,Potential Loyalist
2610,2611,66,Male,Jeans,Clothing,93.0,West Virginia,M,Violet,Spring,3.1,0,Express,0,0,25.0,Cash,Quarterly,3.0,0.6572810347324535,53.291346621848,0.6572810347324535,42.387023885997394,Average,1,3,5,135,At Risk
2611,2612,33,Male,Jacket,Outerwear,99.0,Michigan,L,Maroon,Fall,4.2,0,2-Day Shipping,0,0,4.0,Cash,Fortnightly,28.0,0.10974390199192696,58.73083103350102,0.10974390199192696,47.181616009069124,Good,3,1,5,315,Need Attention
2612,2613,55,Male,Sunglasses,Accessories,22.0,Louisiana,M,Turquoise,Winter,3.8,0,Next Day Air,0,0,27.0,Venmo,Quarterly,3.0,-2.2022779635771834,81.6995141513342,-2.2022779635771834,67.42718687938388,Average,1,3,1,131,Lost
2613,2614,58,Male,Gloves,Accessories,88.0,South Dakota,M,Gold,Fall,2.9,0,Express,0,0,14.0,Bank Transfer,Monthly,12.0,-0.08030731288678039,60.61888676329998,-0.08030731288678039,48.845828358059684,Average,3,2,5,325,Promising
2614,2615,18,Male,Jacket,Outerwear,65.0,North Dakota,M,Turquoise,Spring,4.2,0,Express,0,0,36.0,Bank Transfer,Fortnightly,28.0,0.8893334650184942,50.986031599815895,0.8893334650184942,40.355021510523144,Good,3,4,3,343,Loyal Customer
2615,2616,49,Male,T-shirt,Clothing,62.0,Arizona,M,Maroon,Fall,3.1,0,2-Day Shipping,0,0,6.0,Debit Card,Quarterly,3.0,-1.9670195608490677,79.36234953211483,-1.9670195608490677,65.36711091894452,Average,1,1,3,113,Lost
2616,2617,61,Male,Sandals,Footwear,55.0,Georgia,XL,Purple,Spring,3.6,0,Express,0,0,46.0,Cash,Annually,1.0,0.4542438935842009,55.30841048514197,0.4542438935842009,44.164949472099586,Average,1,5,3,153,At Risk
2617,2618,31,Male,Shorts,Clothing,97.0,Idaho,S,Maroon,Spring,4.8,0,Standard,0,0,29.0,Bank Transfer,Annually,1.0,1.0508605512186597,49.38134761601402,1.0508605512186597,38.94058502969172,Good,1,3,5,135,At Risk
2618,2619,70,Male,Handbag,Accessories,77.0,Louisiana,L,Brown,Fall,4.1,0,Express,0,0,12.0,Venmo,Monthly,12.0,-0.6832417355847863,66.60871320137102,-0.6832417355847863,54.1255152704843,Good,3,2,4,324,Promising
2619,2620,68,Male,Pants,Clothing,40.0,Connecticut,L,Indigo,Winter,3.9,0,Free Shipping,0,0,47.0,Credit Card,Weekly,57.0,1.3525220788161922,46.38450397045287,1.3525220788161922,36.299040013715015,Average,4,5,2,452,Loyal Customer
2620,2621,27,Male,Blouse,Clothing,23.0,Ohio,S,Lavender,Winter,3.0,0,Standard,0,0,28.0,Debit Card,Annually,1.0,-2.1430554325574596,81.11117042989916,-2.1430554325574596,66.90859578527065,Average,1,3,1,131,Lost
2621,2622,48,Male,Shoes,Footwear,46.0,Maine,M,Beige,Winter,3.0,0,Express,0,0,21.0,Bank Transfer,Annually,1.0,-1.6564558462447474,76.27706748747987,-1.6564558462447474,62.64761254939848,Average,1,3,2,132,Need Attention
2622,2623,63,Male,Backpack,Accessories,75.0,New Hampshire,M,Yellow,Spring,4.9,0,2-Day Shipping,0,0,15.0,Credit Card,Annually,1.0,-0.847276283820791,68.23830746036921,-0.847276283820791,55.56190872374199,Good,1,2,4,124,Need Attention
2623,2624,49,Male,Shoes,Footwear,76.0,Massachusetts,M,Gold,Fall,4.8,0,Next Day Air,0,0,38.0,Cash,Annually,1.0,0.7871656218836022,52.001013702167334,0.7871656218836022,41.249669757435605,Good,1,4,4,144,At Risk
2624,2625,19,Male,Dress,Clothing,59.0,South Dakota,M,Indigo,Summer,3.3,0,Standard,0,0,19.0,Credit Card,Annually,1.0,-1.2459775603551506,72.19918837407073,-1.2459775603551506,59.053197050366194,Average,1,2,3,123,Need Attention
2625,2626,30,Male,Skirt,Clothing,51.0,Colorado,L,Cyan,Summer,2.7,0,Standard,0,0,31.0,Credit Card,Weekly,57.0,0.7093741201560079,52.77383007516546,0.7093741201560079,41.93086286585223,Average,4,4,2,442,Loyal Customer
2626,2627,50,Male,Jacket,Outerwear,46.0,Rhode Island,XL,Silver,Fall,4.2,0,Express,0,0,30.0,Credit Card,Every 3 Months,4.0,-0.9550699593619972,69.3091791560411,-0.9550699593619972,56.505820427191225,Good,2,3,2,232,Need Attention
2627,2628,66,Male,Shirt,Clothing,26.0,Missouri,L,Silver,Fall,3.6,0,Next Day Air,0,0,40.0,Bank Transfer,Quarterly,3.0,-1.133427458942779,71.08106416741042,-1.133427458942779,58.067634980846414,Average,1,4,1,141,Need Attention
2628,2629,25,Male,Hoodie,Clothing,51.0,Wyoming,M,Silver,Summer,3.8,0,Next Day Air,0,0,42.0,Credit Card,Bi-Weekly,114.0,2.9594181366332415,30.420863269239142,2.9594181366332415,22.228010451130615,Average,5,5,2,552,Loyal Customer
2629,2630,61,Male,Scarf,Accessories,44.0,New Hampshire,M,Peach,Winter,3.8,0,Free Shipping,0,0,25.0,Venmo,Annually,1.0,-1.4639997094363388,74.36512016281796,-1.4639997094363388,60.962341136006145,Average,1,3,2,132,Need Attention
2630,2631,29,Male,Skirt,Clothing,82.0,Maine,S,Pink,Spring,4.2,0,Free Shipping,0,0,20.0,Cash,Quarterly,3.0,-0.15333378485858373,61.34436515038296,-0.15333378485858373,49.48529575918232,Good,1,2,4,124,Need Attention
2631,2632,53,Male,Skirt,Clothing,44.0,Connecticut,S,Violet,Summer,2.7,0,Express,0,0,3.0,Cash,Weekly,57.0,-1.5245549575170056,74.96670370534395,-1.5245549575170056,61.49260236962336,Average,4,1,2,412,Recent Customer
2632,2633,24,Male,Scarf,Accessories,27.0,Alaska,M,Black,Fall,5.0,0,Next Day Air,0,0,14.0,Cash,Annually,1.0,-2.9433284999603404,89.06144926015085,-2.9433284999603404,73.91630853357593,Good,1,2,1,121,Hibernating
2633,2634,51,Male,Sunglasses,Accessories,90.0,Alaska,M,Purple,Fall,4.7,0,Next Day Air,0,0,32.0,Credit Card,Fortnightly,28.0,1.668064507273205,43.249761104309314,1.668064507273205,33.53594477960261,Good,3,4,5,345,Loyal Customer
2634,2635,26,Male,Sandals,Footwear,58.0,North Carolina,S,Black,Summer,3.2,0,Store Pickup,0,0,20.0,PayPal,Every 3 Months,4.0,-1.140631594711635,71.15263334851414,-1.140631594711635,58.130719090663796,Average,2,2,3,223,About to Sleep
2635,2636,59,Male,Hoodie,Clothing,80.0,Colorado,XL,Peach,Spring,2.9,0,2-Day Shipping,0,0,34.0,PayPal,Fortnightly,28.0,1.384262809957058,46.069177023783425,1.384262809957058,36.02109747720279,Average,3,4,4,344,Loyal Customer
2636,2637,41,Male,Jacket,Outerwear,40.0,Utah,S,Magenta,Winter,4.2,0,Store Pickup,0,0,6.0,Venmo,Annually,1.0,-2.948211007856807,89.1099543276696,-2.948211007856807,73.95906295606424,Good,1,1,2,112,Hibernating
2637,2638,20,Male,Pants,Clothing,23.0,Alabama,M,Magenta,Spring,3.7,0,Store Pickup,0,0,2.0,PayPal,Annually,1.0,-3.942952205630401,98.9921685472533,-3.942952205630401,82.6696654451933,Average,1,1,1,111,Hibernating
2638,2639,22,Male,Shirt,Clothing,34.0,Hawaii,S,Black,Spring,4.2,0,Store Pickup,0,0,35.0,Credit Card,Annually,1.0,-1.1939870150377345,71.68269050772157,-1.1939870150377345,58.59793393824552,Good,1,4,1,141,Need Attention
2639,2640,18,Male,Blouse,Clothing,35.0,New Hampshire,XL,Pink,Winter,2.6,0,Free Shipping,0,0,33.0,Debit Card,Quarterly,3.0,-1.2379852859728353,72.11978946335455,-1.2379852859728353,58.98321148499078,Average,1,4,1,141,Need Attention
2640,2641,30,Male,Skirt,Clothing,75.0,Indiana,L,Olive,Summer,4.0,0,Store Pickup,0,0,45.0,Venmo,Bi-Weekly,114.0,4.180511242113877,18.289965627295032,4.180511242113877,11.535323078913388,Good,5,5,4,554,Champion
2641,2642,25,Male,Sunglasses,Accessories,60.0,Vermont,XL,Olive,Winter,2.7,0,Next Day Air,0,0,20.0,Bank Transfer,Every 3 Months,4.0,-1.056180535662668,70.31365788589082,-1.056180535662668,57.391210556375704,Average,2,2,3,223,About to Sleep
2642,2643,39,Male,Belt,Accessories,87.0,Iowa,L,Peach,Summer,4.0,0,Store Pickup,0,0,48.0,Bank Transfer,Annually,1.0,1.943914436296359,40.5093416895258,1.943914436296359,31.120422949650163,Good,1,5,5,155,At Risk
2643,2644,49,Male,Gloves,Accessories,41.0,Maryland,S,Silver,Spring,2.9,0,Next Day Air,0,0,37.0,Cash,Monthly,12.0,-0.472690824357593,64.51700410805844,-0.472690824357593,52.28179421466712,Average,3,4,2,342,Loyal Customer
2644,2645,25,Male,Pants,Clothing,83.0,New Mexico,M,Turquoise,Spring,3.3,0,Standard,0,0,4.0,Bank Transfer,Every 3 Months,4.0,-1.1926221400290509,71.66913121486333,-1.1926221400290509,58.58598220278447,Average,2,1,4,214,About to Sleep
2645,2646,23,Male,Scarf,Accessories,81.0,Louisiana,L,Olive,Spring,4.0,0,Store Pickup,0,0,24.0,Bank Transfer,Bi-Weekly,114.0,2.980101641009555,30.215383872672568,2.980101641009555,22.046892201371307,Good,5,3,4,534,Potential Loyalist
2646,2647,33,Male,T-shirt,Clothing,56.0,New Mexico,S,Lavender,Summer,3.9,0,Next Day Air,0,0,4.0,Debit Card,Every 3 Months,4.0,-2.3327114371901043,82.99529996027853,-2.3327114371901043,68.5693474156735,Average,2,1,3,213,About to Sleep
2647,2648,60,Male,Shoes,Footwear,58.0,South Carolina,M,Red,Summer,3.3,0,2-Day Shipping,0,0,25.0,Debit Card,Annually,1.0,-0.8728422960935707,68.49229192445453,-0.8728422960935707,55.785781395989616,Average,1,3,3,133,At Risk
2648,2649,51,Male,Pants,Clothing,84.0,Illinois,M,Gray,Spring,3.9,0,Next Day Air,0,0,14.0,PayPal,Bi-Weekly,114.0,2.4145102399395664,35.83422764695068,2.4145102399395664,26.999579269140217,Average,5,2,4,524,Potential Loyalist
2649,2650,23,Male,Gloves,Accessories,21.0,Minnesota,M,Magenta,Fall,3.9,0,Store Pickup,0,0,14.0,Bank Transfer,Fortnightly,28.0,-2.4915794112743432,84.57356710759842,-2.4915794112743432,69.96049897710309,Average,3,2,1,321,Promising
2650,2651,20,Male,Socks,Clothing,35.0,Oregon,L,Maroon,Summer,4.2,0,Standard,0,0,46.0,Credit Card,Every 3 Months,4.0,-0.31192200070181286,62.9198530513285,-0.31192200070181286,50.873997575054005,Good,2,5,1,251,Need Attention
2651,2652,51,Male,Sneakers,Footwear,43.0,Tennessee,M,Cyan,Summer,4.6,0,Store Pickup,0,0,27.0,PayPal,Quarterly,3.0,-1.315541843563031,72.89027179378905,-1.315541843563031,59.66234726935908,Good,1,3,2,132,Need Attention
2652,2653,23,Female,Shorts,Clothing,20.0,Maryland,L,Cyan,Summer,3.3,0,2-Day Shipping,0,0,46.0,Credit Card,Monthly,12.0,-0.7363857536926504,67.13667019421177,-0.7363857536926504,54.590878942410995,Average,3,5,1,351,Loyal Customer
2653,2654,67,Female,Blouse,Clothing,36.0,Wisconsin,L,Lavender,Fall,4.8,0,Express,0,0,24.0,Venmo,Every 3 Months,4.0,-1.7926860483928952,77.63044065008572,-1.7926860483928952,63.840533020152215,Good,2,3,2,232,Need Attention
2654,2655,23,Female,Coat,Outerwear,70.0,Idaho,S,Pink,Fall,4.1,0,Next Day Air,0,0,4.0,PayPal,Annually,1.0,-1.819898720050991,77.90078378196202,-1.819898720050991,64.07882491558331,Good,1,1,4,114,Need Attention
2655,2656,26,Female,Sunglasses,Accessories,83.0,Wyoming,M,Gray,Summer,3.4,0,Standard,0,0,2.0,Credit Card,Fortnightly,28.0,-0.7043181683284961,66.81809612813042,-0.7043181683284961,54.310074257213934,Average,3,1,4,314,Need Attention
2656,2657,52,Female,Shorts,Clothing,76.0,Indiana,L,Yellow,Winter,3.6,0,Express,0,0,29.0,Bank Transfer,Fortnightly,28.0,0.8692266970374048,51.18578143313668,0.8692266970374048,40.53108948037945,Average,3,3,4,334,Promising
2657,2658,52,Female,Dress,Clothing,81.0,Texas,M,Pink,Summer,2.7,0,Express,0,0,7.0,Credit Card,Fortnightly,28.0,-0.44263523255574355,64.2184181066472,-0.44263523255574355,52.01860785690151,Average,3,1,4,314,Need Attention
2658,2659,52,Female,Handbag,Accessories,47.0,Ohio,XL,Indigo,Summer,3.2,0,Next Day Air,0,0,39.0,PayPal,Monthly,12.0,-0.08088404928200454,60.62461632654576,-0.08088404928200454,48.85087863796269,Average,3,4,2,342,Loyal Customer
2659,2660,35,Female,Boots,Footwear,35.0,Kansas,L,Gray,Summer,4.4,0,2-Day Shipping,0,0,46.0,Credit Card,Fortnightly,28.0,0.3148355689274297,56.69335657095297,0.3148355689274297,45.38569965564327,Good,3,5,1,351,Loyal Customer
2660,2661,24,Female,Pants,Clothing,85.0,South Carolina,L,Yellow,Spring,4.9,0,Express,0,0,44.0,Venmo,Annually,1.0,1.5825561813900166,44.09923993943439,1.5825561813900166,34.284711431618646,Good,1,5,5,155,At Risk
2661,2662,43,Female,Boots,Footwear,96.0,Michigan,XL,Olive,Fall,4.8,0,Express,0,0,20.0,Bank Transfer,Annually,1.0,0.38559383101508093,55.99041161871751,0.38559383101508093,44.766094179116685,Good,1,2,5,125,Need Attention
2662,2663,25,Female,Skirt,Clothing,98.0,Nebraska,M,Cyan,Summer,2.8,0,2-Day Shipping,0,0,44.0,PayPal,Fortnightly,28.0,2.836590331041199,31.64109089196017,2.836590331041199,23.30357079940908,Average,3,5,5,355,Loyal Customer
2663,2664,46,Female,Sneakers,Footwear,52.0,Wisconsin,L,Silver,Fall,2.9,0,Free Shipping,0,0,23.0,Bank Transfer,Annually,1.0,-1.2646490711691591,72.38467970596719,-1.2646490711691591,59.21669697269405,Average,1,3,3,133,At Risk
2664,2665,22,Female,Jewelry,Accessories,84.0,Illinois,L,Silver,Winter,3.2,0,Store Pickup,0,0,37.0,PayPal,Weekly,57.0,2.5181773882500247,34.80435076095236,2.5181773882500247,26.09180212857836,Average,4,4,4,444,Champion
2665,2666,70,Female,T-shirt,Clothing,71.0,Louisiana,L,Red,Winter,3.5,0,Store Pickup,0,0,4.0,Venmo,Weekly,57.0,-0.3152388613916084,62.95280426310745,-0.3152388613916084,50.90304216981423,Average,4,1,4,414,Recent Customer
2666,2667,49,Female,Sandals,Footwear,95.0,Ohio,S,Brown,Winter,4.1,0,Store Pickup,0,0,14.0,Venmo,Fortnightly,28.0,0.6331097735374319,53.53147499053459,0.6331097735374319,42.59868320844426,Good,3,2,5,325,Promising
2667,2668,48,Female,Boots,Footwear,47.0,Maryland,M,Orange,Summer,4.1,0,Free Shipping,0,0,31.0,Cash,Fortnightly,28.0,-0.21686006124392732,61.975464247532585,-0.21686006124392732,50.04157325371635,Good,3,4,2,342,Loyal Customer
2668,2669,59,Female,Coat,Outerwear,75.0,Texas,M,Black,Summer,4.8,0,Next Day Air,0,0,9.0,PayPal,Quarterly,3.0,-1.2104072801377508,71.84581693459913,-1.2104072801377508,58.74172048531171,Good,1,1,4,114,Need Attention
2669,2670,39,Female,Belt,Accessories,28.0,Illinois,L,Teal,Spring,2.8,0,Free Shipping,0,0,31.0,Credit Card,Weekly,57.0,-0.2618130589071115,62.422047895333954,-0.2618130589071115,50.435211010165105,Average,4,4,1,441,Loyal Customer
2670,2671,30,Female,Sunglasses,Accessories,44.0,Pennsylvania,M,Yellow,Fall,4.7,0,Express,0,0,26.0,Bank Transfer,Bi-Weekly,114.0,1.5562106465323553,44.36096853756186,1.5562106465323553,34.51541011186051,Good,5,3,2,532,Potential Loyalist
2671,2672,37,Female,Sandals,Footwear,64.0,Alabama,XL,Gray,Winter,4.8,0,2-Day Shipping,0,0,41.0,PayPal,Every 3 Months,4.0,0.5664843606864878,54.19336232739654,0.5664843606864878,43.18209876247741,Good,2,5,3,253,At Risk
2672,2673,56,Female,Boots,Footwear,28.0,West Virginia,M,Maroon,Spring,2.9,0,Standard,0,0,13.0,Cash,Annually,1.0,-2.970329769400201,89.3296922256605,-2.970329769400201,74.152749253352,Average,1,2,1,121,Hibernating
2673,2674,67,Female,Hoodie,Clothing,21.0,Nevada,M,Olive,Summer,2.6,0,2-Day Shipping,0,0,4.0,Cash,Monthly,12.0,-3.6016857806706106,95.60187172939523,-3.6016857806706106,79.68131412591126,Average,3,1,1,311,Lost
2674,2675,40,Female,Hat,Accessories,41.0,Florida,S,Charcoal,Fall,3.3,0,Express,0,0,15.0,Cash,Every 3 Months,4.0,-2.204599591449573,81.72257826491916,-2.204599591449573,67.44751656671295,Average,2,2,2,222,About to Sleep
2675,2676,24,Female,Shorts,Clothing,38.0,Virginia,M,Peach,Winter,3.4,0,Free Shipping,0,0,38.0,Cash,Bi-Weekly,114.0,2.1335790569575814,38.625126563576146,2.1335790569575814,29.459595871683515,Average,5,4,2,542,Loyal Customer
2676,2677,43,Female,Backpack,Accessories,77.0,Kentucky,M,Maroon,Spring,3.6,0,Free Shipping,0,0,3.0,Cash,Fortnightly,28.0,-0.8884445465110531,68.64729181917915,-0.8884445465110531,55.92240487315807,Average,3,1,4,314,Need Attention
2677,2678,45,Female,Shorts,Clothing,43.0,Connecticut,L,Olive,Spring,3.8,0,Next Day Air,0,0,6.0,PayPal,Every 3 Months,4.0,-2.7431897230797015,87.07317907368764,-2.7431897230797015,72.1637629147058,Average,2,1,2,212,About to Sleep
2678,2679,33,Female,Belt,Accessories,91.0,Montana,M,Magenta,Spring,3.4,0,2-Day Shipping,0,0,34.0,Credit Card,Bi-Weekly,114.0,4.094624925897828,19.143199591342707,4.094624925897828,12.287399660729907,Average,5,4,5,545,Champion
2679,2680,53,Female,Shorts,Clothing,68.0,Montana,S,Yellow,Spring,3.8,0,Express,0,0,7.0,Debit Card,Quarterly,3.0,-1.6444395847378228,76.15769244742346,-1.6444395847378228,62.54239032916018,Average,1,1,3,113,Lost
2680,2681,44,Female,Socks,Clothing,37.0,Nebraska,L,Indigo,Fall,3.3,0,Next Day Air,0,0,21.0,Venmo,Annually,1.0,-2.0364856119650985,80.05245706928493,-2.0364856119650985,65.97540095369482,Average,1,3,2,132,Need Attention
2681,2682,23,Female,Shoes,Footwear,23.0,Massachusetts,L,Olive,Summer,4.8,0,Standard,0,0,17.0,Debit Card,Monthly,12.0,-2.617286335085173,85.82239720809483,-2.617286335085173,71.06127076166185,Good,3,2,1,321,Promising
2682,2683,59,Female,Sneakers,Footwear,65.0,North Carolina,L,Maroon,Winter,3.9,0,2-Day Shipping,0,0,5.0,Venmo,Every 3 Months,4.0,-1.8834548725054092,78.53217968165214,-1.8834548725054092,64.63536402445705,Average,2,1,3,213,About to Sleep
2683,2684,68,Female,Backpack,Accessories,30.0,Montana,M,Indigo,Summer,4.2,0,Next Day Air,0,0,21.0,Cash,Fortnightly,28.0,-1.6269620528035849,75.98406264804417,-1.6269620528035849,62.38934566436601,Good,3,3,1,331,Promising
2684,2685,46,Female,Dress,Clothing,45.0,Washington,M,Gray,Summer,4.7,0,Free Shipping,0,0,42.0,Credit Card,Bi-Weekly,114.0,2.7060649594863406,32.937789657109185,2.7060649594863406,24.446536053994844,Good,5,5,2,552,Loyal Customer
2685,2686,56,Female,Boots,Footwear,25.0,Virginia,M,Gray,Winter,2.7,0,Express,0,0,49.0,Credit Card,Quarterly,3.0,-0.5526117977881676,65.31097562733028,-0.5526117977881676,52.98163436570953,Average,1,5,1,151,Need Attention
2686,2687,40,Female,Socks,Clothing,72.0,Georgia,M,Black,Winter,3.8,0,2-Day Shipping,0,0,33.0,Cash,Fortnightly,28.0,0.9772317747968465,50.112809571098126,0.9772317747968465,39.58532660127519,Average,3,4,4,344,Loyal Customer
2687,2688,61,Female,Dress,Clothing,75.0,Delaware,M,White,Fall,3.6,0,2-Day Shipping,0,0,12.0,Debit Card,Bi-Weekly,114.0,1.8960268762905277,40.98507862239836,1.8960268762905277,31.539757647276762,Average,5,2,4,524,Potential Loyalist
2688,2689,53,Female,Handbag,Accessories,63.0,West Virginia,XL,Turquoise,Spring,2.9,0,2-Day Shipping,0,0,18.0,Credit Card,Every 3 Months,4.0,-1.0679575450179053,70.43065608559841,-1.0679575450179053,57.494337728783805,Average,2,2,3,223,About to Sleep
2689,2690,29,Female,Blouse,Clothing,35.0,Wyoming,M,Orange,Fall,3.9,0,Standard,0,0,47.0,PayPal,Quarterly,3.0,-0.2688101004720206,62.49155970785617,-0.2688101004720206,50.49648166810935,Average,1,5,1,151,Need Attention
2690,2691,44,Female,Belt,Accessories,32.0,New Mexico,L,Yellow,Summer,4.7,0,Free Shipping,0,0,18.0,Bank Transfer,Weekly,57.0,-0.9928593273456483,69.68459602876433,-0.9928593273456483,56.836728771550284,Good,4,2,1,421,Potential Loyalist
2691,2692,43,Female,Pants,Clothing,25.0,Nebraska,L,Blue,Winter,3.3,0,2-Day Shipping,0,0,48.0,Cash,Monthly,12.0,-0.38680450814154543,63.66377014401077,-0.38680450814154543,51.529717632850605,Average,3,5,1,351,Loyal Customer
2692,2693,40,Female,Sneakers,Footwear,90.0,Washington,XL,Violet,Spring,4.2,0,Free Shipping,0,0,18.0,Debit Card,Every 3 Months,4.0,0.07213175214314782,59.10448734018323,0.07213175214314782,47.51097251589478,Good,2,2,5,225,About to Sleep
2693,2694,55,Female,Boots,Footwear,70.0,Hawaii,L,Lavender,Summer,2.6,0,Standard,0,0,46.0,Cash,Quarterly,3.0,1.139856633920556,48.49721980876892,1.139856633920556,38.161277304988126,Average,1,5,4,154,At Risk
2694,2695,66,Female,Sunglasses,Accessories,27.0,Louisiana,M,Olive,Spring,4.9,0,Express,0,0,34.0,Credit Card,Every 3 Months,4.0,-1.4804478244698074,74.52852326367764,-1.4804478244698074,61.10637155524754,Good,2,4,1,241,Need Attention
2695,2696,50,Female,Hat,Accessories,92.0,Tennessee,M,Orange,Fall,3.6,0,Standard,0,0,10.0,PayPal,Bi-Weekly,114.0,2.4754072802780582,35.229248583742546,2.4754072802780582,26.466325079668323,Average,5,1,5,515,Recent Customer
2696,2697,57,Female,Coat,Outerwear,20.0,South Dakota,M,White,Spring,4.7,0,Free Shipping,0,0,12.0,Debit Card,Monthly,12.0,-3.0900969184803424,90.51951388613641,-3.0900969184803424,75.20150849769448,Good,3,2,1,321,Promising
2697,2698,42,Female,Jacket,Outerwear,52.0,Delaware,L,Red,Winter,3.2,0,Standard,0,0,36.0,Bank Transfer,Quarterly,3.0,-0.31247088716358495,62.92530594059217,-0.31247088716358495,50.878803982781825,Average,1,4,3,143,At Risk
2698,2699,55,Female,Hoodie,Clothing,57.0,Virginia,M,Magenta,Summer,3.6,0,Store Pickup,0,0,34.0,Venmo,Quarterly,3.0,-0.23979683746985553,62.20332867767643,-0.23979683746985553,50.24242262090184,Average,1,4,3,143,At Risk
2699,2700,25,Female,Boots,Footwear,96.0,Utah,M,Violet,Fall,3.6,0,2-Day Shipping,0,0,49.0,Debit Card,Annually,1.0,2.393171000981054,36.04622141089943,2.393171000981054,27.18643955843372,Average,1,5,5,155,At Risk
2700,2701,22,Female,T-shirt,Clothing,68.0,California,XL,Olive,Winter,3.2,0,Standard,0,0,36.0,Cash,Weekly,57.0,1.773342116893946,42.20388515876046,1.773342116893946,32.61406538980307,Average,4,4,3,443,Loyal Customer
2701,2702,49,Female,Sweater,Clothing,30.0,Idaho,L,Silver,Summer,2.8,0,Store Pickup,0,0,18.0,Bank Transfer,Fortnightly,28.0,-1.834642449696617,78.04725473850812,-1.834642449696617,64.20793062512632,Average,3,2,1,321,Promising
2702,2703,70,Female,Shoes,Footwear,37.0,Texas,L,Gray,Fall,4.0,0,Next Day Air,0,0,39.0,Debit Card,Fortnightly,28.0,-0.08530096477401072,60.66849598607883,-0.08530096477401072,48.88955602979592,Good,3,4,2,342,Loyal Customer
2703,2704,56,Female,Scarf,Accessories,42.0,Tennessee,XL,Olive,Winter,4.4,0,Free Shipping,0,0,34.0,PayPal,Weekly,57.0,0.5370247513286884,54.48602756650659,0.5370247513286884,43.440066309388264,Good,4,4,2,442,Loyal Customer
2704,2705,52,Female,Dress,Clothing,54.0,Tennessee,L,Beige,Spring,3.4,0,Next Day Air,0,0,35.0,Debit Card,Weekly,57.0,1.1129579045868336,48.764444093945194,1.1129579045868336,38.396820116739704,Average,4,4,3,443,Loyal Customer
2705,2706,65,Female,Jacket,Outerwear,81.0,Washington,S,Turquoise,Spring,5.0,0,Store Pickup,0,0,1.0,Credit Card,Bi-Weekly,114.0,1.3878852648296454,46.03318989956277,1.3878852648296454,35.98937690053366,Good,5,1,4,514,Recent Customer
2706,2707,24,Female,Shoes,Footwear,40.0,Alabama,S,Blue,Spring,3.1,0,Express,0,0,48.0,Debit Card,Quarterly,3.0,0.011544346114740422,59.70639035447649,0.011544346114740422,48.04151534546906,Average,1,5,2,152,Need Attention
2707,2708,32,Female,Backpack,Accessories,88.0,Nebraska,M,Pink,Fall,4.2,0,Standard,0,0,19.0,Cash,Weekly,57.0,1.4409971249897688,45.5055523784893,1.4409971249897688,35.52429482456404,Good,4,2,5,425,Potential Loyalist
2708,2709,57,Female,Dress,Clothing,94.0,Alabama,M,Teal,Summer,3.3,0,Store Pickup,0,0,44.0,Debit Card,Weekly,57.0,3.4250202762452666,25.795358570086435,3.4250202762452666,18.150894548697263,Average,4,5,5,455,Champion
2709,2710,35,Female,Shirt,Clothing,54.0,Illinois,S,Cyan,Winter,2.9,0,Standard,0,0,9.0,Credit Card,Bi-Weekly,114.0,0.8016103593833435,51.85751307040745,0.8016103593833435,41.12318221806187,Average,5,1,3,513,Recent Customer
2710,2711,69,Female,Jacket,Outerwear,51.0,Wisconsin,L,Purple,Summer,4.7,0,Standard,0,0,3.0,Bank Transfer,Fortnightly,28.0,-1.9863083141476228,79.55397283328267,-1.9863083141476228,65.53601581890305,Good,3,1,2,312,Need Attention
2711,2712,30,Female,Sunglasses,Accessories,22.0,Nebraska,L,Red,Spring,4.0,0,Standard,0,0,50.0,Venmo,Monthly,12.0,-0.3750274987863078,63.54677194430316,-0.3750274987863078,51.42659046044251,Good,3,5,1,351,Loyal Customer
2712,2713,37,Female,Jacket,Outerwear,95.0,North Dakota,L,Brown,Fall,4.6,0,Standard,0,0,7.0,Debit Card,Quarterly,3.0,-0.5043502875767697,64.83152370200828,-0.5043502875767697,52.559025116271165,Good,1,1,5,115,Need Attention
2713,2714,19,Female,Coat,Outerwear,57.0,Mississippi,M,Magenta,Fall,3.8,0,2-Day Shipping,0,0,20.0,Debit Card,Annually,1.0,-1.2612018204397737,72.35043313987278,-1.2612018204397737,59.18651059773416,Average,1,2,3,123,Need Attention
2714,2715,53,Female,Sweater,Clothing,45.0,Iowa,S,Olive,Winter,3.6,0,Store Pickup,0,0,16.0,Credit Card,Bi-Weekly,114.0,0.9061681864133995,50.818787774463324,0.9061681864133995,40.2076057139175,Average,5,2,2,522,Potential Loyalist
2715,2716,25,Female,Sneakers,Footwear,92.0,Mississippi,XL,Pink,Winter,4.1,0,Express,0,0,29.0,PayPal,Fortnightly,28.0,1.54483516942914,44.47397773214991,1.54483516942914,34.61502120607484,Good,3,3,5,335,Promising
2716,2717,47,Female,Shoes,Footwear,40.0,Colorado,L,Black,Spring,2.7,0,Store Pickup,0,0,21.0,Debit Card,Weekly,57.0,-0.44737469425674914,64.26550208780701,-0.44737469425674914,52.06010967363767,Average,4,3,2,432,Potential Loyalist
2717,2718,18,Female,Sunglasses,Accessories,62.0,Nebraska,XL,Beige,Winter,4.3,0,Free Shipping,0,0,19.0,Credit Card,Every 3 Months,4.0,-1.0409562755780448,70.16241312008876,-1.0409562755780448,57.25789700900774,Good,2,2,3,223,About to Sleep
2718,2719,22,Female,Shorts,Clothing,90.0,Virginia,M,Peach,Winter,4.9,0,Next Day Air,0,0,10.0,Venmo,Bi-Weekly,114.0,2.3909562212290916,36.06822404636589,2.3909562212290916,27.205833613956397,Good,5,1,5,515,Recent Customer
2719,2720,69,Female,Hoodie,Clothing,82.0,Louisiana,S,Peach,Fall,4.2,0,Free Shipping,0,0,4.0,Bank Transfer,Monthly,12.0,-1.0259284796771202,70.01312011938316,-1.0259284796771202,57.126303830124925,Good,3,1,4,314,Need Attention
2720,2721,55,Female,Scarf,Accessories,52.0,Maryland,M,Peach,Spring,2.8,0,Store Pickup,0,0,45.0,Bank Transfer,Quarterly,3.0,0.3105703035155102,56.73572966920035,0.3105703035155102,45.42304910050091,Average,1,5,3,153,At Risk
2721,2722,19,Female,Sandals,Footwear,70.0,Minnesota,S,Teal,Spring,4.9,0,Free Shipping,0,0,17.0,PayPal,Fortnightly,28.0,-0.21484806768162262,61.95547618286249,-0.21484806768162262,50.02395492628491,Good,3,2,4,324,Promising
2722,2723,23,Female,Hat,Accessories,83.0,Maine,M,Green,Spring,2.8,0,2-Day Shipping,0,0,22.0,PayPal,Fortnightly,28.0,0.6802178109583817,53.06348219170416,0.6802178109583817,42.186174518811896,Average,3,3,4,334,Promising
2723,2724,54,Female,Shoes,Footwear,49.0,Texas,XL,Brown,Summer,2.9,0,Store Pickup,0,0,3.0,PayPal,Every 3 Months,4.0,-2.6975169428258323,86.61944477628154,-2.6975169428258323,71.76382227260186,Average,2,1,2,212,About to Sleep
2724,2725,52,Female,Sneakers,Footwear,91.0,Missouri,M,Brown,Spring,2.5,0,Next Day Air,0,0,11.0,Debit Card,Fortnightly,28.0,0.2565272585464664,57.272618006245224,0.2565272585464664,45.896285237780724,Poor,3,2,5,325,Promising
2725,2726,64,Female,Backpack,Accessories,99.0,Mississippi,S,Violet,Summer,2.7,0,Free Shipping,0,0,4.0,Debit Card,Annually,1.0,-0.5953583638409709,65.73563957392349,-0.5953583638409709,53.3559511684062,Average,1,1,5,115,Need Attention
2726,2727,33,Female,Belt,Accessories,92.0,Michigan,L,Blue,Winter,3.3,0,Free Shipping,0,0,11.0,PayPal,Bi-Weekly,114.0,2.5446340792424023,34.54151788692123,2.5446340792424023,25.860130092748218,Average,5,2,5,525,Potential Loyalist
2727,2728,40,Female,Shirt,Clothing,87.0,Colorado,L,Charcoal,Winter,3.7,0,2-Day Shipping,0,0,47.0,Credit Card,Fortnightly,28.0,2.579789903164913,34.19226384592464,2.579789903164913,25.55228277723319,Average,3,5,5,355,Loyal Customer
2728,2729,26,Female,Skirt,Clothing,28.0,Florida,M,Pink,Winter,4.0,0,Express,0,0,17.0,Debit Card,Weekly,57.0,-1.230988244407926,72.05027765083234,-1.230988244407926,58.92194082704654,Good,4,2,1,421,Potential Loyalist
2729,2730,31,Female,Gloves,Accessories,71.0,Montana,S,Violet,Summer,4.1,0,Free Shipping,0,0,32.0,Credit Card,Monthly,12.0,0.44794106655519106,55.3710256528148,0.44794106655519106,44.22014113494649,Good,3,4,4,344,Loyal Customer
2730,2731,23,Female,Gloves,Accessories,32.0,Wisconsin,M,Teal,Winter,4.1,0,Store Pickup,0,0,37.0,Bank Transfer,Annually,1.0,-1.1399844761580136,71.14620457670229,-1.1399844761580136,58.125052498693385,Good,1,4,1,141,Need Attention
2731,2732,52,Female,Handbag,Accessories,33.0,Wisconsin,M,Red,Summer,2.5,0,2-Day Shipping,0,0,44.0,Bank Transfer,Quarterly,3.0,-0.5609415564140193,65.39372726094345,-0.5609415564140193,53.054575163157736,Poor,1,5,1,151,Need Attention
2732,2733,21,Female,Socks,Clothing,75.0,Delaware,L,Orange,Winter,4.2,0,Store Pickup,0,0,27.0,Debit Card,Every 3 Months,4.0,0.061789999954991015,59.20722703846651,0.061789999954991015,47.601531640774425,Good,2,3,4,234,At Risk
2733,2734,31,Female,Backpack,Accessories,83.0,North Carolina,M,Magenta,Summer,4.7,0,Express,0,0,46.0,PayPal,Annually,1.0,1.6365587202697376,43.56275400841512,1.6365587202697376,33.811829992066514,Good,1,5,4,154,At Risk
2734,2735,63,Female,Jeans,Clothing,93.0,New York,XL,Yellow,Summer,2.7,0,2-Day Shipping,0,0,13.0,Cash,Bi-Weekly,114.0,2.7253132066955734,32.746568761966934,2.7253132066955734,24.277985851763976,Average,5,2,5,525,Potential Loyalist
2735,2736,46,Female,Skirt,Clothing,29.000000000000004,California,M,Yellow,Spring,3.0,0,Express,0,0,2.0,PayPal,Bi-Weekly,114.0,-0.7386154714791497,67.15882123094848,-0.7386154714791497,54.61040380510354,Average,5,1,1,511,Recent Customer
2736,2737,44,Female,Hoodie,Clothing,25.0,Montana,M,Pink,Spring,4.8,0,Store Pickup,0,0,45.0,Credit Card,Annually,1.0,-0.8817487911146465,68.5807731213135,-0.8817487911146465,55.86377247334083,Good,1,5,1,151,Need Attention
2737,2738,57,Female,Jewelry,Accessories,76.0,North Carolina,S,Indigo,Spring,4.4,0,Free Shipping,0,0,35.0,Cash,Every 3 Months,4.0,0.6578299211942258,53.28589373258434,0.6578299211942258,42.38221747826956,Good,2,4,4,244,At Risk
2738,2739,50,Female,Sneakers,Footwear,81.0,Ohio,M,Charcoal,Summer,4.3,0,2-Day Shipping,0,0,39.0,Venmo,Every 3 Months,4.0,1.1458647646740185,48.43753228874071,1.1458647646740185,38.10866619486897,Good,2,4,4,244,At Risk
2739,2740,33,Female,Shirt,Clothing,80.0,Alaska,XL,Blue,Winter,2.5,0,Store Pickup,0,0,39.0,Credit Card,Every 3 Months,4.0,1.1036392351495352,48.85702002005238,1.1036392351495352,38.47842046201301,Poor,2,4,4,244,At Risk
2740,2741,19,Female,Sunglasses,Accessories,70.0,Pennsylvania,M,Lavender,Summer,4.9,0,Free Shipping,0,0,34.0,Bank Transfer,Fortnightly,28.0,0.9620075147122237,50.26405433690015,0.9620075147122237,39.71864014864316,Good,3,4,4,344,Loyal Customer
2741,2742,68,Female,Dress,Clothing,81.0,Maine,L,Yellow,Fall,4.9,0,2-Day Shipping,0,0,41.0,Venmo,Monthly,12.0,1.4932375524791206,44.986572068306245,1.4932375524791206,35.066843581225186,Good,3,5,4,354,Loyal Customer
2742,2743,27,Female,Shoes,Footwear,86.0,Texas,M,Black,Spring,3.9,0,Free Shipping,0,0,47.0,Debit Card,Annually,1.0,1.8324621078075318,41.61656011765878,1.8324621078075318,32.0963722037143,Average,1,5,5,155,At Risk
2743,2744,61,Female,Belt,Accessories,94.0,New Jersey,S,Beige,Fall,4.1,0,2-Day Shipping,0,0,17.0,Venmo,Quarterly,3.0,0.14569217254218592,58.373704465106826,0.14569217254218592,46.86682951421417,Good,1,2,5,125,Need Attention
2744,2745,38,Female,Shirt,Clothing,66.0,Wyoming,M,Silver,Winter,3.3,0,Store Pickup,0,0,40.0,Credit Card,Monthly,12.0,0.7906278106475251,51.96661873480266,0.7906278106475251,41.21935257530586,Average,3,4,3,343,Loyal Customer
2745,2746,28,Female,Boots,Footwear,98.0,Michigan,M,Magenta,Summer,4.1,0,Standard,0,0,44.0,PayPal,Bi-Weekly,114.0,5.082471622212651,9.329478503947865,5.082471622212651,3.63716992152062,Good,5,5,5,555,Champion
2746,2747,39,Female,Hoodie,Clothing,25.0,Ohio,M,Orange,Fall,3.7,0,Standard,0,0,21.0,PayPal,Every 3 Months,4.0,-2.4648472700552446,84.30799778497806,-2.4648472700552446,69.72641491949695,Average,2,3,1,231,Need Attention
2747,2748,18,Female,Jeans,Clothing,62.0,West Virginia,M,Teal,Winter,3.1,0,Free Shipping,0,0,21.0,Credit Card,Every 3 Months,4.0,-0.9025026776493572,68.78695172644615,-0.9025026776493572,56.04550703516753,Average,2,3,3,233,At Risk
2748,2749,24,Female,Jacket,Outerwear,98.0,Virginia,L,Turquoise,Spring,3.0,0,Free Shipping,0,0,16.0,Venmo,Annually,1.0,0.19313769420667226,57.90235894337942,0.19313769420667226,46.451365592509006,Average,1,2,5,125,Need Attention
2749,2750,64,Female,Jacket,Outerwear,53.0,Vermont,M,Cyan,Spring,3.4,0,Standard,0,0,15.0,Bank Transfer,Annually,1.0,-1.7762379333594267,77.46703754922602,-1.7762379333594267,63.69650260091083,Average,1,2,3,123,Need Attention
2750,2751,51,Female,Sandals,Footwear,66.0,Alaska,L,Pink,Spring,2.7,0,2-Day Shipping,0,0,26.0,PayPal,Every 3 Months,4.0,-0.38746656472970387,63.67034731709289,-0.38746656472970387,51.535515031990876,Average,2,3,3,233,At Risk
2751,2752,27,Female,Dress,Clothing,52.0,Minnesota,S,Indigo,Fall,3.1,0,Free Shipping,0,0,50.0,Venmo,Monthly,12.0,0.8917383869481956,50.96214000495296,0.8917383869481956,40.333962446121376,Average,3,5,3,353,Loyal Customer
2752,2753,48,Female,Sweater,Clothing,64.0,Colorado,S,Peach,Winter,4.0,0,Free Shipping,0,0,30.0,Venmo,Bi-Weekly,114.0,2.6776284328794,33.22029112404314,2.6776284328794,24.695544821299343,Good,5,3,3,533,Potential Loyalist
2753,2754,69,Female,Gloves,Accessories,59.0,Rhode Island,M,Beige,Spring,3.6,0,Next Day Air,0,0,48.0,PayPal,Quarterly,3.0,0.813829407079926,51.7361234595547,0.813829407079926,41.01618426973233,Average,1,5,3,153,At Risk
2754,2755,59,Female,Sunglasses,Accessories,61.0,New Jersey,L,Gold,Summer,3.6,0,Free Shipping,0,0,21.0,Venmo,Bi-Weekly,114.0,1.9279106536268544,40.66833058936998,1.9279106536268544,31.260562505012373,Average,5,3,3,533,Potential Loyalist
2755,2756,59,Female,Belt,Accessories,97.0,Nevada,M,Indigo,Winter,3.3,0,Store Pickup,0,0,18.0,Credit Card,Annually,1.0,0.28936576261087665,56.94638528104845,0.28936576261087665,45.60872988581285,Average,1,2,5,125,Need Attention
2756,2757,42,Female,Hat,Accessories,23.0,Minnesota,L,Violet,Winter,4.1,0,Free Shipping,0,0,41.0,PayPal,Monthly,12.0,-0.9558431599409196,69.31686048438331,-0.9558431599409196,56.5125910755794,Good,3,5,1,351,Loyal Customer
2757,2758,39,Female,Hat,Accessories,98.0,Delaware,XL,Brown,Fall,4.3,0,Next Day Air,0,0,11.0,Venmo,Monthly,12.0,0.13426758546502227,58.487201540647185,0.13426758546502227,46.96687064737961,Good,3,2,5,325,Promising
2758,2759,32,Female,Blouse,Clothing,98.0,Illinois,M,Purple,Summer,3.2,0,Standard,0,0,8.0,Bank Transfer,Bi-Weekly,114.0,2.5903068594962715,34.08778358951513,2.5903068594962715,25.460189450644293,Average,5,1,5,515,Recent Customer
2759,2760,68,Female,Shoes,Footwear,59.0,Washington,M,Turquoise,Summer,3.9,0,Free Shipping,0,0,42.0,Cash,Every 3 Months,4.0,0.42458351202841427,55.60307028713359,0.42458351202841427,44.4246751112775,Average,2,5,3,253,At Risk
2760,2761,41,Female,Skirt,Clothing,82.0,Alaska,S,Violet,Fall,5.0,0,Next Day Air,0,0,41.0,Credit Card,Bi-Weekly,114.0,4.199182752927885,18.104474295398575,4.199182752927885,11.371823156585531,Good,5,5,4,554,Champion
2761,2762,31,Female,Sneakers,Footwear,82.0,Michigan,M,Purple,Fall,3.4,0,Next Day Air,0,0,3.0,Credit Card,Every 3 Months,4.0,-1.3040744685178782,72.77634964299631,-1.3040744685178782,59.56193145684862,Average,2,1,4,214,About to Sleep
2762,2763,58,Female,T-shirt,Clothing,41.0,Georgia,M,Charcoal,Fall,3.8,0,Store Pickup,0,0,10.0,Debit Card,Every 3 Months,4.0,-2.5507335862712925,85.16123174902573,-2.5507335862712925,70.47849150131346,Average,2,1,2,212,About to Sleep
2763,2764,28,Female,Handbag,Accessories,52.0,West Virginia,M,Green,Fall,2.9,0,2-Day Shipping,0,0,35.0,Venmo,Quarterly,3.0,-0.38169768612792887,63.61303663741348,-0.38169768612792887,51.484998969701934,Average,1,4,3,143,At Risk
2764,2765,63,Female,Sweater,Clothing,41.0,Arizona,XL,White,Spring,2.6,0,Next Day Air,0,0,2.0,Debit Card,Weekly,57.0,-1.7204583450547999,76.91289759610028,-1.7204583450547999,63.208060157975574,Average,4,1,2,412,Recent Customer
2765,2766,64,Female,Gloves,Accessories,70.0,Colorado,M,Purple,Summer,4.3,0,2-Day Shipping,0,0,24.0,Credit Card,Quarterly,3.0,-0.38313294329500963,63.6272951388378,-0.38313294329500963,51.497567017230374,Good,1,3,4,134,At Risk
2766,2767,66,Female,Dress,Clothing,91.0,Tennessee,M,Cyan,Winter,2.8,0,Standard,0,0,47.0,Credit Card,Monthly,12.0,2.3308536415100187,36.665310574261625,2.3308536415100187,27.732130988264192,Average,3,5,5,355,Loyal Customer
2767,2768,31,Female,Dress,Clothing,95.0,Iowa,M,Green,Spring,4.5,0,Free Shipping,0,0,31.0,Cash,Monthly,12.0,1.3921269761784498,45.991050798155946,1.3921269761784498,35.95223371040968,Good,3,4,5,345,Loyal Customer
2768,2769,55,Female,Blouse,Clothing,25.0,Kansas,M,Beige,Spring,3.8,0,2-Day Shipping,0,0,28.0,PayPal,Bi-Weekly,114.0,0.8923791834958574,50.95577403884103,0.8923791834958574,40.32835121375703,Average,5,3,1,531,Potential Loyalist
2769,2770,32,Female,Shirt,Clothing,89.0,Oklahoma,L,Lavender,Fall,3.0,0,Standard,0,0,13.0,Cash,Weekly,57.0,1.067861860728189,49.2124488281055,1.067861860728189,38.791710478940615,Average,4,2,5,425,Potential Loyalist
2770,2771,50,Female,Boots,Footwear,44.0,Nebraska,S,Blue,Fall,3.3,0,Express,0,0,22.0,Bank Transfer,Quarterly,3.0,-1.6194503088602672,75.90943754658393,-1.6194503088602672,62.32356793681557,Average,1,3,2,132,Need Attention
2771,2772,58,Female,Jacket,Outerwear,52.0,Maryland,S,Beige,Summer,3.1,0,2-Day Shipping,0,0,12.0,Bank Transfer,Fortnightly,28.0,-1.3210415939440443,72.94490883057917,-1.3210415939440443,59.7105066694781,Average,3,2,3,323,Promising
2772,2773,18,Female,Backpack,Accessories,94.0,Pennsylvania,L,Blue,Spring,3.5,0,Store Pickup,0,0,10.0,Bank Transfer,Every 3 Months,4.0,-0.31278052147366964,62.928381989507045,-0.31278052147366964,50.88151534267944,Average,2,1,5,215,About to Sleep
2773,2774,39,Female,Pants,Clothing,98.0,Arizona,S,Maroon,Spring,4.6,0,Express,0,0,45.0,Bank Transfer,Quarterly,3.0,2.252944661641749,37.439294028863365,2.252944661641749,28.414352811875155,Good,1,5,5,155,At Risk
2774,2775,56,Female,Boots,Footwear,40.0,Oklahoma,L,Yellow,Fall,4.1,0,Standard,0,0,42.0,Credit Card,Quarterly,3.0,-0.4038164476713231,63.83277453540437,-0.4038164476713231,51.678685266989675,Good,1,5,2,152,Need Attention
2775,2776,37,Female,Socks,Clothing,25.0,Montana,L,Red,Fall,3.6,0,Free Shipping,0,0,16.0,Debit Card,Weekly,57.0,-1.4268916319457203,73.99647154158868,-1.4268916319457203,60.63739861539875,Average,4,2,1,421,Potential Loyalist
2776,2777,46,Female,Scarf,Accessories,62.0,Wyoming,L,Green,Fall,2.9,0,Free Shipping,0,0,6.0,Bank Transfer,Annually,1.0,-2.019249358318171,79.88122423881279,-2.019249358318171,65.8244690788954,Average,1,1,3,113,Lost
2777,2778,52,Female,Blouse,Clothing,24.0,Idaho,M,Magenta,Fall,4.8,0,Standard,0,0,28.0,Credit Card,Every 3 Months,4.0,-2.022485206829321,79.91337063854054,-2.022485206829321,65.85280427820027,Good,2,3,1,231,Need Attention
2778,2779,70,Female,Belt,Accessories,57.0,Pennsylvania,L,Yellow,Spring,3.2,0,Standard,0,0,24.0,Credit Card,Bi-Weekly,114.0,1.9666889324219523,40.28308942415273,1.9666889324219523,30.920994612828224,Average,5,3,3,533,Potential Loyalist
2779,2780,61,Female,Sunglasses,Accessories,66.0,Montana,L,Blue,Winter,4.3,0,Express,0,0,14.0,Credit Card,Fortnightly,28.0,-0.591430582672588,65.69661919857312,-0.591430582672588,53.32155695562136,Good,3,2,3,323,Promising
2780,2781,33,Female,Boots,Footwear,70.0,Ohio,M,Charcoal,Winter,4.1,0,Next Day Air,0,0,29.0,PayPal,Fortnightly,28.0,0.6158735198905042,53.702707821006726,0.6158735198905042,42.749615083243675,Good,3,3,4,334,Promising
2781,2782,65,Female,Sandals,Footwear,39.0,Mississippi,M,Blue,Spring,4.6,0,Standard,0,0,33.0,PayPal,Weekly,57.0,0.3411213637908942,56.43222145726292,0.3411213637908942,45.15552409774048,Good,4,4,2,442,Loyal Customer
2782,2783,41,Female,Gloves,Accessories,34.0,Idaho,S,Cyan,Spring,3.8,0,Free Shipping,0,0,30.0,PayPal,Annually,1.0,-1.540121009859454,75.12134399182813,-1.540121009859454,61.628908872846026,Average,1,3,1,131,Lost
2783,2784,19,Female,Skirt,Clothing,38.0,Virginia,M,Silver,Spring,4.5,0,Next Day Air,0,0,26.0,Credit Card,Quarterly,3.0,-1.5958962901497922,75.67544114716873,-1.5958962901497922,62.11731359199938,Good,1,3,2,132,Need Attention
2784,2785,33,Female,Skirt,Clothing,70.0,Idaho,M,Black,Winter,3.1,0,Express,0,0,12.0,PayPal,Every 3 Months,4.0,-1.1877396321325846,71.62062614734457,-1.1877396321325846,58.54322778029615,Average,2,2,4,224,About to Sleep
2785,2786,53,Female,Blouse,Clothing,80.0,Louisiana,S,Green,Summer,2.9,0,Next Day Air,0,0,13.0,Bank Transfer,Monthly,12.0,-0.48733834804699194,64.66251931061468,-0.48733834804699194,52.41005748213209,Average,3,2,4,324,Promising
2786,2787,54,Female,Handbag,Accessories,51.0,Colorado,M,Violet,Spring,3.8,0,Next Day Air,0,0,41.0,Debit Card,Every 3 Months,4.0,0.017552476868202826,59.6467028344483,0.017552476868202826,47.988904235349914,Average,2,5,2,252,Need Attention
2787,2788,36,Female,Boots,Footwear,79.0,West Virginia,XL,Pink,Spring,4.1,0,Next Day Air,0,0,4.0,Venmo,Fortnightly,28.0,-0.7347666884977422,67.12058565973449,-0.7347666884977422,54.576701351949886,Good,3,1,4,314,Need Attention
2788,2789,56,Female,Boots,Footwear,92.0,Rhode Island,M,Olive,Summer,3.1,0,Free Shipping,0,0,2.0,Credit Card,Annually,1.0,-1.0293906684410428,70.04751508674784,-1.0293906684410428,57.156621012254675,Average,1,1,5,115,Need Attention
2789,2790,28,Female,Sweater,Clothing,85.0,North Carolina,L,Orange,Fall,5.0,0,Express,0,0,28.0,Credit Card,Bi-Weekly,114.0,3.4259109549648645,25.786510160140626,3.4259109549648645,18.143095185114746,Good,5,3,5,535,Potential Loyalist
2790,2791,34,Female,Socks,Clothing,63.0,Maine,M,Black,Spring,4.5,0,Free Shipping,0,0,24.0,Debit Card,Annually,1.0,-0.7309414474354973,67.08258396471749,-0.7309414474354973,54.543205047189524,Good,1,3,3,133,At Risk
2791,2792,43,Female,Gloves,Accessories,60.0,Iowa,M,Yellow,Fall,2.8,0,Express,0,0,14.0,Venmo,Fortnightly,28.0,-0.8447837598194887,68.21354558644316,-0.8447837598194887,55.540082558485594,Average,3,2,3,323,Promising
2792,2793,54,Female,Shorts,Clothing,44.0,Kentucky,L,Violet,Winter,3.2,0,Express,0,0,11.0,Credit Card,Weekly,57.0,-0.9707405658022543,69.46485813077345,-0.9707405658022543,56.643042474262536,Average,4,2,2,422,Potential Loyalist
2793,2794,37,Female,Boots,Footwear,57.0,Massachusetts,M,Silver,Spring,3.1,0,Standard,0,0,27.0,Debit Card,Bi-Weekly,114.0,2.1743693293149837,38.2198973336888,2.1743693293149837,29.10240965206792,Average,5,3,3,533,Potential Loyalist
2794,2795,33,Female,Jacket,Outerwear,24.0,New York,M,Gold,Fall,3.3,0,Standard,0,0,7.0,Cash,Fortnightly,28.0,-2.8494904154513003,88.12921879141258,-2.8494904154513003,73.09460108411167,Average,3,1,1,311,Lost
2795,2796,33,Female,Scarf,Accessories,35.0,Nebraska,M,Magenta,Winter,3.4,0,Store Pickup,0,0,49.0,PayPal,Annually,1.0,-0.18258630001243648,61.63497302091151,-0.18258630001243648,49.74144985422004,Average,1,5,1,151,Need Attention
2796,2797,55,Female,Jacket,Outerwear,73.0,Oklahoma,M,Red,Winter,3.8,0,Store Pickup,0,0,21.0,Cash,Annually,1.0,-0.5163665490836944,64.95089874206468,-0.5163665490836944,52.66424733650946,Average,1,3,4,134,At Risk
2797,2798,63,Female,Jewelry,Accessories,42.0,Oklahoma,M,Green,Winter,3.5,0,Express,0,0,10.0,Venmo,Every 3 Months,4.0,-2.508508056746809,84.74174401771405,-2.508508056746809,70.10873723416941,Average,2,1,2,212,About to Sleep
2798,2799,52,Female,Hoodie,Clothing,20.0,Rhode Island,XL,Red,Winter,4.8,0,Store Pickup,0,0,37.0,PayPal,Weekly,57.0,-0.18425650131691562,61.65156556489947,-0.18425650131691562,49.75607522579679,Good,4,4,1,441,Loyal Customer
2799,2800,23,Female,T-shirt,Clothing,89.0,Maine,L,Pink,Spring,3.9,0,Free Shipping,0,0,9.0,Bank Transfer,Every 3 Months,4.0,-0.5931349680604308,65.71355134288672,-0.5931349680604308,53.33648166531974,Average,2,1,5,215,About to Sleep
2800,2801,70,Female,Shirt,Clothing,76.0,Arkansas,L,Violet,Fall,3.4,0,Free Shipping,0,0,14.0,Cash,Bi-Weekly,114.0,2.076706003743699,39.19012949744407,2.076706003743699,29.95761340629252,Average,5,2,4,524,Potential Loyalist
2801,2802,64,Female,Shirt,Clothing,56.0,New Mexico,M,Indigo,Winter,2.6,0,Express,0,0,30.0,PayPal,Annually,1.0,-0.6111593603208181,65.8926139029713,-0.6111593603208181,53.494314995677186,Average,1,3,3,133,At Risk
2802,2803,22,Female,Coat,Outerwear,100.0,Hawaii,L,Red,Fall,3.1,0,Store Pickup,0,0,42.0,Credit Card,Fortnightly,28.0,2.782587792161478,32.177576822979454,2.782587792161478,23.776452238961205,Average,3,5,5,355,Loyal Customer
2803,2804,46,Female,T-shirt,Clothing,44.0,Idaho,M,Violet,Winter,3.3,0,Free Shipping,0,0,31.0,Bank Transfer,Monthly,12.0,-0.7613750295702061,67.3849250950513,-0.7613750295702061,54.80970133475562,Average,3,4,2,342,Loyal Customer
2804,2805,65,Female,Hoodie,Clothing,76.0,South Carolina,M,Cyan,Spring,2.8,0,Standard,0,0,48.0,Bank Transfer,Every 3 Months,4.0,1.5577783077306964,44.34539467390727,1.5577783077306964,34.50168264830824,Average,2,5,4,254,At Risk
2805,2806,18,Female,Sunglasses,Accessories,97.0,Nevada,S,Black,Fall,4.3,0,Standard,0,0,48.0,Cash,Quarterly,3.0,2.418399529010297,35.795589669711106,2.418399529010297,26.96552211825889,Good,1,5,5,155,At Risk
2806,2807,45,Female,Blouse,Clothing,39.0,South Carolina,L,Purple,Spring,2.7,0,Standard,0,0,50.0,Credit Card,Annually,1.0,0.055542617049841314,59.26929139884349,0.055542617049841314,47.65623779872379,Average,1,5,2,152,Need Attention
2807,2808,56,Female,Hoodie,Clothing,100.0,Maryland,M,Charcoal,Spring,4.4,0,2-Day Shipping,0,0,10.0,Debit Card,Fortnightly,28.0,0.5673302253024736,54.184959121261464,0.5673302253024736,43.174691820404476,Good,3,1,5,315,Need Attention
2808,2809,49,Female,Skirt,Clothing,62.0,Tennessee,M,Beige,Spring,3.9,0,Free Shipping,0,0,45.0,PayPal,Every 3 Months,4.0,0.7589404974948963,52.28141500273463,0.7589404974948963,41.49682734908509,Average,2,5,3,253,At Risk
2809,2810,66,Female,Shorts,Clothing,98.0,Arkansas,XL,Teal,Summer,3.0,0,Standard,0,0,27.0,Debit Card,Quarterly,3.0,1.0068622802835585,49.818446571647,1.0068622802835585,39.325862576437,Average,1,3,5,135,At Risk
2810,2811,27,Female,Jeans,Clothing,31.000000000000004,Arizona,M,Purple,Summer,4.0,0,Standard,0,0,10.0,Debit Card,Fortnightly,28.0,-2.3462313118868847,83.12961258176695,-2.3462313118868847,68.68773625334312,Good,3,1,1,311,Lost
2811,2812,69,Female,Jacket,Outerwear,89.0,Ohio,M,Blue,Fall,3.7,0,Store Pickup,0,0,19.0,Credit Card,Quarterly,3.0,0.07301812284845643,59.095681728022576,0.07301812284845643,47.50321087609416,Average,1,2,5,125,Need Attention
2812,2813,66,Female,Hoodie,Clothing,91.0,North Dakota,XL,Magenta,Fall,3.8,0,Store Pickup,0,0,1.0,Credit Card,Every 3 Months,4.0,-1.0624983007262152,70.37642145483389,-1.0624983007262152,57.44653302639248,Average,2,1,5,215,About to Sleep
2813,2814,45,Female,Shirt,Clothing,50.0,Vermont,S,Maroon,Summer,3.3,0,2-Day Shipping,0,0,39.0,Debit Card,Quarterly,3.0,-0.1892415493195202,61.70108931275158,-0.1892415493195202,49.799727556309605,Average,1,4,2,142,Need Attention
2814,2815,31,Female,T-shirt,Clothing,32.0,Minnesota,L,Gold,Winter,3.6,0,Standard,0,0,14.0,Bank Transfer,Monthly,12.0,-2.4449369662578535,84.1101997167537,-2.4449369662578535,69.55206731812581,Average,3,2,1,321,Promising
2815,2816,33,Female,Blouse,Clothing,67.0,Idaho,L,Black,Fall,3.9,0,Free Shipping,0,0,40.0,Venmo,Every 3 Months,4.0,0.6239341502955942,53.62262983028283,0.6239341502955942,42.6790309479654,Average,2,4,3,243,At Risk
2816,2817,43,Female,Skirt,Clothing,28.0,Maryland,M,Black,Spring,3.5,0,Free Shipping,0,0,45.0,Venmo,Weekly,57.0,0.7073621265937031,52.793818139835565,0.7073621265937031,41.94848119328367,Average,4,5,1,451,Loyal Customer
2817,2818,25,Female,Backpack,Accessories,65.0,South Carolina,XL,Yellow,Winter,3.4,0,Standard,0,0,6.0,Venmo,Weekly,57.0,-0.4301384406098214,64.09426925733486,-0.4301384406098214,51.90917779883826,Average,4,1,3,413,Recent Customer
2818,2819,46,Female,Shorts,Clothing,73.0,California,M,Turquoise,Fall,4.7,0,Next Day Air,0,0,12.0,Debit Card,Annually,1.0,-1.1394077397627895,71.1404750134565,-1.1394077397627895,58.120002218790376,Good,1,2,4,124,Need Attention
2819,2820,67,Female,Shirt,Clothing,27.0,Georgia,L,Lavender,Spring,3.0,0,Free Shipping,0,0,19.0,Cash,Monthly,12.0,-2.3099306190585516,82.7689848892055,-2.3099306190585516,68.3698637192455,Average,3,2,1,321,Promising
2820,2821,26,Female,Backpack,Accessories,89.0,Vermont,L,Yellow,Summer,3.9,0,Free Shipping,0,0,5.0,Cash,Bi-Weekly,114.0,2.0025966968828888,39.92636526178413,2.0025966968828888,30.606562815700944,Average,5,1,5,515,Recent Customer
2821,2822,35,Female,Shoes,Footwear,72.0,Georgia,L,Olive,Summer,4.5,0,Standard,0,0,37.0,Venmo,Monthly,12.0,0.8363005909013939,51.51288443739656,0.8363005909013939,40.81941193320194,Good,3,4,4,344,Loyal Customer
2822,2823,61,Female,Skirt,Clothing,37.0,New Jersey,S,Brown,Fall,4.1,0,Standard,0,0,33.0,PayPal,Quarterly,3.0,-1.1535342269238684,71.28081400073121,-1.1535342269238684,58.24370295070271,Good,1,4,2,142,Need Attention
2823,2824,26,Female,Dress,Clothing,63.0,Utah,M,Olive,Summer,4.5,0,Standard,0,0,47.0,Debit Card,Bi-Weekly,114.0,3.812258485748763,21.948357009392492,3.812258485748763,14.759984310801642,Good,5,5,3,553,Loyal Customer
2824,2825,39,Female,Hat,Accessories,90.0,Utah,M,Purple,Fall,4.0,0,Free Shipping,0,0,49.0,Debit Card,Quarterly,3.0,2.1920476213032565,38.044273092071506,2.1920476213032565,28.947607001347052,Good,1,5,5,155,At Risk
2825,2826,69,Female,Handbag,Accessories,62.0,North Carolina,M,Yellow,Winter,4.3,0,2-Day Shipping,0,0,28.0,Bank Transfer,Annually,1.0,-0.49625978110260516,64.7511489087439,-0.49625978110260516,52.488179366653156,Good,1,3,3,133,At Risk
2826,2827,32,Female,Handbag,Accessories,43.0,Florida,L,Brown,Fall,3.6,0,Express,0,0,23.0,Venmo,Annually,1.0,-1.6446788368895102,76.16006928777226,-1.6446788368895102,62.5444853769904,Average,1,3,2,132,Need Attention
2827,2828,20,Female,Blouse,Clothing,96.0,Wisconsin,M,Magenta,Fall,3.1,0,Next Day Air,0,0,11.0,Bank Transfer,Bi-Weekly,114.0,2.713536197340336,32.863566961674536,2.713536197340336,24.381113024172066,Average,5,2,5,525,Potential Loyalist
2828,2829,25,Female,Scarf,Accessories,83.0,Tennessee,L,Lavender,Fall,2.6,0,Standard,0,0,33.0,PayPal,Quarterly,3.0,0.7888401312023704,51.984378360394224,0.7888401312023704,41.235006662076955,Average,1,4,4,144,At Risk
2829,2830,56,Female,Jewelry,Accessories,67.0,Arizona,XL,Teal,Fall,3.4,0,Next Day Air,0,0,47.0,Cash,Weekly,57.0,2.4926113759772455,35.05833522503768,2.4926113759772455,26.315674800825985,Average,4,5,3,453,Loyal Customer
2830,2831,63,Female,Skirt,Clothing,90.0,Oregon,L,Cyan,Spring,2.9,0,Store Pickup,0,0,13.0,Venmo,Every 3 Months,4.0,-0.27400224267857165,62.543140824289786,-0.27400224267857165,50.541947450495286,Average,2,2,5,225,About to Sleep
2831,2832,34,Female,Hoodie,Clothing,53.0,Virginia,L,Pink,Winter,5.0,0,Express,0,0,4.0,Credit Card,Weekly,57.0,-1.0752983928323105,70.50358342671757,-1.0752983928323105,57.55861897840692,Good,4,1,3,413,Recent Customer
2832,2833,29,Female,Scarf,Accessories,37.0,Maryland,M,Magenta,Summer,4.6,0,Standard,0,0,40.0,PayPal,Quarterly,3.0,-0.668946634173461,66.46669912298202,-0.668946634173461,54.000338042261994,Good,1,4,2,142,Need Attention
2833,2834,43,Female,Jeans,Clothing,56.0,Arkansas,M,Teal,Fall,3.3,0,Free Shipping,0,0,19.0,Cash,Monthly,12.0,-1.0853902628485315,70.60384068116697,-1.0853902628485315,57.6469899720684,Average,3,2,3,323,Promising
2834,2835,39,Female,Jacket,Outerwear,43.0,Texas,M,Indigo,Fall,2.9,0,2-Day Shipping,0,0,17.0,Credit Card,Weekly,57.0,-0.5976053015406744,65.75796168115723,-0.5976053015406744,53.375626819885966,Average,4,2,2,422,Potential Loyalist
2835,2836,33,Female,T-shirt,Clothing,84.0,Vermont,S,Pink,Winter,4.9,0,Free Shipping,0,0,7.0,Venmo,Annually,1.0,-1.021060909815191,69.96476345313467,-1.021060909815191,57.08368021480646,Good,1,1,4,114,Need Attention
2836,2837,51,Female,Pants,Clothing,50.0,Wyoming,M,Charcoal,Winter,5.0,0,2-Day Shipping,0,0,21.0,Cash,Bi-Weekly,114.0,1.4634298288575365,45.28269563379839,1.4634298288575365,35.32785944359679,Good,5,3,2,532,Potential Loyalist
2837,2838,65,Female,Shoes,Footwear,88.0,Alabama,M,Brown,Summer,4.5,0,Express,0,0,44.0,PayPal,Weekly,57.0,3.171667099098366,28.312284957956475,3.171667099098366,20.36942015156149,Good,4,5,5,455,Champion
2838,2839,51,Female,Jacket,Outerwear,50.0,Maine,M,Blue,Fall,3.7,0,Free Shipping,0,0,2.0,Bank Transfer,Weekly,57.0,-1.3404285793344484,73.13750801429522,-1.3404285793344484,59.880271753679224,Average,4,1,2,412,Recent Customer
2839,2840,70,Female,Scarf,Accessories,80.0,South Dakota,L,Teal,Summer,2.8,0,Store Pickup,0,0,30.0,Bank Transfer,Monthly,12.0,0.6895172343468543,52.97109746465236,0.6895172343468543,42.10474270449035,Average,3,3,4,334,Promising
2840,2841,40,Female,T-shirt,Clothing,47.0,West Virginia,L,Pink,Spring,3.5,0,Store Pickup,0,0,41.0,Cash,Annually,1.0,-0.2296943374333862,62.102965819741925,-0.2296943374333862,50.153958543852404,Average,1,5,2,152,Need Attention
2841,2842,19,Female,Dress,Clothing,33.0,Ohio,XL,Magenta,Winter,3.0,0,2-Day Shipping,0,0,31.0,Cash,Weekly,57.0,-0.05068541128469417,60.32460923877559,-0.05068541128469417,48.58643967444491,Average,4,4,1,441,Loyal Customer
2842,2843,28,Female,Coat,Outerwear,100.0,Arizona,L,Green,Fall,4.3,0,Standard,0,0,48.0,Debit Card,Quarterly,3.0,2.545076117583747,34.537126475776084,2.545076117583747,25.856259316826772,Good,1,5,5,155,At Risk
2843,2844,51,Female,Sweater,Clothing,26.0,Ohio,M,White,Summer,3.6,0,Store Pickup,0,0,41.0,Venmo,Weekly,57.0,0.3460038716873606,56.383716389744166,0.3460038716873606,45.11276967525216,Average,4,5,1,451,Loyal Customer
2844,2845,32,Female,Hat,Accessories,79.0,New Mexico,M,Indigo,Summer,4.4,0,Standard,0,0,42.0,Venmo,Annually,1.0,1.1907494063144282,47.99162772094706,1.1907494063144282,37.71562700832308,Good,1,5,4,154,At Risk
2845,2846,26,Female,Backpack,Accessories,77.0,South Dakota,L,Lavender,Summer,4.1,0,Express,0,0,39.0,Debit Card,Every 3 Months,4.0,0.9769626465760846,50.11548321398741,0.9769626465760846,39.58768326344512,Good,2,4,4,244,At Risk
2846,2847,50,Female,Socks,Clothing,36.0,Oklahoma,XL,Black,Fall,2.8,0,Next Day Air,0,0,15.0,PayPal,Bi-Weekly,114.0,0.4569116217287046,55.28190805308969,0.4569116217287046,44.141589105133946,Average,5,2,2,522,Potential Loyalist
2847,2848,68,Female,Jewelry,Accessories,21.0,Connecticut,L,Charcoal,Winter,2.8,0,Free Shipping,0,0,3.0,PayPal,Every 3 Months,4.0,-3.879831769511369,98.36510125300839,-3.879831769511369,82.11694175263494,Average,2,1,1,211,About to Sleep
2848,2849,33,Female,Boots,Footwear,72.0,Wisconsin,L,Gray,Fall,4.9,0,Store Pickup,0,0,28.0,Bank Transfer,Quarterly,3.0,-0.02177468838866714,60.037396888929194,-0.02177468838866714,48.33327853526189,Good,1,3,4,134,At Risk
2849,2850,56,Female,Coat,Outerwear,25.0,New Hampshire,M,Gold,Spring,4.1,0,Express,0,0,27.0,PayPal,Bi-Weekly,114.0,0.8231523845315134,51.64350473566235,0.8231523845315134,40.93454620067713,Good,5,3,1,531,Potential Loyalist
2850,2851,57,Female,Sweater,Clothing,79.0,Nebraska,M,Silver,Spring,3.0,0,Store Pickup,0,0,36.0,Debit Card,Annually,1.0,0.7753886125283648,52.11801190187495,0.7753886125283648,41.35279692984369,Average,1,4,4,144,At Risk
2851,2852,58,Female,Blouse,Clothing,73.0,Nevada,L,Teal,Summer,3.0,0,Store Pickup,0,0,42.0,Debit Card,Monthly,12.0,1.2246601152475967,47.65474322197832,1.2246601152475967,37.418682731457395,Average,3,5,4,354,Loyal Customer
2852,2853,40,Female,Belt,Accessories,71.0,New York,M,Magenta,Spring,3.0,0,Store Pickup,0,0,30.0,Venmo,Weekly,57.0,1.484657911681333,45.071806145753314,1.484657911681333,35.14197250989156,Average,4,3,4,434,Potential Loyalist
2853,2854,37,Female,Hat,Accessories,48.0,Pennsylvania,M,Magenta,Winter,3.2,0,Next Day Air,0,0,9.0,PayPal,Weekly,57.0,-0.9402920456330082,69.16236859916937,-0.9402920456330082,56.37641537952659,Average,4,1,2,412,Recent Customer
2854,2855,36,Female,Sandals,Footwear,28.0,Delaware,M,Beige,Fall,2.7,0,Store Pickup,0,0,25.0,Venmo,Monthly,12.0,-1.8523442957480047,78.22311297696596,-1.8523442957480047,64.36293953058085,Average,3,3,1,331,Promising
2855,2856,29,Female,Boots,Footwear,95.0,Mississippi,S,Maroon,Winter,3.8,0,2-Day Shipping,0,0,33.0,PayPal,Quarterly,3.0,1.2955464854961716,46.95052558465414,1.2955464854961716,36.797955456348504,Average,1,4,5,145,At Risk
2856,2857,65,Female,Jacket,Outerwear,48.0,Iowa,M,Indigo,Winter,3.5,0,2-Day Shipping,0,0,31.0,Credit Card,Monthly,12.0,-0.5924729114722722,65.7069741698046,-0.5924729114722722,53.330684266179475,Average,3,4,2,342,Loyal Customer
2857,2858,44,Female,Dress,Clothing,93.0,Utah,S,Maroon,Spring,3.8,0,Next Day Air,0,0,35.0,Debit Card,Monthly,12.0,1.5845831129868586,44.079103473494044,1.5845831129868586,34.26696229701734,Average,3,4,5,345,Loyal Customer
2858,2859,34,Female,Jeans,Clothing,87.0,Maryland,L,Teal,Summer,3.8,0,2-Day Shipping,0,0,46.0,Bank Transfer,Monthly,12.0,2.0927247244477405,39.03099219632964,2.0927247244477405,29.817343043760452,Average,3,5,5,355,Loyal Customer
2859,2860,31,Female,Shorts,Clothing,32.0,Utah,L,Yellow,Fall,3.4,0,Express,0,0,29.0,Bank Transfer,Annually,1.0,-1.693798867872765,76.6480501512728,-1.693798867872765,62.974612394054205,Average,1,3,1,131,Lost
2860,2861,28,Female,Shirt,Clothing,38.0,Rhode Island,M,Gold,Spring,2.9,0,Next Day Air,0,0,49.0,Bank Transfer,Weekly,57.0,1.4065246176959132,45.84801803943358,1.4065246176959132,35.82615857416288,Average,4,5,2,452,Loyal Customer
2861,2862,66,Female,Coat,Outerwear,54.0,Maryland,M,Teal,Fall,3.4,0,Free Shipping,0,0,27.0,Credit Card,Monthly,12.0,-0.6160269301827472,65.94097056921981,-0.6160269301827472,53.536938610995655,Average,3,3,3,333,Promising
2862,2863,68,Female,Coat,Outerwear,75.0,Hawaii,S,Violet,Summer,4.7,0,Store Pickup,0,0,5.0,Bank Transfer,Every 3 Months,4.0,-1.4611995772605746,74.3373023685354,-1.4611995772605746,60.93782135301667,Good,2,1,4,214,About to Sleep
2863,2864,37,Female,T-shirt,Clothing,56.0,Connecticut,M,Yellow,Fall,3.9,0,2-Day Shipping,0,0,18.0,Venmo,Monthly,12.0,-1.1546170618128753,71.29157137798828,-1.1546170618128753,58.25318495898849,Average,3,2,3,323,Promising
2864,2865,58,Female,Sweater,Clothing,43.0,Illinois,S,Maroon,Fall,3.6,0,Store Pickup,0,0,31.0,Venmo,Weekly,57.0,0.37156988396014023,56.129731925658845,0.37156988396014023,44.88889700300454,Average,4,4,2,442,Loyal Customer
2865,2866,28,Female,Skirt,Clothing,97.0,California,M,Silver,Fall,3.7,0,Free Shipping,0,0,27.0,Cash,Fortnightly,28.0,1.6175092191228697,43.75200046923416,1.6175092191228697,33.97863984419485,Average,3,3,5,335,Promising
2866,2867,54,Female,Blouse,Clothing,75.0,Connecticut,S,Violet,Summer,3.1,0,Free Shipping,0,0,19.0,Cash,Annually,1.0,-0.5703690879634153,65.48738467308397,-0.5703690879634153,53.13712877606158,Average,1,2,4,124,Need Attention
2867,2868,21,Female,Sneakers,Footwear,55.0,Colorado,L,White,Summer,4.9,0,Next Day Air,0,0,33.0,Cash,Fortnightly,28.0,0.25939777288062793,57.24410100339657,0.25939777288062793,45.871149142723844,Good,3,4,3,343,Loyal Customer
2868,2869,45,Female,Backpack,Accessories,49.0,Colorado,M,Black,Winter,2.6,0,Next Day Air,0,0,42.0,PayPal,Every 3 Months,4.0,0.0023282167835797507,59.79794760025033,0.0023282167835797507,48.12221778271788,Average,2,5,2,252,Need Attention
2869,2870,57,Female,Socks,Clothing,58.0,Georgia,M,White,Summer,4.2,0,Standard,0,0,16.0,Bank Transfer,Weekly,57.0,-0.03344915763776646,60.15337640830344,-0.03344915763776646,48.4355077996455,Good,4,2,3,423,Potential Loyalist
2870,2871,47,Female,Jewelry,Accessories,34.0,North Dakota,M,Blue,Winter,4.8,0,Free Shipping,0,0,49.0,Debit Card,Every 3 Months,4.0,-0.14646713333326478,61.27614869217625,-0.14646713333326478,49.42516688143775,Good,2,5,1,251,Need Attention
2871,2872,46,Female,Shorts,Clothing,43.0,Idaho,S,Black,Summer,2.7,0,2-Day Shipping,0,0,40.0,Venmo,Bi-Weekly,114.0,2.4831603025086864,35.152226513375155,2.4831603025086864,26.398434562123118,Average,5,4,2,542,Loyal Customer
2872,2873,63,Female,Jewelry,Accessories,48.0,Connecticut,L,Olive,Fall,2.6,0,Next Day Air,0,0,5.0,Cash,Annually,1.0,-2.679633570625283,86.44178317399754,-2.679633570625283,71.60722380583205,Average,1,1,2,112,Hibernating
2873,2874,44,Female,Sweater,Clothing,40.0,Montana,M,Teal,Spring,2.6,0,Free Shipping,0,0,8.0,Bank Transfer,Monthly,12.0,-2.5224935238480493,84.88068204718819,-2.5224935238480493,70.2312031024941,Average,3,1,2,312,Need Attention
2874,2875,36,Female,Shirt,Clothing,29.000000000000004,Colorado,L,Silver,Summer,3.1,0,Standard,0,0,2.0,Debit Card,Annually,1.0,-3.6895990284835,96.47524215938326,-3.6895990284835,80.45113984232907,Average,1,1,1,111,Hibernating
2875,2876,24,Female,Pants,Clothing,81.0,Kentucky,M,Pink,Fall,2.6,0,Free Shipping,0,0,14.0,Debit Card,Weekly,57.0,0.7992844234966652,51.88061998177758,0.7992844234966652,41.143549629172824,Average,4,2,4,424,Potential Loyalist
2876,2877,65,Female,Hoodie,Clothing,84.0,New Mexico,M,Charcoal,Spring,3.4,0,2-Day Shipping,0,0,5.0,Bank Transfer,Fortnightly,28.0,-0.4544122419109812,64.33541630635482,-0.4544122419109812,52.121735029309605,Average,3,1,4,314,Need Attention
2877,2878,32,Female,Socks,Clothing,46.0,New Jersey,M,Silver,Summer,3.6,0,Standard,0,0,34.0,Venmo,Monthly,12.0,-0.46924357362820746,64.482757541964,-0.46924357362820746,52.25160783970723,Average,3,4,2,342,Loyal Customer
2878,2879,63,Female,Dress,Clothing,86.0,California,L,Turquoise,Summer,4.3,0,Next Day Air,0,0,13.0,Bank Transfer,Annually,1.0,-0.5212490569801607,64.99940380958343,-0.5212490569801607,52.70700175899778,Good,1,2,5,125,Need Attention
2879,2880,62,Female,Blouse,Clothing,57.0,North Dakota,XL,Turquoise,Winter,4.9,0,Free Shipping,0,0,31.0,Venmo,Annually,1.0,-0.49970703183199067,64.78539547483832,-0.49970703183199067,52.51836574161304,Good,1,4,3,143,At Risk
2880,2881,19,Female,Skirt,Clothing,61.0,Florida,L,Beige,Winter,4.8,0,Store Pickup,0,0,43.0,PayPal,Quarterly,3.0,0.5521464713071734,54.33580148103792,0.5521464713071734,43.30765067004477,Good,1,5,3,153,At Risk
2881,2882,38,Female,Backpack,Accessories,90.0,Texas,M,Cyan,Winter,4.2,0,Free Shipping,0,0,6.0,Bank Transfer,Annually,1.0,-0.8369345316326343,68.13556776208593,-0.8369345316326343,55.47134959886234,Good,1,1,5,115,Need Attention
2882,2883,59,Female,Blouse,Clothing,51.0,Oklahoma,L,Gold,Winter,2.6,0,Store Pickup,0,0,23.0,Credit Card,Bi-Weekly,114.0,1.6441089563107076,43.4877465088441,1.6441089563107076,33.74571520261255,Average,5,3,2,532,Potential Loyalist
2883,2884,22,Female,Socks,Clothing,48.0,Rhode Island,XL,Silver,Spring,3.2,0,Standard,0,0,10.0,PayPal,Weekly,57.0,-0.8710652466686644,68.47463790234806,-0.8710652466686644,55.77022039260648,Average,4,1,2,412,Recent Customer
2884,2885,55,Female,Boots,Footwear,50.0,Arkansas,M,Purple,Summer,3.4,0,2-Day Shipping,0,0,47.0,Credit Card,Every 3 Months,4.0,0.3906877411297829,55.93980638483209,0.3906877411297829,44.72148858097333,Average,2,5,2,252,Need Attention
2885,2886,29,Female,Backpack,Accessories,82.0,Nevada,M,Yellow,Summer,3.5,0,Next Day Air,0,0,14.0,Credit Card,Bi-Weekly,114.0,2.3300591808905997,36.673203109574025,2.3300591808905997,27.73908780342829,Average,5,2,4,524,Potential Loyalist
2886,2887,42,Female,Hat,Accessories,33.0,Utah,L,Blue,Spring,4.2,0,Free Shipping,0,0,29.0,PayPal,Weekly,57.0,-0.189139009213382,61.70007063241821,-0.189139009213382,49.79882964828512,Good,4,3,1,431,Potential Loyalist
2887,2888,23,Female,Sandals,Footwear,28.0,Kentucky,L,Blue,Winter,2.8,0,Express,0,0,12.0,Cash,Bi-Weekly,114.0,-0.08857301136019435,60.70100199404701,-0.08857301136019435,48.91820820304656,Average,5,2,1,521,Potential Loyalist
2888,2889,70,Female,Hoodie,Clothing,42.0,Wisconsin,L,Green,Spring,5.0,0,2-Day Shipping,0,0,25.0,Debit Card,Quarterly,3.0,-1.4962209710162022,74.68522091874334,-1.4962209710162022,61.24449151034334,Good,1,3,2,132,Need Attention
2889,2890,64,Female,Sunglasses,Accessories,43.0,Minnesota,M,Charcoal,Fall,3.3,0,Store Pickup,0,0,21.0,Venmo,Annually,1.0,-1.783132434818198,77.53553068141488,-1.783132434818198,63.7568753508306,Average,1,3,2,132,Need Attention
2890,2891,39,Female,Jeans,Clothing,55.0,North Dakota,M,Violet,Winter,3.7,0,Free Shipping,0,0,23.0,Credit Card,Monthly,12.0,-0.8507085965156393,68.2724056251934,-0.8507085965156393,55.59196429153202,Average,3,3,3,333,Promising
2891,2892,47,Female,T-shirt,Clothing,73.0,Ohio,XL,Black,Winter,2.5,0,Free Shipping,0,0,10.0,PayPal,Monthly,12.0,-0.9905974516114079,69.66212552026035,-0.9905974516114079,56.816922312900665,Poor,3,1,4,314,Need Attention
2892,2893,22,Female,Dress,Clothing,39.0,Nevada,M,Teal,Spring,3.2,0,Standard,0,0,47.0,Credit Card,Monthly,12.0,0.13512610623687915,58.47867260246865,0.13512610623687915,46.95935287975417,Average,3,5,2,352,Loyal Customer
2893,2894,69,Female,Belt,Accessories,20.0,Kentucky,S,Orange,Spring,3.1,0,Free Shipping,0,0,44.0,Debit Card,Every 3 Months,4.0,-1.0837585414977524,70.58763041464623,-1.0837585414977524,57.63270155605479,Average,2,5,1,251,Need Attention
2894,2895,35,Female,Jewelry,Accessories,32.0,Kentucky,S,Brown,Spring,3.5,0,Standard,0,0,41.0,Venmo,Annually,1.0,-0.863077280300638,68.39528178941704,-0.863077280300638,55.70027255101297,Average,1,5,1,151,Need Attention
2895,2896,56,Female,Hoodie,Clothing,86.0,Montana,L,Green,Summer,4.6,0,Standard,0,0,29.0,Bank Transfer,Monthly,12.0,0.8736436125294111,51.141901773603635,0.8736436125294111,40.49241208854622,Good,3,3,5,335,Promising
2896,2897,30,Female,Blouse,Clothing,91.0,Delaware,M,Silver,Summer,3.3,0,Free Shipping,0,0,2.0,Venmo,Every 3 Months,4.0,-0.9932715017618712,69.68869075801256,-0.9932715017618712,56.84033803947237,Average,2,1,5,215,About to Sleep
2897,2898,43,Female,Jacket,Outerwear,59.0,Montana,L,Violet,Fall,2.5,0,Free Shipping,0,0,2.0,Cash,Fortnightly,28.0,-1.7177308769160988,76.8858016796106,-1.7177308769160988,63.18417666867086,Poor,3,1,3,313,Need Attention
2898,2899,23,Female,Sneakers,Footwear,33.0,New Jersey,XL,Peach,Summer,4.6,0,Express,0,0,29.0,Credit Card,Annually,1.0,-1.6515733383482814,76.22856241996111,-1.6515733383482814,62.604858126910166,Good,1,3,1,131,Lost
2899,2900,50,Female,Boots,Footwear,64.0,Nebraska,M,Gold,Spring,4.2,0,2-Day Shipping,0,0,22.0,Bank Transfer,Fortnightly,28.0,-0.1220672500068038,61.03374908662597,-0.1220672500068038,49.211505594548626,Good,3,3,3,333,Promising
2900,2901,41,Female,Blouse,Clothing,67.0,Maryland,XL,Violet,Winter,4.0,0,Standard,0,0,23.0,Cash,Bi-Weekly,114.0,2.3197174287024427,36.77594280785731,2.3197174287024427,27.829646928307945,Good,5,3,3,533,Potential Loyalist
2901,2902,41,Female,Blouse,Clothing,43.0,Alabama,L,Olive,Winter,2.6,0,Free Shipping,0,0,46.0,Credit Card,Quarterly,3.0,-0.00023266324049708853,59.8233885541841,-0.00023266324049708853,48.144642517877145,Average,1,5,2,152,Need Attention
2902,2903,27,Female,Boots,Footwear,32.0,North Carolina,S,Orange,Spring,4.6,0,Standard,0,0,19.0,PayPal,Bi-Weekly,114.0,0.5649166994881465,54.20893619105114,0.5649166994881465,43.19582622602969,Good,5,2,1,521,Potential Loyalist
2903,2904,38,Female,Scarf,Accessories,39.0,Delaware,S,Teal,Spring,3.5,0,2-Day Shipping,0,0,24.0,Credit Card,Every 3 Months,4.0,-1.6660094598194448,76.3719774561507,-1.6660094598194448,62.731270218720105,Average,2,3,2,232,Need Attention
2904,2905,41,Female,Sandals,Footwear,41.0,Iowa,M,Gray,Spring,4.0,0,2-Day Shipping,0,0,43.0,Venmo,Monthly,12.0,-0.05733003057152963,60.390619927130565,-0.05733003057152963,48.64462429314651,Good,3,5,2,352,Loyal Customer
2905,2906,58,Female,Sunglasses,Accessories,53.0,New York,L,Black,Winter,4.8,0,Standard,0,0,14.0,Debit Card,Fortnightly,28.0,-1.1403624664908731,71.14995970562488,-1.1403624664908731,58.128362428493865,Good,3,2,3,323,Promising
2906,2907,58,Female,Coat,Outerwear,27.0,Virginia,M,Indigo,Spring,3.9,0,Standard,0,0,7.0,Venmo,Annually,1.0,-3.4279160927107477,93.87556413790004,-3.4279160927107477,78.15967344201664,Average,1,1,1,111,Hibernating
2907,2908,19,Female,Sunglasses,Accessories,82.0,Maryland,XL,Lavender,Summer,3.7,0,Next Day Air,0,0,50.0,PayPal,Bi-Weekly,114.0,4.82222394360698,11.914898024006753,4.82222394360698,5.9160682743046085,Average,5,5,4,554,Champion
2908,2909,43,Female,Blouse,Clothing,87.0,Texas,M,Beige,Winter,3.1,0,Store Pickup,0,0,15.0,Debit Card,Every 3 Months,4.0,-0.26222523332333436,62.426142624582184,-0.26222523332333436,50.438820278087206,Average,2,2,5,225,About to Sleep
2909,2910,27,Female,Backpack,Accessories,78.0,Louisiana,M,Indigo,Winter,3.0,0,Next Day Air,0,0,40.0,Credit Card,Every 3 Months,4.0,1.0884149750649121,49.00826478585443,1.0884149750649121,38.611734009380974,Average,2,4,4,244,At Risk
2910,2911,32,Female,Belt,Accessories,32.0,Mississippi,M,Blue,Summer,2.9,0,Store Pickup,0,0,41.0,Credit Card,Monthly,12.0,-0.5758133942205685,65.54147090257825,-0.5758133942205685,53.18480267128305,Average,3,5,1,351,Loyal Customer
2911,2912,28,Female,Socks,Clothing,38.0,Ohio,XL,Orange,Fall,2.9,0,Next Day Air,0,0,34.0,Venmo,Quarterly,3.0,-1.042081898435041,70.17359557259822,-1.042081898435041,57.267753696638565,Average,1,4,2,142,Need Attention
2912,2913,48,Female,Shoes,Footwear,37.0,Oregon,M,Yellow,Winter,4.0,0,Standard,0,0,27.0,Cash,Bi-Weekly,114.0,1.329858738825315,46.609651959922275,1.329858738825315,36.497494994948674,Good,5,3,2,532,Potential Loyalist
2913,2914,43,Female,Coat,Outerwear,83.0,Wyoming,L,Cyan,Winter,3.5,0,Express,0,0,12.0,Cash,Every 3 Months,4.0,-0.6388077483142998,66.16728564029283,-0.6388077483142998,53.736422307423645,Average,2,2,4,224,About to Sleep
2914,2915,45,Female,Sweater,Clothing,72.0,Pennsylvania,M,Yellow,Fall,3.8,0,Express,0,0,1.0,Debit Card,Bi-Weekly,114.0,1.0078554991092943,49.80857948136783,1.0078554991092943,39.31716530483,Average,5,1,4,514,Recent Customer
2915,2916,26,Female,Shirt,Clothing,30.0,Oregon,M,Cyan,Fall,4.5,0,Express,0,0,39.0,Debit Card,Bi-Weekly,114.0,1.8650016197260575,41.29329771724822,1.8650016197260575,31.811435021915717,Good,5,4,1,541,Loyal Customer
2916,2917,62,Female,Shorts,Clothing,66.0,Oklahoma,M,Green,Winter,2.7,0,Express,0,0,13.0,Credit Card,Bi-Weekly,114.0,1.5852239095345204,44.072737507382115,1.5852239095345204,34.261351064653,Average,5,2,3,523,Potential Loyalist
2917,2918,58,Female,Shirt,Clothing,45.0,Colorado,XL,White,Winter,2.9,0,Store Pickup,0,0,50.0,Venmo,Annually,1.0,0.30889579419674196,56.75236501097346,0.30889579419674196,45.43771219585956,Average,1,5,2,152,Need Attention
2918,2919,19,Female,Sunglasses,Accessories,73.0,New York,S,Black,Fall,4.9,0,Free Shipping,0,0,36.0,Cash,Weekly,57.0,1.9844697645163631,40.10644650220209,1.9844697645163631,30.76529405408288,Good,4,4,4,444,Champion
2919,2920,64,Female,Shoes,Footwear,67.0,Minnesota,L,Charcoal,Winter,3.8,0,Standard,0,0,31.0,Debit Card,Monthly,12.0,0.20981214949291327,57.736707274882804,0.20981214949291327,46.305353190442744,Average,3,4,3,343,Loyal Customer
2920,2921,33,Female,Sunglasses,Accessories,72.0,Texas,XL,Brown,Spring,4.9,0,Free Shipping,0,0,3.0,Debit Card,Bi-Weekly,114.0,1.1463090970379821,48.433118087725205,1.1463090970379821,38.1047753309898,Good,5,1,4,514,Recent Customer
2921,2922,20,Female,Handbag,Accessories,24.0,Wisconsin,M,Cyan,Fall,4.6,0,Standard,0,0,11.0,Cash,Fortnightly,28.0,-2.5725832195939247,85.37829600412734,-2.5725832195939247,70.66982113643128,Good,3,2,1,321,Promising
2922,2923,45,Female,Sunglasses,Accessories,68.0,Kentucky,L,Beige,Winter,3.5,0,Express,0,0,16.0,PayPal,Quarterly,3.0,-1.0213983940587277,69.96811617603164,-1.0213983940587277,57.086635446879264,Average,1,2,3,123,Need Attention
2923,2924,28,Female,Shirt,Clothing,70.0,Pennsylvania,M,Magenta,Spring,4.2,0,2-Day Shipping,0,0,12.0,Cash,Quarterly,3.0,-1.2138545308671365,71.88006350069355,-1.2138545308671365,58.77190686027159,Good,1,2,4,124,Need Attention
2924,2925,47,Female,Shirt,Clothing,64.0,Rhode Island,L,Indigo,Winter,3.7,0,Free Shipping,0,0,37.0,Debit Card,Every 3 Months,4.0,0.2895771648291121,56.94428511468179,0.2895771648291121,45.60687871015783,Average,2,4,3,243,At Risk
2925,2926,54,Female,Sweater,Clothing,91.0,Illinois,M,Maroon,Spring,2.8,0,Store Pickup,0,0,43.0,Credit Card,Every 3 Months,4.0,1.8450272557762286,41.49173218833873,1.8450272557762286,31.986343575748183,Average,2,5,5,255,At Risk
2926,2927,64,Female,Handbag,Accessories,82.0,Maryland,M,Gray,Winter,4.8,0,2-Day Shipping,0,0,9.0,Cash,Weekly,57.0,0.49537595819942914,54.89978573457247,0.49537595819942914,43.80477029662929,Good,4,1,4,414,Recent Customer
2927,2928,45,Female,Shirt,Clothing,24.0,Missouri,M,Black,Summer,2.7,0,Express,0,0,15.0,Venmo,Bi-Weekly,114.0,-0.04979473256509648,60.31576082882977,-0.04979473256509648,48.578640310862404,Average,5,2,1,521,Potential Loyalist
2928,2929,40,Female,Jewelry,Accessories,80.0,Alabama,L,Yellow,Spring,3.6,0,Store Pickup,0,0,17.0,Credit Card,Weekly,57.0,0.9647392908652134,50.23691562262531,0.9647392908652134,39.69471893555655,Average,4,2,4,424,Potential Loyalist
2929,2930,31,Female,Socks,Clothing,53.0,Maine,XL,White,Winter,4.5,0,Next Day Air,0,0,42.0,Venmo,Fortnightly,28.0,0.7979879045107561,51.8935001946281,0.7979879045107561,41.154902794730994,Good,3,5,3,353,Loyal Customer
2930,2931,38,Female,T-shirt,Clothing,50.0,Mississippi,M,Orange,Spring,4.0,0,Free Shipping,0,0,14.0,Venmo,Monthly,12.0,-1.6848774348171516,76.55942055314358,-1.6848774348171516,62.89649050953313,Good,3,2,2,322,Promising
2931,2932,36,Female,Jewelry,Accessories,31.000000000000004,Alabama,M,Magenta,Fall,4.5,0,2-Day Shipping,0,0,49.0,Credit Card,Bi-Weekly,114.0,2.59949513889398,33.99650301772342,2.59949513889398,25.379730885570655,Good,5,5,1,551,Loyal Customer
2932,2933,65,Female,Backpack,Accessories,88.0,Alaska,L,Black,Spring,3.9,0,Express,0,0,3.0,PayPal,Quarterly,3.0,-1.0768361901055292,70.51886060847524,-1.0768361901055292,57.572084933959836,Average,1,1,5,115,Need Attention
2933,2934,27,Female,Hat,Accessories,52.0,Illinois,M,Brown,Summer,3.8,0,Standard,0,0,28.0,Venmo,Monthly,12.0,-0.6312511902673702,66.09221533502185,-0.6312511902673702,53.67025215836363,Average,3,3,3,333,Promising
2934,2935,38,Female,Gloves,Accessories,22.0,Idaho,M,Orange,Fall,4.7,0,Next Day Air,0,0,41.0,Bank Transfer,Quarterly,3.0,-1.2331027780763688,72.07128439583582,-1.2331027780763688,58.94045706250246,Good,1,5,1,151,Need Attention
2935,2936,58,Female,Sneakers,Footwear,27.0,North Carolina,XL,Gray,Spring,4.6,0,Standard,0,0,11.0,Venmo,Weekly,57.0,-1.688574567718473,76.59614956307189,-1.688574567718473,62.92886501571119,Good,4,2,1,421,Potential Loyalist
2936,2937,31,Female,Skirt,Clothing,34.0,Washington,M,White,Spring,3.6,0,Express,0,0,46.0,PayPal,Weekly,57.0,1.0299421027049476,49.58916105514422,1.0299421027049476,39.12376060349934,Average,4,5,1,451,Loyal Customer
2937,2938,28,Female,Handbag,Accessories,39.0,West Virginia,M,White,Spring,4.3,0,2-Day Shipping,0,0,15.0,Credit Card,Weekly,57.0,-0.904961017567296,68.81137400004656,-0.904961017567296,56.06703386230232,Good,4,2,2,422,Potential Loyalist
2938,2939,28,Female,Sunglasses,Accessories,53.0,Maine,M,Violet,Fall,3.0,0,Standard,0,0,15.0,Cash,Monthly,12.0,-1.4889740472793573,74.61322666238725,-1.4889740472793573,61.181032721180905,Average,3,2,3,323,Promising
2939,2940,32,Female,Sweater,Clothing,46.0,Kentucky,M,Beige,Winter,4.3,0,Express,0,0,34.0,Venmo,Weekly,57.0,0.7059268694266223,52.808076641259895,0.7059268694266223,41.961049240812116,Good,4,4,2,442,Loyal Customer
2940,2941,61,Female,Handbag,Accessories,85.0,Massachusetts,L,Beige,Summer,4.8,0,Next Day Air,0,0,13.0,Cash,Monthly,12.0,-0.27621070042457474,62.56508065405632,-0.27621070042457474,50.5612861464119,Good,3,2,5,325,Promising
2941,2942,38,Female,Skirt,Clothing,86.0,Pennsylvania,L,Purple,Spring,3.7,0,Free Shipping,0,0,27.0,PayPal,Monthly,12.0,0.7351900146007233,52.51736316724626,0.7351900146007233,41.70480206238643,Average,3,3,5,335,Promising
2942,2943,54,Female,Socks,Clothing,63.0,Hawaii,M,Brown,Summer,2.6,0,Free Shipping,0,0,37.0,Bank Transfer,Weekly,57.0,1.6314412682358728,43.613593118497505,1.6314412682358728,33.85664173860315,Average,4,4,3,443,Loyal Customer
2943,2944,29,Female,Shirt,Clothing,44.0,Virginia,M,Orange,Spring,3.4,0,Standard,0,0,37.0,Credit Card,Monthly,12.0,-0.3460142357841427,63.258540914123415,-0.3460142357841427,51.17253141323501,Average,3,4,2,342,Loyal Customer
2944,2945,50,Female,Sneakers,Footwear,95.0,New York,XL,Cyan,Summer,3.9,0,Free Shipping,0,0,4.0,Venmo,Every 3 Months,4.0,-0.6859157857352496,66.63527843912324,-0.6859157857352496,54.14893099705601,Average,2,1,5,215,About to Sleep
2945,2946,32,Female,Belt,Accessories,49.0,Delaware,M,Charcoal,Summer,4.8,0,Free Shipping,0,0,1.0,Credit Card,Every 3 Months,4.0,-2.83597054075452,87.99490616992416,-2.83597054075452,72.97621224644207,Good,2,1,2,212,About to Sleep
2946,2947,38,Female,Pants,Clothing,77.0,Hawaii,L,Purple,Spring,2.8,0,Free Shipping,0,0,29.0,Bank Transfer,Quarterly,3.0,0.258579758198094,57.25222753554953,0.258579758198094,45.878312212621594,Average,1,3,4,134,At Risk
2947,2948,52,Female,Jewelry,Accessories,63.0,Nebraska,L,Peach,Spring,4.4,0,Standard,0,0,50.0,Venmo,Annually,1.0,1.068955325637444,49.20158584736334,1.068955325637444,38.78213538726688,Good,1,5,3,153,At Risk
2948,2949,61,Female,Pants,Clothing,83.0,Vermont,M,Violet,Winter,3.1,0,Standard,0,0,38.0,Debit Card,Bi-Weekly,114.0,4.033727885559337,19.748178654550838,4.033727885559337,12.820653850201799,Average,5,4,4,544,Champion
2949,2950,25,Female,Jewelry,Accessories,93.0,Iowa,M,Peach,Spring,3.8,0,Store Pickup,0,0,15.0,PayPal,Annually,1.0,-0.08721675238008897,60.68752829675908,-0.08721675238008897,48.9063319151493,Average,1,2,5,125,Need Attention
2950,2951,22,Female,Jeans,Clothing,91.0,Iowa,S,Maroon,Winter,4.1,0,2-Day Shipping,0,0,44.0,Debit Card,Every 3 Months,4.0,1.9142540547405722,40.804001491517425,1.9142540547405722,31.38014858882808,Good,2,5,5,255,At Risk
2951,2952,47,Female,Scarf,Accessories,99.0,Arkansas,L,Maroon,Fall,4.6,0,Free Shipping,0,0,14.0,Cash,Weekly,57.0,1.5593439549373673,44.329840818167455,1.5593439549373673,34.48797282058013,Good,4,2,5,425,Potential Loyalist
2952,2953,50,Female,Belt,Accessories,24.0,Alabama,M,Peach,Spring,4.9,0,Next Day Air,0,0,5.0,Debit Card,Monthly,12.0,-3.4057823931328164,93.65567783863891,-3.4057823931328164,77.96585633755905,Good,3,1,1,311,Lost
2953,2954,45,Female,Dress,Clothing,82.0,Maryland,M,Silver,Summer,4.8,0,Next Day Air,0,0,11.0,Credit Card,Annually,1.0,-0.8286047730067824,68.05281612847274,-0.8286047730067824,55.398408801414135,Good,1,2,4,124,Need Attention
2954,2955,33,Female,T-shirt,Clothing,28.0,South Dakota,M,Indigo,Winter,3.9,0,Express,0,0,15.0,Credit Card,Annually,1.0,-2.8318761714715133,87.95423083201787,-2.8318761714715133,72.9403592795118,Average,1,2,1,121,Hibernating
2955,2956,42,Female,Boots,Footwear,67.0,Vermont,M,Silver,Winter,2.6,0,Free Shipping,0,0,46.0,Credit Card,Annually,1.0,0.9609502478780022,50.274557709401904,0.9609502478780022,39.72789826637113,Average,1,5,3,153,At Risk
2956,2957,52,Female,Dress,Clothing,88.0,Montana,M,Olive,Fall,3.7,0,Standard,0,0,30.0,Venmo,Monthly,12.0,1.027321470542722,49.61519561415898,1.027321470542722,39.146708567338045,Average,3,3,5,335,Promising
2957,2958,69,Female,Jewelry,Accessories,70.0,South Dakota,S,Gray,Fall,4.7,0,Standard,0,0,2.0,Cash,Annually,1.0,-1.9583523179796787,79.27624517560464,-1.9583523179796787,65.29121488942351,Good,1,1,4,114,Need Attention
2958,2959,55,Female,Skirt,Clothing,100.0,Ohio,M,Black,Summer,4.5,0,Standard,0,0,28.0,PayPal,Monthly,12.0,1.3955742269078355,45.95680423206152,1.3955742269078355,35.92204733544979,Good,3,3,5,335,Promising
2959,2960,38,Female,Handbag,Accessories,28.0,Texas,L,Maroon,Summer,4.7,0,Free Shipping,0,0,9.0,PayPal,Quarterly,3.0,-3.1950071677884733,91.5617403062478,-3.1950071677884733,76.1201710410815,Good,1,1,1,111,Hibernating
2960,2961,57,Female,Coat,Outerwear,48.0,Indiana,S,Olive,Spring,3.6,0,Standard,0,0,47.0,Credit Card,Weekly,57.0,1.69032631501206,43.02860211995948,1.69032631501206,33.341005876562704,Average,4,5,2,452,Loyal Customer
2961,2962,33,Female,Hoodie,Clothing,43.0,New Hampshire,S,Gold,Fall,2.8,0,Free Shipping,0,0,21.0,Debit Card,Bi-Weekly,114.0,1.1678511221861523,48.2191097529801,1.1678511221861523,37.916139313605065,Average,5,3,2,532,Potential Loyalist
2962,2963,57,Female,Pants,Clothing,40.0,California,L,Pink,Fall,4.0,0,Express,0,0,42.0,Credit Card,Every 3 Months,4.0,-0.3777015489367713,63.5733371820554,-0.3777015489367713,51.45000618701423,Good,2,5,2,252,Need Attention
2963,2964,52,Female,Boots,Footwear,97.0,Maine,M,Brown,Spring,3.6,0,Free Shipping,0,0,28.0,Credit Card,Weekly,57.0,2.444068081389215,35.540586525292426,2.444068081389215,26.740751537986778,Average,4,3,5,435,Potential Loyalist
2964,2965,44,Female,Coat,Outerwear,25.0,Ohio,S,White,Fall,3.8,0,2-Day Shipping,0,0,13.0,Venmo,Fortnightly,28.0,-2.3919040921407535,83.58334687917304,-2.3919040921407535,69.08767689544703,Average,3,2,1,321,Promising
2965,2966,48,Female,Scarf,Accessories,45.0,Delaware,M,Blue,Summer,4.4,0,Standard,0,0,25.0,PayPal,Fortnightly,28.0,-0.7166719140789577,66.94082389108381,-0.7166719140789577,54.418251709525045,Good,3,3,2,332,Promising
2966,2967,52,Female,Boots,Footwear,49.0,Oklahoma,L,Orange,Fall,2.8,0,Store Pickup,0,0,38.0,Debit Card,Every 3 Months,4.0,-0.2745789790737957,62.54887038753558,-0.2745789790737957,50.54699773039829,Average,2,4,2,242,Need Attention
2967,2968,34,Female,Sneakers,Footwear,36.0,Indiana,L,Silver,Summer,3.4,0,Free Shipping,0,0,40.0,Venmo,Annually,1.0,-0.7634019611670481,67.40506156099165,-0.7634019611670481,54.82745046935693,Average,1,4,2,142,Need Attention
2968,2969,26,Female,Sweater,Clothing,48.0,South Carolina,S,Gray,Fall,4.9,0,Express,0,0,25.0,Cash,Every 3 Months,4.0,-1.21675289513475,71.90885717752433,-1.21675289513475,58.79728682750366,Good,2,3,2,232,Need Attention
2969,2970,36,Female,Belt,Accessories,62.0,Vermont,S,Blue,Fall,4.3,0,Next Day Air,0,0,20.0,Cash,Every 3 Months,4.0,-0.971729476613701,69.47468242326747,-0.971729476613701,56.65170202208763,Good,2,2,3,223,About to Sleep
2970,2971,24,Female,Jewelry,Accessories,74.0,Kansas,M,White,Winter,3.4,0,Free Shipping,0,0,44.0,Credit Card,Bi-Weekly,114.0,4.069058913625049,19.397184055428028,4.069058913625049,12.511272332977533,Average,5,5,4,554,Champion
2971,2972,30,Female,Handbag,Accessories,100.0,Utah,L,Yellow,Fall,3.9,0,Next Day Air,0,0,9.0,PayPal,Every 3 Months,4.0,-0.1286541432911128,61.09918629845831,-0.1286541432911128,49.26918472673532,Average,2,1,5,215,About to Sleep
2972,2973,31,Female,Jacket,Outerwear,39.0,New York,S,Indigo,Fall,4.2,0,Free Shipping,0,0,11.0,Venmo,Every 3 Months,4.0,-2.5659578463559156,85.31247651482776,-2.5659578463559156,70.61180504868145,Good,2,2,2,222,About to Sleep
2973,2974,25,Female,Boots,Footwear,65.0,Indiana,M,Blue,Summer,2.7,0,Store Pickup,0,0,3.0,Bank Transfer,Fortnightly,28.0,-1.3951509008048544,73.68114459491923,-1.3951509008048544,60.35945607888652,Average,3,1,3,313,Need Attention
2974,2975,57,Female,Sneakers,Footwear,99.0,Tennessee,XL,Peach,Summer,4.1,0,Store Pickup,0,0,34.0,Credit Card,Weekly,57.0,2.9438799342242454,30.575226881741198,2.9438799342242454,22.364073082178088,Good,4,4,5,445,Champion
2975,2976,61,Female,Scarf,Accessories,68.0,Georgia,XL,Lavender,Winter,4.5,0,2-Day Shipping,0,0,48.0,Cash,Every 3 Months,4.0,1.2199740715348288,47.70129652440065,1.2199740715348288,37.45971678546055,Good,2,5,3,253,At Risk
2976,2977,30,Female,Coat,Outerwear,97.0,Nebraska,M,Silver,Summer,2.8,0,Express,0,0,28.0,Cash,Fortnightly,28.0,1.6867360180872137,43.06426977241284,1.6867360180872137,33.37244485727474,Average,3,3,5,335,Promising
2977,2978,38,Female,Shorts,Clothing,47.0,Washington,L,Gold,Winter,3.4,0,Standard,0,0,20.0,Venmo,Annually,1.0,-1.6834571156846079,76.5453104529895,-1.6834571156846079,62.884053269174544,Average,1,2,2,122,Hibernating
2978,2979,53,Female,Shorts,Clothing,56.0,Idaho,S,Cyan,Spring,3.9,0,Free Shipping,0,0,49.0,Bank Transfer,Fortnightly,28.0,1.4092520858346136,45.8209221229439,1.4092520858346136,35.802275084858174,Average,3,5,3,353,Loyal Customer
2979,2980,31,Female,Jeans,Clothing,91.0,Louisiana,L,Olive,Fall,2.6,0,Next Day Air,0,0,14.0,PayPal,Weekly,57.0,1.2215397187414996,47.68574266866085,1.2215397187414996,37.446006957732436,Average,4,2,5,425,Potential Loyalist
2980,2981,70,Female,Gloves,Accessories,93.0,New Jersey,L,Teal,Fall,4.4,0,2-Day Shipping,0,0,9.0,Bank Transfer,Monthly,12.0,-0.21531366008608277,61.96010159084818,-0.21531366008608277,50.02803195694,Good,3,1,5,315,Need Attention
2981,2982,21,Female,Pants,Clothing,36.0,Delaware,L,Pink,Winter,4.9,0,Standard,0,0,37.0,Venmo,Annually,1.0,-0.9710823580600798,69.4682536514556,-0.9710823580600798,56.64603543011724,Good,1,4,2,142,Need Attention
2982,2983,33,Female,Dress,Clothing,45.0,Wisconsin,M,Orange,Summer,3.6,0,Store Pickup,0,0,4.0,Credit Card,Weekly,57.0,-1.413102629028178,73.85948527721095,-1.413102629028178,60.516653115559215,Average,4,1,2,412,Recent Customer
2983,2984,60,Female,Pants,Clothing,44.0,West Virginia,M,Charcoal,Winter,2.8,0,2-Day Shipping,0,0,1.0,Credit Card,Quarterly,3.0,-3.073213087111489,90.35178217983152,-3.073213087111489,75.05366266213771,Average,1,1,2,112,Hibernating
2984,2985,45,Female,Gloves,Accessories,32.0,Texas,L,Red,Spring,4.3,0,2-Day Shipping,0,0,36.0,Debit Card,Bi-Weekly,114.0,1.7417722818819927,42.51751434508882,1.7417722818819927,32.89051144838795,Good,5,4,1,541,Loyal Customer
2985,2986,46,Female,Belt,Accessories,36.0,Hawaii,S,Teal,Summer,3.0,0,Express,0,0,21.0,Cash,Bi-Weekly,114.0,0.8722724155147681,51.155523872161815,0.8722724155147681,40.50441918361333,Average,5,3,2,532,Potential Loyalist
2986,2987,62,Female,Belt,Accessories,85.0,Arizona,S,Silver,Summer,3.3,0,2-Day Shipping,0,0,16.0,Credit Card,Monthly,12.0,-0.0685303035315431,60.501888563592374,-0.0685303035315431,48.74270118565159,Average,3,2,5,325,Promising
2987,2988,63,Female,Skirt,Clothing,36.0,Louisiana,L,Black,Winter,2.5,0,Store Pickup,0,0,42.0,Cash,Monthly,12.0,-0.337684477158291,63.175789280510244,-0.337684477158291,51.0995906157868,Poor,3,5,2,352,Loyal Customer
2988,2989,69,Female,Socks,Clothing,55.0,Nevada,S,Pink,Spring,5.0,0,2-Day Shipping,0,0,31.0,Debit Card,Monthly,12.0,-0.29689420480088813,62.77056005062289,-0.29689420480088813,50.7424043961712,Good,3,4,3,343,Loyal Customer
2989,2990,46,Female,Belt,Accessories,20.0,Rhode Island,XL,Teal,Summer,4.3,0,2-Day Shipping,0,0,6.0,Credit Card,Weekly,57.0,-2.330287269211577,82.97121716636016,-2.330287269211577,68.54811982031997,Good,4,1,1,411,Recent Customer
2990,2991,69,Female,Shirt,Clothing,91.0,Illinois,M,Teal,Fall,4.2,0,Free Shipping,0,0,24.0,Venmo,Monthly,12.0,0.7386372653301088,52.483116601151835,0.7386372653301088,41.67461568742654,Good,3,3,5,335,Promising
2991,2992,66,Female,Dress,Clothing,71.0,Utah,L,Green,Summer,3.9,0,Standard,0,0,7.0,PayPal,Bi-Weekly,114.0,1.3809907633708742,46.101683031751634,1.3809907633708742,36.04974965045342,Average,5,1,4,514,Recent Customer
2992,2993,41,Female,Socks,Clothing,64.0,North Dakota,M,Charcoal,Spring,3.9,0,Store Pickup,0,0,25.0,Venmo,Weekly,57.0,0.8429452101882293,51.446873749041586,0.8429452101882293,40.761227314500346,Average,4,3,3,433,Potential Loyalist
2993,2994,32,Female,Jacket,Outerwear,21.0,Kansas,L,Indigo,Spring,4.2,0,Free Shipping,0,0,18.0,Cash,Bi-Weekly,114.0,0.031209075754484505,59.51103193230085,0.031209075754484505,47.869318151534216,Good,5,2,1,521,Potential Loyalist
2994,2995,69,Female,Sweater,Clothing,100.0,Nevada,S,White,Winter,3.5,0,Store Pickup,0,0,14.0,Bank Transfer,Quarterly,3.0,0.19136495279605492,57.91997016770073,0.19136495279605492,46.46688887211025,Average,1,2,5,125,Need Attention
2995,2996,29,Female,Jeans,Clothing,96.0,Virginia,M,Orange,Summer,2.5,0,Standard,0,0,42.0,Debit Card,Bi-Weekly,114.0,4.859566965234997,11.543915360213834,4.859566965234997,5.589068429648897,Poor,5,5,5,555,Champion
2996,2997,70,Female,Jewelry,Accessories,91.0,Utah,M,White,Spring,2.9,0,Express,0,0,6.0,Venmo,Every 3 Months,4.0,-0.7163643059044957,66.93776797072731,-0.7163643059044957,54.41555809179196,Average,2,1,5,215,About to Sleep
2997,2998,41,Female,Sweater,Clothing,40.0,Idaho,S,Yellow,Spring,2.7,0,Next Day Air,0,0,14.0,Venmo,Every 3 Months,4.0,-2.3160519199384004,82.82979669305215,-2.3160519199384004,68.4234658207771,Average,2,2,2,222,About to Sleep
2998,2999,31,Female,Hoodie,Clothing,53.0,Alaska,M,Red,Summer,4.7,0,Express,0,0,30.0,Debit Card,Quarterly,3.0,-0.6856061514251649,66.63220239020838,-0.6856061514251649,54.146219637158396,Good,1,3,3,133,At Risk
2999,3000,31,Female,Sunglasses,Accessories,48.0,New Hampshire,S,Charcoal,Winter,3.8,0,Standard,0,0,10.0,Cash,Monthly,12.0,-2.046235689723494,80.14931880305218,-2.046235689723494,66.0607789915016,Average,3,1,2,312,Need Attention
3000,3001,57,Female,Sandals,Footwear,70.0,Ohio,M,Lavender,Winter,3.7,0,Express,0,0,7.0,PayPal,Weekly,57.0,-0.14978399402306009,61.30909990395518,-0.14978399402306009,49.45421147619796,Average,4,1,4,414,Recent Customer
3001,3002,29,Female,Coat,Outerwear,29.000000000000004,Montana,L,Charcoal,Summer,4.7,0,Express,0,0,28.0,Credit Card,Quarterly,3.0,-1.8374724579414554,78.07536933533116,-1.8374724579414554,64.23271202245552,Good,1,3,1,131,Lost
3002,3003,70,Female,Belt,Accessories,29.000000000000004,Louisiana,M,Maroon,Fall,3.6,0,Next Day Air,0,0,19.0,Bank Transfer,Quarterly,3.0,-2.4605136486205503,84.26494560672299,-2.4605136486205503,69.68846690473643,Average,1,2,1,121,Hibernating
3003,3004,51,Female,Blouse,Clothing,53.0,Oregon,M,Brown,Fall,2.8,0,Express,0,0,13.0,Credit Card,Every 3 Months,4.0,-1.8363468350844594,78.0641868828217,-1.8363468350844594,64.22285533482469,Average,2,2,3,223,About to Sleep
3004,3005,45,Female,Skirt,Clothing,79.0,Arizona,M,Lavender,Winter,3.7,0,Store Pickup,0,0,23.0,Venmo,Fortnightly,28.0,0.5805424918247918,54.05370242012955,0.5805424918247918,43.05899660046795,Average,3,3,4,334,Promising
3005,3006,18,Female,Shorts,Clothing,65.0,Alaska,XL,Brown,Spring,3.5,0,Express,0,0,5.0,Venmo,Weekly,57.0,-0.49936523957416523,64.78199995415618,-0.49936523957416523,52.51537278575835,Average,4,1,3,413,Recent Customer
3006,3007,37,Female,Dress,Clothing,99.0,Utah,M,Olive,Summer,3.7,0,Store Pickup,0,0,17.0,Venmo,Bi-Weekly,114.0,3.25557357969985,27.47871958681164,3.25557357969985,19.634680301219337,Average,5,2,5,525,Potential Loyalist
3007,3008,23,Female,Sunglasses,Accessories,60.0,New York,L,Lavender,Winter,3.0,0,Next Day Air,0,0,31.0,Venmo,Weekly,57.0,1.0894038858763588,48.998440493360405,1.0894038858763588,38.603074461555885,Average,4,4,3,443,Loyal Customer
3008,3009,39,Female,Shoes,Footwear,86.0,New Mexico,M,Gold,Winter,4.9,0,Free Shipping,0,0,19.0,PayPal,Weekly,57.0,1.356546065940802,46.34452784111265,1.356546065940802,36.26380335885212,Good,4,2,5,425,Potential Loyalist
3009,3010,62,Female,Belt,Accessories,73.0,Louisiana,M,Silver,Winter,4.6,0,Free Shipping,0,0,8.0,Venmo,Fortnightly,28.0,-0.7112126697872674,66.88658926031927,-0.7112126697872674,54.370447007133706,Good,3,1,4,314,Need Attention
3010,3011,70,Female,Belt,Accessories,45.0,Ohio,M,Violet,Winter,3.3,0,Free Shipping,0,0,15.0,Credit Card,Annually,1.0,-2.1140421695552947,80.82293939971942,-2.1140421695552947,66.65453673806314,Average,1,2,2,122,Hibernating
3011,3012,20,Female,Belt,Accessories,70.0,Nevada,S,Brown,Summer,3.0,0,Next Day Air,0,0,18.0,Credit Card,Every 3 Months,4.0,-0.7723788383465213,67.4942419664167,-0.7723788383465213,54.90605785877554,Average,2,2,4,224,About to Sleep
3012,3013,42,Female,Belt,Accessories,65.0,Idaho,M,Teal,Fall,3.5,0,Standard,0,0,16.0,PayPal,Annually,1.0,-1.2003047801012816,71.74545407666463,-1.2003047801012816,58.653256408262266,Average,1,2,3,123,Need Attention
3013,3014,41,Female,Skirt,Clothing,55.0,Arizona,L,Peach,Summer,4.2,0,Store Pickup,0,0,13.0,Cash,Monthly,12.0,-1.5429765861590783,75.14971259340652,-1.5429765861590783,61.65391416073304,Good,3,2,3,323,Promising
3014,3015,24,Female,T-shirt,Clothing,65.0,Utah,M,Maroon,Spring,4.5,0,Express,0,0,38.0,PayPal,Every 3 Months,4.0,0.40102949331793947,55.837066686548795,0.40102949331793947,44.63092945609368,Good,2,4,3,243,At Risk
3015,3016,37,Female,Scarf,Accessories,21.0,Wyoming,XL,Lavender,Spring,2.8,0,Express,0,0,27.0,Bank Transfer,Bi-Weekly,114.0,0.6542502664335796,53.321455660909045,0.6542502664335796,42.41356326925329,Average,5,3,1,531,Potential Loyalist
3016,3017,30,Female,Blouse,Clothing,26.0,Indiana,L,Lavender,Summer,4.9,0,Store Pickup,0,0,31.0,Bank Transfer,Quarterly,3.0,-1.756468649621874,77.27064043880225,-1.756468649621874,63.523389863127335,Good,1,4,1,141,Need Attention
3017,3018,58,Female,Sunglasses,Accessories,71.0,Wisconsin,S,Purple,Summer,3.3,0,Next Day Air,0,0,24.0,Cash,Bi-Weekly,114.0,2.5578463457647205,34.4102611857893,2.5578463457647205,25.744434872811688,Average,5,3,4,534,Potential Loyalist
3018,3019,43,Female,Boots,Footwear,41.0,Texas,M,Green,Summer,3.0,0,Free Shipping,0,0,21.0,Debit Card,Bi-Weekly,114.0,1.0834000631371854,49.05808521560345,1.0834000631371854,38.655647847893135,Average,5,3,2,532,Potential Loyalist
3019,3020,19,Female,Jacket,Outerwear,44.0,Utah,M,Yellow,Winter,3.9,0,2-Day Shipping,0,0,15.0,PayPal,Annually,1.0,-2.1562676990797778,81.24242713103109,-2.1562676990797778,67.02429100520717,Average,1,2,2,122,Hibernating
3020,3021,23,Female,Jeans,Clothing,81.0,Arkansas,S,Charcoal,Fall,2.8,0,Store Pickup,0,0,48.0,Venmo,Every 3 Months,4.0,1.7689059553531137,42.247956017348905,1.7689059553531137,32.65291131258805,Average,2,5,4,254,At Risk
3021,3022,65,Female,Sunglasses,Accessories,77.0,Pennsylvania,S,Blue,Summer,4.5,0,2-Day Shipping,0,0,47.0,Cash,Quarterly,3.0,1.504662139556284,44.87307499276589,1.504662139556284,34.96680244805975,Good,1,5,4,154,At Risk
3022,3023,58,Female,Sandals,Footwear,26.0,Georgia,M,Lavender,Fall,4.0,0,Free Shipping,0,0,23.0,PayPal,Weekly,57.0,-0.9000785096708295,68.76286893252781,-0.9000785096708295,56.024279439813995,Good,4,3,1,431,Potential Loyalist
3023,3024,50,Female,Backpack,Accessories,31.000000000000004,Indiana,M,Brown,Summer,2.9,0,Express,0,0,4.0,PayPal,Quarterly,3.0,-3.4144645740367423,93.74193059641932,-3.4144645740367423,78.0418831742499,Average,1,1,1,111,Hibernating
3024,3025,67,Female,Blouse,Clothing,82.0,Idaho,S,White,Spring,4.0,0,Free Shipping,0,0,47.0,Credit Card,Every 3 Months,4.0,1.7419046859132532,42.51619898285854,1.7419046859132532,32.889352032364116,Good,2,5,4,254,At Risk
3025,3026,40,Female,Shoes,Footwear,60.0,Montana,XL,Green,Summer,3.4,0,Store Pickup,0,0,7.0,PayPal,Monthly,12.0,-1.7472097323227245,77.17865811777604,-1.7472097323227245,63.44231274653347,Average,3,1,3,313,Need Attention
3026,3027,55,Female,Shirt,Clothing,70.0,Tennessee,L,Magenta,Fall,2.5,0,Free Shipping,0,0,6.0,Credit Card,Annually,1.0,-1.6814451221223035,76.5253223883194,-1.6814451221223035,62.86643494174311,Poor,1,1,4,114,Need Attention
3027,3028,52,Female,Hoodie,Clothing,26.0,West Virginia,XL,Peach,Winter,2.8,0,2-Day Shipping,0,0,47.0,Credit Card,Quarterly,3.0,-0.6488398661923717,66.26694928966124,-0.6488398661923717,53.8242700724057,Average,1,5,1,151,Need Attention
3028,3029,62,Female,Dress,Clothing,100.0,California,L,Charcoal,Summer,3.0,0,Free Shipping,0,0,7.0,PayPal,Every 3 Months,4.0,-0.26710774121980063,62.47464769210094,-0.26710774121980063,50.481574700575514,Average,2,1,5,215,About to Sleep
3029,3030,64,Female,Dress,Clothing,82.0,Georgia,M,Gold,Summer,3.1,0,Free Shipping,0,0,1.0,Debit Card,Quarterly,3.0,-1.468642965181118,74.41124838998792,-1.468642965181118,61.003000510664265,Average,1,1,4,114,Need Attention
3030,3031,43,Female,Sneakers,Footwear,24.0,Maryland,XL,Purple,Spring,2.6,0,2-Day Shipping,0,0,23.0,Credit Card,Weekly,57.0,-0.9845295687197966,69.60184439515116,-0.9845295687197966,56.76378797410207,Average,4,3,1,431,Potential Loyalist
3031,3032,61,Female,Blouse,Clothing,74.0,Idaho,L,Teal,Summer,4.9,0,2-Day Shipping,0,0,30.0,Credit Card,Monthly,12.0,0.43616405719995355,55.4880238525224,0.43616405719995355,44.323268307354574,Good,3,3,4,334,Promising
3032,3033,26,Female,Backpack,Accessories,58.0,California,XL,Green,Summer,3.5,0,Next Day Air,0,0,24.0,Credit Card,Quarterly,3.0,-0.889839297588811,68.66114791457788,-0.889839297588811,55.93461822295882,Average,1,3,3,133,At Risk
3033,3034,22,Female,Sweater,Clothing,56.0,Alabama,L,Orange,Spring,2.6,0,Store Pickup,0,0,9.0,PayPal,Weekly,57.0,-0.6024878094371406,65.80646674867599,-0.6024878094371406,53.41838124237428,Average,4,1,3,413,Recent Customer
3034,3035,51,Female,Boots,Footwear,37.0,Utah,L,Peach,Spring,3.5,0,2-Day Shipping,0,0,25.0,Credit Card,Quarterly,3.0,-1.7073486186386195,76.78265957530172,-1.7073486186386195,63.093262846063524,Average,1,3,2,132,Need Attention
3035,3036,69,Female,Handbag,Accessories,64.0,Kentucky,M,Gold,Spring,4.5,0,Free Shipping,0,0,18.0,Cash,Bi-Weekly,114.0,1.846906845307273,41.4730594858989,1.846906845307273,31.96988466434057,Good,5,2,3,523,Potential Loyalist
3036,3037,50,Female,Hoodie,Clothing,58.0,Vermont,S,Violet,Spring,4.3,0,Next Day Air,0,0,7.0,Venmo,Fortnightly,28.0,-1.4138224116188631,73.86663592681569,-1.4138224116188631,60.52295600121439,Good,3,1,3,313,Need Attention
3037,3038,51,Female,Belt,Accessories,44.0,Iowa,L,Charcoal,Summer,4.8,0,Next Day Air,0,0,2.0,Cash,Annually,1.0,-3.0562160856162484,90.18292618970816,-3.0562160856162484,74.90482583516851,Good,1,1,2,112,Hibernating
3038,3039,56,Female,Jewelry,Accessories,39.0,Georgia,M,Brown,Summer,4.2,0,Free Shipping,0,0,36.0,Debit Card,Annually,1.0,-0.9136325684509733,68.89752115434187,-0.9136325684509733,56.14296761560522,Good,1,4,2,142,Need Attention
3039,3040,59,Female,Blouse,Clothing,48.0,Alabama,L,Blue,Spring,3.2,0,Next Day Air,0,0,31.0,PayPal,Bi-Weekly,114.0,2.0712467594520083,39.24436412820861,2.0712467594520083,30.005418108683852,Average,5,4,2,542,Loyal Customer
3040,3041,18,Female,Handbag,Accessories,32.0,Nebraska,M,Gold,Fall,4.1,0,Express,0,0,10.0,Cash,Fortnightly,28.0,-2.304005782362401,82.71012485045527,-2.304005782362401,68.31798198619906,Good,3,1,1,311,Lost
3041,3042,48,Female,Handbag,Accessories,79.0,Rhode Island,M,Orange,Winter,4.0,0,Express,0,0,27.0,PayPal,Monthly,12.0,0.439611307929339,55.45377728642797,0.439611307929339,44.2930819323947,Good,3,3,4,334,Promising
3042,3043,53,Female,Coat,Outerwear,27.0,South Dakota,L,Turquoise,Winter,2.9,0,Next Day Air,0,0,14.0,PayPal,Every 3 Months,4.0,-2.8649838037566853,88.28313720010391,-2.8649838037566853,73.23027129364958,Average,2,2,1,221,About to Sleep
3043,3044,45,Female,Belt,Accessories,98.0,Illinois,S,Peach,Fall,2.6,0,Store Pickup,0,0,17.0,Credit Card,Monthly,12.0,0.5496283792510857,54.360817359719306,0.5496283792510857,43.32970072585899,Average,3,2,5,325,Promising
3044,3045,21,Female,Boots,Footwear,67.0,North Carolina,M,Magenta,Winter,2.7,0,Free Shipping,0,0,10.0,Bank Transfer,Quarterly,3.0,-1.4789847173692747,74.5139880882712,-1.4789847173692747,61.09355963554391,Average,1,1,3,113,Lost
3045,3046,42,Female,Socks,Clothing,37.0,Florida,L,Black,Winter,4.6,0,2-Day Shipping,0,0,4.0,PayPal,Bi-Weekly,114.0,-0.2623576373545946,62.42745798681246,-0.2623576373545946,50.439979694111024,Good,5,1,2,512,Recent Customer
3046,3047,60,Female,Shoes,Footwear,49.0,Pennsylvania,M,White,Spring,3.2,0,Store Pickup,0,0,25.0,Cash,Every 3 Months,4.0,-1.1745273656102664,71.48936944621265,-1.1745273656102664,58.42753256035963,Average,2,3,2,232,Need Attention
3047,3048,21,Female,Sneakers,Footwear,74.0,Vermont,M,Violet,Fall,4.1,0,2-Day Shipping,0,0,3.0,PayPal,Bi-Weekly,114.0,1.230760156086949,47.59414262510186,1.230760156086949,37.365266796701725,Good,5,1,4,514,Recent Customer
3048,3049,69,Female,Jewelry,Accessories,93.0,Colorado,M,Olive,Summer,3.9,0,Standard,0,0,47.0,Venmo,Fortnightly,28.0,2.833143080311814,31.6753374580546,2.833143080311814,23.33375717436896,Average,3,5,5,355,Loyal Customer
3049,3050,40,Female,Handbag,Accessories,60.0,Utah,L,Red,Summer,3.0,0,Next Day Air,0,0,41.0,Bank Transfer,Bi-Weekly,114.0,3.2702211033892485,27.333204384255396,3.2702211033892485,19.50641703375437,Average,5,5,3,553,Loyal Customer
3050,3051,31,Female,Coat,Outerwear,76.0,Kentucky,S,Green,Spring,3.6,0,Standard,0,0,28.0,Venmo,Every 3 Months,4.0,0.17324232844381837,58.10000861033353,0.17324232844381837,46.62558238671029,Average,2,3,4,234,At Risk
3051,3052,44,Female,Sunglasses,Accessories,64.0,Wyoming,L,Gold,Summer,4.6,0,Express,0,0,49.0,Debit Card,Every 3 Months,4.0,1.1202987524012389,48.69151675282603,1.1202987524012389,38.3325388671166,Good,2,5,3,253,At Risk
3052,3053,48,Female,Shoes,Footwear,38.0,Maine,XL,Olive,Spring,4.5,0,Store Pickup,0,0,7.0,Bank Transfer,Fortnightly,28.0,-2.258333002108532,82.25639055304916,-2.258333002108532,67.91804134409514,Good,3,1,2,312,Need Attention
3053,3054,32,Female,Shoes,Footwear,91.0,Maine,L,Brown,Winter,3.2,0,Next Day Air,0,0,22.0,Bank Transfer,Monthly,12.0,0.6001836674014209,53.858577994794466,0.6001836674014209,42.887005661266755,Average,3,3,5,335,Promising
3054,3055,42,Female,Boots,Footwear,70.0,New Hampshire,S,Magenta,Summer,4.9,0,2-Day Shipping,0,0,34.0,Venmo,Monthly,12.0,0.5441691349593953,54.415051990483846,0.5441691349593953,43.37750542825032,Good,3,4,4,344,Loyal Customer
3055,3056,27,Female,Sandals,Footwear,22.0,Kansas,M,Violet,Fall,5.0,0,Standard,0,0,5.0,Debit Card,Bi-Weekly,114.0,-0.8265137812575025,68.03204325966625,-0.8265137812575025,55.3800987143515,Good,5,1,1,511,Recent Customer
3056,3057,69,Female,Gloves,Accessories,59.0,New Jersey,M,Beige,Spring,3.8,0,Standard,0,0,15.0,Cash,Bi-Weekly,114.0,1.428098800791824,45.633690232921204,1.428098800791824,35.63724096082107,Average,5,2,3,523,Potential Loyalist
3057,3058,67,Female,Backpack,Accessories,22.0,North Carolina,M,Blue,Spring,3.4,0,Next Day Air,0,0,26.0,Bank Transfer,Weekly,57.0,-0.8613002308757316,68.37762776731057,-0.8613002308757316,55.68471154762985,Average,4,3,1,431,Potential Loyalist
3058,3059,41,Female,Handbag,Accessories,74.0,West Virginia,S,Orange,Winter,3.8,0,Store Pickup,0,0,3.0,Bank Transfer,Fortnightly,28.0,-1.0151211350845033,69.90575501311417,-1.0151211350845033,57.03166767459018,Average,3,1,4,314,Need Attention
3059,3060,46,Female,Sweater,Clothing,71.0,Kentucky,L,Maroon,Spring,3.2,0,Express,0,0,42.0,Credit Card,Quarterly,3.0,0.905174967587664,50.8286548647425,0.905174967587664,40.21630298552449,Average,1,5,4,154,At Risk
3060,3061,47,Female,Coat,Outerwear,80.0,California,S,Charcoal,Summer,4.7,0,Store Pickup,0,0,1.0,Venmo,Monthly,12.0,-1.318059935619119,72.91528767247044,-1.318059935619119,59.68439732517331,Good,3,1,4,314,Need Attention
3061,3062,33,Female,T-shirt,Clothing,59.0,South Dakota,L,Olive,Fall,4.5,0,Express,0,0,20.0,PayPal,Every 3 Months,4.0,-1.0984060651871514,70.73314561720248,-1.0984060651871514,57.76096482351976,Good,2,2,3,223,About to Sleep
3062,3063,51,Female,Backpack,Accessories,96.0,California,L,Green,Fall,3.3,0,Standard,0,0,39.0,PayPal,Monthly,12.0,1.9881668974176845,40.06971749227377,1.9881668974176845,30.732919547904817,Average,3,4,5,345,Loyal Customer
3063,3064,26,Female,Sunglasses,Accessories,43.0,Connecticut,L,Brown,Winter,3.9,0,Store Pickup,0,0,24.0,Credit Card,Fortnightly,28.0,-0.8703497720922685,68.46753005052848,-0.8703497720922685,55.76395523073322,Average,3,3,2,332,Promising
3064,3065,22,Female,Belt,Accessories,76.0,Idaho,S,Cyan,Winter,3.6,0,Express,0,0,49.0,Bank Transfer,Quarterly,3.0,1.6008902079604885,43.91710133043493,1.6008902079604885,34.12416674136359,Average,1,5,4,154,At Risk
3065,3066,49,Female,Jacket,Outerwear,59.0,North Dakota,M,Beige,Fall,2.8,0,Store Pickup,0,0,7.0,Venmo,Bi-Weekly,114.0,0.8742844090770729,51.135535807491706,0.8742844090770729,40.48680085618188,Average,5,1,3,513,Recent Customer
3066,3067,58,Female,Skirt,Clothing,48.0,Michigan,L,Teal,Summer,4.3,0,Free Shipping,0,0,13.0,Venmo,Every 3 Months,4.0,-2.0474744827068765,80.16162553938008,-2.0474744827068765,66.07162667054489,Good,2,2,2,222,About to Sleep
3067,3068,70,Female,Belt,Accessories,22.0,Missouri,S,Gray,Spring,3.5,0,Free Shipping,0,0,2.0,Cash,Weekly,57.0,-2.522743406019985,84.88316449102207,-2.522743406019985,70.23339123371228,Average,4,1,1,411,Recent Customer
3068,3069,32,Female,Boots,Footwear,40.0,California,M,Indigo,Winter,4.2,0,Express,0,0,4.0,Debit Card,Weekly,57.0,-1.6242302766505954,75.95692393376933,-1.6242302766505954,62.3654244512794,Good,4,1,2,412,Recent Customer
3069,3070,62,Female,Jeans,Clothing,73.0,Delaware,L,Magenta,Spring,4.6,0,Express,0,0,17.0,Debit Card,Quarterly,3.0,-0.7410439474719666,67.18294682265197,-0.7410439474719666,54.63166912423898,Good,1,2,4,124,Need Attention
3070,3071,52,Female,Shoes,Footwear,26.0,Alabama,XL,Red,Fall,2.6,0,Free Shipping,0,0,43.0,PayPal,Bi-Weekly,114.0,1.9730066974854994,40.220325855209666,1.9730066974854994,30.865672142811462,Average,5,5,1,551,Loyal Customer
3071,3072,23,Female,Sweater,Clothing,41.0,New Hampshire,L,Turquoise,Spring,3.4,0,Next Day Air,0,0,6.0,PayPal,Monthly,12.0,-2.618721592252254,85.83665570951915,-2.618721592252254,71.07383880919028,Average,3,1,2,312,Need Attention
3072,3073,26,Female,Jewelry,Accessories,98.0,New York,L,Peach,Spring,3.1,0,Standard,0,0,46.0,PayPal,Quarterly,3.0,2.322171460606093,36.75156333204205,2.322171460606093,27.808157824955053,Average,1,5,5,155,At Risk
3073,3074,58,Female,Shirt,Clothing,63.0,Oregon,L,White,Winter,3.6,0,Free Shipping,0,0,7.0,Debit Card,Bi-Weekly,114.0,1.0431865271750067,49.45758488224501,1.0431865271750067,39.00778378760574,Average,5,1,3,513,Recent Customer
3074,3075,26,Female,Boots,Footwear,55.0,Massachusetts,L,Maroon,Winter,4.2,0,Next Day Air,0,0,34.0,Debit Card,Fortnightly,28.0,0.32862457184497185,56.55637030657527,0.32862457184497185,45.264954155803736,Good,3,4,3,343,Loyal Customer
3075,3076,54,Female,Shorts,Clothing,90.0,Utah,XL,Beige,Winter,3.6,0,Standard,0,0,21.0,PayPal,Every 3 Months,4.0,0.27981214903617957,57.04129524971929,0.27981214903617957,45.69238755513447,Average,2,3,5,235,At Risk
3076,3077,66,Female,Handbag,Accessories,46.0,New Hampshire,M,Blue,Summer,3.6,0,Express,0,0,13.0,Venmo,Bi-Weekly,114.0,0.7407133190448514,52.46249213361559,0.7407133190448514,41.65643640753377,Average,5,2,2,522,Potential Loyalist
3077,3078,60,Female,Sweater,Clothing,88.0,Illinois,S,Red,Spring,3.0,0,Store Pickup,0,0,33.0,Debit Card,Bi-Weekly,114.0,3.8987215383600344,21.089393482099037,3.8987215383600344,14.002857449082121,Average,5,4,5,545,Champion
3078,3079,32,Female,Belt,Accessories,95.0,Alaska,M,Blue,Spring,2.5,0,2-Day Shipping,0,0,24.0,Bank Transfer,Bi-Weekly,114.0,3.571259054352323,24.342555634309143,3.571259054352323,16.870332461354778,Poor,5,3,5,535,Potential Loyalist
3079,3080,48,Female,Belt,Accessories,31.000000000000004,Wyoming,M,Maroon,Fall,4.0,0,Store Pickup,0,0,4.0,Bank Transfer,Annually,1.0,-3.4666943715058456,94.2608053031173,-3.4666943715058456,78.49924133420079,Good,1,1,1,111,Hibernating
3080,3081,69,Female,Hoodie,Clothing,42.0,Colorado,L,Yellow,Spring,4.1,0,Next Day Air,0,0,5.0,Cash,Bi-Weekly,114.0,0.01799680923216629,59.642288633432784,0.01799680923216629,47.98501337147074,Good,5,1,2,512,Recent Customer
3081,3082,64,Female,Sneakers,Footwear,44.0,Vermont,L,Pink,Winter,4.9,0,Next Day Air,0,0,11.0,Credit Card,Weekly,57.0,-0.9707405658022543,69.46485813077345,-0.9707405658022543,56.643042474262536,Good,4,2,2,422,Potential Loyalist
3082,3083,56,Female,T-shirt,Clothing,99.0,Utah,M,Maroon,Spring,4.0,0,Next Day Air,0,0,20.0,Bank Transfer,Annually,1.0,0.5122704195885314,54.73194842478249,0.5122704195885314,43.65683137768457,Good,1,2,5,125,Need Attention
3083,3084,22,Female,Pants,Clothing,20.0,Illinois,S,Purple,Summer,3.5,0,Store Pickup,0,0,28.0,PayPal,Quarterly,3.0,-2.2175022236618065,81.85075891713622,-2.2175022236618065,67.56050042675187,Average,1,3,1,131,Lost
3084,3085,46,Female,Scarf,Accessories,37.0,Idaho,S,Indigo,Spring,3.2,0,Store Pickup,0,0,43.0,PayPal,Monthly,12.0,-0.2262321486694634,62.06857085237725,-0.2262321486694634,50.12364136172266,Average,3,5,2,352,Loyal Customer
3085,3086,24,Female,Sweater,Clothing,50.0,Nevada,L,Gray,Winter,2.8,0,Store Pickup,0,0,10.0,Venmo,Every 3 Months,4.0,-2.1707038205509415,81.38584216722067,-2.1707038205509415,67.15070309701711,Average,2,1,2,212,About to Sleep
3086,3087,47,Female,Handbag,Accessories,73.0,Utah,M,Lavender,Summer,3.5,0,Next Day Air,0,0,26.0,Venmo,Every 3 Months,4.0,-0.09188785805831967,60.73393319791117,-0.09188785805831967,48.9472351619826,Average,2,3,4,234,At Risk
3087,3088,62,Female,Shirt,Clothing,84.0,North Carolina,M,Charcoal,Spring,3.1,0,Free Shipping,0,0,29.0,Bank Transfer,Monthly,12.0,0.789192553480444,51.98087723622697,0.789192553480444,41.23192062283431,Average,3,3,4,334,Promising
3088,3089,34,Female,Dress,Clothing,64.0,Arkansas,M,Teal,Spring,3.3,0,Store Pickup,0,0,35.0,Bank Transfer,Quarterly,3.0,0.12500866816587253,58.5791838616734,0.12500866816587253,47.047947763973475,Average,1,4,3,143,At Risk
3089,3090,50,Female,Sandals,Footwear,21.0,North Carolina,L,Blue,Fall,4.6,0,Free Shipping,0,0,23.0,Cash,Bi-Weekly,114.0,0.3773430705762042,56.07237844819429,0.3773430705762042,44.838343216933694,Good,5,3,1,531,Potential Loyalist
3090,3091,29,Female,Shirt,Clothing,36.0,Texas,M,Peach,Summer,4.9,0,Store Pickup,0,0,15.0,Bank Transfer,Quarterly,3.0,-2.441842137806542,84.07945427482652,-2.441842137806542,69.52496698240859,Good,1,2,2,122,Hibernating
3091,3092,68,Female,Dress,Clothing,81.0,Nevada,L,Orange,Winter,3.4,0,2-Day Shipping,0,0,46.0,Credit Card,Annually,1.0,1.5521076612207705,44.401729471038465,1.5521076612207705,34.5513385263546,Average,1,5,4,154,At Risk
3092,3093,52,Female,Sunglasses,Accessories,54.0,Utah,L,Silver,Fall,3.5,0,Next Day Air,0,0,14.0,Bank Transfer,Bi-Weekly,114.0,1.147744354205063,48.41885958630088,1.147744354205063,38.09220728346136,Average,5,2,3,523,Potential Loyalist
3093,3094,29,Female,Socks,Clothing,63.0,Pennsylvania,L,Red,Summer,4.8,0,Store Pickup,0,0,17.0,Cash,Every 3 Months,4.0,-1.1371843439822493,71.11838678241973,-1.1371843439822493,58.1005327157039,Good,2,2,3,223,About to Sleep
3094,3095,22,Female,Sandals,Footwear,59.0,Georgia,M,Gray,Summer,2.7,0,Store Pickup,0,0,9.0,Cash,Weekly,57.0,-0.4758112208636902,64.54800355474096,-0.4758112208636902,52.30911844094217,Average,4,1,3,413,Recent Customer
3095,3096,62,Female,Hat,Accessories,53.0,Minnesota,S,Beige,Fall,3.4,0,Standard,0,0,13.0,Venmo,Fortnightly,28.0,-1.2095892654552167,71.83769040244619,-1.2095892654552167,58.73455741541396,Average,3,2,3,323,Promising
3096,3097,69,Female,Shirt,Clothing,63.0,Kansas,L,White,Winter,3.5,0,Next Day Air,0,0,20.0,Bank Transfer,Monthly,12.0,-0.7205847572128035,66.97969586516395,-0.7205847572128035,54.452515115140024,Average,3,2,3,323,Promising
3097,3098,48,Female,Shoes,Footwear,33.0,Delaware,M,Silver,Fall,3.7,0,Free Shipping,0,0,39.0,Bank Transfer,Quarterly,3.0,-0.9070755512357388,68.83238074505003,-0.9070755512357388,56.085550097758244,Average,1,4,1,141,Need Attention
3098,3099,66,Female,Pants,Clothing,64.0,New Mexico,L,Cyan,Summer,3.3,0,Next Day Air,0,0,50.0,Bank Transfer,Quarterly,3.0,1.1634106526310313,48.26322340935369,1.1634106526310313,37.95502296017194,Average,1,5,3,153,At Risk
3099,3100,42,Female,Shirt,Clothing,98.0,Michigan,S,Maroon,Fall,2.9,0,Free Shipping,0,0,21.0,Bank Transfer,Bi-Weekly,114.0,3.490255246032742,25.14728453083806,3.490255246032742,17.579654620682966,Average,5,3,5,535,Potential Loyalist
3100,3101,50,Female,Hat,Accessories,85.0,Vermont,L,Purple,Winter,3.9,0,Express,0,0,3.0,Bank Transfer,Weekly,57.0,0.20669175298681597,57.767706721565325,0.20669175298681597,46.33267741671779,Average,4,1,5,415,Recent Customer
3101,3102,32,Female,Jewelry,Accessories,82.0,Idaho,S,Brown,Summer,2.7,0,Express,0,0,9.0,PayPal,Fortnightly,28.0,-0.2619561051025723,62.423468981692906,-0.2619561051025723,50.43646361591727,Average,3,1,4,314,Need Attention
3102,3103,51,Female,Jacket,Outerwear,85.0,South Dakota,M,Green,Summer,4.3,0,Standard,0,0,29.0,Cash,Bi-Weekly,114.0,3.4951377539292086,25.09877946331931,3.4951377539292086,17.536900198194644,Good,5,3,5,535,Potential Loyalist
3103,3104,27,Female,Shirt,Clothing,37.0,Illinois,S,Peach,Winter,3.0,0,2-Day Shipping,0,0,42.0,Bank Transfer,Weekly,57.0,0.8797114954210223,51.08162064849445,0.8797114954210223,40.439277749747646,Average,4,5,2,452,Loyal Customer
3104,3105,43,Female,Pants,Clothing,56.0,Georgia,S,Turquoise,Summer,5.0,0,2-Day Shipping,0,0,41.0,Debit Card,Fortnightly,28.0,0.8554376941198626,51.32276769751441,0.8554376941198626,40.651834980218986,Good,3,5,3,353,Loyal Customer
3105,3106,48,Female,Skirt,Clothing,33.0,Oregon,M,Olive,Fall,2.7,0,Express,0,0,17.0,Debit Card,Monthly,12.0,-2.1950310398403383,81.62751989497808,-2.1950310398403383,67.36372809022146,Average,3,2,1,321,Promising
3106,3107,62,Female,Sandals,Footwear,57.0,Alabama,M,Yellow,Winter,4.7,0,Next Day Air,0,0,20.0,PayPal,Annually,1.0,-1.2612018204397737,72.35043313987278,-1.2612018204397737,59.18651059773416,Good,1,2,3,123,Need Attention
3107,3108,65,Female,Blouse,Clothing,31.000000000000004,Hawaii,L,Gray,Winter,4.6,0,Standard,0,0,18.0,Credit Card,Bi-Weekly,114.0,0.45346437099931913,55.31615461918412,0.45346437099931913,44.171775480093835,Good,5,2,1,521,Potential Loyalist
3108,3109,50,Female,Socks,Clothing,69.0,Oregon,M,Purple,Fall,3.2,0,2-Day Shipping,0,0,7.0,PayPal,Monthly,12.0,-1.3671799666023734,73.40326853597098,-1.3671799666023734,60.11452434223712,Average,3,1,4,314,Need Attention
3109,3110,60,Female,Jacket,Outerwear,92.0,Illinois,M,Gray,Winter,4.3,0,Free Shipping,0,0,47.0,Bank Transfer,Fortnightly,28.0,2.7909175507873303,32.09482518936627,2.7909175507873303,23.703511441512997,Good,3,5,5,355,Loyal Customer
3110,3111,19,Female,Handbag,Accessories,46.0,Texas,L,Lavender,Fall,4.6,0,Next Day Air,0,0,2.0,Bank Transfer,Bi-Weekly,114.0,-0.020781469562931587,60.02752979865002,-0.020781469562931587,48.3245812636549,Good,5,1,2,512,Recent Customer
3111,3112,21,Female,Belt,Accessories,81.0,Kansas,XL,Indigo,Spring,4.9,0,Free Shipping,0,0,25.0,Debit Card,Quarterly,3.0,0.1505746804386523,58.32519939758808,0.1505746804386523,46.82407509172585,Good,1,3,4,134,At Risk
3112,3113,19,Female,Blouse,Clothing,97.0,Texas,S,Green,Fall,3.8,0,Express,0,0,26.0,Venmo,Annually,1.0,0.843180154325628,51.44453970647794,0.843180154325628,40.75916999045203,Average,1,3,5,135,At Risk
3113,3114,46,Female,Shirt,Clothing,93.0,Nebraska,L,Green,Summer,2.6,0,Express,0,0,2.0,Debit Card,Weekly,57.0,0.4752691902183397,55.099535567893255,0.4752691902183397,43.98083826648559,Average,4,1,5,415,Recent Customer
3114,3115,21,Female,Handbag,Accessories,56.0,Arkansas,M,Olive,Spring,4.7,0,Store Pickup,0,0,45.0,Venmo,Bi-Weekly,114.0,3.3782261811486904,26.260232522216835,3.3782261811486904,18.560654154650116,Good,5,5,3,553,Loyal Customer
3115,3116,26,Female,Scarf,Accessories,53.0,South Dakota,M,Charcoal,Fall,4.1,0,Free Shipping,0,0,9.0,Bank Transfer,Bi-Weekly,114.0,0.7593848298588601,52.27700080171912,0.7593848298588601,41.49293648520591,Good,5,1,3,513,Recent Customer
3116,3117,50,Female,Coat,Outerwear,66.0,Montana,L,Gray,Spring,3.7,0,Store Pickup,0,0,1.0,Venmo,Weekly,57.0,-0.7340469059070573,67.11343501012975,-0.7340469059070573,54.57039846629472,Average,4,1,3,413,Recent Customer
3117,3118,43,Female,Hoodie,Clothing,50.0,Florida,M,Olive,Fall,3.0,0,Free Shipping,0,0,4.0,PayPal,Bi-Weekly,114.0,0.28657424646369023,56.97411747976071,0.28657424646369023,45.633174221238534,Average,5,1,2,512,Recent Customer
3118,3119,61,Female,Shorts,Clothing,97.0,Virginia,L,Blue,Summer,4.7,0,Standard,0,0,31.0,Debit Card,Quarterly,3.0,1.241543946616451,47.48701151567342,1.241543946616451,37.27083689590062,Good,1,4,5,145,At Risk
3119,3120,63,Female,Sandals,Footwear,79.0,Louisiana,XL,Silver,Winter,4.7,0,2-Day Shipping,0,0,21.0,Credit Card,Every 3 Months,4.0,-0.1846686757331386,61.655660294147694,-0.1846686757331386,49.75968449371889,Good,2,3,4,234,At Risk
3120,3121,46,Female,Shirt,Clothing,76.0,Louisiana,M,Magenta,Fall,4.0,0,Store Pickup,0,0,32.0,Debit Card,Fortnightly,28.0,1.0769070939304366,49.122589342672754,1.0769070939304366,38.71250451961914,Good,3,4,4,344,Loyal Customer
3121,3122,63,Female,Hoodie,Clothing,38.0,Louisiana,L,Black,Fall,2.6,0,Standard,0,0,16.0,Venmo,Weekly,57.0,-0.8779597481274355,68.54313103453691,-0.8779597481274355,55.830593142526254,Average,4,2,2,422,Potential Loyalist
3122,3123,23,Female,Socks,Clothing,45.0,Georgia,M,Pink,Fall,3.0,0,Express,0,0,34.0,Credit Card,Fortnightly,28.0,-0.09363072339986267,60.751247619691995,-0.09363072339986267,48.962496827244124,Average,3,4,2,342,Loyal Customer
3123,3124,57,Female,Handbag,Accessories,77.0,Iowa,XL,Red,Fall,3.3,0,Next Day Air,0,0,40.0,Venmo,Bi-Weekly,114.0,3.9188283063411236,20.889643648778254,3.9188283063411236,13.826789479225827,Average,5,4,4,544,Champion
3124,3125,57,Female,Jewelry,Accessories,51.0,California,M,Peach,Summer,3.4,0,Standard,0,0,4.0,Cash,Every 3 Months,4.0,-2.543839084812521,85.09273861683687,-2.543839084812521,70.4181187513937,Average,2,1,2,212,About to Sleep
3125,3126,33,Female,Coat,Outerwear,26.0,Oregon,L,Lavender,Spring,4.0,0,Standard,0,0,3.0,Cash,Quarterly,3.0,-3.6948190206235036,96.52709994979902,-3.6948190206235036,80.4968494968902,Good,1,1,1,111,Hibernating
3126,3127,57,Female,Sunglasses,Accessories,76.0,Maine,L,Lavender,Winter,2.6,0,Store Pickup,0,0,28.0,Bank Transfer,Bi-Weekly,114.0,3.0458811892445135,29.561899741945684,3.0458811892445135,21.470883589411088,Average,5,3,4,534,Potential Loyalist
3127,3128,55,Female,Gloves,Accessories,94.0,Louisiana,M,Beige,Winter,3.4,0,Free Shipping,0,0,43.0,Credit Card,Every 3 Months,4.0,1.9717038443496793,40.23326899440371,1.9717038443496793,30.877080774316063,Average,2,5,5,255,At Risk
3128,3129,65,Female,Jacket,Outerwear,32.0,Arkansas,S,Indigo,Fall,4.4,0,Standard,0,0,20.0,Cash,Annually,1.0,-2.31684005855186,82.83762642266461,-2.31684005855186,68.43036727633512,Good,1,2,1,121,Hibernating
3129,3130,60,Female,Sandals,Footwear,20.0,Maryland,S,Cyan,Summer,4.7,0,Express,0,0,40.0,Venmo,Every 3 Months,4.0,-1.3606657373551279,73.33855320193149,-1.3606657373551279,60.05748150373519,Good,2,4,1,241,Need Attention
3130,3131,52,Female,Pants,Clothing,20.0,Vermont,M,Yellow,Summer,4.5,0,Store Pickup,0,0,34.0,Venmo,Every 3 Months,4.0,-1.7760265311411914,77.46493738285936,-1.7760265311411914,63.69465142525581,Good,2,4,1,241,Need Attention
3131,3132,34,Female,Jacket,Outerwear,59.0,North Dakota,M,Peach,Fall,2.9,0,Store Pickup,0,0,11.0,Bank Transfer,Every 3 Months,4.0,-1.7214472558662466,76.92272188859431,-1.7214472558662466,63.21671970580067,Average,2,2,3,223,About to Sleep
3132,3133,33,Female,Sweater,Clothing,97.0,Michigan,M,Yellow,Summer,4.2,0,Express,0,0,26.0,Cash,Quarterly,3.0,0.8954099517947315,50.92566499977998,0.8954099517947315,40.30181183050113,Good,1,3,5,135,At Risk
3133,3134,58,Female,T-shirt,Clothing,68.0,Arkansas,M,Orange,Spring,4.1,0,Next Day Air,0,0,29.0,Cash,Bi-Weekly,114.0,2.7773037520129895,32.230070895617764,2.7773037520129895,23.822722739643293,Good,5,3,3,533,Potential Loyalist
3134,3135,35,Female,Boots,Footwear,66.0,Kentucky,L,Gray,Spring,4.4,0,Store Pickup,0,0,47.0,Bank Transfer,Weekly,57.0,2.450385846452762,35.47782295634935,2.450385846452762,26.685429067970023,Good,4,5,3,453,Loyal Customer
3135,3136,68,Female,Shoes,Footwear,85.0,Indiana,L,Yellow,Spring,4.7,0,Free Shipping,0,0,48.0,Venmo,Fortnightly,28.0,2.56456564308029,34.343508611726676,2.56456564308029,25.68559632460116,Good,3,5,5,355,Loyal Customer
3136,3137,58,Female,Skirt,Clothing,32.0,Minnesota,M,Gray,Fall,3.1,0,Next Day Air,0,0,29.0,Cash,Bi-Weekly,114.0,1.2571846891315854,47.33162922283801,1.2571846891315854,37.133876356828665,Average,5,3,1,531,Potential Loyalist
3137,3138,34,Female,Coat,Outerwear,44.0,Louisiana,M,Turquoise,Spring,2.7,0,2-Day Shipping,0,0,14.0,Bank Transfer,Monthly,12.0,-1.9382306119640524,79.07634694101363,-1.9382306119640524,65.11501611239736,Average,3,2,2,322,Promising
3138,3139,47,Female,Blouse,Clothing,95.0,Kentucky,L,Gray,Fall,4.6,0,Next Day Air,0,0,40.0,Cash,Every 3 Months,4.0,1.8062489769811307,41.876973353555975,1.8062489769811307,32.325911467932336,Good,2,4,5,245,At Risk
3139,3140,35,Female,Sunglasses,Accessories,85.0,Georgia,M,Olive,Winter,4.4,0,Next Day Air,0,0,4.0,Venmo,Weekly,57.0,0.27591855195116,57.07997602474401,0.27591855195116,45.726482429797684,Good,4,1,5,415,Recent Customer
3140,3141,34,Female,Gloves,Accessories,44.0,Alaska,XL,Peach,Summer,4.6,0,Free Shipping,0,0,37.0,Bank Transfer,Weekly,57.0,0.8291562072706871,51.583860013419304,0.8291562072706871,40.88197281433988,Good,4,4,2,442,Loyal Customer
3141,3142,36,Female,Sunglasses,Accessories,30.0,Mississippi,S,Peach,Winter,4.9,0,Express,0,0,47.0,Credit Card,Bi-Weekly,114.0,2.418816011440809,35.79145214267771,2.418816011440809,26.9618751265549,Good,5,5,1,551,Loyal Customer
3142,3143,23,Female,Sneakers,Footwear,21.0,Kansas,L,Magenta,Winter,4.0,0,2-Day Shipping,0,0,1.0,Venmo,Quarterly,3.0,-4.044400266174608,100.0,-4.044400266174608,83.5580108064506,Good,1,1,1,111,Hibernating
3143,3144,68,Female,Hoodie,Clothing,22.0,Arizona,M,Purple,Summer,2.9,0,Store Pickup,0,0,26.0,Cash,Quarterly,3.0,-2.2715047625415274,82.3872448481555,-2.2715047625415274,68.03338186630398,Average,1,3,1,131,Lost
3144,3145,23,Female,Boots,Footwear,70.0,Maine,L,Beige,Spring,2.6,0,Free Shipping,0,0,12.0,Debit Card,Quarterly,3.0,-1.2138545308671365,71.88006350069355,-1.2138545308671365,58.77190686027159,Average,1,2,4,124,Need Attention
3145,3146,57,Female,Handbag,Accessories,29.000000000000004,Texas,XL,Purple,Spring,4.6,0,Standard,0,0,16.0,PayPal,Fortnightly,28.0,-2.015321577149788,79.84220386346242,-2.015321577149788,65.79007486611057,Good,3,2,1,321,Promising
3146,3147,21,Female,Shirt,Clothing,83.0,Virginia,S,Yellow,Winter,4.9,0,Free Shipping,0,0,19.0,PayPal,Annually,1.0,-0.2325648517675477,62.13148282259058,-0.2325648517675477,50.179094638909284,Good,1,2,4,124,Need Attention
3147,3148,45,Female,Sweater,Clothing,99.0,North Dakota,M,Pink,Winter,4.3,0,Express,0,0,21.0,Credit Card,Weekly,57.0,2.043931547687775,39.515725940418264,2.043931547687775,30.244607912139415,Good,4,3,5,435,Potential Loyalist
3148,3149,37,Female,Shorts,Clothing,35.0,West Virginia,L,Purple,Fall,4.3,0,Free Shipping,0,0,15.0,Venmo,Weekly,57.0,-1.0738631356652297,70.48932492529325,-1.0738631356652297,57.546050930878465,Good,4,2,1,421,Potential Loyalist
3149,3150,18,Female,Belt,Accessories,40.0,North Carolina,M,Lavender,Winter,4.6,0,Free Shipping,0,0,9.0,Venmo,Annually,1.0,-2.740530610963775,87.04676223720566,-2.740530610963775,72.14047799530394,Good,1,1,2,112,Hibernating
3150,3151,55,Female,Blouse,Clothing,25.0,Georgia,M,Peach,Spring,2.6,0,Express,0,0,7.0,Bank Transfer,Bi-Weekly,114.0,-0.5613835947553647,65.39811867208861,-0.5613835947553647,53.05844593907918,Average,5,1,1,511,Recent Customer
3151,3152,52,Female,T-shirt,Clothing,64.0,New Mexico,L,Orange,Fall,3.1,0,2-Day Shipping,0,0,47.0,Bank Transfer,Quarterly,3.0,0.9557302557379995,50.326415499817635,0.9557302557379995,39.77360792093225,Average,1,5,3,153,At Risk
3152,3153,49,Female,Belt,Accessories,90.0,North Carolina,M,Red,Fall,3.1,0,Store Pickup,0,0,17.0,PayPal,Monthly,12.0,0.21182414305521813,57.716719210212695,0.21182414305521813,46.287734863011295,Average,3,2,5,325,Promising
3153,3154,56,Female,Socks,Clothing,88.0,Alabama,L,Red,Fall,3.1,0,Next Day Air,0,0,46.0,Venmo,Fortnightly,28.0,2.5527886337250525,34.460506811434286,2.5527886337250525,25.788723497009254,Average,3,5,5,355,Loyal Customer
3154,3155,27,Female,Belt,Accessories,55.0,Connecticut,M,Gold,Winter,4.4,0,Standard,0,0,32.0,Cash,Quarterly,3.0,-0.4627014944475102,64.4177655339424,-0.4627014944475102,52.19432112903013,Good,1,4,3,143,At Risk
3155,3156,22,Female,Handbag,Accessories,90.0,Montana,M,Brown,Fall,4.3,0,Free Shipping,0,0,34.0,Cash,Annually,1.0,1.101415839368995,48.87910825108916,1.101415839368995,38.49788996509948,Good,1,4,5,145,At Risk
3156,3157,18,Female,Shirt,Clothing,50.0,Montana,M,Black,Winter,3.1,0,2-Day Shipping,0,0,18.0,Cash,Monthly,12.0,-1.4079702389597761,73.80849776585833,-1.4079702389597761,60.47171056185272,Average,3,2,2,322,Promising
3157,3158,21,Female,Belt,Accessories,34.0,Maine,L,Red,Fall,3.1,0,Store Pickup,0,0,5.0,Debit Card,Fortnightly,28.0,-2.5656887181351538,85.30980287193849,-2.5656887181351538,70.6094483865115,Average,3,1,1,311,Lost
3158,3159,30,Female,Jewelry,Accessories,77.0,Mississippi,M,Gray,Winter,4.9,0,2-Day Shipping,0,0,44.0,Credit Card,Monthly,12.0,1.5320158312742185,44.601330903089,1.5320158312742185,34.72727568904103,Good,3,5,4,354,Loyal Customer
3159,3160,62,Female,Hat,Accessories,89.0,Louisiana,L,Pink,Winter,2.9,0,Store Pickup,0,0,4.0,Bank Transfer,Quarterly,3.0,-0.965383861616702,69.41164218034226,-0.965383861616702,56.59613567989569,Average,1,1,5,115,Need Attention
3160,3161,28,Female,Backpack,Accessories,87.0,Nebraska,XL,Turquoise,Fall,3.8,0,Next Day Air,0,0,37.0,Cash,Fortnightly,28.0,1.887521913521474,41.069570814137776,1.887521913521474,31.61423264643421,Average,3,4,5,345,Loyal Customer
3161,3162,66,Female,Dress,Clothing,77.0,Massachusetts,S,Charcoal,Winter,4.2,0,2-Day Shipping,0,0,43.0,Cash,Monthly,12.0,1.4627890323098744,45.28906159991031,1.4627890323098744,35.33347067596114,Good,3,5,4,354,Loyal Customer
3162,3163,66,Female,Shoes,Footwear,85.0,Wisconsin,L,Blue,Winter,3.9,0,Standard,0,0,28.0,Bank Transfer,Quarterly,3.0,0.5271571954296178,54.584056381877446,0.5271571954296178,43.526473062389385,Average,1,3,5,135,At Risk
3163,3164,49,Female,Pants,Clothing,66.0,Nebraska,XL,Turquoise,Summer,2.8,0,Express,0,0,36.0,Cash,Monthly,12.0,0.5137206147901494,54.717541522087906,0.5137206147901494,43.64413252298627,Average,3,4,3,343,Loyal Customer
3164,3165,40,Female,Dress,Clothing,32.0,Arizona,L,Silver,Winter,2.6,0,Standard,0,0,16.0,Credit Card,Annually,1.0,-2.5937472544092355,85.58854920994987,-2.5937472544092355,70.85514722401554,Average,1,2,1,121,Hibernating
3165,3166,49,Female,Jacket,Outerwear,92.0,Hawaii,M,Lavender,Spring,3.0,0,Store Pickup,0,0,38.0,Bank Transfer,Every 3 Months,4.0,1.541118790478993,44.51089794113362,1.541118790478993,34.64756424320465,Average,2,4,5,245,At Risk
3166,3167,19,Female,Shirt,Clothing,80.0,Georgia,M,Gold,Winter,2.7,0,Next Day Air,0,0,37.0,Bank Transfer,Fortnightly,28.0,1.59194320685009,44.00598493331948,1.59194320685009,34.20251251644248,Average,3,4,4,344,Loyal Customer
3167,3168,24,Female,Dress,Clothing,78.0,Oregon,M,Blue,Fall,2.8,0,2-Day Shipping,0,0,9.0,Cash,Bi-Weekly,114.0,1.8150230679709463,41.78980751892728,1.8150230679709463,32.24907980660496,Average,5,1,4,514,Recent Customer
3168,3169,31,Female,Jeans,Clothing,24.0,Montana,M,Orange,Spring,2.9,0,2-Day Shipping,0,0,14.0,PayPal,Fortnightly,28.0,-2.364902822700893,83.3151039136634,-2.364902822700893,68.85123617567096,Average,3,2,1,321,Promising
3169,3170,35,Female,T-shirt,Clothing,59.0,Georgia,M,White,Fall,3.8,0,Free Shipping,0,0,3.0,Venmo,Weekly,57.0,-0.8911720146497537,68.67438773566884,-0.8911720146497537,55.94628836246278,Average,4,1,3,413,Recent Customer
3170,3171,65,Female,Sunglasses,Accessories,41.0,Rhode Island,XL,Charcoal,Spring,4.4,0,Express,0,0,10.0,Credit Card,Fortnightly,28.0,-1.92397601664205,78.9347352686502,-1.92397601664205,64.99019358190272,Good,3,1,2,312,Need Attention
3171,3172,68,Female,Jewelry,Accessories,26.0,Tennessee,M,Maroon,Spring,3.1,0,Express,0,0,26.0,Bank Transfer,Bi-Weekly,114.0,0.7961511150916531,51.911747701172,0.7961511150916531,41.170986920453196,Average,5,3,1,531,Potential Loyalist
3172,3173,57,Female,Socks,Clothing,52.0,Missouri,M,Olive,Fall,3.7,0,Standard,0,0,30.0,Debit Card,Bi-Weekly,114.0,2.1709220785855985,38.25414389978322,2.1709220785855985,29.1325960270278,Average,5,3,3,533,Potential Loyalist
3173,3174,69,Female,Skirt,Clothing,46.0,Washington,L,Teal,Summer,4.9,0,Next Day Air,0,0,32.0,PayPal,Fortnightly,28.0,-0.1898587918040669,61.70722128202295,-0.1898587918040669,49.80513253394028,Good,3,4,2,342,Loyal Customer
3174,3175,45,Female,Pants,Clothing,52.0,Oklahoma,L,Orange,Winter,3.8,0,Store Pickup,0,0,35.0,PayPal,Monthly,12.0,-0.1466635975169629,61.27810045727266,-0.1466635975169629,49.426887249922906,Average,3,4,3,343,Loyal Customer
3175,3176,35,Female,Socks,Clothing,42.0,Connecticut,M,Maroon,Fall,3.4,0,Store Pickup,0,0,26.0,Debit Card,Every 3 Months,4.0,-1.4008792733173068,73.73805286857305,-1.4008792733173068,60.409617443447786,Average,2,3,2,232,Need Attention
3176,3177,36,Female,Sandals,Footwear,37.0,Arkansas,XL,Turquoise,Spring,4.6,0,2-Day Shipping,0,0,39.0,Credit Card,Monthly,12.0,-0.5031393445268391,64.81949363966251,-0.5031393445268391,52.54842130940307,Good,3,4,2,342,Loyal Customer
3177,3178,55,Female,Belt,Accessories,52.0,Missouri,L,Beige,Fall,3.2,0,Standard,0,0,31.0,Credit Card,Monthly,12.0,-0.42357079337433845,64.0290232445579,-0.42357079337433845,51.85166719760331,Average,3,4,3,343,Loyal Customer
3178,3179,66,Female,Sandals,Footwear,34.0,Washington,L,Beige,Spring,2.7,0,Free Shipping,0,0,28.0,Credit Card,Annually,1.0,-1.6785746077881418,76.49680538547075,-1.6785746077881418,62.841298846686236,Average,1,3,1,131,Lost
3179,3180,57,Female,Shorts,Clothing,88.0,Idaho,M,Olive,Spring,4.3,0,Free Shipping,0,0,12.0,Debit Card,Bi-Weekly,114.0,2.4449587601088125,35.53173811534661,2.4449587601088125,26.732952174404268,Good,5,2,5,525,Potential Loyalist
3180,3181,18,Female,Handbag,Accessories,88.0,Montana,L,Turquoise,Fall,3.8,0,Standard,0,0,46.0,PayPal,Weekly,57.0,3.3101206970270542,26.93682356431385,3.3101206970270542,19.157030177721282,Average,4,5,5,455,Champion
3181,3182,31,Female,Jacket,Outerwear,51.0,Montana,M,Charcoal,Summer,4.4,0,Free Shipping,0,0,27.0,PayPal,Every 3 Months,4.0,-0.9516227086326117,69.27493258994669,-0.9516227086326117,56.475634052231335,Good,2,3,2,232,Need Attention
3182,3183,50,Female,Sunglasses,Accessories,97.0,Georgia,L,Green,Fall,3.6,0,Free Shipping,0,0,4.0,Credit Card,Annually,1.0,-0.6798094228899377,66.57461503654683,-0.6798094228899377,54.095459702694285,Average,1,1,5,115,Need Attention
3183,3184,50,Female,Sneakers,Footwear,56.0,Mississippi,M,Green,Winter,3.5,0,Standard,0,0,14.0,Cash,Every 3 Months,4.0,-1.6404434475466652,76.11799299206538,-1.6404434475466652,62.507397546472475,Average,2,2,3,223,About to Sleep
3184,3185,61,Female,Sweater,Clothing,53.0,Hawaii,L,Green,Spring,4.2,0,2-Day Shipping,0,0,30.0,Venmo,Quarterly,3.0,-0.6856061514251649,66.63220239020838,-0.6856061514251649,54.146219637158396,Good,1,3,3,133,At Risk
3185,3186,52,Female,Skirt,Clothing,71.0,Ohio,L,Gold,Fall,4.7,0,Express,0,0,6.0,PayPal,Annually,1.0,-1.63921959259782,76.10583465700772,-1.63921959259782,62.49668067459907,Good,1,1,4,114,Need Attention
3186,3187,38,Female,Jewelry,Accessories,93.0,Virginia,S,Cyan,Winter,4.8,0,Store Pickup,0,0,43.0,Venmo,Annually,1.0,1.8511336186215401,41.43106878576233,1.8511336186215401,31.932872281386448,Good,1,5,5,155,At Risk
3187,3188,67,Female,Blouse,Clothing,72.0,Texas,L,Indigo,Winter,3.2,0,Free Shipping,0,0,28.0,Debit Card,Weekly,57.0,1.3884298432771285,46.02777980808426,1.3884298432771285,35.98460821658773,Average,4,3,4,434,Potential Loyalist
3188,3189,42,Female,Blouse,Clothing,59.0,Vermont,M,Lavender,Winter,3.5,0,Standard,0,0,39.0,Bank Transfer,Monthly,12.0,0.42582230501179685,55.5907635508057,0.42582230501179685,44.41382743223423,Average,3,4,3,343,Loyal Customer
3189,3190,25,Female,Boots,Footwear,87.0,Kansas,M,Beige,Summer,4.2,0,Store Pickup,0,0,30.0,PayPal,Bi-Weekly,114.0,3.6488156119425192,23.57207330387465,3.6488156119425192,16.191196676986465,Good,5,3,5,535,Potential Loyalist
3190,3191,41,Female,Jeans,Clothing,78.0,California,S,Purple,Fall,3.4,0,Free Shipping,0,0,5.0,Credit Card,Fortnightly,28.0,-0.7077654190578818,66.85234269422486,-0.7077654190578818,54.34026063217383,Average,3,1,4,314,Need Attention
3191,3192,62,Female,Hoodie,Clothing,68.0,Mississippi,XL,Maroon,Winter,4.7,0,Store Pickup,0,0,42.0,Credit Card,Every 3 Months,4.0,0.8046132777487653,51.82768070532854,0.8046132777487653,41.09688670698116,Good,2,5,3,253,At Risk
3192,3193,19,Female,Sweater,Clothing,76.0,Iowa,S,Maroon,Fall,3.0,0,Free Shipping,0,0,20.0,Cash,Fortnightly,28.0,0.24618550635830977,57.375357704528504,0.24618550635830977,45.98684436266037,Average,3,2,4,324,Promising
3193,3194,63,Female,Gloves,Accessories,99.0,Virginia,L,Teal,Winter,4.0,0,Express,0,0,35.0,Credit Card,Fortnightly,28.0,2.2557746698865877,37.41117943204031,2.2557746698865877,28.389571414545962,Good,3,4,5,345,Loyal Customer
3194,3195,43,Female,Sneakers,Footwear,52.0,Maryland,L,Gold,Summer,4.6,0,Standard,0,0,10.0,Credit Card,Bi-Weekly,114.0,0.7863860992987204,52.00875783620948,0.7863860992987204,41.25649576542984,Good,5,1,3,513,Recent Customer
3195,3196,68,Female,Sunglasses,Accessories,58.0,Missouri,S,Red,Spring,4.9,0,Next Day Air,0,0,36.0,Credit Card,Quarterly,3.0,-0.0591177100166842,60.408379552722124,-0.0591177100166842,48.6602783799176,Good,1,4,3,143,At Risk
3196,3197,24,Female,Belt,Accessories,59.0,Wisconsin,L,Maroon,Winter,2.8,0,Express,0,0,21.0,Debit Card,Fortnightly,28.0,-0.40242169659356497,63.81891844000563,-0.40242169659356497,51.666471917188915,Average,3,3,3,333,Promising
3197,3198,27,Female,Sweater,Clothing,71.0,Maine,M,Teal,Spring,3.2,0,Free Shipping,0,0,29.0,Credit Card,Every 3 Months,4.0,0.031341479785745086,59.50971657007058,0.031341479785745086,47.86815873551038,Average,2,3,4,234,At Risk
3198,3199,61,Female,Gloves,Accessories,94.0,Pennsylvania,L,Peach,Winter,2.8,0,Free Shipping,0,0,39.0,Debit Card,Weekly,57.0,3.0788862814235474,29.234012054193,3.0788862814235474,21.18186948329777,Average,4,4,5,445,Champion
3199,3200,59,Female,Handbag,Accessories,40.0,Maine,XL,Pink,Winter,4.2,0,Express,0,0,16.0,PayPal,Monthly,12.0,-1.9686791321332984,79.37883647261769,-1.9686791321332984,65.3816432071333,Good,3,2,2,322,Promising
3200,3201,67,Female,Socks,Clothing,24.0,Missouri,L,Black,Spring,4.8,0,Free Shipping,0,0,32.0,Credit Card,Monthly,12.0,-1.5366588210955312,75.08694902446345,-1.5366588210955312,61.598591690716276,Good,3,4,1,341,Loyal Customer
3201,3202,46,Female,Pants,Clothing,38.0,Vermont,S,Indigo,Fall,2.8,0,2-Day Shipping,0,0,34.0,Cash,Monthly,12.0,-0.8070478098240751,67.8386593924574,-0.8070478098240751,55.209641976859544,Average,3,4,2,342,Loyal Customer
3202,3203,65,Female,Scarf,Accessories,37.0,Wisconsin,L,Green,Fall,4.5,0,Standard,0,0,38.0,Venmo,Annually,1.0,-0.8596300295712523,68.3610352233226,-0.8596300295712523,55.67008617605309,Good,1,4,2,142,Need Attention
3203,3204,63,Female,Coat,Outerwear,29.000000000000004,New Jersey,L,Teal,Spring,4.1,0,Express,0,0,14.0,Venmo,Annually,1.0,-2.8588774409113733,88.22247379752751,-2.8588774409113733,73.17679999928785,Good,1,2,1,121,Hibernating
3204,3205,57,Female,Jacket,Outerwear,92.0,New Mexico,XL,Lavender,Fall,4.3,0,Free Shipping,0,0,23.0,Debit Card,Bi-Weekly,114.0,3.3753556668145293,26.288749525065473,3.3753556668145293,18.58579024970699,Good,5,3,5,535,Potential Loyalist
3205,3206,40,Female,Hoodie,Clothing,24.0,Colorado,XL,Magenta,Fall,4.4,0,2-Day Shipping,0,0,50.0,Bank Transfer,Every 3 Months,4.0,-0.49949562961375515,64.78329530847166,-0.49949562961375515,52.51651456595802,Good,2,5,1,251,Need Attention
3206,3207,36,Female,Boots,Footwear,52.0,California,M,Brown,Winter,3.0,0,Free Shipping,0,0,49.0,PayPal,Monthly,12.0,0.8225115879838516,51.64987070177428,0.8225115879838516,40.94015743304148,Average,3,5,3,353,Loyal Customer
3207,3208,67,Female,Socks,Clothing,29.000000000000004,Arizona,XL,Beige,Summer,2.7,0,Next Day Air,0,0,14.0,PayPal,Annually,1.0,-2.8588774409113733,88.22247379752751,-2.8588774409113733,73.17679999928785,Average,1,2,1,121,Hibernating
3208,3209,61,Female,Jewelry,Accessories,30.0,Indiana,L,Indigo,Winter,3.3,0,2-Day Shipping,0,0,42.0,PayPal,Weekly,57.0,0.5841327887496381,54.01803476767616,0.5841327887496381,43.0275576197559,Average,4,5,1,451,Loyal Customer
3209,3210,64,Female,Shoes,Footwear,31.000000000000004,Arkansas,L,Peach,Fall,4.3,0,Standard,0,0,39.0,Debit Card,Annually,1.0,-1.043756407753809,70.19023091437133,-1.043756407753809,57.282416791997214,Good,1,4,1,141,Need Attention
3210,3211,30,Female,Socks,Clothing,67.0,Nevada,M,Magenta,Summer,2.9,0,Express,0,0,43.0,Venmo,Bi-Weekly,114.0,3.704253407989321,23.02132887143105,3.704253407989321,15.705747189905898,Average,5,5,3,553,Loyal Customer
3211,3212,53,Female,Pants,Clothing,65.0,Rhode Island,L,Turquoise,Winter,4.9,0,Standard,0,0,12.0,Cash,Monthly,12.0,-1.1899480898785877,71.64256597711109,-1.1899480898785877,58.562566476212766,Good,3,2,3,323,Promising
3212,3213,27,Female,Sneakers,Footwear,22.0,Wyoming,M,Indigo,Winter,3.6,0,2-Day Shipping,0,0,21.0,Debit Card,Weekly,57.0,-1.207434225697451,71.81628125141712,-1.207434225697451,58.71568648223035,Average,4,3,1,431,Potential Loyalist
3213,3214,27,Female,Sunglasses,Accessories,56.0,Texas,M,Brown,Winter,3.3,0,Standard,0,0,33.0,Credit Card,Monthly,12.0,-0.11621507734771691,60.97561092566859,-0.11621507734771691,49.16026015518696,Average,3,4,3,343,Loyal Customer
3214,3215,53,Female,Skirt,Clothing,78.0,Washington,M,Yellow,Spring,3.1,0,Free Shipping,0,0,6.0,Debit Card,Annually,1.0,-1.343640885926436,73.16942053782601,-1.343640885926436,59.9084008045908,Average,1,1,4,114,Need Attention
3215,3216,34,Female,Coat,Outerwear,90.0,Rhode Island,M,Magenta,Summer,2.7,0,Free Shipping,0,0,10.0,PayPal,Every 3 Months,4.0,-0.4816826395716034,64.60633291475372,-0.4816826395716034,52.3605324112556,Average,2,1,5,215,About to Sleep
3216,3217,39,Female,Hoodie,Clothing,85.0,Illinois,S,Olive,Winter,3.4,0,Next Day Air,0,0,18.0,Cash,Weekly,57.0,1.2450937374519744,47.45174626924563,1.2450937374519744,37.23975261291626,Average,4,2,5,425,Potential Loyalist
3217,3218,44,Female,Sunglasses,Accessories,58.0,Oregon,M,Silver,Fall,3.4,0,Express,0,0,46.0,Venmo,Weekly,57.0,2.0433548112925504,39.52145550366406,2.0433548112925504,30.24965819204243,Average,4,5,3,453,Loyal Customer
3218,3219,37,Female,Skirt,Clothing,34.0,Florida,M,Teal,Fall,3.9,0,Express,0,0,49.0,PayPal,Monthly,12.0,0.06245205654314945,59.200649865384406,0.06245205654314945,47.59573424163416,Average,3,5,1,351,Loyal Customer
3219,3220,57,Female,Coat,Outerwear,40.0,Kansas,L,White,Summer,3.5,0,2-Day Shipping,0,0,39.0,Credit Card,Weekly,57.0,0.798707687101441,51.88634954502337,0.798707687101441,41.148599909075834,Average,4,4,2,442,Loyal Customer
3220,3221,38,Female,Handbag,Accessories,29.000000000000004,North Dakota,M,Blue,Fall,4.1,0,Free Shipping,0,0,16.0,Cash,Monthly,12.0,-2.4331599569026165,83.9932015170461,-2.4331599569026165,69.44894014571773,Good,3,2,1,321,Promising
3221,3222,21,Female,T-shirt,Clothing,76.0,New Hampshire,M,Yellow,Winter,3.2,0,Standard,0,0,28.0,Cash,Annually,1.0,0.09489763224016312,58.87832067038047,0.09489763224016312,47.31161962663663,Average,1,3,4,134,At Risk
3222,3223,45,Female,Sunglasses,Accessories,84.0,Texas,S,Maroon,Fall,4.6,0,Store Pickup,0,0,22.0,PayPal,Quarterly,3.0,0.06957087211907076,59.12992829411699,0.06957087211907076,47.53339725105404,Good,1,3,4,134,At Risk
3223,3224,68,Female,Shirt,Clothing,65.0,Montana,S,Gray,Spring,3.9,0,Standard,0,0,36.0,Venmo,Bi-Weekly,114.0,3.1352147561899466,28.674419211803592,3.1352147561899466,20.68862063263469,Average,5,4,3,543,Loyal Customer
3224,3225,37,Female,Hoodie,Clothing,80.0,Delaware,L,Indigo,Winter,2.7,0,Free Shipping,0,0,18.0,PayPal,Monthly,12.0,-0.14120435322527247,61.22386582650812,-0.14120435322527247,49.379082547531574,Average,3,2,4,324,Promising
3225,3226,53,Female,Blouse,Clothing,98.0,New Hampshire,M,Pink,Fall,3.0,0,Store Pickup,0,0,31.0,Credit Card,Weekly,57.0,2.6939740078067302,33.05790670351681,2.6939740078067302,24.552412310082435,Average,4,4,5,445,Champion
3226,3227,57,Female,Sneakers,Footwear,71.0,Minnesota,XL,Beige,Spring,3.3,0,Next Day Air,0,0,38.0,Bank Transfer,Fortnightly,28.0,1.2811402400940826,47.093643818303235,1.2811402400940826,36.92410593381872,Average,3,4,4,344,Loyal Customer
3227,3228,28,Female,Scarf,Accessories,69.0,Alaska,XL,White,Fall,2.7,0,Free Shipping,0,0,42.0,Debit Card,Quarterly,3.0,0.8207239085386969,51.66763032736584,0.8207239085386969,40.95581151981257,Average,1,5,4,154,At Risk
3228,3229,37,Female,Jewelry,Accessories,95.0,Connecticut,M,Yellow,Spring,4.6,0,2-Day Shipping,0,0,27.0,PayPal,Annually,1.0,0.8279558942410047,51.59578447227998,0.8279558942410047,40.89248353782,Good,1,3,5,135,At Risk
3229,3230,54,Female,Pants,Clothing,67.0,Connecticut,M,Teal,Fall,2.7,0,Express,0,0,24.0,Cash,Monthly,12.0,-0.274775443257494,62.550822152631994,-0.274775443257494,50.54871809888346,Average,3,3,3,333,Promising
3230,3231,49,Female,Sneakers,Footwear,49.0,Kansas,M,Olive,Summer,2.5,0,Next Day Air,0,0,38.0,Debit Card,Annually,1.0,-0.35292367527745094,63.32718244758253,-0.35292367527745094,51.23303497032463,Poor,1,4,2,142,Need Attention
3231,3232,62,Female,Shoes,Footwear,97.0,Nevada,M,Maroon,Winter,4.4,0,Free Shipping,0,0,9.0,Credit Card,Annually,1.0,-0.33367542806821826,63.13596155244028,-0.33367542806821826,51.06448476809376,Good,1,1,5,115,Need Attention
3232,3233,45,Female,T-shirt,Clothing,34.0,Massachusetts,M,White,Spring,4.0,0,Next Day Air,0,0,19.0,Bank Transfer,Monthly,12.0,-2.014351912387167,79.83257077002378,-2.014351912387167,65.78158384923722,Good,3,2,1,321,Promising
3233,3234,45,Female,Belt,Accessories,74.0,Indiana,M,Lavender,Fall,3.8,0,Express,0,0,11.0,Debit Card,Bi-Weekly,114.0,1.7845745478017,42.09229705053136,1.7845745478017,32.515706901340906,Average,5,2,4,524,Potential Loyalist
3234,3235,49,Female,Jewelry,Accessories,96.0,Washington,M,Black,Winter,2.5,0,2-Day Shipping,0,0,16.0,Debit Card,Quarterly,3.0,0.16091643262680888,58.22245969930479,0.16091643262680888,46.7335159668462,Poor,1,2,5,125,Need Attention
3235,3236,27,Female,Belt,Accessories,68.0,Kansas,M,Green,Summer,4.0,0,Free Shipping,0,0,18.0,Venmo,Monthly,12.0,-0.647910707519074,66.2577186022482,-0.647910707519074,53.81613375326003,Good,3,2,3,323,Promising
3236,3237,63,Female,Belt,Accessories,84.0,South Carolina,L,Olive,Fall,4.1,0,Next Day Air,0,0,8.0,Cash,Monthly,12.0,-0.6645702247707779,66.42322186947456,-0.6645702247707779,53.96201534815644,Good,3,1,4,314,Need Attention
3237,3238,61,Female,T-shirt,Clothing,57.0,Vermont,M,Gray,Summer,2.8,0,Express,0,0,4.0,Cash,Weekly,57.0,-0.9063962747343766,68.82563250147088,-0.9063962747343766,56.07960190983076,Average,4,1,3,413,Recent Customer
3238,3239,25,Female,Sneakers,Footwear,84.0,Wyoming,XL,Teal,Fall,3.4,0,2-Day Shipping,0,0,37.0,Cash,Quarterly,3.0,1.107972856584229,48.81396784179731,1.107972856584229,38.4404724472525,Average,1,4,4,144,At Risk
3239,3240,33,Female,Sunglasses,Accessories,32.0,Colorado,M,Charcoal,Fall,2.7,0,2-Day Shipping,0,0,30.0,Cash,Monthly,12.0,-1.3373081828283513,73.10650856761268,-1.3373081828283513,59.85294752740419,Average,3,3,1,331,Promising
3240,3241,56,Female,Sandals,Footwear,37.0,West Virginia,M,Violet,Fall,3.8,0,2-Day Shipping,0,0,37.0,Bank Transfer,Monthly,12.0,-0.6415929424555268,66.19495503330513,-0.6415929424555268,53.760811283243285,Average,3,4,2,342,Loyal Customer
3241,3242,50,Female,Handbag,Accessories,58.0,Connecticut,M,Lavender,Summer,4.4,0,Store Pickup,0,0,30.0,PayPal,Quarterly,3.0,-0.47447850380274764,64.53476373365,-0.47447850380274764,52.29744830143821,Good,1,3,3,133,At Risk
3242,3243,45,Female,Socks,Clothing,74.0,Oregon,S,Beige,Fall,2.8,0,Express,0,0,17.0,Venmo,Weekly,57.0,0.7113861137183126,52.753842010495354,0.7113861137183126,41.913244538420784,Average,4,2,4,424,Potential Loyalist
3243,3244,45,Female,Hoodie,Clothing,99.0,Idaho,L,Black,Summer,5.0,0,Store Pickup,0,0,11.0,Bank Transfer,Every 3 Months,4.0,-0.03242607488690841,60.14321263612735,-0.03242607488690841,48.42654902003915,Good,2,2,5,225,About to Sleep
3244,3245,65,Female,Sweater,Clothing,81.0,Arkansas,M,Black,Fall,4.7,0,Express,0,0,42.0,Credit Card,Annually,1.0,1.2752004653633953,47.15265225832372,1.2752004653633953,36.976118474035,Good,1,5,4,154,At Risk
3245,3246,63,Female,Pants,Clothing,76.0,Kansas,M,Purple,Fall,3.2,0,Next Day Air,0,0,20.0,Cash,Weekly,57.0,1.0035175696603111,49.851674457408066,1.0035175696603111,39.3551510433724,Average,4,2,4,424,Potential Loyalist
3246,3247,70,Female,Sneakers,Footwear,98.0,Michigan,M,Magenta,Summer,2.9,0,Store Pickup,0,0,37.0,Cash,Monthly,12.0,1.9341643585379635,40.606203423293046,1.9341643585379635,31.20580098745695,Average,3,4,5,345,Loyal Customer
3247,3248,53,Female,Gloves,Accessories,91.0,Arkansas,M,Teal,Summer,3.7,0,Express,0,0,12.0,PayPal,Fortnightly,28.0,0.3257540575108103,56.584887309423905,0.3257540575108103,45.290090250860615,Average,3,2,5,325,Promising
3248,3249,22,Female,T-shirt,Clothing,79.0,Pennsylvania,S,Teal,Summer,4.2,0,Free Shipping,0,0,41.0,Bank Transfer,Quarterly,3.0,1.1737524048191874,48.16048371107042,1.1737524048191874,37.86446383529229,Good,1,5,4,154,At Risk
3249,3250,26,Female,Backpack,Accessories,83.0,Virginia,M,Pink,Summer,3.4,0,Express,0,0,32.0,Credit Card,Quarterly,3.0,0.7196133322380264,52.67210905721554,0.7196133322380264,41.84120164899706,Average,1,4,4,144,At Risk
3250,3251,23,Female,Coat,Outerwear,90.0,Minnesota,M,Teal,Spring,2.9,0,2-Day Shipping,0,0,15.0,Venmo,Weekly,57.0,1.24854098818136,47.41749970315121,1.24854098818136,37.20956623795637,Average,4,2,5,425,Potential Loyalist
3251,3252,25,Female,Coat,Outerwear,20.0,Nevada,M,Gold,Winter,3.7,0,Standard,0,0,39.0,Venmo,Quarterly,3.0,-1.4560074350540235,74.28572125210178,-1.4560074350540235,60.89235557063074,Average,1,4,1,141,Need Attention
3252,3253,69,Female,Sandals,Footwear,21.0,Montana,L,Brown,Spring,2.7,0,Store Pickup,0,0,48.0,Credit Card,Fortnightly,28.0,-0.13786824648665086,61.19072341567377,-0.13786824648665086,49.349869421819605,Average,3,5,1,351,Loyal Customer
3253,3254,36,Female,Backpack,Accessories,60.0,Nebraska,M,Brown,Fall,3.2,0,2-Day Shipping,0,0,8.0,Venmo,Fortnightly,28.0,-1.2601445536055524,72.33992976737103,-1.2601445536055524,59.17725248000622,Average,3,1,3,313,Need Attention
3254,3255,21,Female,Sweater,Clothing,31.000000000000004,Indiana,S,Magenta,Winter,4.9,0,Store Pickup,0,0,11.0,Bank Transfer,Every 3 Months,4.0,-2.903762082551783,88.66837836532116,-2.903762082551783,73.56983918583373,Good,2,2,1,221,About to Sleep
3255,3256,57,Female,Shorts,Clothing,40.0,New Jersey,M,Black,Fall,2.8,0,Next Day Air,0,0,36.0,Bank Transfer,Monthly,12.0,-0.5841431528464204,65.62422253619143,-0.5841431528464204,53.257743468731256,Average,3,4,2,342,Loyal Customer
3256,3257,60,Female,Sunglasses,Accessories,26.0,Wisconsin,L,Teal,Winter,4.7,0,Free Shipping,0,0,50.0,Venmo,Every 3 Months,4.0,-0.4150445705647883,63.94431984584832,-0.4150445705647883,51.777006031669934,Good,2,5,1,251,Need Attention
3257,3258,44,Female,Shirt,Clothing,98.0,Minnesota,M,Brown,Fall,3.3,0,Express,0,0,39.0,Venmo,Every 3 Months,4.0,1.8636987665902374,41.30624085644227,1.8636987665902374,31.822843653420318,Average,2,4,5,245,At Risk
3258,3259,31,Female,Shoes,Footwear,51.0,New Jersey,M,Magenta,Spring,4.3,0,Express,0,0,11.0,Credit Card,Bi-Weekly,114.0,0.8133873687385809,51.74051487069985,0.8133873687385809,41.02005504565378,Good,5,2,2,522,Potential Loyalist
3259,3260,57,Female,Hat,Accessories,95.0,Oklahoma,XL,Indigo,Fall,3.7,0,2-Day Shipping,0,0,5.0,Debit Card,Every 3 Months,4.0,-0.6166889867709058,65.94754774230192,-0.6166889867709058,53.54273601013592,Average,2,1,5,215,About to Sleep
3260,3261,39,Female,Scarf,Accessories,36.0,Wisconsin,M,Violet,Summer,4.5,0,2-Day Shipping,0,0,7.0,Credit Card,Annually,1.0,-3.0478863269903966,90.10017455609498,-3.0478863269903966,74.8318850377203,Good,1,1,2,112,Hibernating
3261,3262,48,Female,Belt,Accessories,52.0,Rhode Island,L,Cyan,Winter,3.4,0,Store Pickup,0,0,50.0,Debit Card,Weekly,57.0,2.066908830003025,39.287459104248846,2.066908830003025,30.043403847226248,Average,4,5,3,453,Loyal Customer
3262,3263,42,Female,T-shirt,Clothing,35.0,Indiana,M,Violet,Spring,2.7,0,Standard,0,0,21.0,Cash,Every 3 Months,4.0,-2.04259197481041,80.11312047186132,-2.04259197481041,66.02887224805656,Average,2,3,1,231,Need Attention
3263,3264,56,Female,Shorts,Clothing,68.0,Vermont,S,Black,Fall,4.4,0,Express,0,0,31.0,Debit Card,Fortnightly,28.0,0.6698760587702252,53.16622188998744,0.6698760587702252,42.27673364369154,Good,3,4,3,343,Loyal Customer
3264,3265,28,Female,Pants,Clothing,50.0,Maine,S,Charcoal,Winter,4.0,0,Express,0,0,39.0,Cash,Bi-Weekly,114.0,2.7095122102157267,32.903543091014754,2.7095122102157267,24.416349679034955,Good,5,4,2,542,Loyal Customer
3265,3266,40,Female,Sunglasses,Accessories,100.0,Alabama,M,White,Winter,3.2,0,Express,0,0,28.0,Credit Card,Fortnightly,28.0,1.813412606660664,41.80580657847784,1.813412606660664,32.263182055842634,Average,3,3,5,335,Promising
3266,3267,49,Female,Coat,Outerwear,74.0,Alabama,S,Gray,Winter,4.2,0,Next Day Air,0,0,33.0,Bank Transfer,Weekly,57.0,1.819014897147815,41.75015086135435,1.819014897147815,32.214124747699145,Good,4,4,4,444,Champion
3267,3268,37,Female,Hoodie,Clothing,45.0,Idaho,L,Pink,Winter,3.0,0,Store Pickup,0,0,42.0,Credit Card,Quarterly,3.0,-0.19268880004890587,61.735335878846,-0.19268880004890587,49.82991393126948,Average,1,5,2,152,Need Attention
3268,3269,22,Female,Dress,Clothing,97.0,Arkansas,M,Cyan,Fall,2.8,0,Free Shipping,0,0,5.0,Bank Transfer,Every 3 Months,4.0,-0.5322379277219387,65.10857227967858,-0.5322379277219387,52.803227475847834,Average,2,1,5,215,About to Sleep
3269,3270,27,Female,Blouse,Clothing,60.0,Ohio,M,Blue,Winter,4.9,0,Express,0,0,25.0,Cash,Monthly,12.0,-0.5011273509645342,64.7995055749924,-0.5011273509645342,52.530802981971625,Good,3,3,3,333,Promising
3270,3271,59,Female,Socks,Clothing,25.0,Illinois,M,Indigo,Winter,4.7,0,Express,0,0,48.0,PayPal,Annually,1.0,-0.6740683942216149,66.51758103084956,-0.6740683942216149,54.045187512580526,Good,1,5,1,151,Need Attention
3271,3272,35,Female,Socks,Clothing,55.0,Nevada,XL,Magenta,Spring,4.4,0,Standard,0,0,30.0,Credit Card,Weekly,57.0,0.8090494392895977,51.783609846740084,0.8090494392895977,41.05804078419618,Good,4,3,3,433,Potential Loyalist
3272,3273,58,Female,Shoes,Footwear,99.0,Texas,M,Lavender,Winter,3.1,0,Next Day Air,0,0,34.0,PayPal,Quarterly,3.0,1.5336754025584494,44.58484396258614,1.5336754025584494,34.71274340085224,Average,1,4,5,145,At Risk
3273,3274,58,Female,Belt,Accessories,45.0,Nevada,S,Orange,Summer,2.6,0,Free Shipping,0,0,34.0,PayPal,Every 3 Months,4.0,-0.7203882930291052,66.97774410006754,-0.7203882930291052,54.45079474665485,Average,2,4,2,242,Need Attention
3274,3275,46,Female,Sweater,Clothing,20.0,Oklahoma,M,Cyan,Spring,3.9,0,Store Pickup,0,0,14.0,Cash,Fortnightly,28.0,-2.533804940798827,84.99305483891008,-2.533804940798827,70.33025324424712,Average,3,2,1,321,Promising
3275,3276,43,Female,Pants,Clothing,88.0,Alabama,XL,Green,Summer,2.6,0,2-Day Shipping,0,0,2.0,Debit Card,Weekly,57.0,0.2641415425959226,57.19697422445162,0.2641415425959226,45.829609602205785,Average,4,1,5,415,Recent Customer
3276,3277,39,Female,Scarf,Accessories,99.0,South Dakota,M,White,Summer,4.0,0,Store Pickup,0,0,41.0,PayPal,Every 3 Months,4.0,2.0443778940434085,39.511291731487965,2.0443778940434085,30.24069941243608,Good,2,5,5,255,At Risk
3277,3278,59,Female,Skirt,Clothing,86.0,Texas,M,Blue,Spring,4.9,0,Store Pickup,0,0,3.0,Credit Card,Monthly,12.0,-0.9262531605435302,69.02289989095777,-0.9262531605435302,56.25348174846888,Good,3,1,5,315,Need Attention
3278,3279,59,Female,Dress,Clothing,70.0,Montana,M,Black,Summer,3.3,0,2-Day Shipping,0,0,18.0,Bank Transfer,Weekly,57.0,0.6117107945847227,53.74406223892073,0.6117107945847227,42.78606662007683,Average,4,2,4,424,Potential Loyalist
3279,3280,59,Female,Hat,Accessories,50.0,Wyoming,S,Red,Fall,3.0,0,Express,0,0,1.0,Debit Card,Fortnightly,28.0,-2.166987441600794,81.34892195823697,-2.166987441600794,67.1181600598873,Average,3,1,2,312,Need Attention
3280,3281,45,Female,Handbag,Accessories,57.0,New York,L,Red,Winter,2.7,0,Next Day Air,0,0,5.0,PayPal,Monthly,12.0,-2.0123399188248623,79.81258270535369,-2.0123399188248623,65.76396552180577,Average,3,1,3,313,Need Attention
3281,3282,27,Female,Pants,Clothing,69.0,Oregon,L,Gold,Winter,3.1,0,Free Shipping,0,0,41.0,Bank Transfer,Annually,1.0,0.6992673121052496,52.87423573088511,0.6992673121052496,42.019364666683565,Average,1,5,4,154,At Risk
3282,3283,24,Female,T-shirt,Clothing,94.0,California,M,Red,Fall,4.8,0,Next Day Air,0,0,5.0,Credit Card,Monthly,12.0,-0.4499953264189749,64.29153664682175,-0.4499953264189749,52.08305763747637,Good,3,1,5,315,Need Attention
3283,3284,47,Female,Jacket,Outerwear,24.0,North Carolina,L,Purple,Spring,2.9,0,Express,0,0,10.0,Debit Card,Every 3 Months,4.0,-3.268567588187511,92.29252318132419,-3.268567588187511,76.76431404276212,Average,2,1,1,211,About to Sleep
3284,3285,70,Female,Scarf,Accessories,79.0,Kentucky,L,White,Spring,4.5,0,2-Day Shipping,0,0,20.0,Venmo,Annually,1.0,-0.3322401709011377,63.121703051015956,-0.3322401709011377,51.05191672056533,Good,1,2,4,124,Need Attention
3285,3286,58,Female,Hat,Accessories,31.000000000000004,Hawaii,XL,Magenta,Fall,4.6,0,Free Shipping,0,0,11.0,Cash,Weekly,57.0,-1.5196724496205392,74.9181986378252,-1.5196724496205392,61.44984794713503,Good,4,2,1,421,Potential Loyalist
3286,3287,45,Female,Jacket,Outerwear,67.0,Illinois,L,Pink,Winter,5.0,0,Express,0,0,4.0,Venmo,Fortnightly,28.0,-1.2414730427915437,72.15443843547457,-1.2414730427915437,59.013752557678345,Good,3,1,3,313,Need Attention
3287,3288,24,Female,Skirt,Clothing,63.0,West Virginia,L,Black,Spring,4.3,0,2-Day Shipping,0,0,38.0,Credit Card,Weekly,57.0,1.7006680672002166,42.92586242167619,1.7006680672002166,33.25044675168306,Good,4,4,3,443,Loyal Customer
3288,3289,67,Female,Handbag,Accessories,61.0,South Carolina,XL,White,Spring,4.9,0,Next Day Air,0,0,19.0,Credit Card,Bi-Weekly,114.0,1.7894570556981666,42.04379198301261,1.7894570556981666,32.47295247885258,Good,5,2,3,523,Potential Loyalist
3289,3290,31,Female,Backpack,Accessories,50.0,Montana,M,Maroon,Summer,4.0,0,2-Day Shipping,0,0,16.0,Venmo,Every 3 Months,4.0,-1.7553430267648782,77.2594579862928,-1.7553430267648782,63.513533175496505,Good,2,2,2,222,About to Sleep
3290,3291,52,Female,Coat,Outerwear,82.0,North Dakota,L,Black,Spring,3.1,0,Free Shipping,0,0,2.0,PayPal,Monthly,12.0,-1.1643820776058078,71.38858151302578,-1.1643820776058078,58.338693803965135,Average,3,1,4,314,Need Attention
3291,3292,29,Female,Belt,Accessories,51.0,New Mexico,L,Olive,Fall,2.6,0,2-Day Shipping,0,0,11.0,Cash,Monthly,12.0,-1.8503323021856999,78.20312491229583,-1.8503323021856999,64.3453212031494,Average,3,2,2,322,Promising
3292,3293,62,Female,Handbag,Accessories,23.0,Missouri,L,Gray,Spring,4.9,0,Standard,0,0,18.0,Bank Transfer,Fortnightly,28.0,-2.130221156368001,80.98366885768982,-2.130221156368001,66.79621049513459,Good,3,2,1,321,Promising
3293,3294,19,Female,Coat,Outerwear,91.0,West Virginia,M,Gold,Spring,3.5,0,2-Day Shipping,0,0,47.0,Credit Card,Fortnightly,28.0,2.7486920212628467,32.514312920677945,2.7486920212628467,24.073265708657036,Average,3,5,5,355,Loyal Customer
3294,3295,62,Female,Sweater,Clothing,60.0,South Carolina,S,Magenta,Spring,4.5,0,Store Pickup,0,0,15.0,Bank Transfer,Bi-Weekly,114.0,1.4703243303163074,45.214202501609535,1.4703243303163074,35.26748669367703,Good,5,2,3,523,Potential Loyalist
3295,3296,70,Female,Blouse,Clothing,34.0,West Virginia,S,Lavender,Summer,2.8,0,Next Day Air,0,0,15.0,Cash,Weekly,57.0,-1.1160886651897133,70.90881265660492,-1.1160886651897133,57.91580519802252,Average,4,2,1,421,Potential Loyalist
3296,3297,20,Female,Blouse,Clothing,23.0,Alaska,M,Green,Spring,4.2,0,Next Day Air,0,0,47.0,Venmo,Quarterly,3.0,-0.7755164547658221,67.52541248359626,-0.7755164547658221,54.93353287383781,Good,1,5,1,151,Need Attention
3297,3298,67,Female,Belt,Accessories,82.0,West Virginia,M,Violet,Fall,4.1,0,Free Shipping,0,0,47.0,PayPal,Monthly,12.0,1.9508238757896674,40.4407001560667,1.9508238757896674,31.059919392560538,Good,3,5,4,354,Loyal Customer
3298,3299,65,Female,Jacket,Outerwear,73.0,New Mexico,M,Brown,Fall,3.5,0,Express,0,0,6.0,Bank Transfer,Every 3 Months,4.0,-1.4764238373451977,74.48854713433744,-1.4764238373451977,61.07113490038465,Average,2,1,4,214,About to Sleep
3299,3300,45,Female,Shorts,Clothing,32.0,South Dakota,L,Teal,Spring,4.0,0,2-Day Shipping,0,0,18.0,Venmo,Monthly,12.0,-2.1680297704004783,81.35927692946846,-2.1680297704004783,67.12728737044542,Good,3,2,1,321,Promising
3300,3301,26,Female,Hat,Accessories,80.0,Oklahoma,M,Charcoal,Spring,4.0,0,Express,0,0,40.0,Bank Transfer,Bi-Weekly,114.0,4.045504894914574,19.631180454843236,4.045504894914574,12.71752667779371,Good,5,4,4,544,Champion
3301,3302,36,Female,Pants,Clothing,58.0,Oklahoma,XL,Charcoal,Summer,2.5,0,Free Shipping,0,0,31.0,Credit Card,Fortnightly,28.0,0.24762076352539059,57.36109920310418,0.24762076352539059,45.97427631513193,Poor,3,4,3,343,Loyal Customer
3302,3303,36,Female,Blouse,Clothing,82.0,Alabama,XL,Beige,Winter,4.2,0,Standard,0,0,31.0,Venmo,Bi-Weekly,114.0,3.506914763284446,24.981781263611705,3.506914763284446,17.433773025786554,Good,5,4,4,544,Champion
3303,3304,20,Female,Belt,Accessories,60.0,Mississippi,S,Turquoise,Summer,3.4,0,Next Day Air,0,0,4.0,Credit Card,Fortnightly,28.0,-1.5370517494629277,75.0908525546563,-1.5370517494629277,61.602032427686616,Average,3,1,3,313,Need Attention
3304,3305,30,Female,Handbag,Accessories,79.0,Mississippi,XL,Orange,Fall,4.8,0,Next Day Air,0,0,36.0,Bank Transfer,Every 3 Months,4.0,0.85373330873202,51.339699841828,0.85373330873202,40.666759689917356,Good,2,4,4,244,At Risk
3305,3306,34,Female,Hoodie,Clothing,41.0,Nebraska,L,Cyan,Summer,4.9,0,Standard,0,0,31.0,PayPal,Bi-Weekly,114.0,1.7756680527806243,42.180778247390315,1.7756680527806243,32.59369797869211,Good,5,4,2,542,Loyal Customer
3306,3307,63,Female,Jacket,Outerwear,39.0,Colorado,L,Orange,Summer,3.6,0,Store Pickup,0,0,6.0,Venmo,Fortnightly,28.0,-2.2853342715483924,82.52463351855882,-2.2853342715483924,68.15448206387121,Average,3,1,2,312,Need Attention
3307,3308,18,Female,Scarf,Accessories,36.0,Pennsylvania,S,Green,Winter,4.0,0,Store Pickup,0,0,1.0,Cash,Monthly,12.0,-3.1759832346963908,91.37274785018408,-3.1759832346963908,75.95358507951099,Good,3,1,2,312,Need Attention
3308,3309,55,Female,Jeans,Clothing,70.0,Utah,M,Pink,Fall,2.6,0,Express,0,0,29.0,Cash,Monthly,12.0,0.19803514013767587,57.85370547459041,0.19803514013767587,46.40848036285084,Average,3,3,4,334,Promising
3309,3310,48,Female,Handbag,Accessories,47.0,Massachusetts,M,Blue,Summer,3.1,0,Store Pickup,0,0,19.0,PayPal,Monthly,12.0,-1.4654200285688823,74.37923026297203,-1.4654200285688823,60.97477837636474,Average,3,2,2,322,Promising
3310,3311,45,Female,Jacket,Outerwear,27.0,Iowa,M,Pink,Winter,3.6,0,Free Shipping,0,0,12.0,PayPal,Fortnightly,28.0,-2.376679832056131,83.43210211337102,-2.376679832056131,68.95436334807906,Average,3,2,1,321,Promising
3311,3312,29,Female,Hat,Accessories,52.0,Florida,L,Blue,Summer,4.0,0,Express,0,0,18.0,Bank Transfer,Annually,1.0,-1.6107830659908786,75.82333319007377,-1.6107830659908786,62.24767190729455,Good,1,2,3,123,Need Attention
3312,3313,55,Female,Sneakers,Footwear,75.0,Louisiana,L,Black,Summer,3.9,0,Next Day Air,0,0,45.0,Cash,Quarterly,3.0,1.2817574825786293,47.08751184903186,1.2817574825786293,36.91870095618803,Average,1,5,4,154,At Risk
3313,3314,55,Female,Hat,Accessories,30.0,Kansas,XL,Black,Fall,3.9,0,Express,0,0,45.0,Credit Card,Monthly,12.0,-0.38335725741215976,63.629523577916345,-0.38335725741215976,51.499531257890716,Average,3,5,1,351,Loyal Customer
3314,3315,55,Female,Socks,Clothing,94.0,Kansas,M,Violet,Spring,3.3,0,Standard,0,0,8.0,Credit Card,Quarterly,3.0,-0.4773490181369092,64.56328073649864,-0.4773490181369092,52.32258439649509,Average,1,1,5,115,Need Attention
3315,3316,48,Female,Scarf,Accessories,68.0,Kentucky,S,Gold,Summer,2.9,0,Standard,0,0,4.0,PayPal,Every 3 Months,4.0,-1.8260050828963026,77.96144718453843,-1.8260050828963026,64.13229620994504,Average,2,1,3,213,About to Sleep
3316,3317,42,Female,Socks,Clothing,45.0,New Mexico,M,Olive,Summer,3.1,0,Free Shipping,0,0,5.0,Debit Card,Fortnightly,28.0,-2.101207893365836,80.69543782751009,-2.101207893365836,66.54215144792708,Average,3,1,2,312,Need Attention
3317,3318,21,Female,Hat,Accessories,67.0,North Carolina,XL,Pink,Summer,4.7,0,Standard,0,0,30.0,Cash,Quarterly,3.0,-0.09444873808239651,60.759374151844945,-0.09444873808239651,48.969659897141874,Good,1,3,3,133,At Risk
3318,3319,45,Female,Jacket,Outerwear,46.0,North Dakota,M,Olive,Summer,3.9,0,Free Shipping,0,0,15.0,PayPal,Monthly,12.0,-1.7845527539507415,77.54964078156897,-1.7845527539507415,63.76931259118918,Average,3,2,2,322,Promising
3319,3320,23,Female,Shorts,Clothing,31.000000000000004,North Dakota,M,Indigo,Summer,4.3,0,Next Day Air,0,0,17.0,Credit Card,Every 3 Months,4.0,-2.4884012887657194,84.54199418439327,-2.4884012887657194,69.93266926431312,Good,2,2,1,221,About to Sleep
3320,3321,66,Female,Blouse,Clothing,44.0,Illinois,XL,Silver,Fall,4.2,0,2-Day Shipping,0,0,45.0,Cash,Every 3 Months,4.0,-0.001119033945805703,59.832194166344756,-0.001119033945805703,48.152404157677765,Good,2,5,2,252,Need Attention
3321,3322,32,Female,Coat,Outerwear,100.0,Maine,S,Charcoal,Winter,4.3,0,Next Day Air,0,0,3.0,Venmo,Annually,1.0,-0.6223596332808315,66.00388253943314,-0.6223596332808315,53.59239188818227,Good,1,1,5,115,Need Attention
3322,3323,52,Female,Sweater,Clothing,92.0,Indiana,XL,Orange,Winter,4.6,0,Next Day Air,0,0,43.0,PayPal,Weekly,57.0,3.2713424182319564,27.322064729531093,3.2713424182319564,19.496598069905435,Good,4,5,5,455,Champion
3323,3324,54,Female,Handbag,Accessories,78.0,North Dakota,M,Yellow,Winter,3.8,0,Free Shipping,0,0,4.0,Credit Card,Monthly,12.0,-1.194830597775054,71.69107104462985,-1.194830597775054,58.60532089870109,Average,3,1,4,314,Need Attention
3324,3325,37,Female,T-shirt,Clothing,32.0,Missouri,S,Red,Fall,3.3,0,Standard,0,0,41.0,Venmo,Weekly,57.0,0.5993570488342612,53.86679000187413,0.5993570488342612,42.89424407238793,Average,4,5,1,451,Loyal Customer
3325,3326,29,Female,Sandals,Footwear,97.0,Alaska,M,Maroon,Fall,3.7,0,2-Day Shipping,0,0,16.0,Venmo,Monthly,12.0,0.4381760507622584,55.46803578785229,0.4381760507622584,44.30564997992313,Average,3,2,5,325,Promising
3326,3327,47,Female,Gloves,Accessories,95.0,North Dakota,M,Magenta,Summer,4.3,0,Standard,0,0,10.0,Debit Card,Annually,1.0,-0.34889968815284156,63.287206318242305,-0.34889968815284156,51.19779831546174,Good,1,1,5,115,Need Attention
3327,3328,47,Female,Shorts,Clothing,64.0,Connecticut,M,Black,Spring,4.1,0,Express,0,0,2.0,Debit Card,Quarterly,3.0,-2.159475697657476,81.27429685677673,-2.159475697657476,67.05238233233685,Good,1,1,3,113,Lost
3328,3329,42,Female,Sandals,Footwear,35.0,Wisconsin,M,Violet,Spring,3.2,0,Free Shipping,0,0,11.0,Cash,Bi-Weekly,114.0,0.1377788963468456,58.452318571686625,0.1377788963468456,46.93612331995839,Average,5,2,1,521,Potential Loyalist
3329,3330,34,Female,Backpack,Accessories,54.0,New Jersey,M,Gray,Winter,3.8,0,Express,0,0,1.0,Debit Card,Bi-Weekly,114.0,0.24779596766859213,57.35935864497795,0.24779596766859213,45.97274211342269,Average,5,1,3,513,Recent Customer
3330,3331,38,Female,Sneakers,Footwear,96.0,Missouri,M,Black,Spring,3.2,0,2-Day Shipping,0,0,41.0,Bank Transfer,Quarterly,3.0,1.8915864067354065,41.029192278771966,1.8915864067354065,31.57864129384364,Average,1,5,5,155,At Risk
3331,3332,55,Female,Sunglasses,Accessories,58.0,California,M,Pink,Summer,3.5,0,Free Shipping,0,0,39.0,PayPal,Quarterly,3.0,0.14856268687634744,58.345187462258195,0.14856268687634744,46.84169341915729,Average,1,4,3,143,At Risk
3332,3333,27,Female,T-shirt,Clothing,23.0,Washington,M,Silver,Summer,3.1,0,2-Day Shipping,0,0,1.0,PayPal,Bi-Weekly,114.0,-1.061195447590395,70.36347831563984,-1.061195447590395,57.43512439488787,Average,5,1,1,511,Recent Customer
3333,3334,55,Female,Jeans,Clothing,35.0,Minnesota,M,Violet,Spring,4.2,0,Express,0,0,3.0,PayPal,Monthly,12.0,-3.079755166292186,90.41677418785314,-3.079755166292186,75.11094937281482,Good,3,1,1,311,Lost
3334,3335,66,Female,Shirt,Clothing,23.0,California,M,Beige,Summer,3.4,0,Free Shipping,0,0,21.0,Credit Card,Annually,1.0,-2.627643025307867,85.92528530764835,-2.627643025307867,71.15196069371136,Average,1,3,1,131,Lost
3335,3336,44,Female,Hat,Accessories,94.0,Texas,XL,Cyan,Winter,3.5,0,Express,0,0,48.0,Bank Transfer,Quarterly,3.0,2.2917229404368467,37.05405286364613,2.2917229404368467,28.074784919691005,Average,1,5,5,155,At Risk
3336,3337,39,Female,Blouse,Clothing,45.0,Montana,M,Brown,Fall,4.0,0,Free Shipping,0,0,24.0,Debit Card,Annually,1.0,-1.4910009788761993,74.6333631283276,-1.4910009788761993,61.198781855782215,Good,1,3,2,132,Need Attention
3337,3338,23,Female,Jacket,Outerwear,23.0,Arizona,L,Blue,Winter,4.4,0,2-Day Shipping,0,0,45.0,Bank Transfer,Bi-Weekly,114.0,1.9847837068407368,40.10332765550206,1.9847837068407368,30.762544970403372,Good,5,5,1,551,Loyal Customer
3338,3339,29,Female,Skirt,Clothing,94.0,Minnesota,L,White,Winter,2.9,0,2-Day Shipping,0,0,46.0,Credit Card,Monthly,12.0,2.388303431119125,36.09457807714793,2.388303431119125,27.229063173752184,Average,3,5,5,355,Loyal Customer
3339,3340,20,Female,Gloves,Accessories,99.0,Nebraska,M,Cyan,Fall,3.6,0,Store Pickup,0,0,35.0,Cash,Fortnightly,28.0,2.2557746698865877,37.41117943204031,2.2557746698865877,28.389571414545962,Average,3,4,5,345,Loyal Customer
3340,3341,42,Female,T-shirt,Clothing,36.0,Virginia,XL,Maroon,Fall,4.4,0,Free Shipping,0,0,47.0,Credit Card,Fortnightly,28.0,0.42628789741625706,55.58613814281998,0.42628789741625706,44.40975040157913,Good,3,5,2,352,Loyal Customer
3341,3342,55,Female,Jacket,Outerwear,50.0,Connecticut,XL,Olive,Summer,4.5,0,Standard,0,0,35.0,Credit Card,Monthly,12.0,-0.23111465656592978,62.117075919896,-0.23111465656592978,50.166395784210984,Good,3,4,2,342,Loyal Customer
3342,3343,66,Female,Jacket,Outerwear,81.0,New Jersey,M,Violet,Spring,3.8,0,Free Shipping,0,0,45.0,Credit Card,Weekly,57.0,2.945315191391326,30.56096838031688,2.945315191391326,22.351505034649655,Average,4,5,4,454,Champion
3343,3344,24,Female,Shorts,Clothing,31.000000000000004,Kentucky,XL,Green,Winter,3.6,0,2-Day Shipping,0,0,6.0,Cash,Bi-Weekly,114.0,-0.3772572165728074,63.568922981039876,-0.3772572165728074,51.446115323135054,Average,5,1,1,511,Recent Customer
3344,3345,62,Female,Hat,Accessories,48.0,Washington,XL,Magenta,Fall,4.3,0,Free Shipping,0,0,20.0,Cash,Annually,1.0,-1.6412315861601248,76.12582272167784,-1.6412315861601248,62.514299002030505,Good,1,2,2,122,Hibernating
3345,3346,28,Female,Handbag,Accessories,91.0,Florida,M,Turquoise,Summer,4.0,0,2-Day Shipping,0,0,3.0,Venmo,Bi-Weekly,114.0,1.9485941580031676,40.462851192803406,1.9485941580031676,31.079444255253076,Good,5,1,5,515,Recent Customer
3346,3347,30,Female,Jeans,Clothing,99.0,Oklahoma,M,Black,Summer,3.4,0,Express,0,0,30.0,Venmo,Quarterly,3.0,1.2567682067010737,47.33576674987139,1.2567682067010737,37.13752334853266,Average,1,3,5,135,At Risk
3347,3348,22,Female,Shoes,Footwear,70.0,Iowa,XL,Cyan,Summer,4.4,0,Standard,0,0,28.0,PayPal,Bi-Weekly,114.0,2.7925280120976126,32.07882612981573,2.7925280120976126,23.689409192275317,Good,5,3,4,534,Potential Loyalist
3348,3349,28,Female,T-shirt,Clothing,74.0,New Hampshire,L,Gray,Winter,2.8,0,Standard,0,0,15.0,Cash,Every 3 Months,4.0,-0.8111571171416192,67.87948313163395,-0.8111571171416192,55.24562575095968,Average,2,2,4,224,About to Sleep
3349,3350,35,Female,Jewelry,Accessories,79.0,Georgia,M,Red,Fall,2.8,0,Store Pickup,0,0,29.0,PayPal,Quarterly,3.0,0.34303081724706097,56.41325207292618,0.34303081724706097,45.13880367833352,Average,1,3,4,134,At Risk
3350,3351,45,Female,Handbag,Accessories,33.0,Mississippi,S,Olive,Fall,4.9,0,2-Day Shipping,0,0,15.0,Cash,Bi-Weekly,114.0,0.3302350331552544,56.54037124702471,0.3302350331552544,45.250851906566055,Good,5,2,1,521,Potential Loyalist
3351,3352,43,Female,Shirt,Clothing,49.0,New Hampshire,L,Cyan,Spring,4.2,0,2-Day Shipping,0,0,18.0,Bank Transfer,Fortnightly,28.0,-1.0323573887314312,70.07698784358631,-1.0323573887314312,57.1825995493896,Good,3,2,2,322,Promising
3352,3353,55,Female,Belt,Accessories,96.0,Washington,M,Teal,Summer,2.9,0,Next Day Air,0,0,7.0,Bank Transfer,Bi-Weekly,114.0,2.4366290014829604,35.61448974895979,2.4366290014829604,26.805892971852472,Average,5,1,5,515,Recent Customer
3353,3354,31,Female,Dress,Clothing,66.0,Ohio,L,Teal,Fall,4.6,0,Free Shipping,0,0,19.0,Credit Card,Every 3 Months,4.0,-0.8720541574801111,68.48446219484208,-0.8720541574801111,55.77887994043158,Good,2,2,3,223,About to Sleep
3354,3355,42,Female,Skirt,Clothing,45.0,Maryland,M,Orange,Fall,2.8,0,Next Day Air,0,0,15.0,PayPal,Weekly,57.0,-0.6516078404203953,66.29444761217653,-0.6516078404203953,53.84850825943809,Average,4,2,2,422,Potential Loyalist
3355,3356,40,Female,Blouse,Clothing,28.0,Delaware,M,Peach,Spring,2.6,0,Store Pickup,0,0,3.0,Bank Transfer,Bi-Weekly,114.0,-0.7116142020392897,66.89057826543885,-0.7116142020392897,54.37396308532747,Average,5,1,1,511,Recent Customer
3356,3357,39,Female,Jeans,Clothing,48.0,Tennessee,M,Silver,Summer,3.5,0,Store Pickup,0,0,13.0,PayPal,Bi-Weekly,114.0,0.8251643780938183,51.623516670992245,0.8251643780938183,40.91692787324569,Average,5,2,2,522,Potential Loyalist
3357,3358,41,Female,Hoodie,Clothing,67.0,Arkansas,M,Pink,Winter,3.5,0,Free Shipping,0,0,37.0,Credit Card,Monthly,12.0,0.6251729432789768,53.610323093954925,0.6251729432789768,42.66818326892213,Average,3,4,3,343,Loyal Customer
3358,3359,56,Female,T-shirt,Clothing,59.0,Tennessee,M,Magenta,Fall,3.4,0,2-Day Shipping,0,0,26.0,Cash,Annually,1.0,-0.7613899676047433,67.38507349632155,-0.7613899676047433,54.809832141925476,Average,1,3,3,133,At Risk
3359,3360,43,Female,Sunglasses,Accessories,74.0,New Hampshire,L,Red,Fall,3.9,0,Next Day Air,0,0,29.0,Debit Card,Monthly,12.0,0.36693725823560963,56.175754549343715,0.36693725823560963,44.92946329427468,Average,3,3,4,334,Promising
3360,3361,22,Female,Jacket,Outerwear,81.0,Minnesota,M,Maroon,Spring,3.3,0,2-Day Shipping,0,0,47.0,Cash,Every 3 Months,4.0,1.6996791563887697,42.93568671417022,1.6996791563887697,33.259106299508154,Average,2,5,4,254,At Risk
3361,3362,47,Female,Shoes,Footwear,26.0,Florida,M,Silver,Spring,4.1,0,Free Shipping,0,0,47.0,Credit Card,Bi-Weekly,114.0,2.249913893342875,37.46940306792441,2.249913893342875,28.440892195131052,Good,5,5,1,551,Loyal Customer
3362,3363,50,Female,Handbag,Accessories,61.0,Tennessee,M,Gray,Summer,3.0,0,Next Day Air,0,0,48.0,Venmo,Fortnightly,28.0,1.5511529344926873,44.41121416320684,1.5511529344926873,34.559698736058074,Average,3,5,3,353,Loyal Customer
3363,3364,58,Female,Sweater,Clothing,23.0,California,M,Turquoise,Winter,3.0,0,Next Day Air,0,0,46.0,Bank Transfer,Bi-Weekly,114.0,2.0540105058050804,39.41559695868075,2.0540105058050804,30.15634998348327,Average,5,5,1,551,Loyal Customer
3364,3365,50,Female,Scarf,Accessories,33.0,Oregon,M,Peach,Fall,3.2,0,Standard,0,0,7.0,Credit Card,Monthly,12.0,-2.8872990294837777,88.50482686319121,-2.8872990294837777,73.4256779594225,Average,3,1,1,311,Lost
3365,3366,43,Female,Skirt,Clothing,58.0,Tennessee,L,Teal,Fall,3.9,0,Express,0,0,45.0,Credit Card,Every 3 Months,4.0,0.5900383793969626,53.95936592798133,0.5900383793969626,42.975844417661236,Average,2,5,3,253,At Risk
3366,3367,38,Female,Gloves,Accessories,65.0,North Carolina,M,Red,Spring,3.6,0,2-Day Shipping,0,0,47.0,Debit Card,Quarterly,3.0,0.9979557852624829,49.90692776850597,0.9979557852624829,39.40385365378821,Average,1,5,3,153,At Risk
3367,3368,44,Female,T-shirt,Clothing,48.0,Tennessee,M,Blue,Summer,3.1,0,Store Pickup,0,0,6.0,Venmo,Fortnightly,28.0,-1.9053045058280413,78.74924393675374,-1.9053045058280413,64.82669365957487,Average,3,1,2,312,Need Attention
3368,3369,30,Female,Sandals,Footwear,25.0,Nebraska,M,Blue,Spring,4.8,0,Express,0,0,29.0,Bank Transfer,Every 3 Months,4.0,-1.9110328783404937,78.80615221040756,-1.9110328783404937,64.87685502413612,Good,2,3,1,231,Need Attention
3369,3370,47,Female,Sweater,Clothing,51.0,Maine,M,Indigo,Winter,3.8,0,2-Day Shipping,0,0,42.0,Cash,Monthly,12.0,0.29569846570896086,56.88347331083514,0.29569846570896086,45.553276608626234,Average,3,5,2,352,Loyal Customer
3370,3371,30,Female,Belt,Accessories,31.000000000000004,Illinois,M,Charcoal,Summer,2.8,0,Store Pickup,0,0,46.0,Cash,Fortnightly,28.0,0.14593345082949594,58.37130749619968,0.14593345082949594,46.86471672421943,Average,3,5,1,351,Loyal Customer
3371,3372,49,Female,Hoodie,Clothing,99.0,Colorado,S,Turquoise,Winter,4.0,0,Next Day Air,0,0,28.0,PayPal,Annually,1.0,1.0660848113032828,49.23010285021197,1.0660848113032828,38.80727148232375,Good,1,3,5,135,At Risk
3372,3373,56,Female,Socks,Clothing,25.0,Pennsylvania,M,Maroon,Winter,4.6,0,Free Shipping,0,0,14.0,Credit Card,Every 3 Months,4.0,-2.9494348628056524,89.12211266272726,-2.9494348628056524,73.96977982793767,Good,2,2,1,221,About to Sleep
3373,3374,70,Female,Sandals,Footwear,52.0,Minnesota,M,Purple,Spring,3.5,0,Store Pickup,0,0,12.0,Debit Card,Every 3 Months,4.0,-1.9477991635732868,79.1714053109547,-1.9477991635732868,65.19880458888883,Average,2,2,3,223,About to Sleep
3374,3375,22,Female,Blouse,Clothing,47.0,Nevada,S,Lavender,Spring,3.7,0,2-Day Shipping,0,0,41.0,Debit Card,Annually,1.0,-0.2296943374333862,62.102965819741925,-0.2296943374333862,50.153958543852404,Average,1,5,2,152,Need Attention
3375,3376,51,Female,Boots,Footwear,98.0,Connecticut,XL,Yellow,Fall,4.9,0,Express,0,0,8.0,Credit Card,Annually,1.0,-0.36067669750807896,63.404204517949914,-0.36067669750807896,51.30092548786983,Good,1,1,5,115,Need Attention
3376,3377,22,Female,Hat,Accessories,46.0,Ohio,M,Green,Winter,4.1,0,Store Pickup,0,0,24.0,Cash,Quarterly,3.0,-1.3965456518826125,73.69500069031797,-1.3965456518826125,60.371669428687284,Good,1,3,2,132,Need Attention
3377,3378,37,Female,Shirt,Clothing,32.0,Kentucky,M,Yellow,Winter,4.6,0,Next Day Air,0,0,18.0,PayPal,Fortnightly,28.0,-1.7501913906476498,77.20827927588476,-1.7501913906476498,63.46842209083825,Good,3,2,1,321,Promising
3378,3379,49,Female,Shorts,Clothing,75.0,Minnesota,L,Gold,Fall,4.5,0,Next Day Air,0,0,6.0,Cash,Quarterly,3.0,-1.4180876770307826,73.90900902506307,-1.4180876770307826,60.560305446072014,Good,1,1,4,114,Need Attention
3379,3380,61,Female,Handbag,Accessories,51.0,Tennessee,L,Turquoise,Summer,5.0,0,Store Pickup,0,0,40.0,Cash,Weekly,57.0,1.3324153108351031,46.58425380377364,1.3324153108351031,36.475107983571306,Good,4,4,2,442,Loyal Customer
3380,3381,41,Female,Dress,Clothing,52.0,North Dakota,L,Blue,Summer,3.8,0,Standard,0,0,6.0,PayPal,Every 3 Months,4.0,-2.3631599573593505,83.29778949188257,-2.3631599573593505,68.83597451040944,Average,2,1,3,213,About to Sleep
3381,3382,57,Female,Hat,Accessories,66.0,Minnesota,L,Turquoise,Winter,4.7,0,Standard,0,0,27.0,Credit Card,Quarterly,3.0,-0.3443546644999117,63.24205397362056,-0.3443546644999117,51.15799912504622,Good,1,3,3,133,At Risk
3382,3383,34,Female,Sweater,Clothing,35.0,Nebraska,M,Maroon,Spring,2.8,0,Express,0,0,2.0,Bank Transfer,Weekly,57.0,-1.9738115222017003,79.42982398397032,-1.9738115222017003,65.4265857608398,Average,4,1,1,411,Recent Customer
3383,3384,27,Female,Coat,Outerwear,43.0,Delaware,M,Pink,Fall,2.6,0,Next Day Air,0,0,39.0,Venmo,Bi-Weekly,114.0,2.4139335035443423,35.83995721019647,2.4139335035443423,27.004629549043223,Average,5,4,2,542,Loyal Customer
3384,3385,39,Female,Hoodie,Clothing,24.0,Minnesota,L,Maroon,Summer,3.8,0,Free Shipping,0,0,9.0,Venmo,Quarterly,3.0,-3.3639092858864066,93.23969123149448,-3.3639092858864066,77.59918810965766,Average,1,1,1,111,Hibernating
3385,3386,62,Female,Jewelry,Accessories,83.0,Rhode Island,M,Olive,Winter,2.8,0,Standard,0,0,16.0,Credit Card,Every 3 Months,4.0,-0.3619005524569242,63.41636285300757,-0.3619005524569242,51.311642359743246,Average,2,2,4,224,About to Sleep
3386,3387,34,Female,T-shirt,Clothing,62.0,Michigan,M,Lavender,Fall,2.6,0,2-Day Shipping,0,0,36.0,Cash,Quarterly,3.0,0.10978440808124956,58.73042862747544,0.10978440808124956,47.181261311341444,Average,1,4,3,143,At Risk
3387,3388,53,Female,Pants,Clothing,78.0,New Jersey,S,Pink,Spring,3.4,0,2-Day Shipping,0,0,2.0,Credit Card,Bi-Weekly,114.0,1.330435475220539,46.60392239667648,1.330435475220539,36.49244471504567,Average,5,1,4,514,Recent Customer
3388,3389,35,Female,Sweater,Clothing,61.0,South Dakota,M,Cyan,Spring,4.5,0,Store Pickup,0,0,21.0,Credit Card,Weekly,57.0,0.4393614257574034,55.456259730261856,0.4393614257574034,44.29527006361287,Good,4,3,3,433,Potential Loyalist
3389,3390,38,Female,Pants,Clothing,57.0,North Carolina,L,Maroon,Fall,3.8,0,Free Shipping,0,0,39.0,Venmo,Annually,1.0,0.0541073598827605,59.28354990026783,0.0541073598827605,47.668805846252226,Average,1,4,3,143,At Risk
3390,3391,32,Female,Socks,Clothing,70.0,Oregon,S,Red,Summer,3.0,0,Next Day Air,0,0,38.0,PayPal,Annually,1.0,0.5338124447367015,54.51794009003738,0.5338124447367015,43.46819536029983,Average,1,4,4,144,At Risk
3391,3392,47,Female,Hoodie,Clothing,57.0,Montana,M,Silver,Fall,3.7,0,2-Day Shipping,0,0,6.0,Debit Card,Every 3 Months,4.0,-2.152032309736933,81.20035083532422,-2.152032309736933,66.98720317468926,Average,2,1,3,213,About to Sleep
3392,3393,53,Female,Scarf,Accessories,74.0,New Jersey,XL,Blue,Winter,4.4,0,Free Shipping,0,0,6.0,Venmo,Bi-Weekly,114.0,1.4384405529799806,45.530950534637924,1.4384405529799806,35.54668183594141,Good,5,1,4,514,Recent Customer
3393,3394,60,Female,Dress,Clothing,90.0,Arizona,M,Gold,Fall,3.1,0,Next Day Air,0,0,50.0,Debit Card,Monthly,12.0,2.496308508878567,35.02160621510937,2.496308508878567,26.283300294647923,Average,3,5,5,355,Loyal Customer
3394,3395,31,Female,Sandals,Footwear,98.0,Vermont,S,Yellow,Spring,4.2,0,Store Pickup,0,0,9.0,PayPal,Annually,1.0,-0.29144989854373493,62.716473821128595,-0.29144989854373493,50.694730500949724,Good,1,1,5,115,Need Attention
3395,3396,44,Female,Dress,Clothing,43.0,Colorado,M,Silver,Winter,3.1,0,Free Shipping,0,0,15.0,Debit Card,Every 3 Months,4.0,-2.120148532400606,80.88360280229583,-2.120148532400606,66.70800803242487,Average,2,2,2,222,About to Sleep
3396,3397,29,Female,Pants,Clothing,37.0,Tennessee,XL,Black,Winter,5.0,0,Next Day Air,0,0,5.0,PayPal,Quarterly,3.0,-3.091884597925498,90.53727351172799,-3.091884597925498,75.21716258446557,Good,1,1,2,112,Hibernating
3397,3398,19,Female,Blouse,Clothing,38.0,New Jersey,L,Yellow,Summer,2.7,0,Standard,0,0,13.0,Bank Transfer,Bi-Weekly,114.0,0.40290908284898386,55.81839398410897,0.40290908284898386,44.61447054468607,Average,5,2,2,522,Potential Loyalist
3398,3399,54,Female,Jeans,Clothing,60.0,Montana,L,Pink,Winter,3.8,0,Standard,0,0,44.0,Cash,Fortnightly,28.0,1.232020209110828,47.58162468180377,1.232020209110828,37.35423295088252,Average,3,5,3,353,Loyal Customer
3399,3400,40,Female,Pants,Clothing,55.0,Montana,XL,Yellow,Winter,3.3,0,Standard,0,0,36.0,Debit Card,Annually,1.0,-0.23802409605923813,62.1857174533551,-0.23802409605923813,50.226899341300616,Average,1,4,3,143,At Risk
3400,3401,39,Female,Sunglasses,Accessories,51.0,Nevada,M,Lavender,Fall,4.8,0,Free Shipping,0,0,18.0,Venmo,Fortnightly,28.0,-0.9479063296824642,69.23801238096297,-0.9479063296824642,56.44309101510152,Good,3,2,2,322,Promising
3401,3402,44,Female,Backpack,Accessories,71.0,Nevada,L,Peach,Winter,3.4,0,Standard,0,0,39.0,Credit Card,Weekly,57.0,2.107699102360428,38.88222987436149,2.107699102360428,29.68621762761065,Average,4,4,4,444,Champion
3402,3403,22,Female,Hoodie,Clothing,61.0,Louisiana,M,Black,Spring,4.4,0,2-Day Shipping,0,0,11.0,PayPal,Every 3 Months,4.0,-1.6369961968172797,76.08374642597096,-1.6369961968172797,62.47721117151259,Good,2,2,3,223,About to Sleep
3403,3404,30,Female,Boots,Footwear,65.0,Illinois,M,Olive,Summer,3.9,0,Standard,0,0,1.0,Cash,Bi-Weekly,114.0,0.7122767924379101,52.74499360054955,0.7122767924379101,41.90544517483827,Average,5,1,3,513,Recent Customer
3404,3405,69,Female,Gloves,Accessories,34.0,South Carolina,L,Olive,Fall,3.9,0,2-Day Shipping,0,0,34.0,Credit Card,Annually,1.0,-1.2632138140020785,72.37042120454288,-1.2632138140020785,59.20412892516561,Average,1,4,1,141,Need Attention
3405,3406,28,Female,Blouse,Clothing,87.0,Washington,M,White,Summer,4.2,0,Store Pickup,0,0,47.0,Bank Transfer,Bi-Weekly,114.0,4.8256711943363655,11.880651457912329,4.8256711943363655,5.885881899344728,Good,5,5,5,555,Champion
3406,3407,57,Female,Sweater,Clothing,79.0,Nebraska,M,Red,Spring,4.0,0,Store Pickup,0,0,24.0,Venmo,Quarterly,3.0,-0.003103177574658611,59.85190555703274,-0.003103177574658611,48.169778612934024,Good,1,3,4,134,At Risk
3407,3408,46,Female,Dress,Clothing,46.0,Alabama,S,Purple,Spring,2.6,0,Store Pickup,0,0,20.0,Cash,Quarterly,3.0,-1.6734528477399881,76.44592347760322,-1.6734528477399881,62.79644937636769,Average,1,2,2,122,Hibernating
3408,3409,48,Female,Socks,Clothing,72.0,Montana,L,Purple,Summer,4.4,0,Standard,0,0,11.0,Bank Transfer,Annually,1.0,-1.2508600682516169,72.24769344158949,-1.2508600682516169,59.095951472854516,Good,1,2,4,124,Need Attention
3409,3410,24,Female,Shirt,Clothing,93.0,Minnesota,M,Teal,Summer,3.2,0,Next Day Air,0,0,3.0,Credit Card,Every 3 Months,4.0,-0.8395936437485605,68.1619845985679,-0.8395936437485605,55.4946345182642,Average,2,1,5,215,About to Sleep
3410,3411,50,Female,Sandals,Footwear,76.0,Ohio,L,Teal,Summer,4.3,0,Free Shipping,0,0,38.0,Bank Transfer,Bi-Weekly,114.0,3.7381491788879524,22.684592773732554,3.7381491788879524,15.408933720210067,Good,5,4,4,544,Champion
3411,3412,29,Female,Shoes,Footwear,56.0,New York,L,Gray,Winter,4.9,0,2-Day Shipping,0,0,45.0,Cash,Weekly,57.0,1.8896769532792397,41.048161663108715,1.8896769532792397,31.595361713250607,Good,4,5,3,453,Loyal Customer
3412,3413,61,Female,Sandals,Footwear,83.0,Indiana,M,Magenta,Fall,3.8,0,Store Pickup,0,0,31.0,Venmo,Quarterly,3.0,0.6503865332736826,53.359839754036855,0.6503865332736826,42.44739663591716,Average,1,4,4,144,At Risk
3413,3414,34,Female,Gloves,Accessories,90.0,Delaware,XL,Black,Winter,2.5,0,Express,0,0,16.0,PayPal,Bi-Weekly,114.0,2.806317015015155,31.941839865438016,2.806317015015155,23.568663692435784,Poor,5,2,5,525,Potential Loyalist
3414,3415,27,Female,Boots,Footwear,94.0,Connecticut,M,Maroon,Spring,4.9,0,Next Day Air,0,0,3.0,Bank Transfer,Quarterly,3.0,-0.8234830129586287,68.00193422060521,-0.8234830129586287,55.3535593310956,Good,1,1,5,115,Need Attention
3415,3416,38,Female,Blouse,Clothing,68.0,New York,M,Gold,Fall,3.0,0,2-Day Shipping,0,0,15.0,Bank Transfer,Annually,1.0,-1.1428549904921752,71.17472157955092,-1.1428549904921752,58.150188593750265,Average,1,2,3,123,Need Attention
3416,3417,25,Female,Sandals,Footwear,53.0,Alabama,M,Purple,Spring,3.2,0,Store Pickup,0,0,11.0,Bank Transfer,Every 3 Months,4.0,-1.9748004330131472,79.43964827646434,-1.9748004330131472,65.4352453086649,Average,2,2,3,223,About to Sleep
3417,3418,54,Female,Coat,Outerwear,35.0,Massachusetts,M,Blue,Summer,2.9,0,2-Day Shipping,0,0,22.0,Debit Card,Fortnightly,28.0,-1.346607606216824,73.19889329466449,-1.346607606216824,59.93437934172573,Average,3,3,1,331,Promising
3418,3419,53,Female,Jacket,Outerwear,30.0,South Carolina,M,Beige,Summer,2.8,0,Free Shipping,0,0,35.0,Debit Card,Annually,1.0,-1.3628891331356683,73.36064143296825,-1.3628891331356683,60.076951006821666,Average,1,4,1,141,Need Attention
3419,3420,23,Female,Jewelry,Accessories,26.0,West Virginia,L,Indigo,Winter,3.1,0,Store Pickup,0,0,5.0,Venmo,Bi-Weekly,114.0,-0.6576116631595688,66.35409233441956,-0.6576116631595688,53.90108164577535,Average,5,1,1,511,Recent Customer
3420,3421,19,Female,Hat,Accessories,60.0,Kentucky,M,Purple,Winter,3.4,0,Express,0,0,35.0,PayPal,Bi-Weekly,114.0,2.8548603096031853,31.45958856518327,2.8548603096031853,23.143586955274987,Average,5,4,3,543,Loyal Customer
3421,3422,57,Female,Shoes,Footwear,30.0,New Jersey,M,Maroon,Summer,2.9,0,Free Shipping,0,0,27.0,PayPal,Weekly,57.0,-0.45426919571552027,64.33399521999587,-0.45426919571552027,52.12048242355743,Average,4,3,1,431,Potential Loyalist
3422,3423,19,Female,Coat,Outerwear,91.0,New York,L,Beige,Winter,3.2,0,Next Day Air,0,0,9.0,Venmo,Monthly,12.0,-0.29976471913504965,62.79907705347153,-0.29976471913504965,50.76754049122808,Average,3,1,5,315,Need Attention
3423,3424,33,Female,Boots,Footwear,71.0,Massachusetts,M,Brown,Spring,3.8,0,Next Day Air,0,0,21.0,PayPal,Bi-Weekly,114.0,2.350165948871689,36.473453276253245,2.350165948871689,27.563019833571996,Average,5,3,4,534,Potential Loyalist
3424,3425,33,Female,Scarf,Accessories,64.0,Florida,L,Green,Summer,3.6,0,2-Day Shipping,0,0,23.0,Credit Card,Monthly,12.0,-0.47067883079528827,64.49701604338833,-0.47067883079528827,52.26417588723567,Average,3,3,3,333,Promising
3425,3426,38,Female,Hat,Accessories,54.0,Michigan,M,Blue,Summer,4.3,0,Next Day Air,0,0,3.0,Debit Card,Bi-Weekly,114.0,0.38624956559727996,55.983897251335335,0.38624956559727996,44.76035213958248,Good,5,1,3,513,Recent Customer
3426,3427,47,Female,Socks,Clothing,35.0,Oregon,XL,Magenta,Fall,4.8,0,2-Day Shipping,0,0,31.0,Credit Card,Annually,1.0,-1.4286686813706266,74.01412556369515,-1.4286686813706266,60.652959618781885,Good,1,4,1,141,Need Attention
3427,3428,39,Female,T-shirt,Clothing,38.0,Michigan,XL,Turquoise,Winter,2.5,0,Store Pickup,0,0,44.0,Cash,Annually,1.0,-0.4020437062607056,63.815163311083055,-0.4020437062607056,51.66316198738844,Poor,1,5,2,152,Need Attention
3428,3429,32,Female,Jewelry,Accessories,69.0,Washington,M,Gray,Fall,2.5,0,Next Day Air,0,0,20.0,Venmo,Monthly,12.0,-0.4672315800659027,64.4627694772939,-0.4672315800659027,52.23398951227579,Poor,3,2,4,324,Promising
3429,3430,27,Female,Skirt,Clothing,96.0,Alaska,S,Purple,Winter,4.6,0,Express,0,0,34.0,Debit Card,Weekly,57.0,2.817203345650795,31.833690075676213,2.817203345650795,23.473335883610204,Good,4,4,5,445,Champion
3430,3431,67,Female,Socks,Clothing,73.0,Montana,M,Lavender,Winter,4.2,0,Next Day Air,0,0,17.0,Bank Transfer,Every 3 Months,4.0,-0.7149290487374148,66.92350946930299,-0.7149290487374148,54.40299004426352,Good,2,2,4,224,About to Sleep
3431,3432,46,Female,Belt,Accessories,49.0,New Mexico,S,Green,Summer,4.2,0,Express,0,0,20.0,Venmo,Annually,1.0,-1.5990060566356412,75.70633499036616,-1.5990060566356412,62.14454473488647,Good,1,2,2,122,Hibernating
3432,3433,36,Female,Boots,Footwear,44.0,Connecticut,M,Gray,Summer,4.8,0,2-Day Shipping,0,0,46.0,PayPal,Every 3 Months,4.0,0.0681077650185381,59.144463469523444,0.0681077650185381,47.54620917075767,Good,2,5,2,252,Need Attention
3433,3434,62,Female,Socks,Clothing,93.0,Alaska,M,Yellow,Spring,4.5,0,Free Shipping,0,0,28.0,PayPal,Annually,1.0,0.8127316341563818,51.74702923808202,0.8127316341563818,41.025797085187975,Good,1,3,5,135,At Risk
3434,3435,31,Female,Pants,Clothing,72.0,Ohio,S,Orange,Summer,3.3,0,2-Day Shipping,0,0,6.0,Venmo,Fortnightly,28.0,-0.8918917972404387,68.68153838527358,-0.8918917972404387,55.952591248117955,Average,3,1,4,314,Need Attention
3435,3436,68,Female,Socks,Clothing,91.0,Montana,M,Beige,Summer,2.7,0,2-Day Shipping,0,0,50.0,Debit Card,Bi-Weekly,114.0,5.202253709327331,8.139508442201697,5.202253709327331,2.588279870008269,Average,5,5,5,555,Champion
3436,3437,57,Female,Belt,Accessories,83.0,Nebraska,L,Peach,Winter,2.8,0,2-Day Shipping,0,0,41.0,Bank Transfer,Monthly,12.0,1.5776886115280877,44.14759660568289,1.5776886115280877,34.32733504693711,Average,3,5,4,354,Loyal Customer
3437,3438,22,Female,Jacket,Outerwear,62.0,Oklahoma,S,Green,Winter,3.5,0,2-Day Shipping,0,0,50.0,PayPal,Annually,1.0,1.026729796112961,49.62107357867501,1.026729796112961,39.15188965441091,Average,1,5,3,153,At Risk
3438,3439,26,Female,Shirt,Clothing,71.0,Kentucky,M,Violet,Fall,3.0,0,Store Pickup,0,0,33.0,Credit Card,Monthly,12.0,0.5171678655195349,54.68329495599349,0.5171678655195349,43.613946148026386,Average,3,4,4,344,Loyal Customer
3439,3440,43,Female,Gloves,Accessories,93.0,Idaho,M,Gray,Summer,4.5,0,Express,0,0,25.0,Venmo,Quarterly,3.0,0.6572810347324535,53.291346621848,0.6572810347324535,42.387023885997394,Good,1,3,5,135,At Risk
3440,3441,45,Female,Handbag,Accessories,63.0,Maryland,L,Magenta,Fall,4.3,0,2-Day Shipping,0,0,2.0,PayPal,Weekly,57.0,-0.7914966955161638,67.68416750724346,-0.7914966955161638,55.07346628080674,Good,4,1,3,413,Recent Customer
3441,3442,64,Female,Sweater,Clothing,96.0,Tennessee,XL,Charcoal,Fall,4.1,0,Standard,0,0,15.0,Credit Card,Annually,1.0,0.039459836193361464,59.42906510282406,0.039459836193361464,47.79706911371719,Good,1,2,5,125,Need Attention
3442,3443,28,Female,Skirt,Clothing,78.0,Michigan,M,Violet,Spring,4.3,0,Next Day Air,0,0,12.0,PayPal,Weekly,57.0,0.5341542369945269,54.51454456935523,0.5341542369945269,43.465202404445144,Good,4,2,4,424,Potential Loyalist
3443,3444,47,Female,Dress,Clothing,24.0,Tennessee,L,Silver,Summer,5.0,0,Free Shipping,0,0,28.0,Cash,Bi-Weekly,114.0,0.8501536539713741,51.375261770152704,0.8501536539713741,40.69810548090108,Good,5,3,1,531,Potential Loyalist
3444,3445,53,Female,Pants,Clothing,63.0,Rhode Island,S,Green,Summer,3.8,0,2-Day Shipping,0,0,12.0,Bank Transfer,Bi-Weekly,114.0,1.3893205219967262,46.01893139813845,1.3893205219967262,35.976808853005224,Average,5,2,3,523,Potential Loyalist
3445,3446,42,Female,Hat,Accessories,58.0,Florida,M,Magenta,Fall,4.9,0,Standard,0,0,3.0,Debit Card,Annually,1.0,-2.3958318733091364,83.62236725452343,-2.3958318733091364,69.12207110823186,Good,1,1,3,113,Lost
3446,3447,51,Female,Boots,Footwear,55.0,Louisiana,S,Purple,Spring,5.0,0,2-Day Shipping,0,0,20.0,Cash,Weekly,57.0,0.11678144964615877,58.66091681495321,0.11678144964615877,47.119990653397196,Good,4,2,3,423,Potential Loyalist
3447,3448,62,Female,Sandals,Footwear,58.0,Arkansas,M,Blue,Fall,4.3,0,Express,0,0,3.0,Bank Transfer,Bi-Weekly,114.0,0.5551516836952137,54.30594632608864,0.5551516836952137,43.28133507100633,Good,5,1,3,513,Recent Customer
3448,3449,18,Female,Coat,Outerwear,28.0,Kentucky,S,Yellow,Winter,4.1,0,Express,0,0,32.0,Bank Transfer,Fortnightly,28.0,-0.9499183232447691,69.25800044563307,-0.9499183232447691,56.460709342532965,Good,3,4,1,341,Loyal Customer
3449,3450,48,Female,Blouse,Clothing,37.0,Kansas,M,Brown,Spring,4.5,0,Standard,0,0,35.0,Cash,Monthly,12.0,-0.7800465403842146,67.57041642694776,-0.7800465403842146,54.973201257083474,Good,3,4,2,342,Loyal Customer
3450,3451,20,Female,Shorts,Clothing,78.0,Vermont,M,Pink,Spring,3.6,0,Store Pickup,0,0,31.0,PayPal,Monthly,12.0,0.6742929742622312,53.1223422304544,0.6742929742622312,42.238056251858325,Average,3,4,4,344,Loyal Customer
3451,3452,32,Female,Blouse,Clothing,73.0,Nevada,XL,Silver,Fall,3.0,0,Free Shipping,0,0,13.0,Credit Card,Annually,1.0,-1.0701809407984455,70.45274431663518,-1.0701809407984455,57.513807231870274,Average,1,2,4,124,Need Attention
3452,3453,26,Female,Jacket,Outerwear,20.0,Oklahoma,M,Indigo,Spring,3.7,0,Next Day Air,0,0,3.0,Venmo,Fortnightly,28.0,-3.2952997294066098,92.55809250394455,-3.2952997294066098,76.99839810036823,Average,3,1,1,311,Lost
3453,3454,31,Female,Shirt,Clothing,60.0,Alabama,L,Pink,Winter,4.3,0,Standard,0,0,48.0,Venmo,Bi-Weekly,114.0,3.754808696139656,22.519089506506205,3.754808696139656,15.263052125313658,Good,5,5,3,553,Loyal Customer
3454,3455,55,Female,Handbag,Accessories,71.0,Louisiana,S,Lavender,Fall,4.6,0,Store Pickup,0,0,15.0,PayPal,Bi-Weekly,114.0,1.9348051550856256,40.59983745718112,1.9348051550856256,31.200189755092612,Good,5,2,4,524,Potential Loyalist
3455,3456,49,Female,T-shirt,Clothing,89.0,Ohio,M,Orange,Fall,4.7,0,Standard,0,0,13.0,Venmo,Annually,1.0,-0.39457246840671045,63.7409406156484,-0.39457246840671045,51.59773895756567,Good,1,2,5,125,Need Attention
3456,3457,42,Female,Hoodie,Clothing,53.0,Texas,M,Red,Fall,4.6,0,Express,0,0,21.0,Venmo,Monthly,12.0,-1.073613253493294,70.48684248145936,-1.073613253493294,57.543862799660296,Good,3,3,3,333,Promising
3457,3458,64,Female,Jewelry,Accessories,87.0,Maryland,M,Gray,Summer,3.0,0,Express,0,0,29.0,Cash,Fortnightly,28.0,1.3337075218067227,46.57141638870827,1.3337075218067227,36.46379254179503,Average,3,3,5,335,Promising
3458,3459,68,Female,Jewelry,Accessories,37.0,West Virginia,L,Violet,Spring,3.4,0,Standard,0,0,24.0,Venmo,Quarterly,3.0,-1.7765754176029636,77.47039027212304,-1.7765754176029636,63.69945783298362,Average,1,3,2,132,Need Attention
3459,3460,68,Female,Hoodie,Clothing,37.0,Ohio,L,Green,Fall,3.8,0,Express,0,0,21.0,PayPal,Annually,1.0,-2.0364856119650985,80.05245706928493,-2.0364856119650985,65.97540095369482,Average,1,3,2,132,Need Attention
3460,3461,41,Female,Scarf,Accessories,78.0,Indiana,M,Gold,Spring,3.1,0,Express,0,0,5.0,Bank Transfer,Bi-Weekly,114.0,1.5381158721135706,44.54073030621253,1.5381158721135706,34.67385975428536,Average,5,1,4,514,Recent Customer
3461,3462,51,Female,Shoes,Footwear,23.0,Wyoming,S,Maroon,Spring,4.4,0,Standard,0,0,47.0,Cash,Quarterly,3.0,-0.7755164547658221,67.52541248359626,-0.7755164547658221,54.93353287383781,Good,1,5,1,151,Need Attention
3462,3463,44,Female,Jeans,Clothing,73.0,Michigan,L,Olive,Spring,4.5,0,Standard,0,0,34.0,Credit Card,Every 3 Months,4.0,0.46192653365643155,55.23208762334066,0.46192653365643155,44.09767526662179,Good,2,4,4,244,At Risk
3463,3464,27,Female,Jewelry,Accessories,27.0,Maine,M,Yellow,Fall,2.8,0,2-Day Shipping,0,0,45.0,PayPal,Fortnightly,28.0,-0.09219546623278185,60.73698911826767,-0.09219546623278185,48.94992877971568,Average,3,5,1,351,Loyal Customer
3464,3465,36,Female,Coat,Outerwear,59.0,Utah,S,Peach,Winter,2.7,0,Next Day Air,0,0,12.0,PayPal,Annually,1.0,-1.730565153105558,77.01330325181993,-1.730565153105558,63.296561958806905,Average,1,2,3,123,Need Attention
3465,3466,19,Female,Backpack,Accessories,53.0,Iowa,M,Gold,Spring,3.4,0,Standard,0,0,31.0,Debit Card,Weekly,57.0,0.7938251792049748,51.934854612542125,0.7938251792049748,41.191354331564156,Average,4,4,3,443,Loyal Customer
3466,3467,49,Female,Socks,Clothing,42.0,Maryland,S,Purple,Summer,4.6,0,Standard,0,0,43.0,Bank Transfer,Annually,1.0,-0.30236838712711567,62.82494308265767,-0.30236838712711567,50.79033990573238,Good,1,5,2,152,Need Attention
3467,3468,18,Female,Scarf,Accessories,45.0,Texas,M,Charcoal,Fall,5.0,0,Next Day Air,0,0,5.0,Credit Card,Annually,1.0,-2.8063101591987336,87.70024636793255,-2.8063101591987336,72.71648660726416,Good,1,1,2,112,Hibernating
3468,3469,36,Female,Sunglasses,Accessories,89.0,Ohio,S,Indigo,Winter,3.5,0,Standard,0,0,36.0,Debit Card,Quarterly,3.0,1.2498737052423028,47.404259882060245,1.2498737052423028,37.19789609845242,Average,1,4,5,145,At Risk
3469,3470,36,Female,Socks,Clothing,85.0,North Dakota,L,Magenta,Fall,3.3,0,Store Pickup,0,0,12.0,Cash,Annually,1.0,-0.6327013854689881,66.10662223771642,-0.6327013854689881,53.68295101306192,Average,1,2,5,125,Need Attention
3470,3471,19,Female,Coat,Outerwear,69.0,West Virginia,S,Olive,Summer,4.5,0,Free Shipping,0,0,31.0,Cash,Bi-Weekly,114.0,2.9579828794661607,30.435121770663464,2.9579828794661607,22.24057849865905,Good,5,4,4,544,Champion
3471,3472,43,Female,Sandals,Footwear,66.0,North Carolina,S,Blue,Spring,3.1,0,Store Pickup,0,0,31.0,Cash,Bi-Weekly,114.0,2.8313062908927105,31.693584964598482,2.8313062908927105,23.349841300091164,Average,5,4,3,543,Loyal Customer
3472,3473,31,Female,Blouse,Clothing,42.0,Georgia,S,White,Summer,4.0,0,Free Shipping,0,0,15.0,Debit Card,Weekly,57.0,-0.7782844289938458,67.55291080611154,-0.7782844289938458,54.95777106087021,Good,4,2,2,422,Potential Loyalist
3473,3474,63,Female,Dress,Clothing,40.0,Kansas,M,Cyan,Spring,2.5,0,Express,0,0,11.0,Cash,Weekly,57.0,-1.139642683900188,71.14280905602014,-1.139642683900188,58.12205954283869,Poor,4,2,2,422,Potential Loyalist
3474,3475,41,Female,Pants,Clothing,82.0,Maine,M,Cyan,Winter,4.4,0,Store Pickup,0,0,18.0,Venmo,Monthly,12.0,-0.05675329417630559,60.38489036388478,-0.05675329417630559,48.6395740132435,Good,3,2,4,324,Promising
3475,3476,48,Female,Sneakers,Footwear,88.0,South Carolina,M,Orange,Spring,4.4,0,Express,0,0,9.0,Cash,Quarterly,3.0,-0.6614753963194658,66.39247642754736,-0.6614753963194658,53.93491501243921,Good,1,1,5,115,Need Attention
3476,3477,68,Female,Boots,Footwear,99.0,South Carolina,XL,Orange,Summer,3.2,0,Free Shipping,0,0,11.0,Cash,Weekly,57.0,1.3516635580443355,46.3930329086314,1.3516635580443355,36.306557781340445,Average,4,2,5,425,Potential Loyalist
3477,3478,53,Female,Handbag,Accessories,85.0,Kentucky,S,Teal,Spring,3.8,0,Store Pickup,0,0,38.0,Debit Card,Bi-Weekly,114.0,4.118178944608303,18.9092031919275,4.118178944608303,12.081145315913728,Average,5,4,5,545,Champion
3478,3479,36,Female,Handbag,Accessories,57.0,Arizona,M,Magenta,Fall,4.6,0,Store Pickup,0,0,42.0,PayPal,Quarterly,3.0,0.31401755424489564,56.70148310310592,0.31401755424489564,45.39286272554102,Good,1,5,3,153,At Risk
3479,3480,46,Female,Sweater,Clothing,56.0,New York,S,Orange,Summer,4.9,0,Standard,0,0,41.0,Cash,Monthly,12.0,0.43759931436703425,55.47376535109808,0.43759931436703425,44.31070025982614,Good,3,5,3,353,Loyal Customer
3480,3481,21,Female,Sandals,Footwear,79.0,New Hampshire,L,Peach,Winter,3.5,0,Free Shipping,0,0,45.0,PayPal,Monthly,12.0,1.6856936892875292,43.07462474364435,1.6856936892875292,33.38157216783286,Average,3,5,4,354,Loyal Customer
3481,3482,52,Female,Socks,Clothing,67.0,Ohio,S,Maroon,Summer,3.4,0,Store Pickup,0,0,41.0,Debit Card,Bi-Weekly,114.0,3.565799810060633,24.39679026507368,3.565799810060633,16.918137163746106,Average,5,5,3,553,Loyal Customer
3482,3483,66,Female,Gloves,Accessories,61.0,Hawaii,M,Gold,Winter,3.9,0,Next Day Air,0,0,35.0,Debit Card,Weekly,57.0,1.408536611258218,45.82802997476348,1.408536611258218,35.80854024673143,Average,4,4,3,443,Loyal Customer
3483,3484,19,Female,Hoodie,Clothing,37.0,Texas,L,White,Winter,3.9,0,Express,0,0,21.0,Credit Card,Every 3 Months,4.0,-1.9581409157614433,79.27414500923798,-1.9581409157614433,65.2893637137685,Average,2,3,2,232,Need Attention
3484,3485,44,Female,Dress,Clothing,75.0,Illinois,L,Gray,Fall,4.2,0,Free Shipping,0,0,13.0,Credit Card,Bi-Weekly,114.0,1.9652536752548715,40.29734792557706,1.9652536752548715,30.93356266035666,Good,5,2,4,524,Potential Loyalist
3485,3486,50,Female,Shirt,Clothing,21.0,Massachusetts,XL,Brown,Winter,3.4,0,Standard,0,0,23.0,Debit Card,Fortnightly,28.0,-1.8685382205952483,78.3839908362066,-1.8685382205952483,64.50474409482216,Average,3,3,1,331,Promising
3486,3487,51,Female,Shorts,Clothing,89.0,North Carolina,L,Charcoal,Winter,4.9,0,Standard,0,0,6.0,PayPal,Weekly,57.0,0.5832742679777814,54.0265637058547,0.5832742679777814,43.03507538738133,Good,4,1,5,415,Recent Customer
3487,3488,25,Female,Sandals,Footwear,24.0,West Virginia,L,Beige,Fall,2.9,0,Store Pickup,0,0,39.0,Bank Transfer,Annually,1.0,-1.3393351144251935,73.12664503355305,-1.3393351144251935,59.870696662005486,Average,1,4,1,141,Need Attention
3488,3489,62,Female,Sweater,Clothing,27.0,Delaware,XL,Teal,Spring,4.9,0,Store Pickup,0,0,7.0,Cash,Quarterly,3.0,-3.3756862952416444,93.35668943120208,-3.3756862952416444,77.70231528206575,Good,1,1,1,111,Hibernating
3489,3490,48,Female,Dress,Clothing,26.0,Idaho,L,Black,Summer,4.6,0,2-Day Shipping,0,0,32.0,PayPal,Every 3 Months,4.0,-1.6611269519229785,76.32347238863194,-1.6611269519229785,62.68851579623179,Good,2,4,1,241,Need Attention
3490,3491,62,Female,Boots,Footwear,82.0,Oregon,M,Violet,Spring,3.6,0,Store Pickup,0,0,43.0,Credit Card,Quarterly,3.0,1.4388825913213257,45.526559123492774,1.4388825913213257,35.54281106001997,Average,1,5,4,154,At Risk
3491,3492,22,Female,Pants,Clothing,28.0,Maine,M,Orange,Winter,4.3,0,Express,0,0,15.0,Cash,Monthly,12.0,-2.5446122853914437,85.10041994517908,-2.5446122853914437,70.42488939978188,Good,3,2,1,321,Promising
3492,3493,48,Female,Gloves,Accessories,65.0,South Dakota,M,Turquoise,Fall,4.6,0,Standard,0,0,48.0,Bank Transfer,Annually,1.0,1.014952786757723,49.73807177838261,1.014952786757723,39.255016826819,Good,1,5,3,153,At Risk
3493,3494,48,Female,Pants,Clothing,82.0,New Mexico,XL,Black,Winter,4.7,0,Store Pickup,0,0,35.0,Credit Card,Weekly,57.0,2.2952727312723704,37.01878761721834,2.2952727312723704,28.043700636706635,Good,4,4,4,444,Champion
3494,3495,62,Female,Scarf,Accessories,38.0,Washington,M,Silver,Winter,3.5,0,Free Shipping,0,0,41.0,PayPal,Quarterly,3.0,-0.5574943056846338,65.35948069484904,-0.5574943056846338,53.024388788197854,Average,1,5,2,152,Need Attention
3495,3496,24,Female,Shorts,Clothing,33.0,Georgia,XL,Gray,Spring,2.8,0,Free Shipping,0,0,14.0,Cash,Weekly,57.0,-1.2275409936785404,72.0160310847379,-1.2275409936785404,58.89175445208665,Average,4,2,1,421,Potential Loyalist
3496,3497,39,Female,Shoes,Footwear,38.0,Idaho,M,Pink,Summer,4.0,0,Free Shipping,0,0,22.0,PayPal,Monthly,12.0,-1.6377693973962018,76.09142775431316,-1.6377693973962018,62.48398181990077,Good,3,3,2,332,Promising
3497,3498,35,Female,Handbag,Accessories,48.0,Colorado,M,Red,Spring,4.3,0,Store Pickup,0,0,16.0,Venmo,Every 3 Months,4.0,-1.839794085813845,78.09843344891615,-1.839794085813845,64.25304170978458,Good,2,2,2,222,About to Sleep
3498,3499,47,Female,Sandals,Footwear,35.0,Kentucky,M,Lavender,Summer,3.8,0,Standard,0,0,2.0,Bank Transfer,Bi-Weekly,114.0,-0.4852622943322493,64.64189484307843,-0.4852622943322493,52.39187820223932,Average,5,1,1,511,Recent Customer
3499,3500,22,Female,Socks,Clothing,29.000000000000004,New Jersey,L,Indigo,Fall,3.0,0,Next Day Air,0,0,13.0,PayPal,Every 3 Months,4.0,-2.849759543672062,88.13189243430188,-2.849759543672062,73.0969577462816,Average,2,2,1,221,About to Sleep
3500,3501,38,Female,Shirt,Clothing,48.0,Oregon,S,Silver,Fall,4.6,0,Next Day Air,0,0,38.0,Debit Card,Fortnightly,28.0,0.3099530610309634,56.741861638471725,0.3099530610309634,45.428454078131594,Good,3,4,2,342,Loyal Customer
3501,3502,53,Female,Shoes,Footwear,87.0,Nebraska,M,Silver,Fall,4.8,0,Standard,0,0,43.0,Bank Transfer,Weekly,57.0,3.060214770609539,29.419503386089463,3.060214770609539,21.34536940562563,Good,4,5,5,455,Champion
3502,3503,31,Female,Backpack,Accessories,62.0,Massachusetts,M,Green,Fall,4.7,0,Next Day Air,0,0,26.0,Bank Transfer,Quarterly,3.0,-0.5824835815621894,65.60773559568857,-0.5824835815621894,53.243211180542474,Good,1,3,3,133,At Risk
3503,3504,31,Female,Shirt,Clothing,96.0,Nebraska,M,Pink,Spring,3.9,0,Free Shipping,0,0,39.0,Cash,Weekly,57.0,3.1633373404725145,28.39503659156965,3.1633373404725145,20.442360949009693,Average,4,4,5,445,Champion
3504,3505,65,Female,Handbag,Accessories,41.0,Hawaii,S,Violet,Fall,4.0,0,Next Day Air,0,0,50.0,Venmo,Monthly,12.0,0.42725756217887767,55.57650504938137,0.42725756217887767,44.401259384705796,Good,3,5,2,352,Loyal Customer
3505,3506,48,Female,Jewelry,Accessories,42.0,Indiana,L,Red,Winter,3.7,0,2-Day Shipping,0,0,40.0,Bank Transfer,Every 3 Months,4.0,-0.43170408781649205,64.10982311307467,-0.43170408781649205,51.92288762656635,Average,2,4,2,242,Need Attention
3506,3507,18,Female,Shirt,Clothing,57.0,Illinois,L,Olive,Winter,3.7,0,2-Day Shipping,0,0,12.0,Cash,Fortnightly,28.0,-1.109913946321627,70.8474701740208,-1.109913946321627,57.86173533375791,Average,3,2,3,323,Promising
3507,3508,46,Female,Handbag,Accessories,65.0,Colorado,S,Purple,Spring,4.2,0,Store Pickup,0,0,33.0,Credit Card,Every 3 Months,4.0,0.054895498496219886,59.275720170655376,0.054895498496219886,47.6619043906942,Good,2,4,3,243,At Risk
3508,3509,52,Female,Pants,Clothing,54.0,Pennsylvania,M,Gray,Fall,4.7,0,Standard,0,0,49.0,Bank Transfer,Weekly,57.0,2.0821330900876482,39.13621433844681,2.0821330900876482,29.910090299858272,Good,4,5,3,453,Loyal Customer
3509,3510,50,Female,T-shirt,Clothing,22.0,Ohio,L,Brown,Winter,4.3,0,Next Day Air,0,0,43.0,Venmo,Bi-Weekly,114.0,1.8041045793875656,41.898276780456364,1.8041045793875656,32.34468921138761,Good,5,5,1,551,Loyal Customer
3510,3511,49,Female,Sneakers,Footwear,96.0,Pennsylvania,S,Orange,Fall,4.9,0,2-Day Shipping,0,0,14.0,Venmo,Monthly,12.0,0.25749692330908713,57.2629849128066,0.25749692330908713,45.88779422090737,Good,3,2,5,325,Promising
3511,3512,69,Female,Jewelry,Accessories,81.0,Mississippi,M,Blue,Summer,3.9,0,2-Day Shipping,0,0,21.0,Credit Card,Every 3 Months,4.0,-0.1002176166841715,60.816684831524356,-0.1002176166841715,49.02017595943081,Average,2,3,4,234,At Risk
3512,3513,36,Female,Shirt,Clothing,46.0,Kentucky,M,White,Fall,3.4,0,Free Shipping,0,0,31.0,Debit Card,Quarterly,3.0,-0.9119580591322051,68.88088581256878,-0.9119580591322051,56.12830452024657,Average,1,4,2,142,Need Attention
3513,3514,30,Female,Blouse,Clothing,74.0,Alaska,XL,Charcoal,Spring,4.2,0,Store Pickup,0,0,29.0,Credit Card,Fortnightly,28.0,0.784775637988438,52.024756895760035,0.784775637988438,41.27059801466753,Good,3,3,4,334,Promising
3514,3515,25,Female,Sneakers,Footwear,50.0,Georgia,XL,Gray,Winter,4.7,0,Express,0,0,32.0,Cash,Monthly,12.0,-0.43879505345896147,64.18026801035994,-0.43879505345896147,51.98498074497129,Good,3,4,2,342,Loyal Customer
3515,3516,19,Female,Dress,Clothing,80.0,South Dakota,XL,Charcoal,Winter,4.0,0,Next Day Air,0,0,16.0,Debit Card,Bi-Weekly,114.0,2.3840617197703207,36.13671717855475,2.3840617197703207,27.26620636387616,Good,5,2,4,524,Potential Loyalist
3516,3517,34,Female,Boots,Footwear,56.0,South Carolina,S,White,Summer,4.0,0,Free Shipping,0,0,38.0,PayPal,Bi-Weekly,114.0,2.893638588398283,31.07434739996603,2.893638588398283,22.804019063090834,Good,5,4,3,543,Loyal Customer
3517,3518,29,Female,Skirt,Clothing,69.0,Tennessee,M,Orange,Winter,3.1,0,Next Day Air,0,0,34.0,Debit Card,Every 3 Months,4.0,0.29302441555849756,56.91003854858736,0.29302441555849756,45.57669233519794,Average,2,4,4,244,At Risk
3518,3519,50,Female,Shirt,Clothing,97.0,Colorado,M,Black,Spring,4.2,0,Standard,0,0,30.0,PayPal,Quarterly,3.0,1.172317147652107,48.174742212494735,1.172317147652107,37.87703188282073,Good,1,3,5,135,At Risk
3519,3520,31,Female,Shorts,Clothing,66.0,Wisconsin,M,White,Winter,3.7,0,Next Day Air,0,0,14.0,Bank Transfer,Fortnightly,28.0,-0.591430582672588,65.69661919857312,-0.591430582672588,53.32155695562136,Average,3,2,3,323,Promising
3520,3521,41,Female,Hat,Accessories,70.0,Georgia,S,Brown,Spring,3.1,0,Express,0,0,33.0,Bank Transfer,Monthly,12.0,0.4749423359950513,55.10278268730515,0.4749423359950513,43.98370041517043,Average,3,4,4,344,Loyal Customer
3521,3522,52,Female,Shoes,Footwear,50.0,Maryland,M,Pink,Winter,3.7,0,Store Pickup,0,0,35.0,Venmo,Weekly,57.0,0.9440557864889,50.442395019191885,0.9440557864889,39.87583718531585,Average,4,4,2,442,Loyal Customer
3522,3523,27,Female,Pants,Clothing,85.0,New Jersey,M,Yellow,Spring,3.2,0,Store Pickup,0,0,13.0,Cash,Quarterly,3.0,-0.5112447890355407,64.90001683419713,-0.5112447890355407,52.61939786619092,Average,1,2,5,125,Need Attention
3523,3524,49,Female,Backpack,Accessories,59.0,Nevada,M,Cyan,Summer,2.8,0,Standard,0,0,30.0,Cash,Fortnightly,28.0,0.2206194940855301,57.62934216861383,0.2206194940855301,46.210717034907994,Average,3,3,3,333,Promising
3524,3525,69,Female,Pants,Clothing,74.0,Michigan,L,Silver,Summer,2.9,0,Free Shipping,0,0,30.0,Credit Card,Monthly,12.0,0.43616405719995355,55.4880238525224,0.43616405719995355,44.323268307354574,Average,3,3,4,334,Promising
3525,3526,45,Female,Sunglasses,Accessories,38.0,Wyoming,L,Olive,Winter,3.5,0,Standard,0,0,47.0,Bank Transfer,Annually,1.0,-0.19436330936767376,61.751971220619104,-0.19436330936767376,49.84457702662814,Average,1,5,2,152,Need Attention
3526,3527,20,Female,Sweater,Clothing,99.0,Massachusetts,M,Olive,Spring,3.8,0,Express,0,0,1.0,PayPal,Every 3 Months,4.0,-0.7246940645303475,67.02051960434049,-0.7246940645303475,54.48849888924017,Average,2,1,5,215,About to Sleep
3527,3528,25,Female,Blouse,Clothing,97.0,Washington,S,Charcoal,Spring,4.7,0,Free Shipping,0,0,1.0,Cash,Weekly,57.0,0.5749445093519296,54.10931533946788,0.5749445093519296,43.10801618482954,Good,4,1,5,415,Recent Customer
3528,3529,38,Female,Scarf,Accessories,67.0,Maine,L,Gray,Summer,4.5,0,Free Shipping,0,0,33.0,PayPal,Annually,1.0,0.06100186134153163,59.215056768078966,0.06100186134153163,47.60843309633246,Good,1,4,3,143,At Risk
3529,3530,55,Female,T-shirt,Clothing,20.0,Montana,S,Maroon,Winter,3.9,0,Next Day Air,0,0,43.0,Bank Transfer,Weekly,57.0,0.23110429246914777,57.52518138397159,0.23110429246914777,46.11890530427618,Average,4,5,1,451,Loyal Customer
3530,3531,62,Female,Sunglasses,Accessories,45.0,Oklahoma,L,Black,Spring,3.4,0,Express,0,0,37.0,PayPal,Weekly,57.0,0.8713817367951705,51.16437228210763,0.8713817367951705,40.51221854719584,Average,4,4,2,442,Loyal Customer
3531,3532,54,Female,Shoes,Footwear,52.0,North Dakota,XL,Violet,Winter,4.6,0,2-Day Shipping,0,0,23.0,Cash,Quarterly,3.0,-1.2124192737000556,71.86580499926924,-1.2124192737000556,58.75933881274315,Good,1,3,3,133,At Risk
3532,3533,61,Female,Pants,Clothing,68.0,Connecticut,L,Indigo,Fall,4.6,0,Standard,0,0,12.0,Credit Card,Annually,1.0,-1.3505353873852068,73.23791367001486,-1.3505353873852068,59.96877355451057,Good,1,2,3,123,Need Attention
3533,3534,50,Female,Sneakers,Footwear,98.0,Texas,L,Yellow,Fall,4.7,0,Standard,0,0,30.0,Venmo,Fortnightly,28.0,1.8674151455403845,41.26932064745856,1.8674151455403845,31.790300616290512,Good,3,3,5,335,Promising
3534,3535,65,Female,Shoes,Footwear,83.0,Delaware,M,Gray,Fall,3.2,0,Express,0,0,7.0,Cash,Weekly,57.0,0.39914788979522475,55.85575939690342,0.39914788979522475,44.64740600332546,Average,4,1,4,414,Recent Customer
3535,3536,68,Female,Shorts,Clothing,51.0,Mississippi,M,Red,Summer,5.0,0,Express,0,0,20.0,Debit Card,Monthly,12.0,-1.2272911115066047,72.01354864090402,-1.2272911115066047,58.88956632086848,Good,3,2,2,322,Promising
3536,3537,55,Female,Handbag,Accessories,21.0,Minnesota,L,Peach,Spring,4.5,0,Express,0,0,10.0,Venmo,Monthly,12.0,-3.1863249868845474,91.47548754846736,-3.1863249868845474,76.04414420439063,Good,3,1,1,311,Lost
3537,3538,57,Female,Handbag,Accessories,92.0,Georgia,M,Gray,Spring,3.5,0,Standard,0,0,40.0,Credit Card,Every 3 Months,4.0,1.6795723884076805,43.13543654749099,1.6795723884076805,33.435174269364445,Average,2,4,5,245,At Risk
3538,3539,56,Female,Shoes,Footwear,63.0,Iowa,S,White,Spring,4.5,0,Store Pickup,0,0,21.0,Venmo,Monthly,12.0,-0.6513579582484594,66.29196516834263,-0.6513579582484594,53.846320128219915,Good,3,3,3,333,Promising
3539,3540,29,Female,Jewelry,Accessories,56.0,New York,S,Green,Spring,3.2,0,Express,0,0,17.0,Credit Card,Bi-Weekly,114.0,1.4398758101470615,45.5166920332136,1.4398758101470615,35.53411378841298,Average,5,2,3,523,Potential Loyalist
3540,3541,24,Female,Shorts,Clothing,95.0,Nevada,M,Magenta,Spring,4.6,0,Free Shipping,0,0,5.0,Bank Transfer,Weekly,57.0,0.7674006461603382,52.19736801480598,0.7674006461603382,41.42274477143721,Good,4,1,5,415,Recent Customer
3541,3542,59,Female,Blouse,Clothing,66.0,Virginia,M,Olive,Winter,4.0,0,Next Day Air,0,0,22.0,PayPal,Annually,1.0,-0.7427184567907347,67.19958216442508,-0.7427184567907347,54.646332219597625,Good,1,3,3,133,At Risk
3542,3543,62,Female,Coat,Outerwear,28.0,Idaho,S,Olive,Spring,4.2,0,Express,0,0,5.0,Venmo,Weekly,57.0,-2.0617098319800524,80.3030460126881,-2.0617098319800524,66.19628067008776,Good,4,1,1,411,Recent Customer
3543,3544,58,Female,Hat,Accessories,83.0,Colorado,M,Blue,Winter,4.1,0,Standard,0,0,18.0,PayPal,Every 3 Months,4.0,-0.22344695452823637,62.04090145936494,-0.22344695452823637,50.099252385903036,Good,2,2,4,224,About to Sleep
3544,3545,64,Female,Socks,Clothing,55.0,Wisconsin,XL,Charcoal,Fall,3.6,0,2-Day Shipping,0,0,42.0,Cash,Every 3 Months,4.0,0.2556813939304804,57.28102121238029,0.2556813939304804,45.90369217985366,Average,2,5,3,253,At Risk
3545,3546,48,Female,Sandals,Footwear,28.0,Connecticut,M,Yellow,Spring,3.7,0,2-Day Shipping,0,0,22.0,Debit Card,Annually,1.0,-2.347288578721106,83.14011595426868,-2.347288578721106,68.69699437107106,Average,1,3,1,131,Lost
3546,3547,60,Female,Scarf,Accessories,79.0,Kansas,M,Violet,Summer,3.6,0,Free Shipping,0,0,37.0,Bank Transfer,Bi-Weekly,114.0,3.7955989684970586,22.113860276618848,3.7955989684970586,14.905865905698057,Average,5,4,4,544,Champion
3547,3548,52,Female,Scarf,Accessories,31.000000000000004,Pennsylvania,L,Magenta,Summer,3.8,0,Standard,0,0,23.0,Credit Card,Annually,1.0,-2.1513851911833113,81.19392206351233,-2.1513851911833113,66.98153658271885,Average,1,3,1,131,Lost
3548,3549,63,Female,Blouse,Clothing,37.0,Utah,M,Red,Fall,3.0,0,Standard,0,0,47.0,Debit Card,Fortnightly,28.0,0.4685134269407406,55.16665041150832,0.4685134269407406,44.0399961344351,Average,3,5,2,352,Loyal Customer
3549,3550,44,Female,T-shirt,Clothing,34.0,Oregon,M,Cyan,Summer,3.4,0,2-Day Shipping,0,0,11.0,Bank Transfer,Fortnightly,28.0,-2.1503279243490905,81.18341869101062,-2.1503279243490905,66.9722784649909,Average,3,2,1,321,Promising
3550,3551,63,Female,Shoes,Footwear,74.0,West Virginia,S,Orange,Winter,4.8,0,Standard,0,0,32.0,Cash,Weekly,57.0,1.749788098183471,42.43788155817567,1.749788098183471,32.820319734619254,Good,4,4,4,444,Champion
3551,3552,66,Female,Gloves,Accessories,31.000000000000004,Montana,L,Black,Spring,2.6,0,Store Pickup,0,0,20.0,Venmo,Weekly,57.0,-0.896631258941444,68.72862236643338,-0.896631258941444,55.99409306485411,Average,4,2,1,421,Potential Loyalist
3552,3553,22,Female,Sunglasses,Accessories,66.0,Kentucky,M,Blue,Winter,2.9,0,Next Day Air,0,0,3.0,PayPal,Quarterly,3.0,-2.005797839644165,79.74759069733207,-2.005797839644165,65.70667881112867,Average,1,1,3,113,Lost
3553,3554,62,Female,Shoes,Footwear,99.0,Minnesota,M,Charcoal,Spring,4.9,0,Free Shipping,0,0,32.0,Bank Transfer,Weekly,57.0,2.8054263362955574,31.950688275383825,2.8054263362955574,23.576463056018294,Good,4,4,5,445,Champion
3554,3555,39,Female,Dress,Clothing,55.0,Louisiana,M,Indigo,Spring,5.0,0,Free Shipping,0,0,5.0,Credit Card,Fortnightly,28.0,-1.678952598121001,76.50056051439334,-1.678952598121001,62.8446087764867,Good,3,1,3,313,Need Attention
3555,3556,25,Female,Blouse,Clothing,23.0,Delaware,L,Silver,Spring,4.6,0,Next Day Air,0,0,45.0,Cash,Quarterly,3.0,-0.9139700526945099,68.90087387723888,-0.9139700526945099,56.14592284767802,Good,1,5,1,151,Need Attention
3556,3557,70,Female,Sweater,Clothing,88.0,Arizona,M,Brown,Fall,4.2,0,Express,0,0,43.0,Cash,Bi-Weekly,114.0,4.590989528003473,14.212086513885907,4.590989528003473,7.940907579881099,Good,5,5,5,555,Champion
3557,3558,52,Female,Jacket,Outerwear,26.0,Nevada,M,Peach,Summer,4.9,0,Next Day Air,0,0,1.0,PayPal,Every 3 Months,4.0,-3.8071577198176394,97.64312399009265,-3.8071577198176394,81.48056039075495,Good,2,1,1,211,About to Sleep
3558,3559,68,Female,Backpack,Accessories,94.0,Alaska,L,Magenta,Summer,4.8,0,Standard,0,0,9.0,Venmo,Quarterly,3.0,-0.4081222191725652,63.87555003967733,-0.4081222191725652,51.71638940957498,Good,1,1,5,115,Need Attention
3559,3560,18,Female,Shorts,Clothing,25.0,Utah,M,Beige,Fall,3.0,0,Next Day Air,0,0,13.0,Venmo,Every 3 Months,4.0,-3.018661661769996,89.80984335954857,-3.018661661769996,74.57597481485777,Average,2,2,1,221,About to Sleep
3560,3561,18,Female,Socks,Clothing,96.0,Kansas,XL,Violet,Fall,3.5,0,Express,0,0,5.0,Credit Card,Annually,1.0,-0.6528081534500775,66.3063720710372,-0.6528081534500775,53.859018982918215,Average,1,1,5,115,Need Attention
3561,3562,63,Female,Sneakers,Footwear,29.000000000000004,North Carolina,L,Black,Spring,3.4,0,Standard,0,0,39.0,Credit Card,Fortnightly,28.0,-0.42310520096987825,64.0243978365722,-0.42310520096987825,51.84759016694822,Average,3,4,1,341,Loyal Customer
3562,3563,47,Female,Sneakers,Footwear,36.0,Maryland,M,Cyan,Winter,3.4,0,Free Shipping,0,0,7.0,Bank Transfer,Weekly,57.0,-1.5854519978554975,75.57168276855208,-1.5854519978554975,62.02585655909526,Average,4,1,2,412,Recent Customer
3563,3564,43,Female,Blouse,Clothing,90.0,Maine,M,Green,Summer,4.9,0,Standard,0,0,8.0,Credit Card,Every 3 Months,4.0,-0.6201362375002912,65.98179430839636,-0.6201362375002912,53.57292238509579,Good,2,1,5,215,About to Sleep
3564,3565,60,Female,Gloves,Accessories,38.0,Illinois,S,Brown,Summer,4.4,0,Free Shipping,0,0,40.0,Venmo,Annually,1.0,-0.6789509021180811,66.5660860983683,-0.6789509021180811,54.08794193506885,Good,1,4,2,142,Need Attention
3565,3566,49,Female,Handbag,Accessories,52.0,Pennsylvania,S,Gray,Spring,4.2,0,Store Pickup,0,0,35.0,PayPal,Monthly,12.0,-0.1466635975169629,61.27810045727266,-0.1466635975169629,49.426887249922906,Good,3,4,3,343,Loyal Customer
3566,3567,28,Female,Jeans,Clothing,88.0,Alaska,S,Orange,Spring,3.1,0,Next Day Air,0,0,14.0,Venmo,Monthly,12.0,-0.08030731288678039,60.61888676329998,-0.08030731288678039,48.845828358059684,Average,3,2,5,325,Promising
3567,3568,32,Female,Scarf,Accessories,56.0,New Mexico,S,Silver,Summer,4.0,0,Next Day Air,0,0,26.0,Credit Card,Monthly,12.0,-0.6008026700981242,65.78972580341778,-0.6008026700981242,53.40362506362768,Good,3,3,3,333,Promising
3568,3569,29,Female,Sandals,Footwear,71.0,Arkansas,M,Purple,Spring,4.8,0,Next Day Air,0,0,14.0,PayPal,Quarterly,3.0,-1.033175403413965,70.08511437573925,-1.033175403413965,57.18976261928736,Good,1,2,4,124,Need Attention
3569,3570,35,Female,Sandals,Footwear,94.0,Alaska,M,Olive,Fall,3.3,0,Express,0,0,9.0,Bank Transfer,Fortnightly,28.0,0.24475024919122912,57.38961620595282,0.24475024919122912,45.9994124101888,Average,3,1,5,315,Need Attention
3570,3571,23,Female,Dress,Clothing,97.0,Louisiana,XL,Teal,Winter,4.7,0,Standard,0,0,32.0,Debit Card,Annually,1.0,1.2585409481116914,47.31815552555007,1.2585409481116914,37.12200006893141,Good,1,4,5,145,At Risk
3571,3572,70,Female,Skirt,Clothing,27.0,North Dakota,M,White,Summer,3.2,0,Standard,0,0,15.0,Bank Transfer,Every 3 Months,4.0,-2.7957570047923412,87.5954065032826,-2.7957570047923412,72.62407630672948,Average,2,2,1,221,About to Sleep
3572,3573,23,Female,Shorts,Clothing,28.0,Rhode Island,M,Black,Spring,5.0,0,Standard,0,0,25.0,Credit Card,Monthly,12.0,-1.8523442957480047,78.22311297696596,-1.8523442957480047,64.36293953058085,Good,3,3,1,331,Promising
3573,3574,43,Female,Jeans,Clothing,67.0,Connecticut,L,Maroon,Fall,4.9,0,Free Shipping,0,0,27.0,PayPal,Monthly,12.0,-0.06709504636446229,60.487630062168066,-0.06709504636446229,48.73013313812316,Good,3,3,3,333,Promising
3574,3575,29,Female,Socks,Clothing,70.0,New York,M,Cyan,Fall,4.9,0,Express,0,0,39.0,Bank Transfer,Quarterly,3.0,0.6552690411701488,53.31133468651811,0.6552690411701488,42.404642213428836,Good,1,4,4,144,At Risk
3575,3576,61,Female,Coat,Outerwear,95.0,Kentucky,M,Violet,Fall,3.7,0,Express,0,0,49.0,Venmo,Bi-Weekly,114.0,5.30192902846092,7.149288213776321,5.30192902846092,1.7154577883522242,Average,5,5,5,555,Champion
3576,3577,29,Female,Boots,Footwear,24.0,Maine,L,Yellow,Spring,3.0,0,Express,0,0,12.0,Venmo,Bi-Weekly,114.0,-0.25747512945812856,62.37895291929372,-0.25747512945812856,50.397225271622716,Average,5,2,1,521,Potential Loyalist
3577,3578,66,Female,Belt,Accessories,35.0,Missouri,S,Yellow,Winter,2.6,0,Standard,0,0,13.0,Bank Transfer,Weekly,57.0,-1.2123167335939173,71.86478631893588,-1.2123167335939173,58.758440904718675,Average,4,2,1,421,Potential Loyalist
3578,3579,46,Female,Shoes,Footwear,22.0,Georgia,L,Olive,Winter,2.6,0,Standard,0,0,22.0,Bank Transfer,Quarterly,3.0,-2.548411958398903,85.13816763544077,-2.548411958398903,70.4581618139844,Average,1,3,1,131,Lost
3579,3580,34,Female,Scarf,Accessories,66.0,Arizona,L,Olive,Fall,4.8,0,Standard,0,0,19.0,Credit Card,Every 3 Months,4.0,-0.8720541574801111,68.48446219484208,-0.8720541574801111,55.77887994043158,Good,2,2,3,223,About to Sleep
3580,3581,51,Female,Blouse,Clothing,83.0,New Hampshire,M,Magenta,Summer,3.2,0,2-Day Shipping,0,0,3.0,Cash,Bi-Weekly,114.0,1.6107899218073,43.818753043296795,1.6107899218073,34.037478392405376,Average,5,1,4,514,Recent Customer
3581,3582,26,Female,Dress,Clothing,95.0,Georgia,M,Orange,Fall,4.9,0,Next Day Air,0,0,50.0,Credit Card,Weekly,57.0,3.882606599555814,21.24948665784688,3.882606599555814,14.143970360032606,Good,4,5,5,455,Champion
3582,3583,23,Female,Shorts,Clothing,41.0,California,S,Beige,Summer,3.4,0,2-Day Shipping,0,0,15.0,PayPal,Annually,1.0,-2.2829442876532284,82.50089032496611,-2.2829442876532284,68.13355380663928,Average,1,2,2,122,Hibernating
3583,3584,52,Female,Blouse,Clothing,77.0,Arizona,L,Brown,Summer,2.7,0,Store Pickup,0,0,44.0,Credit Card,Every 3 Months,4.0,1.3230966413978043,46.67682972988084,1.3230966413978043,36.556708328844614,Average,2,5,4,254,At Risk
3584,3585,39,Female,Sneakers,Footwear,52.0,Florida,L,Indigo,Fall,4.8,0,Express,0,0,48.0,Debit Card,Monthly,12.0,0.7532847890195078,52.33760139859559,0.7532847890195078,41.54635241996157,Good,3,5,3,353,Loyal Customer
3585,3586,39,Female,Gloves,Accessories,41.0,New York,XL,Gray,Winter,4.1,0,Standard,0,0,4.0,Venmo,Bi-Weekly,114.0,-0.09345551925666085,60.749507061565765,-0.09345551925666085,48.96096262553488,Good,5,1,2,512,Recent Customer
3586,3587,33,Female,Hoodie,Clothing,28.0,Idaho,M,Yellow,Winter,4.6,0,Store Pickup,0,0,12.0,PayPal,Bi-Weekly,114.0,-0.08857301136019435,60.70100199404701,-0.08857301136019435,48.91820820304656,Good,5,2,1,521,Potential Loyalist
3587,3588,33,Female,Sweater,Clothing,90.0,Virginia,S,Violet,Summer,4.4,0,Standard,0,0,33.0,Debit Card,Annually,1.0,1.032189040404651,49.566838947910476,1.032189040404651,39.104084952019576,Good,1,4,5,145,At Risk
3588,3589,23,Female,Sunglasses,Accessories,55.0,Michigan,M,Magenta,Spring,3.5,0,2-Day Shipping,0,0,40.0,Cash,Annually,1.0,0.03888309979813753,59.434794666069855,0.03888309979813753,47.802119393620195,Average,1,4,3,143,At Risk
3589,3590,31,Female,Belt,Accessories,73.0,New Hampshire,M,Blue,Spring,4.8,0,Next Day Air,0,0,38.0,Cash,Every 3 Months,4.0,0.7388337295138072,52.48116483605541,0.7388337295138072,41.67289531894138,Good,2,4,4,244,At Risk
3590,3591,27,Female,Dress,Clothing,87.0,South Dakota,M,Gray,Fall,2.9,0,2-Day Shipping,0,0,19.0,Venmo,Every 3 Months,4.0,0.014681962534041304,59.675219837296936,0.014681962534041304,48.014040330406786,Average,2,2,5,225,About to Sleep
3591,3592,48,Female,Jacket,Outerwear,89.0,South Dakota,M,Gold,Winter,3.2,0,2-Day Shipping,0,0,38.0,Bank Transfer,Quarterly,3.0,1.3883273031709904,46.02879848841763,1.3883273031709904,35.98550612461221,Average,1,4,5,145,At Risk
3592,3593,61,Female,Boots,Footwear,82.0,New Jersey,L,Lavender,Spring,4.4,0,2-Day Shipping,0,0,18.0,Venmo,Fortnightly,28.0,0.36108508557652275,56.23389271030108,0.36108508557652275,44.98070873363634,Good,3,2,4,324,Promising
3593,3594,63,Female,Sandals,Footwear,80.0,Wyoming,M,Black,Spring,4.6,0,Next Day Air,0,0,24.0,PayPal,Monthly,12.0,0.2741564405607909,57.09748164558024,0.2741564405607909,45.74191262601096,Good,3,3,4,334,Promising
3594,3595,19,Female,Scarf,Accessories,87.0,Alabama,L,Charcoal,Summer,2.6,0,2-Day Shipping,0,0,29.0,Venmo,Quarterly,3.0,0.6808350534429285,53.05735022243279,0.6808350534429285,42.18076954118121,Average,1,3,5,135,At Risk
3595,3596,21,Female,Blouse,Clothing,41.0,South Dakota,M,Violet,Spring,3.1,0,Store Pickup,0,0,14.0,PayPal,Annually,1.0,-2.352171086617572,83.18862102178744,-2.352171086617572,68.73974879355939,Average,1,2,2,122,Hibernating
3596,3597,28,Female,Hoodie,Clothing,83.0,South Carolina,M,Charcoal,Spring,4.3,0,Standard,0,0,44.0,Cash,Fortnightly,28.0,2.203207388173947,37.93340686163528,2.203207388173947,28.849884806569655,Good,3,5,4,354,Loyal Customer
3597,3598,29,Female,Sunglasses,Accessories,71.0,New Mexico,M,Maroon,Summer,3.1,0,Standard,0,0,18.0,Bank Transfer,Quarterly,3.0,-0.7562682075565895,67.334191588454,-0.7562682075565895,54.764982671606944,Average,1,2,4,124,Need Attention
3598,3599,23,Female,Hoodie,Clothing,76.0,Connecticut,XL,Purple,Spring,4.6,0,Store Pickup,0,0,19.0,Bank Transfer,Bi-Weekly,114.0,2.4228399985654185,35.7514760133375,2.4228399985654185,26.92663847169201,Good,5,2,4,524,Potential Loyalist
3599,3600,37,Female,Scarf,Accessories,34.0,Kansas,S,Peach,Spring,4.6,0,Express,0,0,4.0,Cash,Weekly,57.0,-1.8775834537974962,78.47385032163938,-1.8775834537974962,64.58395005414363,Good,4,1,1,411,Recent Customer
3600,3601,67,Female,Dress,Clothing,81.0,South Carolina,XL,Olive,Spring,2.7,0,Free Shipping,0,0,25.0,Cash,Bi-Weekly,114.0,3.049328439973899,29.527653175851253,3.049328439973899,21.440697214451205,Average,5,3,4,534,Potential Loyalist
3601,3602,34,Female,T-shirt,Clothing,47.0,North Carolina,M,Indigo,Summer,3.0,0,Next Day Air,0,0,3.0,PayPal,Monthly,12.0,-2.573048811998385,85.38292141211305,-2.573048811998385,70.67389816708636,Average,3,1,2,312,Need Attention
3602,3603,58,Female,Skirt,Clothing,36.0,Wyoming,S,Magenta,Summer,3.3,0,Store Pickup,0,0,40.0,Debit Card,Quarterly,3.0,-0.7111721636979446,66.8861868542937,-0.7111721636979446,54.370092309406026,Average,1,4,2,142,Need Attention
3603,3604,45,Female,Jeans,Clothing,51.0,Louisiana,M,Gold,Spring,2.7,0,Free Shipping,0,0,5.0,Cash,Weekly,57.0,-1.0905226529169336,70.6548281925196,-1.0905226529169336,57.69193252577489,Average,4,1,2,412,Recent Customer
3604,3605,63,Female,Hoodie,Clothing,86.0,Louisiana,M,Orange,Fall,3.3,0,Standard,0,0,17.0,Debit Card,Annually,1.0,-0.2443418611227851,62.24848102229817,-0.2443418611227851,50.28222181131736,Average,1,2,5,125,Need Attention
3605,3606,68,Female,Jeans,Clothing,41.0,Alabama,M,Gold,Fall,4.3,0,Store Pickup,0,0,36.0,Bank Transfer,Every 3 Months,4.0,-0.7508368131983512,67.28023363167159,-0.7508368131983512,54.7174218413908,Good,2,4,2,242,Need Attention
3606,3607,41,Female,Sandals,Footwear,90.0,Minnesota,XL,Purple,Fall,4.8,0,Express,0,0,41.0,Venmo,Annually,1.0,1.5860034321194023,44.064993373339966,1.5860034321194023,34.254525056658764,Good,1,5,5,155,At Risk
3607,3608,50,Female,Hat,Accessories,93.0,New Mexico,L,Charcoal,Fall,3.3,0,Standard,0,0,20.0,Venmo,Bi-Weekly,114.0,3.2099007994459807,27.93245388421774,3.2099007994459807,20.03462094332326,Average,5,2,5,525,Potential Loyalist
3608,3609,24,Female,Gloves,Accessories,56.0,Tennessee,M,Cyan,Fall,4.3,0,Next Day Air,0,0,2.0,Cash,Every 3 Months,4.0,-2.471165035118792,84.37076135392113,-2.471165035118792,69.78173738951371,Good,2,1,3,213,About to Sleep
3609,3610,21,Female,Socks,Clothing,39.0,New Mexico,M,Cyan,Summer,3.0,0,2-Day Shipping,0,0,31.0,Debit Card,Monthly,12.0,-0.9725026771926233,69.48236375160967,-0.9725026771926233,56.65847267047581,Average,3,4,2,342,Loyal Customer
3610,3611,18,Female,Jacket,Outerwear,86.0,Texas,XL,Green,Fall,4.8,0,2-Day Shipping,0,0,23.0,Bank Transfer,Fortnightly,28.0,0.8761211984961761,51.11728830094783,0.8761211984961761,40.47071673045968,Good,3,3,5,335,Promising
3611,3612,63,Female,T-shirt,Clothing,82.0,Washington,M,Silver,Spring,2.9,0,Standard,0,0,30.0,Credit Card,Annually,1.0,0.4867044073157517,54.98593288886781,0.4867044073157517,43.8807040499322,Average,1,3,4,134,At Risk
3612,3613,47,Female,Sandals,Footwear,29.000000000000004,Michigan,M,Teal,Summer,3.6,0,Standard,0,0,26.0,Cash,Every 3 Months,4.0,-1.9498111571355914,79.19139337562481,-1.9498111571355914,65.21642291632028,Average,2,3,1,231,Need Attention
3613,3614,58,Female,Hat,Accessories,27.0,Minnesota,M,Magenta,Fall,3.5,0,Store Pickup,0,0,40.0,Venmo,Annually,1.0,-1.1434317268873992,71.18045114279671,-1.1434317268873992,58.15523887365327,Average,1,4,1,141,Need Attention
3614,3615,46,Female,Gloves,Accessories,25.0,Delaware,L,Maroon,Spring,4.7,0,2-Day Shipping,0,0,19.0,Bank Transfer,Annually,1.0,-2.681645564187588,86.46177123866762,-2.681645564187588,71.62484213326348,Good,1,2,1,121,Hibernating
3615,3616,35,Female,Dress,Clothing,31.000000000000004,California,M,Gold,Winter,4.4,0,Free Shipping,0,0,4.0,Credit Card,Monthly,12.0,-3.179430485425776,91.4069944162785,-3.179430485425776,75.98377145447087,Good,3,1,1,311,Lost
3616,3617,42,Female,Hoodie,Clothing,23.0,Wisconsin,L,Purple,Winter,3.3,0,Store Pickup,0,0,33.0,Debit Card,Fortnightly,28.0,-1.0918191719028427,70.66770840537012,-1.0918191719028427,57.70328569133307,Average,3,4,1,341,Loyal Customer
3617,3618,48,Female,Belt,Accessories,47.0,Kentucky,M,Lavender,Fall,4.3,0,Express,0,0,29.0,Debit Card,Monthly,12.0,-0.7731520389254435,67.50192329475891,-0.7731520389254435,54.91282850716372,Good,3,3,2,332,Promising
3618,3619,28,Female,Gloves,Accessories,67.0,Nevada,M,Maroon,Fall,4.0,0,2-Day Shipping,0,0,47.0,PayPal,Bi-Weekly,114.0,3.9811606038466962,20.2704060841458,3.9811606038466962,13.280967242225492,Good,5,5,3,553,Loyal Customer
3619,3620,44,Female,Scarf,Accessories,75.0,North Carolina,S,Magenta,Winter,4.9,0,2-Day Shipping,0,0,50.0,Venmo,Weekly,57.0,3.0380960090661446,29.639241284080352,3.0380960090661446,21.53905570291337,Good,4,5,4,454,Champion
3620,3621,60,Female,Sandals,Footwear,82.0,Louisiana,M,Turquoise,Summer,2.9,0,Express,0,0,28.0,Credit Card,Fortnightly,28.0,1.0533530752199618,49.35658574208795,1.0533530752199618,38.918758864435326,Average,3,3,4,334,Promising
3621,3622,38,Female,Sneakers,Footwear,32.0,New Jersey,XL,Silver,Summer,4.0,0,2-Day Shipping,0,0,5.0,Cash,Fortnightly,28.0,-2.650139777184121,86.14877833456185,-2.650139777184121,71.34895692079958,Good,3,1,1,311,Lost
3622,3623,46,Female,Dress,Clothing,41.0,Wisconsin,M,Purple,Fall,4.3,0,Store Pickup,0,0,12.0,Credit Card,Annually,1.0,-2.49062468454626,84.56408241543006,-2.49062468454626,69.9521387673996,Good,1,2,2,122,Hibernating
3623,3624,39,Female,Jewelry,Accessories,89.0,Arkansas,M,Violet,Winter,2.7,0,2-Day Shipping,0,0,4.0,PayPal,Weekly,57.0,0.44482067004909376,55.40202509949732,0.44482067004909376,44.247465361221536,Average,4,1,5,415,Recent Customer
3624,3625,22,Female,Hat,Accessories,82.0,Texas,XL,Peach,Fall,5.0,0,Store Pickup,0,0,22.0,Bank Transfer,Bi-Weekly,114.0,2.8838735726053506,31.171357535003523,2.8838735726053506,22.889527908067475,Good,5,3,4,534,Potential Loyalist
3625,3626,44,Female,Scarf,Accessories,99.0,Illinois,L,Green,Winter,4.4,0,Express,0,0,32.0,PayPal,Weekly,57.0,2.8054263362955574,31.950688275383825,2.8054263362955574,23.576463056018294,Good,4,4,5,445,Champion
3626,3627,69,Female,Blouse,Clothing,98.0,Mississippi,L,Teal,Fall,3.5,0,Express,0,0,32.0,Venmo,Quarterly,3.0,1.3529962751052782,46.37979308754044,1.3529962751052782,36.29488764183648,Average,1,4,5,145,At Risk
3627,3628,39,Female,Belt,Accessories,54.0,Delaware,M,Silver,Winter,3.3,0,Next Day Air,0,0,48.0,Cash,Every 3 Months,4.0,0.6288166581920605,53.574124762764086,0.6288166581920605,42.63627652547708,Average,2,5,3,253,At Risk
3628,3629,53,Female,Blouse,Clothing,88.0,Georgia,L,Purple,Summer,3.8,0,Free Shipping,0,0,35.0,Credit Card,Monthly,12.0,1.3734554653644413,46.17654213005241,1.3734554653644413,36.11573363273754,Average,3,4,5,345,Loyal Customer
3629,3630,52,Female,T-shirt,Clothing,43.0,Kansas,L,Lavender,Summer,4.5,0,Standard,0,0,44.0,Debit Card,Fortnightly,28.0,0.5141862071946094,54.712916114102214,0.5141862071946094,43.64005549233118,Good,3,5,2,352,Loyal Customer
3630,3631,65,Female,Hat,Accessories,73.0,Oklahoma,M,Lavender,Winter,4.8,0,Store Pickup,0,0,29.0,Cash,Weekly,57.0,1.499882171765956,44.920561379951266,1.499882171765956,35.00865896252359,Good,4,3,4,434,Potential Loyalist
3631,3632,48,Female,Hat,Accessories,50.0,New Jersey,M,Peach,Fall,2.9,0,Store Pickup,0,0,26.0,Credit Card,Monthly,12.0,-0.8541558472450248,68.30665219128782,-0.8541558472450248,55.6221506664919,Average,3,3,2,332,Promising
3632,3633,27,Female,Sneakers,Footwear,73.0,Utah,L,Green,Spring,3.2,0,Express,0,0,3.0,Debit Card,Quarterly,3.0,-1.7102191329727812,76.81117657815035,-1.7102191329727812,63.118398941120404,Average,1,1,4,114,Need Attention
3633,3634,39,Female,Gloves,Accessories,51.0,Montana,M,Orange,Spring,2.8,0,Free Shipping,0,0,1.0,Bank Transfer,Bi-Weekly,114.0,0.1211193790951417,58.617821838912974,0.1211193790951417,47.08200491485481,Average,5,1,2,512,Recent Customer
3634,3635,59,Female,Socks,Clothing,22.0,Ohio,M,Pink,Winter,3.3,0,Standard,0,0,17.0,PayPal,Annually,1.0,-2.9467757506897256,89.09569582624528,-2.9467757506897256,73.94649490853581,Average,1,2,1,121,Hibernating
3635,3636,52,Female,Sandals,Footwear,32.0,Colorado,L,Cyan,Fall,3.3,0,Free Shipping,0,0,17.0,Credit Card,Fortnightly,28.0,-1.8194181896119939,77.89600997270607,-1.8194181896119939,64.07461707775836,Average,3,2,1,321,Promising
3636,3637,50,Female,Sandals,Footwear,38.0,California,L,Lavender,Summer,4.2,0,2-Day Shipping,0,0,36.0,Cash,Weekly,57.0,0.5065762311594425,54.78851709811066,0.5065762311594425,43.706693404124216,Good,4,4,2,442,Loyal Customer
3637,3638,32,Female,Boots,Footwear,66.0,Utah,L,Yellow,Winter,3.6,0,Express,0,0,32.0,Credit Card,Fortnightly,28.0,0.6546517986856021,53.31746665578948,0.6546517986856021,42.41004719105952,Average,3,4,3,343,Loyal Customer
3638,3639,40,Female,Backpack,Accessories,20.0,Kansas,M,Olive,Spring,4.6,0,Express,0,0,50.0,PayPal,Bi-Weekly,114.0,2.2042411130890063,37.92313736533051,2.2042411130890063,28.840832837234977,Good,5,5,1,551,Loyal Customer
3639,3640,26,Female,Coat,Outerwear,44.0,Illinois,M,Brown,Summer,3.6,0,2-Day Shipping,0,0,39.0,Venmo,Annually,1.0,-0.49482452393552445,64.73689040731958,-0.49482452393552445,52.475611319124724,Average,1,4,2,142,Need Attention
3640,3641,47,Female,Sunglasses,Accessories,31.000000000000004,Minnesota,L,Pink,Spring,4.0,0,Next Day Air,0,0,17.0,PayPal,Monthly,12.0,-2.2794820988893054,82.46649535760145,-2.2794820988893054,68.10323662450955,Good,3,2,1,321,Promising
3641,3642,51,Female,Jacket,Outerwear,45.0,New York,M,Cyan,Fall,2.7,0,Free Shipping,0,0,39.0,Bank Transfer,Every 3 Months,4.0,-0.37425429820738576,63.53909061596096,-0.37425429820738576,51.41981981205434,Average,2,4,2,242,Need Attention
3642,3643,47,Female,Dress,Clothing,71.0,Arizona,L,Maroon,Summer,4.4,0,Store Pickup,0,0,5.0,PayPal,Annually,1.0,-1.7084463915621637,76.79356535382902,-1.7084463915621637,63.102875661519164,Good,1,1,4,114,Need Attention
3643,3644,53,Female,Scarf,Accessories,96.0,Tennessee,XL,Magenta,Fall,3.2,0,Standard,0,0,47.0,Debit Card,Annually,1.0,2.2547174030523665,37.42168280454205,2.2547174030523665,28.39882953227392,Average,1,5,5,155,At Risk
3644,3645,35,Female,Blouse,Clothing,32.0,Arkansas,M,Violet,Winter,2.6,0,Next Day Air,0,0,18.0,Venmo,Weekly,57.0,-0.9928593273456483,69.68459602876433,-0.9928593273456483,56.836728771550284,Average,4,2,1,421,Potential Loyalist
3645,3646,38,Female,Backpack,Accessories,90.0,Colorado,L,Silver,Summer,3.4,0,Free Shipping,0,0,31.0,Credit Card,Every 3 Months,4.0,0.9720801386796185,50.163988281506164,0.9720801386796185,39.63043768593344,Average,2,4,5,245,At Risk
3646,3647,69,Female,Jewelry,Accessories,68.0,Nevada,M,Maroon,Spring,5.0,0,2-Day Shipping,0,0,39.0,Debit Card,Fortnightly,28.0,1.2236904504849764,47.664376315416945,1.2236904504849764,37.42717374833073,Good,3,4,3,343,Loyal Customer
3647,3648,47,Female,Shorts,Clothing,45.0,Kansas,M,Gray,Winter,2.9,0,Store Pickup,0,0,12.0,Bank Transfer,Weekly,57.0,-0.859288237313427,68.35763970264045,-0.859288237313427,55.667093220198396,Average,4,2,2,422,Potential Loyalist
3648,3649,31,Female,Skirt,Clothing,67.0,New York,M,White,Winter,5.0,0,Free Shipping,0,0,45.0,Cash,Bi-Weekly,114.0,3.8427070059180086,21.645867477788425,3.8427070059180086,14.493357216065695,Good,5,5,3,553,Loyal Customer
3649,3650,68,Female,Skirt,Clothing,57.0,Minnesota,M,Brown,Fall,4.4,0,Standard,0,0,33.0,Credit Card,Fortnightly,28.0,0.34384883192959487,56.40512554077323,0.34384883192959487,45.13164060843577,Good,3,4,3,343,Loyal Customer
3650,3651,51,Female,Jeans,Clothing,60.0,Ohio,M,Silver,Summer,3.5,0,2-Day Shipping,0,0,3.0,PayPal,Annually,1.0,-2.3113808142601697,82.78339179190006,-2.3113808142601697,68.3825625739438,Average,1,1,3,113,Lost
3651,3652,20,Female,Handbag,Accessories,32.0,Arizona,M,Yellow,Spring,3.8,0,Express,0,0,5.0,Venmo,Every 3 Months,4.0,-3.2768973468133633,92.37527481493736,-3.2768973468133633,76.83725484021032,Average,2,1,1,211,About to Sleep
3652,3653,27,Female,Handbag,Accessories,29.000000000000004,Kentucky,S,Magenta,Fall,3.8,0,Store Pickup,0,0,23.0,Debit Card,Monthly,12.0,-1.948572364152209,79.1790866392969,-1.948572364152209,65.20557523727702,Average,3,3,1,331,Promising
3653,3654,67,Female,Coat,Outerwear,20.0,Minnesota,M,Blue,Spring,3.9,0,Next Day Air,0,0,39.0,Credit Card,Fortnightly,28.0,-0.8031349666902293,67.79978741837726,-0.8031349666902293,55.17537857124456,Average,3,4,1,341,Loyal Customer
3654,3655,21,Female,Jewelry,Accessories,98.0,Arkansas,M,Green,Winter,3.3,0,Next Day Air,0,0,10.0,Credit Card,Annually,1.0,-0.22222309957939113,62.02874312430728,-0.22222309957939113,50.08853551402963,Average,1,1,5,115,Need Attention
3655,3656,20,Female,Sweater,Clothing,27.0,Wyoming,M,Yellow,Fall,2.9,0,Next Day Air,0,0,4.0,Credit Card,Bi-Weekly,114.0,-0.6846129325994292,66.6223352999292,-0.6846129325994292,54.13752236555142,Average,5,1,1,511,Recent Customer
3656,3657,35,Female,Jacket,Outerwear,67.0,North Dakota,XL,Cyan,Spring,3.7,0,2-Day Shipping,0,0,18.0,Credit Card,Monthly,12.0,-0.6901362370435573,66.67720633355987,-0.6901362370435573,54.18588802040407,Average,3,2,3,323,Promising
3657,3658,58,Female,Shoes,Footwear,82.0,Alabama,L,Gold,Winter,3.7,0,Express,0,0,1.0,Debit Card,Every 3 Months,4.0,-1.4425280664465663,74.15181103663893,-1.4425280664465663,60.77432143068883,Average,2,1,4,214,About to Sleep
3658,3659,28,Female,T-shirt,Clothing,72.0,Mississippi,M,Magenta,Fall,4.6,0,Standard,0,0,18.0,PayPal,Fortnightly,28.0,-0.06117020966831177,60.42877002341782,-0.06117020966831177,48.67825140507673,Good,3,2,4,324,Promising
3659,3660,27,Female,Sandals,Footwear,77.0,Illinois,S,Gray,Fall,4.9,0,Store Pickup,0,0,46.0,Bank Transfer,Annually,1.0,1.3832055431228367,46.07968039628516,1.3832055431228367,36.03035559493075,Good,1,5,4,154,At Risk
3660,3661,19,Female,Shoes,Footwear,74.0,Arkansas,L,Indigo,Winter,3.1,0,2-Day Shipping,0,0,13.0,Bank Transfer,Fortnightly,28.0,-0.32285314544106436,63.02844804490104,-0.32285314544106436,50.96971780538916,Average,3,2,4,324,Promising
3661,3662,63,Female,Sandals,Footwear,39.0,Kansas,S,White,Winter,3.5,0,Next Day Air,0,0,5.0,Credit Card,Fortnightly,28.0,-2.3545610705127364,83.21236421538012,-2.3545610705127364,68.76067705079132,Average,3,1,2,312,Need Attention
3662,3663,69,Female,Shorts,Clothing,80.0,Rhode Island,M,Indigo,Spring,4.9,0,Next Day Air,0,0,11.0,Debit Card,Weekly,57.0,0.54937849707915,54.36329980355319,0.54937849707915,43.33188885707717,Good,4,2,4,424,Potential Loyalist
3663,3664,65,Female,Backpack,Accessories,59.0,Florida,M,Green,Summer,4.4,0,Express,0,0,49.0,Credit Card,Weekly,57.0,2.2932607377100656,37.03877568188844,2.2932607377100656,28.06131896413808,Good,4,5,3,453,Loyal Customer
3664,3665,63,Female,Jacket,Outerwear,68.0,Missouri,M,Turquoise,Fall,4.4,0,Store Pickup,0,0,1.0,Debit Card,Fortnightly,28.0,-1.4069279101600918,73.79814279462684,-1.4069279101600918,60.46258325129461,Good,3,1,3,313,Need Attention
3665,3666,28,Female,Socks,Clothing,77.0,North Carolina,M,Peach,Fall,3.4,0,Next Day Air,0,0,11.0,Credit Card,Quarterly,3.0,-0.9875026231600962,69.63138007833315,-0.9875026231600962,56.78982197718343,Average,1,2,4,124,Need Attention
3666,3667,67,Female,Jewelry,Accessories,50.0,Alabama,M,Olive,Winter,3.0,0,2-Day Shipping,0,0,47.0,Cash,Every 3 Months,4.0,0.3906877411297829,55.93980638483209,0.3906877411297829,44.72148858097333,Average,2,5,2,252,Need Attention
3667,3668,51,Female,Pants,Clothing,45.0,Washington,L,Cyan,Fall,2.6,0,Next Day Air,0,0,20.0,Venmo,Monthly,12.0,-1.4806442886535056,74.53047502877406,-1.4806442886535056,61.10809192373271,Average,3,2,2,322,Promising
3668,3669,59,Female,Blouse,Clothing,71.0,Michigan,XL,Magenta,Summer,3.2,0,Store Pickup,0,0,18.0,Venmo,Annually,1.0,-0.808498005025693,67.85306629515196,-0.808498005025693,55.22234083155784,Average,1,2,4,124,Need Attention
3669,3670,25,Female,Socks,Clothing,52.0,Washington,S,Silver,Fall,4.6,0,Store Pickup,0,0,43.0,PayPal,Quarterly,3.0,0.17211670558682235,58.11119106284297,0.17211670558682235,46.635439074341114,Good,1,5,3,153,At Risk
3670,3671,31,Female,Shoes,Footwear,50.0,Vermont,S,White,Winter,3.8,0,Free Shipping,0,0,4.0,PayPal,Every 3 Months,4.0,-2.5860646143370047,85.51222634814854,-2.5860646143370047,70.78787301853772,Average,2,1,2,212,About to Sleep
3671,3672,62,Female,Handbag,Accessories,66.0,Illinois,L,Pink,Summer,4.8,0,2-Day Shipping,0,0,20.0,Venmo,Quarterly,3.0,-0.828942257250319,68.05616885136975,-0.828942257250319,55.401364033486935,Good,1,2,3,123,Need Attention
3672,3673,51,Female,Sandals,Footwear,81.0,New York,S,Pink,Fall,4.5,0,Free Shipping,0,0,7.0,PayPal,Monthly,12.0,-0.8604736123085719,68.3694157602309,-0.8604736123085719,55.67747313650866,Good,3,1,4,314,Need Attention
3673,3674,32,Female,Socks,Clothing,28.0,Rhode Island,M,Pink,Summer,4.2,0,2-Day Shipping,0,0,31.0,Bank Transfer,Fortnightly,28.0,-1.019145122209113,69.94573114245439,-1.019145122209113,57.066904329453074,Good,3,4,1,341,Loyal Customer
3674,3675,35,Female,Handbag,Accessories,65.0,Washington,M,Blue,Winter,2.7,0,2-Day Shipping,0,0,41.0,Venmo,Fortnightly,28.0,1.2354674598402138,47.547378115709336,1.2354674598402138,37.324046575922644,Average,3,5,3,353,Loyal Customer
3675,3676,70,Female,Hat,Accessories,80.0,Virginia,M,White,Winter,4.5,0,Express,0,0,3.0,Bank Transfer,Monthly,12.0,-1.1796063376904309,71.53982627882782,-1.1796063376904309,58.47200735133311,Good,3,1,4,314,Need Attention
3676,3677,19,Female,Jewelry,Accessories,94.0,Wisconsin,S,Teal,Spring,4.9,0,Free Shipping,0,0,16.0,PayPal,Monthly,12.0,0.311499462188808,56.72649898178732,0.311499462188808,45.41491278135525,Good,3,2,5,325,Promising
3677,3678,32,Female,Backpack,Accessories,30.0,Michigan,M,Gray,Fall,2.8,0,Standard,0,0,43.0,Cash,Annually,1.0,-0.8090747414209171,67.85879585839776,-0.8090747414209171,55.22739111146085,Average,1,5,1,151,Need Attention
3678,3679,56,Female,Shirt,Clothing,45.0,Texas,S,Beige,Fall,3.5,0,Standard,0,0,29.0,Bank Transfer,Fortnightly,28.0,-0.43976471822158214,64.18990110379856,-0.43976471822158214,51.99347176184463,Average,3,3,2,332,Promising
3679,3680,53,Female,Coat,Outerwear,91.0,Idaho,M,Violet,Summer,2.5,0,Store Pickup,0,0,5.0,Cash,Bi-Weekly,114.0,2.0870477559318554,39.08738979916078,2.0870477559318554,29.86705428141287,Poor,5,1,5,515,Recent Customer
3680,3681,22,Female,Sunglasses,Accessories,36.0,Iowa,S,Blue,Winter,2.9,0,Standard,0,0,30.0,Debit Card,Quarterly,3.0,-1.4034401533413836,73.76349382250682,-1.4034401533413836,60.43204217860706,Average,1,3,2,132,Need Attention
3681,3682,26,Female,Gloves,Accessories,73.0,Connecticut,XL,Magenta,Fall,4.2,0,Next Day Air,0,0,33.0,Debit Card,Monthly,12.0,0.6016189245685017,53.84431949337014,0.6016189245685017,42.87443761373831,Good,3,4,4,344,Loyal Customer
3682,3683,42,Female,Shirt,Clothing,60.0,Wyoming,M,Maroon,Fall,4.6,0,Store Pickup,0,0,46.0,Venmo,Bi-Weekly,114.0,3.6163550982109682,23.89455090014883,3.6163550982109682,16.475442099153863,Good,5,5,3,553,Loyal Customer
3683,3684,30,Female,Socks,Clothing,77.0,Mississippi,M,Purple,Winter,3.0,0,Free Shipping,0,0,17.0,Venmo,Fortnightly,28.0,0.08073063898976152,59.01906206368077,0.08073063898976152,47.43567505627664,Average,3,2,4,324,Promising
3684,3685,29,Female,Skirt,Clothing,86.0,Pennsylvania,L,Charcoal,Spring,4.4,0,Free Shipping,0,0,47.0,Credit Card,Bi-Weekly,114.0,4.783445664811882,12.300139189224,4.783445664811882,6.255636166488762,Good,5,5,5,555,Champion
3685,3686,47,Female,Shorts,Clothing,42.0,Tennessee,L,Red,Summer,2.6,0,Standard,0,0,17.0,Cash,Bi-Weekly,114.0,0.8487183968042933,51.38952027157703,0.8487183968042933,40.71067352842951,Average,5,2,2,522,Potential Loyalist
3686,3687,59,Female,Sandals,Footwear,70.0,Louisiana,M,Charcoal,Spring,4.8,0,Free Shipping,0,0,17.0,Cash,Bi-Weekly,114.0,2.0310332234898296,39.64386379485017,2.0310332234898296,30.357554048396445,Good,5,2,4,524,Potential Loyalist
3687,3688,34,Female,Shirt,Clothing,44.0,Arkansas,L,Lavender,Summer,2.9,0,Next Day Air,0,0,28.0,Bank Transfer,Every 3 Months,4.0,-1.177974616339652,71.52361601230707,-1.177974616339652,58.457718935319505,Average,2,3,2,232,Need Attention
3688,3689,52,Female,Sunglasses,Accessories,91.0,West Virginia,L,White,Spring,3.0,0,Next Day Air,0,0,8.0,Cash,Monthly,12.0,-0.3689915180993937,63.486807750292854,-0.3689915180993937,51.373735478148184,Average,3,1,5,315,Need Attention
3689,3690,47,Female,Jewelry,Accessories,30.0,South Carolina,L,Red,Fall,4.5,0,Standard,0,0,8.0,Bank Transfer,Quarterly,3.0,-3.17978290770385,91.41049554044575,-3.17978290770385,75.98685749371353,Good,1,1,1,111,Hibernating
3690,3691,24,Female,Blouse,Clothing,23.0,Kansas,S,Violet,Fall,3.7,0,Store Pickup,0,0,4.0,Bank Transfer,Bi-Weekly,114.0,-0.853515050697363,68.3002862251759,-0.853515050697363,55.61653943412755,Average,5,1,1,511,Recent Customer
3691,3692,63,Female,Sandals,Footwear,21.0,Michigan,XL,Orange,Summer,4.8,0,Next Day Air,0,0,24.0,PayPal,Weekly,57.0,-1.041979358328903,70.17257689226486,-1.041979358328903,57.26685578861409,Good,4,3,1,431,Potential Loyalist
3692,3693,59,Female,Coat,Outerwear,34.0,Alabama,L,Turquoise,Spring,4.8,0,Free Shipping,0,0,29.0,Cash,Fortnightly,28.0,-0.9042455429909001,68.80426614822697,-0.9042455429909001,56.06076870042905,Good,3,3,1,331,Promising
3693,3694,66,Female,Blouse,Clothing,46.0,South Dakota,M,Violet,Summer,4.7,0,2-Day Shipping,0,0,10.0,Venmo,Weekly,57.0,-0.9555163057176312,69.3136133649714,-0.9555163057176312,56.50972892689457,Good,4,1,2,412,Recent Customer
3694,3695,45,Female,Sweater,Clothing,41.0,Rhode Island,M,Blue,Winter,2.6,0,Express,0,0,11.0,PayPal,Bi-Weekly,114.0,0.39113207349374646,55.93539218381658,0.39113207349374646,44.71759771709416,Average,5,2,2,522,Potential Loyalist
3695,3696,38,Female,Skirt,Clothing,33.0,Florida,M,White,Fall,4.6,0,Standard,0,0,18.0,Bank Transfer,Fortnightly,28.0,-1.7079658611231663,76.78879154457309,-1.7079658611231663,63.09866782369421,Good,3,2,1,321,Promising
3696,3697,63,Female,Blouse,Clothing,48.0,Connecticut,L,Turquoise,Fall,3.4,0,Next Day Air,0,0,26.0,Bank Transfer,Annually,1.0,-1.2258707923740613,71.99943854074995,-1.2258707923740613,58.877129080509896,Average,1,3,2,132,Need Attention
3697,3698,55,Female,Hoodie,Clothing,66.0,Pennsylvania,L,Pink,Winter,3.0,0,Standard,0,0,39.0,Cash,Weekly,57.0,1.8965714547380108,40.97966853091986,1.8965714547380108,31.53498896333084,Average,4,4,3,443,Loyal Customer
3698,3699,25,Female,Skirt,Clothing,54.0,California,XL,Maroon,Spring,4.0,0,2-Day Shipping,0,0,4.0,Venmo,Annually,1.0,-2.495507192442726,84.61258748294878,-2.495507192442726,69.99489318988792,Good,1,1,3,113,Lost
3699,3700,51,Female,Backpack,Accessories,55.0,Oklahoma,M,Olive,Fall,2.6,0,Store Pickup,0,0,24.0,Bank Transfer,Weekly,57.0,0.39368864550353433,55.90999402766796,0.39368864550353433,44.69521070571679,Average,4,3,3,433,Potential Loyalist
3700,3701,28,Female,Handbag,Accessories,84.0,North Dakota,XL,Charcoal,Summer,3.4,0,Store Pickup,0,0,2.0,Bank Transfer,Every 3 Months,4.0,-1.2888502084332554,72.62510487719427,-1.2888502084332554,59.42861790948064,Average,2,1,4,214,About to Sleep
3701,3702,46,Female,Sandals,Footwear,66.0,New Mexico,M,Charcoal,Spring,4.5,0,Store Pickup,0,0,36.0,Cash,Annually,1.0,0.22645672871007994,57.5713524089267,0.22645672871007994,46.159602402716196,Good,1,4,3,143,At Risk
3702,3703,58,Female,Shoes,Footwear,65.0,South Carolina,M,Indigo,Spring,2.7,0,Store Pickup,0,0,36.0,Venmo,Weekly,57.0,1.6466655283204956,43.46234835269547,1.6466655283204956,33.72332819123518,Average,4,4,3,443,Loyal Customer
3703,3704,30,Female,Sandals,Footwear,83.0,Michigan,S,Teal,Fall,2.9,0,Standard,0,0,23.0,PayPal,Every 3 Months,4.0,0.1226870402934831,58.60224797525838,0.1226870402934831,47.06827745130253,Average,2,3,4,234,At Risk
3704,3705,68,Female,Sunglasses,Accessories,61.0,Missouri,L,Black,Winter,4.0,0,Store Pickup,0,0,36.0,Credit Card,Quarterly,3.0,0.06755887855676612,59.1499163587871,0.06755887855676612,47.55101557848549,Good,1,4,3,143,At Risk
3705,3706,28,Female,Skirt,Clothing,65.0,Colorado,L,Teal,Summer,3.2,0,Free Shipping,0,0,2.0,Debit Card,Annually,1.0,-2.169479965602096,81.37368383216301,-2.169479965602096,67.1399862251437,Average,1,1,3,113,Lost
3706,3707,26,Female,Sandals,Footwear,55.0,Kansas,M,Green,Spring,4.0,0,Store Pickup,0,0,17.0,Cash,Bi-Weekly,114.0,1.3976502806225781,45.93617976452527,1.3976502806225781,35.90386805555701,Good,5,2,3,523,Potential Loyalist
3707,3708,35,Female,Gloves,Accessories,79.0,Illinois,M,Gold,Fall,3.4,0,2-Day Shipping,0,0,19.0,Venmo,Weekly,57.0,1.0609673592694175,49.28094196029436,1.0609673592694175,38.85208322886039,Average,4,2,4,424,Potential Loyalist
3708,3709,40,Female,Hoodie,Clothing,96.0,South Carolina,M,Red,Fall,4.9,0,Express,0,0,41.0,PayPal,Monthly,12.0,2.1266204953463728,38.69425609863114,2.1266204953463728,29.520529574064614,Good,3,5,5,355,Loyal Customer
3709,3710,31,Female,Socks,Clothing,43.0,Utah,M,Silver,Fall,3.6,0,Free Shipping,0,0,27.0,PayPal,Quarterly,3.0,-1.315541843563031,72.89027179378905,-1.315541843563031,59.66234726935908,Average,1,3,2,132,Need Attention
3710,3711,60,Female,Jewelry,Accessories,40.0,Hawaii,M,Yellow,Summer,3.6,0,2-Day Shipping,0,0,32.0,Bank Transfer,Fortnightly,28.0,-0.44321196895096765,64.22414766989299,-0.44321196895096765,52.02365813680451,Average,3,4,2,342,Loyal Customer
3711,3712,69,Female,Hat,Accessories,62.0,Texas,XL,Peach,Fall,3.2,0,Free Shipping,0,0,33.0,Cash,Annually,1.0,-0.1501257862808857,61.31249542463733,-0.1501257862808857,49.45720443205265,Average,1,4,3,143,At Risk
3712,3713,51,Female,Blouse,Clothing,72.0,Oregon,M,Turquoise,Spring,3.7,0,2-Day Shipping,0,0,24.0,PayPal,Quarterly,3.0,-0.2986818842460427,62.788319676214456,-0.2986818842460427,50.75805848294229,Average,1,3,4,134,At Risk
3713,3714,49,Female,Shoes,Footwear,87.0,Arizona,M,Peach,Spring,2.6,0,Express,0,0,31.0,Debit Card,Every 3 Months,4.0,0.8454035501061681,51.42245147544118,0.8454035501061681,40.73970048736556,Average,2,4,5,245,At Risk
3714,3715,18,Female,Hat,Accessories,31.000000000000004,New York,S,Peach,Winter,3.9,0,Express,0,0,35.0,Credit Card,Weekly,57.0,0.1417707255237145,58.412661914113684,0.1417707255237145,46.90116826105258,Average,4,4,1,441,Loyal Customer
3715,3716,63,Female,Sunglasses,Accessories,34.0,Nebraska,S,Orange,Fall,3.4,0,Free Shipping,0,0,2.0,Bank Transfer,Monthly,12.0,-3.191207494781014,91.52399261598612,-3.191207494781014,76.08689862687898,Average,3,1,1,311,Lost
3716,3717,57,Female,Shirt,Clothing,53.0,Vermont,M,Charcoal,Fall,3.4,0,Next Day Air,0,0,42.0,Debit Card,Every 3 Months,4.0,0.1712303348815135,58.11999667500364,0.1712303348815135,46.643200714141734,Average,2,5,3,253,At Risk
3717,3718,45,Female,T-shirt,Clothing,85.0,Maryland,XL,White,Summer,4.2,0,Express,0,0,47.0,Bank Transfer,Every 3 Months,4.0,1.8685812744867039,41.25773578892352,1.8685812744867039,31.780089230931996,Good,2,5,5,255,At Risk
3718,3719,36,Female,Pants,Clothing,50.0,Tennessee,L,Turquoise,Fall,2.9,0,Standard,0,0,44.0,Bank Transfer,Bi-Weekly,114.0,3.055646205037446,29.46488960690819,3.055646205037446,21.385374744434447,Average,5,5,2,552,Loyal Customer
3719,3720,20,Female,Pants,Clothing,91.0,Pennsylvania,M,Red,Summer,4.1,0,Free Shipping,0,0,8.0,Bank Transfer,Every 3 Months,4.0,-0.5779107079758079,65.56230657708468,-0.5779107079758079,53.20316811795176,Good,2,1,5,215,About to Sleep
3720,3721,21,Female,Hat,Accessories,56.0,South Carolina,M,Peach,Fall,3.6,0,Free Shipping,0,0,13.0,Credit Card,Quarterly,3.0,-1.7357851452455608,77.06516104223566,-1.7357851452455608,63.34227161336803,Average,1,2,3,123,Need Attention
3721,3722,62,Female,Coat,Outerwear,60.0,Connecticut,L,Pink,Fall,4.0,0,Next Day Air,0,0,10.0,Cash,Annually,1.0,-1.8267932215097624,77.96927691415088,-1.8267932215097624,64.13919766550308,Good,1,1,3,113,Lost
3722,3723,23,Female,Jacket,Outerwear,34.0,Kentucky,XL,Yellow,Fall,4.0,0,Standard,0,0,1.0,Credit Card,Fortnightly,28.0,-2.8425959139925294,88.06072565922375,-2.8425959139925294,73.03422833419191,Good,3,1,1,311,Lost
3723,3724,26,Female,Sandals,Footwear,30.0,Rhode Island,M,Beige,Spring,3.6,0,Free Shipping,0,0,1.0,Debit Card,Monthly,12.0,-3.429336411843291,93.88967423805411,-3.429336411843291,78.17211068237522,Average,3,1,1,311,Lost
3724,3725,30,Female,Gloves,Accessories,71.0,Colorado,L,Green,Winter,3.1,0,Express,0,0,18.0,Bank Transfer,Annually,1.0,-0.808498005025693,67.85306629515196,-0.808498005025693,55.22234083155784,Average,1,2,4,124,Need Attention
3725,3726,18,Female,Dress,Clothing,100.0,Oklahoma,S,Turquoise,Winter,4.4,0,Next Day Air,0,0,2.0,PayPal,Annually,1.0,-0.6915864322451754,66.69161323625444,-0.6915864322451754,54.19858687510237,Good,1,1,5,115,Need Attention
3726,3727,47,Female,Belt,Accessories,85.0,Idaho,XL,Orange,Fall,4.3,0,Next Day Air,0,0,36.0,Debit Card,Every 3 Months,4.0,1.1070864858789207,48.82277345395796,1.1070864858789207,38.44823408705312,Good,2,4,5,245,At Risk
3727,3728,41,Female,Socks,Clothing,83.0,Maine,M,Gold,Summer,3.5,0,Next Day Air,0,0,17.0,Debit Card,Bi-Weekly,114.0,2.579965107308115,34.19052328779841,2.579965107308115,25.550748575523947,Average,5,2,4,524,Potential Loyalist
3728,3729,62,Female,Jacket,Outerwear,31.000000000000004,Vermont,L,Red,Winter,3.0,0,Standard,0,0,1.0,Debit Card,Annually,1.0,-3.6743747683988772,96.32399739358122,-3.6743747683988772,80.31782629496111,Average,1,1,1,111,Hibernating
3729,3730,28,Female,Boots,Footwear,82.0,Rhode Island,M,Teal,Spring,4.7,0,2-Day Shipping,0,0,50.0,Cash,Quarterly,3.0,1.923470184071733,40.712444245743576,1.923470184071733,31.299446151579257,Good,1,5,4,154,At Risk
3730,3731,46,Female,Shirt,Clothing,79.0,Florida,M,Teal,Summer,2.5,0,2-Day Shipping,0,0,3.0,Credit Card,Bi-Weekly,114.0,1.441887803709366,45.49670396854349,1.441887803709366,35.51649546098153,Poor,5,1,4,514,Recent Customer
3731,3732,54,Female,Hat,Accessories,62.0,West Virginia,M,Lavender,Spring,3.1,0,2-Day Shipping,0,0,45.0,PayPal,Quarterly,3.0,0.7328255987603446,52.54085235608361,0.7328255987603446,41.72550642906053,Average,1,5,3,153,At Risk
3732,3733,36,Female,Shoes,Footwear,92.0,Indiana,L,Pink,Spring,3.3,0,Free Shipping,0,0,28.0,PayPal,Annually,1.0,0.7705061046318985,52.16651696939368,0.7705061046318985,41.39555135233201,Average,1,3,5,135,At Risk
3733,3734,25,Female,Socks,Clothing,58.0,Illinois,M,Maroon,Fall,4.7,0,Next Day Air,0,0,6.0,Debit Card,Every 3 Months,4.0,-2.1098067802124496,80.78086310401254,-2.1098067802124496,66.61744890754522,Good,2,1,3,213,About to Sleep
3734,3735,38,Female,Hoodie,Clothing,88.0,California,M,Beige,Spring,3.4,0,Next Day Air,0,0,33.0,Debit Card,Every 3 Months,4.0,1.0260826775593395,49.62750235048687,1.0260826775593395,39.15755624638132,Average,2,4,5,245,At Risk
3735,3736,38,Female,Sandals,Footwear,44.0,Massachusetts,L,Orange,Spring,3.1,0,2-Day Shipping,0,0,29.0,PayPal,Annually,1.0,-1.1870925135789634,71.61419737553271,-1.1870925135789634,58.53756118832574,Average,1,3,2,132,Need Attention
3736,3737,42,Female,Jeans,Clothing,56.0,Idaho,M,Red,Spring,4.6,0,Store Pickup,0,0,2.0,PayPal,Every 3 Months,4.0,-2.471165035118792,84.37076135392113,-2.471165035118792,69.78173738951371,Good,2,1,3,213,About to Sleep
3737,3738,19,Female,Jewelry,Accessories,23.0,Kentucky,S,Maroon,Winter,4.9,0,Free Shipping,0,0,43.0,PayPal,Bi-Weekly,114.0,1.846330108912049,41.47878904914468,1.846330108912049,31.97493494424358,Good,5,5,1,551,Loyal Customer
3738,3739,34,Female,Shorts,Clothing,45.0,Delaware,M,Brown,Spring,2.7,0,Free Shipping,0,0,48.0,Cash,Fortnightly,28.0,0.8755444621009519,51.12301786419362,0.8755444621009519,40.47576701036269,Average,3,5,2,352,Loyal Customer
3739,3740,38,Female,Sunglasses,Accessories,31.000000000000004,Idaho,M,Olive,Fall,4.2,0,Free Shipping,0,0,43.0,Credit Card,Weekly,57.0,0.6955851172384657,52.910816339543175,0.6955851172384657,42.05160836569177,Good,4,5,1,451,Loyal Customer
3740,3741,42,Female,Pants,Clothing,96.0,Virginia,M,Silver,Summer,2.6,0,Store Pickup,0,0,26.0,Debit Card,Bi-Weekly,114.0,3.7519381818054947,22.547606509354843,3.7519381818054947,15.28818822037053,Average,5,3,5,535,Potential Loyalist
3741,3742,58,Female,Shirt,Clothing,96.0,Arizona,M,Purple,Spring,3.2,0,2-Day Shipping,0,0,26.0,Debit Card,Bi-Weekly,114.0,3.7519381818054947,22.547606509354843,3.7519381818054947,15.28818822037053,Average,5,3,5,535,Potential Loyalist
3742,3743,56,Female,Shirt,Clothing,80.0,Maryland,M,Gray,Fall,4.4,0,Standard,0,0,50.0,Credit Card,Bi-Weekly,114.0,4.737772884558013,12.753873486630102,4.737772884558013,6.655576808592686,Good,5,5,4,554,Champion
3743,3744,62,Female,Pants,Clothing,28.0,Idaho,L,Cyan,Fall,3.6,0,Free Shipping,0,0,36.0,Debit Card,Quarterly,3.0,-1.3258835957511876,72.99301149207233,-1.3258835957511876,59.75290639423875,Average,1,4,1,141,Need Attention
3744,3745,24,Female,Hoodie,Clothing,51.0,New Jersey,M,Gray,Summer,2.7,0,Next Day Air,0,0,26.0,Bank Transfer,Fortnightly,28.0,-0.3940919379677131,63.73616680639246,-0.3940919379677131,51.59353111974071,Average,3,3,2,332,Promising
3745,3746,60,Female,Socks,Clothing,41.0,Washington,L,Gold,Spring,4.3,0,Express,0,0,2.0,Debit Card,Monthly,12.0,-2.8956287881096294,88.58757849680438,-2.8956287881096294,73.4986187568707,Good,3,1,2,312,Need Attention
3746,3747,53,Female,Coat,Outerwear,99.0,Idaho,XL,Cyan,Summer,2.6,0,Next Day Air,0,0,49.0,PayPal,Monthly,12.0,2.8071114756345743,31.933947330125616,2.8071114756345743,23.56170687727168,Average,3,5,5,355,Loyal Customer
3747,3748,26,Female,Sweater,Clothing,53.0,Rhode Island,L,Olive,Spring,4.3,0,Store Pickup,0,0,32.0,Bank Transfer,Bi-Weekly,114.0,2.3516012060387697,36.45919477482892,2.3516012060387697,27.550451786043556,Good,5,4,3,543,Loyal Customer
3748,3749,34,Female,Backpack,Accessories,25.0,Delaware,M,Violet,Fall,3.9,0,2-Day Shipping,0,0,3.0,Venmo,Annually,1.0,-3.78927434761709,97.46546238780864,-3.78927434761709,81.32396192398512,Average,1,1,1,111,Hibernating
3749,3750,24,Female,Blouse,Clothing,95.0,Alaska,L,Yellow,Winter,2.9,0,2-Day Shipping,0,0,38.0,Venmo,Every 3 Months,4.0,1.6677953790524431,43.25243474719859,1.6677953790524431,33.53830144177254,Average,2,4,5,245,At Risk
3750,3751,42,Female,Hoodie,Clothing,88.0,Arizona,M,Gold,Fall,3.1,0,Free Shipping,0,0,5.0,PayPal,Monthly,12.0,-0.7033485035658755,66.8084630346918,-0.7033485035658755,54.3015832403406,Average,3,1,5,315,Need Attention
3751,3752,36,Female,Jewelry,Accessories,97.0,Alabama,S,Silver,Fall,4.2,0,Free Shipping,0,0,8.0,Credit Card,Every 3 Months,4.0,-0.32455753082890704,63.04538018921465,-0.32455753082890704,50.98464251508752,Good,2,1,5,215,About to Sleep
3752,3753,24,Female,Coat,Outerwear,81.0,Washington,L,Pink,Winter,4.1,0,2-Day Shipping,0,0,43.0,Venmo,Weekly,57.0,2.8068615934626386,31.936429773959496,2.8068615934626386,23.56389500848985,Good,4,5,4,454,Champion
3753,3754,39,Female,Sunglasses,Accessories,26.0,Louisiana,S,Turquoise,Winter,4.2,0,Next Day Air,0,0,22.0,Bank Transfer,Fortnightly,28.0,-1.726637371937175,76.97428287646956,-1.726637371937175,63.26216774602207,Good,3,3,1,331,Promising
3754,3755,46,Female,Shoes,Footwear,41.0,Nebraska,M,Turquoise,Summer,4.4,0,Express,0,0,10.0,Cash,Every 3 Months,4.0,-2.5507335862712925,85.16123174902573,-2.5507335862712925,70.47849150131346,Good,2,1,2,212,About to Sleep
3755,3756,64,Female,Skirt,Clothing,93.0,Pennsylvania,M,Peach,Fall,3.4,0,Free Shipping,0,0,26.0,Credit Card,Monthly,12.0,0.9615419223077635,50.26867974488586,0.9615419223077635,39.722717179298265,Average,3,3,5,335,Promising
3756,3757,64,Female,Skirt,Clothing,69.0,South Carolina,L,Teal,Spring,4.8,0,Express,0,0,42.0,Debit Card,Bi-Weekly,114.0,3.7194776680739436,22.87008410562902,3.7194776680739436,15.572433642537927,Good,5,5,4,554,Champion
3757,3758,61,Female,Skirt,Clothing,44.0,California,L,Red,Fall,4.5,0,2-Day Shipping,0,0,33.0,Cash,Weekly,57.0,0.5522490114133114,54.33478280070455,0.5522490114133114,43.306752762020295,Good,4,4,2,442,Loyal Customer
3758,3759,61,Female,Sandals,Footwear,54.0,Indiana,S,Black,Spring,2.7,0,Store Pickup,0,0,23.0,Bank Transfer,Quarterly,3.0,-1.1279682146510888,71.02682953664589,-1.1279682146510888,58.01983027845509,Average,1,3,3,133,At Risk
3759,3760,44,Female,Sneakers,Footwear,61.0,Missouri,M,Pink,Spring,3.5,0,Store Pickup,0,0,30.0,Venmo,Quarterly,3.0,-0.34780191522929726,63.27630053971498,-0.34780191522929726,51.1881855000061,Average,1,3,3,133,At Risk
3760,3761,65,Female,Socks,Clothing,80.0,Connecticut,M,Peach,Fall,3.1,0,Next Day Air,0,0,36.0,PayPal,Weekly,57.0,2.2800484711877473,37.17003238302037,2.2800484711877473,28.17701418407461,Average,4,4,4,444,Champion
3761,3762,60,Female,Backpack,Accessories,30.0,Nevada,M,Green,Summer,2.8,0,Next Day Air,0,0,3.0,Venmo,Every 3 Months,4.0,-3.4998020037910176,94.58971167120332,-3.4998020037910176,78.78915334833859,Average,2,1,1,211,About to Sleep
3762,3763,65,Female,Shorts,Clothing,94.0,New York,L,Green,Fall,2.9,0,Store Pickup,0,0,13.0,PayPal,Annually,1.0,-0.18344482078429314,61.64350195909003,-0.18344482078429314,49.74896762184547,Average,1,2,5,125,Need Attention
3763,3764,27,Female,Shirt,Clothing,24.0,Oklahoma,XL,Red,Winter,4.5,0,Standard,0,0,38.0,Cash,Every 3 Months,4.0,-1.330217217185882,73.03606367032742,-1.330217217185882,59.79085440899925,Good,2,4,1,241,Need Attention
3764,3765,36,Female,Socks,Clothing,21.0,South Dakota,M,Maroon,Fall,3.5,0,Next Day Air,0,0,19.0,Venmo,Monthly,12.0,-2.563283796205452,85.28591127707556,-2.563283796205452,70.58838932210972,Average,3,2,1,321,Promising
3765,3766,22,Female,Jewelry,Accessories,52.0,Missouri,M,Green,Summer,4.3,0,Standard,0,0,14.0,Bank Transfer,Bi-Weekly,114.0,1.063293295156096,49.257835048924235,1.063293295156096,38.83171581774943,Good,5,2,3,523,Potential Loyalist
3766,3767,62,Female,Handbag,Accessories,59.0,Texas,M,Black,Fall,4.9,0,Next Day Air,0,0,43.0,Debit Card,Annually,1.0,0.41546561478910304,55.69365165035922,0.41546561478910304,44.504517364283736,Good,1,5,3,153,At Risk
3767,3768,59,Female,Shorts,Clothing,51.0,New York,XL,Black,Summer,3.1,0,Free Shipping,0,0,10.0,Bank Transfer,Fortnightly,28.0,-1.5017207213972155,74.73985795553347,-1.5017207213972155,61.29265091046234,Average,3,1,2,312,Need Attention
3768,3769,50,Female,Sweater,Clothing,35.0,Vermont,M,Yellow,Winter,4.0,0,Free Shipping,0,0,34.0,Bank Transfer,Quarterly,3.0,-1.1687584870084913,71.43205876653325,-1.1687584870084913,58.377016498070674,Good,1,4,1,141,Need Attention
3769,3770,51,Female,Gloves,Accessories,87.0,Arizona,L,Green,Summer,3.6,0,Standard,0,0,31.0,Venmo,Annually,1.0,0.7670588539025128,52.20076353548813,0.7670588539025128,41.4257377272919,Average,1,4,5,145,At Risk
3770,3771,23,Female,Pants,Clothing,42.0,Montana,L,Black,Summer,4.0,0,Store Pickup,0,0,34.0,Bank Transfer,Weekly,57.0,0.5370247513286884,54.48602756650659,0.5370247513286884,43.440066309388264,Good,4,4,2,442,Loyal Customer
3771,3772,21,Female,T-shirt,Clothing,86.0,Oklahoma,M,Red,Winter,2.6,0,Express,0,0,28.0,Venmo,Bi-Weekly,114.0,3.468136484489348,25.36702242882895,3.468136484489348,17.773340917970707,Average,5,3,5,535,Potential Loyalist
3772,3773,44,Female,Pants,Clothing,26.0,New Hampshire,L,Yellow,Fall,3.1,0,Next Day Air,0,0,35.0,Cash,Annually,1.0,-1.531791251233602,75.03859235821496,-1.531791251233602,61.555968075397814,Average,1,4,1,141,Need Attention
3773,3774,25,Female,Sweater,Clothing,60.0,Wisconsin,M,Violet,Summer,3.5,0,Store Pickup,0,0,41.0,Cash,Quarterly,3.0,0.37146734385400204,56.13075060599222,0.37146734385400204,44.889794911029014,Average,1,5,3,153,At Risk
3774,3775,57,Female,Gloves,Accessories,83.0,Alaska,S,Cyan,Winter,3.9,0,Standard,0,0,48.0,PayPal,Fortnightly,28.0,2.4801145840313232,35.18248407435002,2.4801145840313232,26.425104858889238,Average,3,5,4,354,Loyal Customer
3775,3776,41,Female,Belt,Accessories,63.0,South Dakota,S,Pink,Spring,2.7,0,2-Day Shipping,0,0,45.0,Cash,Quarterly,3.0,0.7750511282848281,52.121364624771935,0.7750511282848281,41.355752161916485,Average,1,5,3,153,At Risk
3776,3777,19,Female,Sneakers,Footwear,25.0,Alaska,L,Olive,Spring,4.1,0,Standard,0,0,10.0,Credit Card,Fortnightly,28.0,-2.599584489033785,85.64653896963698,-2.599584489033785,70.90626185620734,Good,3,1,1,311,Lost
3777,3778,43,Female,Shorts,Clothing,65.0,Utah,M,Maroon,Fall,4.3,0,Express,0,0,9.0,Cash,Weekly,57.0,-0.22245804371678957,62.03107716687093,-0.22245804371678957,50.09059283807794,Good,4,1,3,413,Recent Customer
3778,3779,25,Female,Sneakers,Footwear,60.0,South Dakota,M,Cyan,Fall,2.9,0,Free Shipping,0,0,30.0,Debit Card,Annually,1.0,-0.4422572422228842,64.21466297772461,-0.4422572422228842,52.01529792710103,Average,1,3,3,133,At Risk
3779,3780,60,Female,Jeans,Clothing,75.0,California,XL,Lavender,Spring,4.0,0,Express,0,0,45.0,PayPal,Annually,1.0,1.229527685109526,47.60638655572981,1.229527685109526,37.37605911613893,Good,1,5,4,154,At Risk
3780,3781,54,Female,Sneakers,Footwear,57.0,Mississippi,L,Yellow,Fall,4.1,0,Free Shipping,0,0,41.0,Venmo,Quarterly,3.0,0.24479075528055183,57.389213799927234,0.24479075528055183,45.99905771246113,Good,1,5,3,153,At Risk
3781,3782,52,Female,Boots,Footwear,99.0,Tennessee,M,Pink,Winter,3.7,0,Standard,0,0,40.0,PayPal,Fortnightly,28.0,2.601908664708307,33.972525947933754,2.601908664708307,25.35859647994545,Average,3,4,5,345,Loyal Customer
3782,3783,40,Female,Jacket,Outerwear,45.0,Alabama,L,Orange,Spring,2.8,0,Free Shipping,0,0,42.0,PayPal,Fortnightly,28.0,0.46018366831488844,55.2494020451215,0.46018366831488844,44.112936931883304,Average,3,5,2,352,Loyal Customer
3783,3784,39,Female,Gloves,Accessories,66.0,Maine,XL,Orange,Summer,3.2,0,Free Shipping,0,0,17.0,Debit Card,Fortnightly,28.0,-0.3837501857795564,63.633427108109174,-0.3837501857795564,51.502971994861056,Average,3,2,3,323,Promising
3784,3785,54,Female,Socks,Clothing,53.0,Virginia,M,Violet,Winter,4.5,0,Next Day Air,0,0,4.0,Venmo,Annually,1.0,-2.5377327219672097,85.03207521426046,-2.5377327219672097,70.36464745703196,Good,1,1,3,113,Lost
3785,3786,64,Female,Jeans,Clothing,94.0,New Hampshire,L,Lavender,Winter,3.8,0,Standard,0,0,6.0,Cash,Monthly,12.0,-0.3807685274546311,63.60380595000045,-0.3807685274546311,51.476862650556264,Average,3,1,5,315,Need Attention
3786,3787,31,Female,Boots,Footwear,47.0,Tennessee,L,Yellow,Fall,3.6,0,2-Day Shipping,0,0,22.0,Venmo,Weekly,57.0,-0.08256918862102103,60.641357271803976,-0.08256918862102103,48.8656348167093,Average,4,3,2,432,Potential Loyalist
3787,3788,37,Female,Blouse,Clothing,80.0,New York,M,Pink,Fall,3.6,0,2-Day Shipping,0,0,46.0,PayPal,Every 3 Months,4.0,1.5882268278999425,44.0429051423032,1.5882268278999425,34.235055553572295,Average,2,5,4,254,At Risk
3788,3789,43,Female,Hat,Accessories,65.0,Kansas,XL,Teal,Spring,3.2,0,Next Day Air,0,0,27.0,Debit Card,Monthly,12.0,-0.15154610541342922,61.3266055247914,-0.15154610541342922,49.46964167241122,Average,3,3,3,333,Promising
3789,3790,56,Female,Shirt,Clothing,75.0,North Dakota,M,Magenta,Summer,3.8,0,Express,0,0,18.0,Bank Transfer,Every 3 Months,4.0,-0.561251190724104,65.39680330985833,-0.561251190724104,53.057286523055346,Average,2,2,4,224,About to Sleep
3790,3791,27,Female,Handbag,Accessories,45.0,Alaska,XL,Beige,Summer,4.4,0,Standard,0,0,31.0,Credit Card,Weekly,57.0,0.4560209430091071,55.29075646303551,0.4560209430091071,44.14938846871646,Good,4,4,2,442,Loyal Customer
3791,3792,40,Female,Sunglasses,Accessories,51.0,Texas,M,Gray,Spring,3.7,0,Store Pickup,0,0,1.0,Venmo,Weekly,57.0,-1.3674298487743093,73.40575097980485,-1.3674298487743093,60.116712473455294,Average,4,1,2,412,Recent Customer
3792,3793,43,Female,Scarf,Accessories,58.0,Massachusetts,S,Turquoise,Summer,2.6,0,Express,0,0,2.0,PayPal,Fortnightly,28.0,-1.7599564064405824,77.30528941092226,-1.7599564064405824,63.5539309358149,Average,3,1,3,313,Need Attention
3793,3794,62,Female,Sunglasses,Accessories,20.0,Delaware,M,Pink,Fall,4.0,0,Standard,0,0,46.0,Bank Transfer,Annually,1.0,-1.02364963977272,69.99048108105055,-1.02364963977272,57.106348822140916,Good,1,5,1,151,Need Attention
3794,3795,44,Female,Scarf,Accessories,82.0,South Dakota,M,Violet,Summer,3.6,0,2-Day Shipping,0,0,27.0,Venmo,Weekly,57.0,1.7414583395576193,42.52063319178884,1.7414583395576193,32.89326053206746,Average,4,3,4,434,Potential Loyalist
3795,3796,45,Female,Gloves,Accessories,92.0,Arkansas,M,Charcoal,Spring,2.5,0,Express,0,0,3.0,Cash,Weekly,57.0,0.5022704596582002,54.83129260238362,0.5022704596582002,43.74439754670952,Poor,4,1,5,415,Recent Customer
3796,3797,40,Female,Shorts,Clothing,81.0,Utah,M,Lavender,Fall,3.2,0,Free Shipping,0,0,47.0,Bank Transfer,Quarterly,3.0,1.6735642576542178,43.19512406751919,1.6735642576542178,33.487785379483604,Average,1,5,4,154,At Risk
3797,3798,68,Female,Sunglasses,Accessories,44.0,California,M,Gray,Summer,2.5,0,Next Day Air,0,0,20.0,Cash,Quarterly,3.0,-1.7579039067889548,77.28489894022657,-1.7579039067889548,63.535957910655775,Poor,1,2,2,122,Hibernating
3798,3799,63,Female,Jewelry,Accessories,72.0,Rhode Island,S,Brown,Winter,3.2,0,Next Day Air,0,0,23.0,Credit Card,Annually,1.0,-0.4201384806794901,63.99492507973372,-0.4201384806794901,51.82161162981329,Average,1,3,4,134,At Risk
3799,3800,60,Female,Jacket,Outerwear,26.0,Oklahoma,L,Violet,Winter,2.6,0,Store Pickup,0,0,13.0,Credit Card,Monthly,12.0,-2.767516942369098,87.31485680144505,-2.767516942369098,72.37678790791016,Average,3,2,1,321,Promising
3800,3801,19,Female,Sweater,Clothing,26.0,Vermont,M,Turquoise,Fall,4.8,0,Next Day Air,0,0,12.0,Venmo,Bi-Weekly,114.0,-0.17302407040916146,61.53997745667037,-0.17302407040916146,49.65771673733463,Good,5,2,1,521,Potential Loyalist
3801,3802,26,Female,Blouse,Clothing,84.0,Kentucky,M,Peach,Spring,5.0,0,Store Pickup,0,0,36.0,PayPal,Fortnightly,28.0,1.6916185259836798,43.0157647048941,1.6916185259836798,33.32969043478643,Good,3,4,4,344,Loyal Customer
3802,3803,70,Female,Scarf,Accessories,72.0,Illinois,S,Turquoise,Spring,3.2,0,2-Day Shipping,0,0,1.0,Bank Transfer,Monthly,12.0,-1.6558641718149865,76.27118952296384,-1.6558641718149865,62.64243146232562,Average,3,1,4,314,Need Attention
3803,3804,48,Female,Handbag,Accessories,55.0,Connecticut,M,Violet,Spring,3.6,0,Standard,0,0,14.0,Debit Card,Weekly,57.0,-0.2985793441399046,62.78730099588109,-0.2985793441399046,50.75716057491781,Average,4,2,3,423,Potential Loyalist
3804,3805,37,Female,Hat,Accessories,77.0,Florida,M,Olive,Fall,2.7,0,2-Day Shipping,0,0,45.0,Cash,Annually,1.0,1.3139787441584931,46.767411093106475,1.3139787441584931,36.63655058185085,Average,1,5,4,154,At Risk
3805,3806,48,Female,Scarf,Accessories,57.0,New Jersey,M,Green,Fall,3.1,0,Standard,0,0,31.0,Credit Card,Quarterly,3.0,-0.44747723436288717,64.26652076814037,-0.44747723436288717,52.06100758166215,Average,1,4,3,143,At Risk
3806,3807,18,Female,Boots,Footwear,71.0,Missouri,M,Teal,Spring,3.0,0,Standard,0,0,41.0,PayPal,Weekly,57.0,2.246152700289116,37.50676848071887,2.246152700289116,28.473827653770446,Average,4,5,4,454,Champion
3807,3808,38,Female,Blouse,Clothing,39.0,Michigan,L,Peach,Spring,2.9,0,Next Day Air,0,0,36.0,PayPal,Annually,1.0,-0.9136325684509733,68.89752115434187,-0.9136325684509733,56.14296761560522,Average,1,4,2,142,Need Attention
3808,3809,33,Female,Socks,Clothing,28.0,Washington,M,Pink,Winter,4.7,0,Express,0,0,6.0,Debit Card,Bi-Weekly,114.0,-0.5039338051462581,64.8273861749749,-0.5039338051462581,52.55537812456716,Good,5,1,1,511,Recent Customer
3809,3810,57,Female,Shoes,Footwear,33.0,New York,S,Maroon,Winter,3.7,0,Standard,0,0,28.0,Credit Card,Annually,1.0,-1.7208001373126252,76.91629311678243,-1.7208001373126252,63.21105311383026,Average,1,3,1,131,Lost
3810,3811,46,Female,Skirt,Clothing,79.0,Wisconsin,L,Peach,Fall,3.9,0,Free Shipping,0,0,29.0,Venmo,Monthly,12.0,0.578064905858027,54.07831589278535,0.578064905858027,43.08069195855449,Average,3,3,4,334,Promising
3811,3812,46,Female,Belt,Accessories,30.0,Idaho,M,Maroon,Winter,4.0,0,Standard,0,0,14.0,Cash,Monthly,12.0,-2.5293880253068206,84.94917517937705,-2.5293880253068206,70.29157585241389,Good,3,2,1,321,Promising
3812,3813,50,Female,Skirt,Clothing,75.0,Michigan,M,Pink,Spring,2.8,0,Next Day Air,0,0,7.0,Bank Transfer,Every 3 Months,4.0,-1.322745979331887,72.96184097489278,-1.322745979331887,59.72543137917648,Average,2,1,4,214,About to Sleep
3813,3814,61,Female,Pants,Clothing,89.0,Georgia,M,Orange,Summer,4.1,0,Express,0,0,31.0,Venmo,Bi-Weekly,114.0,3.80249346995583,22.045367144429992,3.80249346995583,14.84549315577829,Good,5,4,5,545,Champion
3814,3815,45,Female,Dress,Clothing,95.0,Michigan,M,Orange,Winter,4.2,0,Free Shipping,0,0,26.0,Bank Transfer,Every 3 Months,4.0,0.8370737914803161,51.50520310905436,0.8370737914803161,40.812641284813765,Good,2,3,5,235,At Risk
3815,3816,32,Female,Hat,Accessories,44.0,Maine,M,Brown,Fall,4.3,0,Express,0,0,12.0,Venmo,Fortnightly,28.0,-1.6588458301399118,76.30081068107256,-1.6588458301399118,62.6685408066304,Good,3,2,2,322,Promising
3816,3817,29,Female,Coat,Outerwear,86.0,Maryland,S,Silver,Summer,4.3,0,Store Pickup,0,0,45.0,Credit Card,Fortnightly,28.0,2.399110775711742,35.98721297087894,2.399110775711742,27.134427018217433,Good,3,5,5,355,Loyal Customer
3817,3818,66,Female,Scarf,Accessories,91.0,Missouri,M,Magenta,Fall,2.6,0,Express,0,0,40.0,PayPal,Annually,1.0,1.5590021626795418,44.333236338849616,1.5590021626795418,34.49096577643483,Average,1,4,5,145,At Risk
3818,3819,70,Female,Sneakers,Footwear,41.0,Oregon,XL,Indigo,Winter,3.8,0,Free Shipping,0,0,42.0,Cash,Monthly,12.0,-0.12655682953587366,61.07835062395187,-0.12655682953587366,49.25081928006661,Average,3,5,2,352,Loyal Customer
3819,3820,36,Female,Pants,Clothing,99.0,Arkansas,S,Gold,Spring,2.9,0,Express,0,0,45.0,Cash,Quarterly,3.0,2.2951701911662323,37.019806297551696,2.2951701911662323,28.04459854473112,Average,1,5,5,155,At Risk
3820,3821,34,Female,Belt,Accessories,65.0,New Hampshire,M,Purple,Winter,5.0,0,Standard,0,0,34.0,Debit Card,Quarterly,3.0,0.09800739872601205,58.847426827183035,0.09800739872601205,47.28438848374954,Good,1,4,3,143,At Risk
3821,3822,20,Female,Sneakers,Footwear,48.0,Oregon,M,Gold,Summer,4.6,0,Free Shipping,0,0,34.0,Credit Card,Every 3 Months,4.0,-0.5937117044556548,65.71928090613251,-0.5937117044556548,53.34153194522274,Good,2,4,2,242,Need Attention
3822,3823,70,Female,Hat,Accessories,41.0,Kansas,S,Gold,Spring,3.2,0,Free Shipping,0,0,17.0,PayPal,Every 3 Months,4.0,-2.0661459935208852,80.34711687127654,-2.0661459935208852,66.23512659287275,Average,2,2,2,222,About to Sleep
3823,3824,50,Female,Shirt,Clothing,42.0,California,M,Gold,Summer,3.0,0,Standard,0,0,27.0,Bank Transfer,Weekly,57.0,0.05243715857828113,59.300142444255776,0.05243715857828113,47.683431217828975,Average,4,3,2,432,Potential Loyalist
3824,3825,54,Female,Shorts,Clothing,26.0,Georgia,M,Olive,Summer,4.0,0,Free Shipping,0,0,31.0,Credit Card,Quarterly,3.0,-1.756468649621874,77.27064043880225,-1.756468649621874,63.523389863127335,Good,1,4,1,141,Need Attention
3825,3826,49,Female,Shorts,Clothing,35.0,Hawaii,L,Green,Fall,4.1,0,Express,0,0,47.0,Debit Card,Fortnightly,28.0,0.3840623678917737,56.00562587413166,0.3840623678917737,44.77950466872317,Good,3,5,1,351,Loyal Customer
3826,3827,50,Female,Jacket,Outerwear,31.000000000000004,Montana,M,Gray,Summer,4.0,0,Express,0,0,25.0,Bank Transfer,Annually,1.0,-2.0129315932546237,79.81846066986971,-2.0129315932546237,65.76914660887864,Good,1,3,1,131,Lost
3827,3828,62,Female,Jewelry,Accessories,73.0,Montana,M,Red,Summer,4.1,0,Standard,0,0,47.0,Cash,Fortnightly,28.0,1.9886324898221446,40.065092084288075,1.9886324898221446,30.728842517249728,Good,3,5,4,354,Loyal Customer
3828,3829,42,Female,Blouse,Clothing,82.0,Mississippi,M,Charcoal,Spring,3.4,0,Free Shipping,0,0,8.0,Cash,Weekly,57.0,0.4261491592350851,55.587516431393794,0.4261491592350851,44.410965283549395,Average,4,1,4,414,Recent Customer
3829,3830,69,Female,Pants,Clothing,32.0,Washington,M,Indigo,Spring,2.9,0,Free Shipping,0,0,32.0,Debit Card,Fortnightly,28.0,-0.7810162051468353,67.58004952038638,-0.7810162051468353,54.98169227395683,Average,3,4,1,341,Loyal Customer
3830,3831,22,Female,Hat,Accessories,27.0,Pennsylvania,M,Indigo,Summer,3.0,0,2-Day Shipping,0,0,33.0,Bank Transfer,Every 3 Months,4.0,-1.5496746234341514,75.21625396049896,-1.5496746234341514,61.71256654216764,Average,2,4,1,241,Need Attention
3831,3832,36,Female,Backpack,Accessories,86.0,Nevada,L,Silver,Spring,4.0,0,Next Day Air,0,0,16.0,Debit Card,Every 3 Months,4.0,-0.23522396388347377,62.15789965907255,-0.23522396388347377,50.20237955831113,Good,2,2,5,225,About to Sleep
3832,3833,64,Female,Boots,Footwear,38.0,Kansas,XL,Purple,Winter,4.8,0,2-Day Shipping,0,0,27.0,Cash,Weekly,57.0,-0.11646495951965263,60.978093369502474,-0.11646495951965263,49.16244828640514,Good,4,3,2,432,Potential Loyalist
3833,3834,44,Female,Jacket,Outerwear,93.0,Arizona,L,Gray,Summer,4.6,0,Free Shipping,0,0,17.0,PayPal,Every 3 Months,4.0,0.12958154175225411,58.53375484306952,0.12958154175225411,47.00790470138276,Good,2,2,5,225,About to Sleep
3834,3835,43,Female,Hoodie,Clothing,59.0,Tennessee,M,Magenta,Winter,4.1,0,2-Day Shipping,0,0,17.0,Cash,Quarterly,3.0,-1.332201360814735,73.05577506101541,-1.332201360814735,59.80822886425551,Good,1,2,3,123,Need Attention
3835,3836,58,Female,Sandals,Footwear,58.0,Pennsylvania,L,Silver,Winter,2.6,0,Express,0,0,28.0,PayPal,Bi-Weekly,114.0,2.2858216578038113,37.11267890555581,2.2858216578038113,28.12646039800378,Average,5,3,3,533,Potential Loyalist
3836,3837,62,Female,Skirt,Clothing,84.0,Alaska,M,Violet,Spring,2.5,0,Free Shipping,0,0,38.0,PayPal,Fortnightly,28.0,1.8300721239123674,41.640303311251486,1.8300721239123674,32.117300460946225,Poor,3,4,4,344,Loyal Customer
3837,3838,45,Female,Hoodie,Clothing,100.0,New Mexico,M,Green,Spring,4.8,0,Free Shipping,0,0,33.0,Bank Transfer,Fortnightly,28.0,2.159546601482383,38.36715309437127,2.159546601482383,29.232207121242126,Good,3,4,5,345,Loyal Customer
3838,3839,47,Female,Dress,Clothing,25.0,Rhode Island,L,Green,Summer,4.2,0,Express,0,0,24.0,Venmo,Every 3 Months,4.0,-2.2571668731622134,82.24480569451413,-2.2571668731622134,67.90782995873664,Good,2,3,1,231,Need Attention
3839,3840,66,Female,Sandals,Footwear,29.000000000000004,Connecticut,M,Peach,Spring,3.9,0,Free Shipping,0,0,14.0,Venmo,Quarterly,3.0,-2.80664764344227,87.70359909082956,-2.80664764344227,72.71944183933695,Average,1,2,1,121,Hibernating
3840,3841,30,Female,Jeans,Clothing,42.0,Idaho,M,Turquoise,Spring,3.7,0,Express,0,0,5.0,Venmo,Fortnightly,28.0,-2.2278844819392862,81.9539010214451,-2.2278844819392862,67.65141424935919,Average,3,1,2,312,Need Attention
3841,3842,68,Female,Jeans,Clothing,57.0,Mississippi,L,Pink,Fall,4.2,0,2-Day Shipping,0,0,8.0,Bank Transfer,Monthly,12.0,-1.8046595219318309,77.74939061488975,-1.8046595219318309,63.945380561045475,Good,3,1,3,313,Need Attention
3842,3843,35,Female,Jacket,Outerwear,84.0,Colorado,L,Lavender,Winter,4.2,0,Next Day Air,0,0,42.0,Debit Card,Monthly,12.0,1.6891409400169148,43.04037817754991,1.6891409400169148,33.35138579287297,Good,3,5,4,354,Loyal Customer
3843,3844,64,Female,Hat,Accessories,71.0,Georgia,L,Silver,Winter,4.0,0,Free Shipping,0,0,48.0,Venmo,Every 3 Months,4.0,1.346650660108279,46.44283333046564,1.346650660108279,36.350453984028434,Good,2,5,4,254,At Risk
3844,3845,30,Female,Shorts,Clothing,87.0,Montana,S,Cyan,Fall,5.0,0,Next Day Air,0,0,40.0,Venmo,Quarterly,3.0,1.4423298420507114,45.49231255739834,1.4423298420507114,35.51262468506009,Good,1,4,5,145,At Risk
3845,3846,58,Female,Sweater,Clothing,52.0,California,M,Green,Winter,4.9,0,Standard,0,0,46.0,Venmo,Annually,1.0,0.3275673050107505,56.566873679077,0.3275673050107505,45.2742122735317,Good,1,5,3,153,At Risk
3846,3847,57,Female,Blouse,Clothing,58.0,Pennsylvania,L,Orange,Summer,4.0,0,Express,0,0,40.0,PayPal,Every 3 Months,4.0,0.24390438457524322,57.39801941208788,0.24390438457524322,46.00681935226174,Good,2,4,3,243,At Risk
3847,3848,60,Female,Sweater,Clothing,34.0,Delaware,S,Blue,Fall,3.2,0,2-Day Shipping,0,0,31.0,PayPal,Fortnightly,28.0,-0.7657919450622123,67.42880475458435,-0.7657919450622123,54.848378726588855,Average,3,4,1,341,Loyal Customer
3848,3849,22,Female,Jewelry,Accessories,60.0,New Hampshire,M,Magenta,Winter,3.0,0,Next Day Air,0,0,39.0,Cash,Every 3 Months,4.0,0.25912864465986607,57.24677464628586,0.25912864465986607,45.87350580489377,Average,2,4,3,243,At Risk
3849,3850,46,Female,Hoodie,Clothing,68.0,Florida,S,Cyan,Winter,2.6,0,Express,0,0,36.0,PayPal,Fortnightly,28.0,1.0160100535919447,49.72756840588088,1.0160100535919447,39.245758709091035,Average,3,4,3,343,Loyal Customer
3850,3851,27,Female,Jewelry,Accessories,74.0,Mississippi,L,Indigo,Summer,4.4,0,2-Day Shipping,0,0,25.0,Debit Card,Every 3 Months,4.0,-0.11888912749818015,61.00217616342082,-0.11888912749818015,49.183675881758674,Good,2,3,4,234,At Risk
3851,3852,50,Female,Scarf,Accessories,83.0,Montana,M,Pink,Summer,3.9,0,Free Shipping,0,0,24.0,Debit Card,Annually,1.0,0.11356914305417176,58.692829338483996,0.11356914305417176,47.14811970430877,Average,1,3,4,134,At Risk
3852,3853,65,Female,Hat,Accessories,79.0,Mississippi,M,Peach,Fall,4.0,0,2-Day Shipping,0,0,19.0,PayPal,Weekly,57.0,1.0609673592694175,49.28094196029436,1.0609673592694175,38.85208322886039,Good,4,2,4,424,Potential Loyalist
3853,3854,61,Female,Sunglasses,Accessories,76.0,Tennessee,M,Lavender,Fall,4.0,0,Store Pickup,0,0,49.0,Debit Card,Bi-Weekly,114.0,4.499643967495736,15.119555108698107,4.499643967495736,8.74078886408894,Good,5,5,4,554,Champion
3854,3855,57,Female,T-shirt,Clothing,20.0,Florida,M,Black,Spring,4.2,0,Free Shipping,0,0,4.0,Venmo,Annually,1.0,-3.9311751962751633,98.87517034754569,-3.9311751962751633,82.56653827278521,Good,1,1,1,111,Hibernating
3855,3856,40,Female,Shirt,Clothing,61.0,Illinois,XL,Lavender,Summer,4.4,0,Next Day Air,0,0,36.0,Cash,Quarterly,3.0,0.06755887855676612,59.1499163587871,0.06755887855676612,47.55101557848549,Good,1,4,3,143,At Risk
3856,3857,39,Female,Sandals,Footwear,78.0,Virginia,S,Brown,Summer,2.5,0,Free Shipping,0,0,8.0,Debit Card,Quarterly,3.0,-1.1529574905286446,71.27508443748542,-1.1529574905286446,58.238652670799695,Poor,1,1,4,114,Need Attention
3857,3858,42,Female,Hat,Accessories,21.0,Texas,S,Yellow,Summer,3.1,0,Store Pickup,0,0,29.0,Credit Card,Every 3 Months,4.0,-2.0799349964384275,80.48410313565427,-2.0799349964384275,66.35587209271227,Average,2,3,1,231,Need Attention
3858,3859,30,Female,T-shirt,Clothing,77.0,Missouri,M,Olive,Winter,3.5,0,Store Pickup,0,0,26.0,Credit Card,Quarterly,3.0,0.05089936130506234,59.31541962601345,0.05089936130506234,47.6968971733819,Average,1,3,4,134,At Risk
3859,3860,65,Female,Shorts,Clothing,88.0,Mississippi,S,Blue,Fall,3.0,0,2-Day Shipping,0,0,47.0,Bank Transfer,Bi-Weekly,114.0,4.867896723860849,11.461163726600658,4.867896723860849,5.516127632200693,Average,5,5,5,555,Champion
3860,3861,57,Female,Sunglasses,Accessories,64.0,Pennsylvania,M,Turquoise,Summer,4.4,0,Next Day Air,0,0,44.0,Cash,Annually,1.0,0.6958200613758642,52.90848229697954,0.6958200613758642,42.049551041643454,Good,1,5,3,153,At Risk
3861,3862,64,Female,Jacket,Outerwear,57.0,Wyoming,M,Yellow,Spring,4.9,0,Standard,0,0,49.0,Credit Card,Monthly,12.0,1.033639235606269,49.55243204521591,1.033639235606269,39.09138609732128,Good,3,5,3,353,Loyal Customer
3862,3863,56,Female,Shirt,Clothing,49.0,Idaho,L,Turquoise,Winter,2.8,0,Next Day Air,0,0,9.0,Venmo,Monthly,12.0,-2.0732369591633546,80.41756176856182,-2.0732369591633546,66.29721971127768,Average,3,1,2,312,Need Attention
3863,3864,40,Female,Scarf,Accessories,35.0,New Hampshire,M,Orange,Summer,3.3,0,Free Shipping,0,0,28.0,Cash,Fortnightly,28.0,-0.9312468124307605,69.07250911373661,-0.9312468124307605,56.29720942020512,Average,3,3,1,331,Promising
3864,3865,55,Female,T-shirt,Clothing,99.0,Wyoming,S,Blue,Winter,4.9,0,Express,0,0,1.0,Debit Card,Fortnightly,28.0,-0.0979364949011049,60.794023123964955,-0.0979364949011049,49.000200969829436,Good,3,1,5,315,Need Attention
3865,3866,25,Female,Shorts,Clothing,42.0,Nebraska,M,Olive,Spring,4.2,0,Store Pickup,0,0,28.0,Cash,Every 3 Months,4.0,-1.262425675388619,72.36259147493043,-1.262425675388619,59.19722746960758,Good,2,3,2,232,Need Attention
3866,3867,58,Female,Hat,Accessories,32.0,Alaska,M,Beige,Winter,3.3,0,2-Day Shipping,0,0,33.0,Credit Card,Fortnightly,28.0,-0.7117894061824914,66.89231882356506,-0.7117894061824914,54.37549728703672,Average,3,4,1,341,Loyal Customer
3867,3868,46,Female,Jacket,Outerwear,21.0,Maryland,L,Lavender,Summer,2.7,0,Standard,0,0,28.0,Credit Card,Monthly,12.0,-1.940242605526357,79.09633500568373,-1.940242605526357,65.1326344398288,Average,3,3,1,331,Promising
3868,3869,18,Female,Dress,Clothing,29.000000000000004,Maryland,XL,Magenta,Winter,3.3,0,2-Day Shipping,0,0,9.0,Cash,Annually,1.0,-3.2050114357330926,91.66112728163405,-3.2050114357330926,76.20777493388836,Average,1,1,1,111,Hibernating
3869,3870,26,Female,Coat,Outerwear,64.0,Arizona,L,Cyan,Spring,3.8,0,Free Shipping,0,0,28.0,Bank Transfer,Annually,1.0,-0.4118087220536382,63.91217344612055,-0.4118087220536382,51.748670832365086,Average,1,3,3,133,At Risk
3870,3871,61,Female,Sandals,Footwear,46.0,Ohio,L,Lavender,Fall,3.2,0,Next Day Air,0,0,19.0,Cash,Every 3 Months,4.0,-1.71656474796978,76.87421682107555,-1.71656474796978,63.17396528331235,Average,2,2,2,222,About to Sleep
3871,3872,55,Female,T-shirt,Clothing,97.0,Minnesota,M,Black,Fall,4.1,0,2-Day Shipping,0,0,20.0,Bank Transfer,Every 3 Months,4.0,0.5061640567432197,54.79261182735888,0.5061640567432197,43.710302672046296,Good,2,2,5,225,About to Sleep
3872,3873,41,Female,Jacket,Outerwear,94.0,New Hampshire,M,Green,Spring,4.3,0,Standard,0,0,3.0,Cash,Monthly,12.0,-0.5884489243476627,65.66699804046439,-0.5884489243476627,53.29544761131658,Good,3,1,5,315,Need Attention
3873,3874,42,Female,Sandals,Footwear,43.0,Louisiana,L,Silver,Summer,4.0,0,Standard,0,0,22.0,Credit Card,Weekly,57.0,-0.2514713067189549,62.319308197050674,-0.2514713067189549,50.34465188528545,Good,4,3,2,432,Potential Loyalist
3874,3875,70,Female,Sweater,Clothing,54.0,Nevada,XL,Beige,Summer,3.9,0,2-Day Shipping,0,0,33.0,Credit Card,Bi-Weekly,114.0,2.463053534527597,35.35197634669594,2.463053534527597,26.574502531979423,Average,5,4,3,543,Loyal Customer
3875,3876,63,Female,Hat,Accessories,51.0,New Hampshire,M,Pink,Winter,3.3,0,2-Day Shipping,0,0,21.0,Credit Card,Annually,1.0,-1.4453281986223305,74.1796288309215,-1.4453281986223305,60.7988412136783,Average,1,3,2,132,Need Attention
3876,3877,60,Female,Shoes,Footwear,85.0,Wisconsin,S,Cyan,Fall,2.6,0,2-Day Shipping,0,0,7.0,Cash,Annually,1.0,-0.9788353802907076,69.54527572182297,-0.9788353802907076,56.713925947662425,Average,1,1,5,115,Need Attention
3877,3878,28,Female,Hoodie,Clothing,96.0,Nevada,M,Olive,Spring,4.2,0,Next Day Air,0,0,46.0,Debit Card,Monthly,12.0,2.472754490168092,35.25560261452458,2.472754490168092,26.489554639464103,Good,3,5,5,355,Loyal Customer
3878,3879,60,Female,Hat,Accessories,42.0,South Carolina,M,Pink,Summer,3.4,0,2-Day Shipping,0,0,24.0,Credit Card,Annually,1.0,-1.6176775674496497,75.89182632226262,-1.6176775674496497,62.30804465721433,Average,1,3,2,132,Need Attention
3879,3880,26,Female,Skirt,Clothing,63.0,Florida,L,Maroon,Winter,4.1,0,Free Shipping,0,0,6.0,Debit Card,Quarterly,3.0,-1.9247940313245842,78.94286180080316,-1.9247940313245842,64.99735665180047,Good,1,1,3,113,Lost
3880,3881,42,Female,Shirt,Clothing,20.0,Massachusetts,M,Red,Winter,3.9,0,Free Shipping,0,0,40.0,PayPal,Monthly,12.0,-1.1517465474787136,71.26305437513963,-1.1517465474787136,58.22804886393161,Average,3,4,1,341,Loyal Customer
3881,3882,56,Female,Scarf,Accessories,25.0,Georgia,L,Silver,Spring,2.8,0,2-Day Shipping,0,0,17.0,Debit Card,Weekly,57.0,-1.3576648329813763,73.30874084476736,-1.3576648329813763,60.03120362847865,Average,4,2,1,421,Potential Loyalist
3882,3883,35,Female,Pants,Clothing,95.0,North Dakota,L,Blue,Fall,2.6,0,Free Shipping,0,0,24.0,Cash,Fortnightly,28.0,1.325377763180871,46.65416802232145,1.325377763180871,36.53673333924324,Average,3,3,5,335,Promising
3883,3884,34,Female,Hat,Accessories,38.0,North Dakota,XL,Purple,Fall,4.0,0,Next Day Air,0,0,22.0,Cash,Fortnightly,28.0,-1.2199310176433733,71.94043010072946,-1.2199310176433733,58.82511654029362,Good,3,3,2,332,Promising
3884,3885,47,Female,Sandals,Footwear,29.000000000000004,Maryland,M,Brown,Fall,4.9,0,Express,0,0,3.0,PayPal,Weekly,57.0,-2.1579379003842574,81.25901967501905,-2.1579379003842574,67.03891637678393,Good,4,1,1,411,Recent Customer
3885,3886,49,Female,Socks,Clothing,64.0,New Mexico,L,Purple,Winter,3.2,0,Free Shipping,0,0,39.0,Cash,Quarterly,3.0,0.4019158640232482,55.82826107438814,0.4019158640232482,44.62316781629306,Average,1,4,3,143,At Risk
3886,3887,37,Female,Jewelry,Accessories,92.0,Iowa,S,Brown,Summer,3.9,0,Express,0,0,40.0,Debit Card,Quarterly,3.0,1.6534574896731287,43.39487390083997,1.6534574896731287,33.663853349339895,Average,1,4,5,145,At Risk
3887,3888,40,Female,Shirt,Clothing,34.0,Kansas,M,Charcoal,Spring,2.7,0,Express,0,0,1.0,Credit Card,Quarterly,3.0,-3.4954683823563237,94.54665949294825,-3.4954683823563237,78.75120533357808,Average,1,1,1,111,Hibernating
3888,3889,45,Female,Sneakers,Footwear,69.0,Virginia,M,Violet,Spring,3.4,0,Standard,0,0,14.0,Venmo,Bi-Weekly,114.0,1.7811272970723147,42.12654361662578,1.7811272970723147,32.54589327630079,Average,5,2,4,524,Potential Loyalist
3889,3890,57,Female,Dress,Clothing,65.0,Alaska,S,Yellow,Spring,3.5,0,Express,0,0,49.0,Bank Transfer,Annually,1.0,1.084179585722067,49.05034108156131,1.084179585722067,38.6488218398989,Average,1,5,3,153,At Risk
3890,3891,35,Female,Shirt,Clothing,81.0,Nebraska,XL,Green,Winter,2.6,0,Standard,0,0,33.0,Debit Card,Annually,1.0,0.6521592746842998,53.34222852971554,0.6521592746842998,42.43187335631593,Average,1,4,4,144,At Risk
3891,3892,36,Female,Dress,Clothing,30.0,Colorado,L,Peach,Winter,4.7,0,Free Shipping,0,0,6.0,Bank Transfer,Quarterly,3.0,-3.3182365056325382,92.78595693408838,-3.3182365056325382,77.19924746755373,Good,1,1,1,111,Hibernating
3892,3893,35,Female,Jewelry,Accessories,86.0,Michigan,L,Indigo,Summer,3.5,0,Standard,0,0,5.0,PayPal,Fortnightly,28.0,-0.36996118286201407,63.49644084373146,-0.36996118286201407,51.38222649502152,Average,3,1,5,315,Need Attention
3893,3894,21,Female,Hat,Accessories,64.0,Massachusetts,L,White,Fall,3.3,0,Store Pickup,0,0,29.0,Bank Transfer,Bi-Weekly,114.0,2.6084016339150558,33.908021820864455,2.6084016339150558,25.30173980821945,Average,5,3,3,533,Potential Loyalist
3894,3895,66,Female,Skirt,Clothing,78.0,Connecticut,L,White,Spring,3.9,0,2-Day Shipping,0,0,44.0,Credit Card,Every 3 Months,4.0,1.3653221709222874,46.25734199856917,1.3653221709222874,36.18695406170058,Average,2,5,4,254,At Risk
3895,3896,40,Female,Hoodie,Clothing,28.0,Virginia,L,Turquoise,Summer,4.2,0,2-Day Shipping,0,0,32.0,Venmo,Weekly,57.0,-0.19258625994276768,61.734317198512635,-0.19258625994276768,49.82901602324501,Good,4,4,1,441,Loyal Customer
3896,3897,52,Female,Backpack,Accessories,49.0,Iowa,L,White,Spring,4.5,0,Store Pickup,0,0,41.0,Bank Transfer,Bi-Weekly,114.0,2.805740278619931,31.947569428683803,2.805740278619931,23.57371397233879,Good,5,5,2,552,Loyal Customer
3897,3898,46,Female,Belt,Accessories,33.0,New Jersey,L,Green,Spring,2.9,0,Standard,0,0,24.0,Venmo,Quarterly,3.0,-1.9454775357008973,79.14834119736972,-1.9454775357008973,65.17847490155978,Average,1,3,1,131,Lost
3898,3899,44,Female,Shoes,Footwear,77.0,Minnesota,S,Brown,Summer,3.8,0,Express,0,0,24.0,Venmo,Weekly,57.0,1.3226502950421701,46.68126393881114,1.3226502950421701,36.56061682854796,Average,4,3,4,434,Potential Loyalist
3899,3900,52,Female,Handbag,Accessories,81.0,California,M,Beige,Spring,3.1,0,Store Pickup,0,0,33.0,Venmo,Quarterly,3.0,0.7043890721534033,52.82335382301757,0.7043890721534033,41.97451519636503,Average,1,4,4,144,At Risk
