Transaction_ID,Customer ID,Item_ID,Purchase Amount (USD),Season,Review Rating,Shipping Type,Discount Applied,Promo Code Used
1,1,1,53,Winter,3.1,Express,1,1
2,2,2,64,Winter,3.1,Express,1,1
3,3,3,73,Spring,3.1,Free Shipping,1,1
4,4,4,90,Spring,3.5,Next Day Air,1,1
5,5,1,49,Spring,2.7,Free Shipping,1,1
6,6,5,20,Summer,2.9,Standard,1,1
7,7,6,85,Fall,3.2,Free Shipping,1,1
8,8,7,34,Winter,3.2,Free Shipping,1,1
9,9,8,97,Summer,2.6,Express,1,1
10,10,9,31,Spring,4.8,2-Day Shipping,1,1
11,11,10,34,Fall,4.1,Store Pickup,1,1
12,12,7,68,Winter,4.9,Store Pickup,1,1
13,13,8,72,Winter,4.5,Express,1,1
14,14,11,51,Spring,4.7,Express,1,1
15,15,8,53,Winter,4.7,Free Shipping,1,1
16,16,12,81,Winter,2.8,Store Pickup,1,1
17,17,13,36,Spring,4.1,Next Day Air,1,1
18,18,11,38,Winter,4.7,2-Day Shipping,1,1
19,19,2,48,Summer,4.6,Free Shipping,1,1
20,20,14,90,Summer,3.3,Standard,1,1
21,21,14,51,Winter,2.8,Express,1,1
22,22,14,62,Winter,4.1,Store Pickup,1,1
23,23,14,37,Summer,3.2,Store Pickup,1,1
24,24,14,88,Winter,4.4,Express,1,1
25,25,15,22,Fall,2.9,Store Pickup,1,1
26,26,16,25,Summer,3.6,Express,1,1
27,27,17,20,Spring,3.6,Next Day Air,1,1
28,28,7,56,Summer,5.0,Next Day Air,1,1
29,29,9,94,Fall,4.4,Free Shipping,1,1
30,30,11,48,Fall,4.1,Store Pickup,1,1
31,31,17,31,Winter,4.7,Standard,1,1
32,32,11,79,Winter,4.7,Store Pickup,1,1
33,33,15,67,Summer,4.9,Free Shipping,1,1
34,34,14,38,Summer,3.3,Store Pickup,1,1
35,35,18,91,Spring,4.6,2-Day Shipping,1,1
36,36,1,33,Summer,4.0,2-Day Shipping,1,1
37,37,18,69,Winter,4.6,Free Shipping,1,1
38,38,3,45,Summer,2.8,Store Pickup,1,1
39,39,11,37,Winter,,2-Day Shipping,1,1
40,40,14,60,Summer,4.2,Express,1,1
41,41,9,76,Winter,4.6,Next Day Air,1,1
42,42,19,39,Spring,4.5,Standard,1,1
43,43,8,100,Spring,4.1,Free Shipping,1,1
44,44,19,69,Fall,3.7,Store Pickup,1,1
45,45,20,53,Summer,4.6,Free Shipping,1,1
46,46,21,21,Fall,2.9,2-Day Shipping,1,1
47,47,6,43,Summer,2.9,Store Pickup,1,1
48,48,17,54,Winter,4.5,Free Shipping,1,1
49,49,6,55,Summer,2.7,Store Pickup,1,1
50,50,16,30,Spring,4.6,Next Day Air,1,1
51,51,1,28,Spring,,Store Pickup,1,1
52,52,12,59,Winter,4.7,2-Day Shipping,1,1
53,53,18,20,Summer,2.6,Free Shipping,1,1
54,54,12,24,Winter,3.9,Next Day Air,1,1
55,55,8,94,Summer,4.2,Next Day Air,1,1
56,56,15,28,Winter,3.0,2-Day Shipping,1,1
57,57,22,73,Summer,4.7,Store Pickup,1,1
58,58,8,64,Summer,4.4,Store Pickup,1,1
59,59,16,54,Summer,4.2,Free Shipping,1,1
60,60,23,79,Spring,4.6,Standard,1,1
61,61,2,37,Summer,4.0,Express,1,1
62,62,19,68,Winter,4.7,Store Pickup,1,1
63,63,5,21,Spring,3.8,Free Shipping,1,1
64,64,13,79,Winter,2.7,2-Day Shipping,1,1
65,65,24,83,Fall,4.8,Standard,1,1
66,66,22,36,Spring,4.8,2-Day Shipping,1,1
67,67,1,94,Winter,4.7,2-Day Shipping,1,1
68,68,8,33,Winter,4.4,Store Pickup,1,1
69,69,9,46,Summer,3.9,Next Day Air,1,1
70,70,23,70,Summer,4.4,Express,1,1
71,71,23,29,Fall,4.2,Express,1,1
72,72,11,48,Summer,2.9,Express,1,1
73,73,11,26,Winter,2.9,Store Pickup,1,1
74,74,14,85,Spring,2.7,Free Shipping,1,1
75,75,25,58,Spring,4.5,Express,1,1
76,76,19,85,Summer,2.7,Free Shipping,1,1
77,77,20,43,Summer,4.2,Free Shipping,1,1
78,78,11,53,Summer,3.3,Next Day Air,1,1
79,79,12,91,Spring,4.7,Free Shipping,1,1
80,80,15,96,Winter,2.6,2-Day Shipping,1,1
81,81,4,72,Summer,,Store Pickup,1,1
82,82,10,96,Summer,2.6,Express,1,1
83,83,14,28,Spring,4.0,2-Day Shipping,1,1
84,84,11,40,Summer,4.1,Standard,1,1
85,85,8,32,Spring,4.4,Standard,1,1
86,86,13,95,Winter,4.5,Next Day Air,1,1
87,87,16,41,Spring,3.7,2-Day Shipping,1,1
88,88,10,53,Fall,3.7,2-Day Shipping,1,1
89,89,18,47,Fall,3.5,Free Shipping,1,1
90,90,15,83,Fall,3.6,Next Day Air,1,1
91,91,20,48,Summer,2.9,Express,1,1
92,92,19,99,Winter,4.6,Standard,1,1
93,93,15,87,Winter,4.4,2-Day Shipping,1,1
94,94,2,62,Fall,4.5,Standard,1,1
95,95,12,76,Spring,4.6,Free Shipping,1,1
96,96,5,100,Fall,3.8,Free Shipping,1,1
97,97,25,73,Spring,,Express,1,1
98,98,10,92,Winter,4.8,Store Pickup,1,1
99,99,3,67,Spring,2.6,Next Day Air,1,1
100,100,16,40,Summer,3.7,Express,1,1
101,101,13,98,Fall,2.7,Express,1,1
102,102,8,85,Spring,4.6,Express,1,1
103,103,21,67,Winter,4.8,Next Day Air,1,1
104,104,24,89,Winter,4.0,Next Day Air,1,1
105,105,13,24,Spring,4.4,2-Day Shipping,1,1
106,106,22,96,Fall,3.6,Next Day Air,1,1
107,107,15,35,Summer,3.7,Standard,1,1
108,108,5,67,Winter,3.1,Next Day Air,1,1
109,109,21,79,Spring,3.4,Next Day Air,1,1
110,110,18,85,Spring,2.6,Next Day Air,1,1
111,111,22,26,Summer,4.0,Standard,1,1
112,112,23,75,Summer,5.0,Free Shipping,1,1
113,113,25,65,Spring,4.3,Free Shipping,1,1
114,114,20,54,Winter,3.1,Next Day Air,1,1
115,115,8,95,Summer,3.7,Store Pickup,1,1
116,116,12,94,Spring,3.8,Standard,1,1
117,117,10,86,Spring,3.4,Free Shipping,1,1
118,118,4,32,Summer,4.6,Express,1,1
119,119,2,45,Fall,4.8,2-Day Shipping,1,1
120,120,8,76,Fall,4.3,Express,1,1
121,121,20,84,Summer,4.0,Express,1,1
122,122,7,72,Winter,4.2,Standard,1,1
123,123,22,40,Spring,4.8,2-Day Shipping,1,1
124,124,2,89,Fall,3.1,Free Shipping,1,1
125,125,2,86,Spring,3.1,Next Day Air,1,1
126,126,7,54,Winter,3.6,Next Day Air,1,1
127,127,7,36,Spring,3.9,Store Pickup,1,1
128,128,2,89,Winter,4.8,Next Day Air,1,1
129,129,19,32,Spring,4.7,Standard,1,1
130,130,11,67,Summer,4.2,2-Day Shipping,1,1
131,131,19,39,Fall,3.7,Next Day Air,1,1
132,132,12,29,Summer,3.9,Standard,1,1
133,133,22,58,Fall,4.7,2-Day Shipping,1,1
134,134,2,65,Winter,2.5,Next Day Air,1,1
135,135,20,94,Fall,4.9,Store Pickup,1,1
136,136,4,81,Fall,4.1,Express,1,1
137,137,1,86,Winter,3.3,Free Shipping,1,1
138,138,5,43,Spring,4.7,Free Shipping,1,1
139,139,12,29,Winter,4.4,Store Pickup,1,1
140,140,8,95,Fall,3.8,Store Pickup,1,1
141,141,6,28,Fall,3.9,2-Day Shipping,1,1
142,142,25,46,Fall,4.9,Free Shipping,1,1
143,143,15,58,Fall,3.1,Free Shipping,1,1
144,144,8,48,Fall,2.7,Store Pickup,1,1
145,145,10,43,Fall,3.2,Express,1,1
146,146,17,95,Fall,4.5,Standard,1,1
147,147,12,30,Fall,4.0,Standard,1,1
148,148,10,64,Summer,3.5,2-Day Shipping,1,1
149,149,25,90,Fall,2.6,Store Pickup,1,1
150,150,14,76,Summer,3.2,Free Shipping,1,1
151,151,24,96,Fall,4.9,Standard,1,1
152,152,13,47,Fall,4.5,Next Day Air,1,1
153,153,6,85,Summer,4.3,Express,1,1
154,154,16,55,Winter,3.2,Standard,1,1
155,155,11,98,Fall,3.6,Next Day Air,1,1
156,156,21,77,Spring,4.3,Free Shipping,1,1
157,157,7,26,Fall,4.0,Standard,1,1
158,158,20,68,Fall,3.0,Next Day Air,1,1
159,159,6,73,Fall,4.1,Standard,1,1
160,160,25,27,Fall,3.8,Store Pickup,1,1
161,161,25,23,Summer,4.6,Free Shipping,1,1
162,162,22,49,Fall,3.0,Express,1,1
163,163,13,74,Summer,3.0,Store Pickup,1,1
164,164,12,67,Summer,3.4,Standard,1,1
165,165,9,65,Spring,2.6,Free Shipping,1,1
166,166,9,60,Winter,2.8,Store Pickup,1,1
167,167,5,31,Fall,4.0,Store Pickup,1,1
168,168,25,27,Fall,4.0,Express,1,1
169,169,10,80,Summer,3.0,Express,1,1
170,170,15,30,Summer,3.3,Standard,1,1
171,171,6,25,Fall,2.6,Store Pickup,1,1
172,172,7,35,Summer,3.6,Store Pickup,1,1
173,173,17,67,Summer,3.9,Next Day Air,1,1
174,174,20,46,Fall,3.4,Standard,1,1
175,175,10,35,Winter,3.5,Express,1,1
176,176,8,86,Fall,2.8,Next Day Air,1,1
177,177,22,81,Spring,2.7,Next Day Air,1,1
178,178,16,42,Fall,3.7,Next Day Air,1,1
179,179,12,43,Fall,4.3,2-Day Shipping,1,1
180,180,24,31,Fall,4.9,Store Pickup,1,1
181,181,4,81,Fall,3.3,Store Pickup,1,1
182,182,14,61,Summer,4.7,Next Day Air,1,1
183,183,25,96,Summer,2.8,Store Pickup,1,1
184,184,12,29,Spring,3.6,2-Day Shipping,1,1
185,185,5,33,Spring,3.0,Express,1,1
186,186,18,32,Summer,4.5,Store Pickup,1,1
187,187,22,56,Summer,2.9,Standard,1,1
188,188,10,94,Spring,3.3,Store Pickup,1,1
189,189,16,53,Spring,3.1,Express,1,1
190,190,1,82,Fall,4.4,Next Day Air,1,1
191,191,8,70,Fall,3.0,Free Shipping,1,1
192,192,20,76,Fall,3.9,Free Shipping,1,1
193,193,10,29,Summer,2.9,Express,1,1
194,194,23,100,Fall,3.0,Standard,1,1
195,195,22,94,Spring,3.1,Express,1,1
196,196,15,25,Fall,4.3,Free Shipping,1,1
197,197,24,88,Summer,3.9,Next Day Air,1,1
198,198,19,78,Fall,3.2,2-Day Shipping,1,1
199,199,17,45,Winter,4.8,Standard,1,1
200,200,20,73,Summer,3.8,Express,1,1
201,201,11,61,Summer,3.3,Next Day Air,1,1
202,202,1,22,Fall,4.3,Free Shipping,1,1
203,203,20,38,Spring,2.7,Express,1,1
204,204,19,38,Fall,3.2,Next Day Air,1,1
205,205,5,100,Fall,4.0,Store Pickup,1,1
206,206,6,64,Winter,3.0,Standard,1,1
207,207,18,55,Summer,4.2,Free Shipping,1,1
208,208,25,91,Summer,2.9,Express,1,1
209,209,12,38,Spring,4.1,Store Pickup,1,1
210,210,4,97,Winter,3.2,Store Pickup,1,1
211,211,15,22,Fall,3.0,2-Day Shipping,1,1
212,212,12,92,Fall,4.2,2-Day Shipping,1,1
213,213,9,84,Fall,4.2,Express,1,1
214,214,9,93,Fall,4.4,Store Pickup,1,1
215,215,15,50,Summer,4.2,Next Day Air,1,1
216,216,19,64,Spring,2.8,2-Day Shipping,1,1
217,217,7,61,Spring,3.7,Free Shipping,1,1
218,218,13,48,Winter,3.5,Next Day Air,1,1
219,219,18,45,Spring,2.9,Store Pickup,1,1
220,220,23,88,Spring,3.0,Free Shipping,1,1
221,221,5,57,Spring,3.7,Express,1,1
222,222,20,68,Summer,4.4,Store Pickup,1,1
223,223,25,94,Spring,4.5,2-Day Shipping,1,1
224,224,14,41,Spring,4.8,Free Shipping,1,1
225,225,21,83,Summer,2.9,Free Shipping,1,1
226,226,15,22,Spring,3.2,Next Day Air,1,1
227,227,10,74,Spring,3.3,Free Shipping,1,1
228,228,3,90,Winter,4.2,Standard,1,1
229,229,21,79,Spring,2.9,Store Pickup,1,1
230,230,4,28,Spring,4.6,Next Day Air,1,1
231,231,19,88,Fall,4.1,Standard,1,1
232,232,1,26,Spring,3.1,2-Day Shipping,1,1
233,233,17,27,Winter,4.2,Express,1,1
234,234,2,83,Fall,4.5,Next Day Air,1,1
235,235,25,39,Summer,3.7,Next Day Air,1,1
236,236,13,89,Winter,3.7,Free Shipping,1,1
237,237,8,68,Winter,3.4,Next Day Air,1,1
238,238,11,90,Summer,3.0,Store Pickup,1,1
239,239,12,34,Fall,4.2,Free Shipping,1,1
240,240,14,51,Summer,2.9,Express,1,1
241,241,2,45,Winter,3.5,Free Shipping,1,1
242,242,16,88,Winter,4.1,Free Shipping,1,1
243,243,8,85,Summer,4.3,Store Pickup,1,1
244,244,17,100,Winter,2.8,2-Day Shipping,1,1
245,245,23,42,Spring,4.9,2-Day Shipping,1,1
246,246,4,53,Summer,3.3,Next Day Air,1,1
247,247,13,86,Spring,3.2,Express,1,1
248,248,2,66,Spring,4.4,Standard,1,1
249,249,23,100,Winter,4.8,Express,1,1
250,250,9,47,Fall,4.2,Standard,1,1
251,251,12,25,Fall,4.0,Express,1,1
252,252,9,51,Winter,2.5,Standard,1,1
253,253,7,41,Summer,3.9,Free Shipping,1,1
254,254,24,73,Winter,4.9,2-Day Shipping,1,1
255,255,13,42,Winter,3.5,Store Pickup,1,1
256,256,19,20,Spring,4.2,Free Shipping,1,1
257,257,17,30,Spring,4.7,Express,1,1
258,258,9,53,Summer,4.5,Express,1,1
259,259,25,74,Spring,2.8,Express,1,1
260,260,3,57,Fall,2.9,Standard,1,1
261,261,20,57,Winter,3.2,2-Day Shipping,1,1
262,262,3,77,Winter,4.9,Standard,1,1
263,263,14,40,Summer,,Next Day Air,1,1
264,264,7,46,Summer,4.3,Store Pickup,1,1
265,265,14,78,Fall,3.9,Store Pickup,1,1
266,266,22,59,Spring,3.2,2-Day Shipping,1,1
267,267,17,75,Summer,3.1,Express,1,1
268,268,2,54,Spring,3.9,2-Day Shipping,1,1
269,269,10,42,Spring,2.6,Store Pickup,1,1
270,270,1,44,Winter,3.3,Next Day Air,1,1
271,271,3,52,Fall,4.6,Free Shipping,1,1
272,272,13,69,Summer,4.6,Express,1,1
273,273,17,26,Summer,4.4,2-Day Shipping,1,1
274,274,8,33,Spring,4.2,Express,1,1
275,275,17,32,Spring,3.0,Express,1,1
276,276,22,85,Winter,4.0,Express,1,1
277,277,12,30,Fall,3.5,Express,1,1
278,278,6,29,Winter,3.0,Store Pickup,1,1
279,279,2,95,Spring,3.7,Express,1,1
280,280,5,69,Summer,4.0,Standard,1,1
281,281,4,69,Fall,4.2,2-Day Shipping,1,1
282,282,23,61,Spring,2.5,Standard,1,1
283,283,12,94,Summer,3.0,2-Day Shipping,1,1
284,284,2,30,Fall,3.2,Next Day Air,1,1
285,285,12,45,Summer,3.5,Standard,1,1
286,286,9,39,Summer,4.8,Express,1,1
287,287,17,51,Summer,2.6,Store Pickup,1,1
288,288,19,37,Spring,3.4,2-Day Shipping,1,1
289,289,18,62,Winter,3.7,2-Day Shipping,1,1
290,290,8,85,Fall,4.5,2-Day Shipping,1,1
291,291,18,33,Winter,3.7,Standard,1,1
292,292,11,26,Fall,3.3,Next Day Air,1,1
293,293,10,99,Spring,4.7,Free Shipping,1,1
294,294,9,39,Spring,2.7,Express,1,1
295,295,12,20,Spring,4.6,Store Pickup,1,1
296,296,13,42,Winter,2.7,Store Pickup,1,1
297,297,4,74,Spring,4.8,2-Day Shipping,1,1
298,298,10,26,Summer,4.4,Standard,1,1
299,299,18,53,Winter,4.0,Standard,1,1
300,300,5,80,Summer,3.2,Next Day Air,1,1
301,301,20,98,Spring,4.4,Store Pickup,1,1
302,302,12,95,Spring,3.8,Standard,1,1
303,303,2,44,Summer,3.6,Express,1,1
304,304,4,60,Summer,3.3,Next Day Air,1,1
305,305,11,84,Winter,3.4,Next Day Air,1,1
306,306,2,59,Fall,3.5,2-Day Shipping,1,1
307,307,15,49,Summer,3.6,Express,1,1
308,308,25,32,Winter,3.2,Free Shipping,1,1
309,309,9,29,Fall,3.7,Standard,1,1
310,310,11,22,Spring,4.5,Standard,1,1
311,311,14,85,Winter,4.6,Standard,1,1
312,312,3,52,Winter,4.1,Store Pickup,1,1
313,313,14,89,Spring,3.4,Next Day Air,1,1
314,314,11,77,Spring,3.7,Express,1,1
315,315,14,24,Summer,3.3,Store Pickup,1,1
316,316,17,24,Spring,4.5,Express,1,1
317,317,9,22,Fall,3.3,Free Shipping,1,1
318,318,2,82,Fall,4.3,Standard,1,1
319,319,22,67,Winter,2.5,Standard,1,1
320,320,7,74,Spring,2.6,Standard,1,1
321,321,17,72,Summer,4.9,Standard,1,1
322,322,5,36,Summer,4.7,Free Shipping,1,1
323,323,23,95,Winter,3.0,Standard,1,1
324,324,16,78,Winter,3.5,Next Day Air,1,1
325,325,6,82,Summer,4.8,Standard,1,1
326,326,14,70,Winter,4.3,Free Shipping,1,1
327,327,19,41,Fall,3.2,Store Pickup,1,1
328,328,8,42,Summer,3.1,Free Shipping,1,1
329,329,8,50,Fall,2.8,Free Shipping,1,1
330,330,21,31,Summer,2.9,2-Day Shipping,1,1
331,331,2,51,Winter,,Express,1,1
332,332,6,98,Fall,3.3,Store Pickup,1,1
333,333,6,86,Winter,2.8,2-Day Shipping,1,1
334,334,2,64,Winter,4.5,Standard,1,1
335,335,1,46,Fall,2.6,Next Day Air,1,1
336,336,2,85,Spring,3.7,Standard,1,1
337,337,20,81,Fall,4.4,Express,1,1
338,338,2,59,Winter,4.3,2-Day Shipping,1,1
339,339,16,79,Winter,3.5,Express,1,1
340,340,7,33,Spring,3.8,2-Day Shipping,1,1
341,341,7,47,Summer,3.5,Express,1,1
342,342,20,20,Summer,4.6,Store Pickup,1,1
343,343,8,36,Spring,2.6,Next Day Air,1,1
344,344,4,39,Summer,4.4,Next Day Air,1,1
345,345,12,71,Winter,4.0,Standard,1,1
346,346,10,59,Winter,4.4,Next Day Air,1,1
347,347,3,50,Spring,4.7,Next Day Air,1,1
348,348,4,41,Fall,3.9,Store Pickup,1,1
349,349,1,59,Fall,2.7,Free Shipping,1,1
350,350,20,87,Winter,3.7,2-Day Shipping,1,1
351,351,2,68,Spring,2.6,2-Day Shipping,1,1
352,352,12,90,Winter,3.9,Standard,1,1
353,353,3,71,Fall,4.9,Next Day Air,1,1
354,354,5,64,Fall,4.1,Store Pickup,1,1
355,355,17,76,Fall,3.0,Free Shipping,1,1
356,356,17,42,Fall,4.1,2-Day Shipping,1,1
357,357,14,80,Spring,,Standard,1,1
358,358,23,56,Spring,4.0,Standard,1,1
359,359,20,25,Summer,3.6,Express,1,1
360,360,5,74,Winter,3.0,Store Pickup,1,1
361,361,14,30,Summer,3.0,Standard,1,1
362,362,18,96,Spring,2.6,Free Shipping,1,1
363,363,5,64,Fall,3.4,Free Shipping,1,1
364,364,7,88,Winter,3.1,Free Shipping,1,1
365,365,10,88,Summer,3.0,Free Shipping,1,1
366,366,25,88,Summer,3.7,Standard,1,1
367,367,21,36,Spring,3.5,Store Pickup,1,1
368,368,11,40,Spring,2.8,Store Pickup,1,1
369,369,9,39,Spring,4.5,Standard,1,1
370,370,23,40,Summer,3.3,Store Pickup,1,1
371,371,19,34,Winter,3.4,Express,1,1
372,372,5,83,Winter,3.2,2-Day Shipping,1,1
373,373,2,85,Summer,3.7,Standard,1,1
374,374,8,27,Summer,4.6,Express,1,1
375,375,17,78,Spring,5.0,Store Pickup,1,1
376,376,13,32,Summer,4.4,Standard,1,1
377,377,10,51,Fall,4.9,Express,1,1
378,378,19,32,Spring,4.1,Standard,1,1
379,379,11,62,Winter,4.9,Next Day Air,1,1
380,380,18,29,Fall,4.7,2-Day Shipping,1,1
381,381,22,69,Fall,3.0,Store Pickup,1,1
382,382,17,25,Winter,3.4,Store Pickup,1,1
383,383,3,76,Winter,3.2,Store Pickup,1,1
384,384,13,77,Fall,,Standard,1,1
385,385,2,33,Fall,4.5,2-Day Shipping,1,1
386,386,7,93,Fall,2.7,Next Day Air,1,1
387,387,17,39,Spring,3.4,Express,1,1
388,388,8,93,Summer,4.6,Store Pickup,1,1
389,389,9,82,Summer,2.7,Store Pickup,1,1
390,390,24,42,Spring,4.2,Standard,1,1
391,391,25,71,Winter,3.2,2-Day Shipping,1,1
392,392,2,86,Spring,4.8,Standard,1,1
393,393,18,82,Spring,3.3,Next Day Air,1,1
394,394,10,65,Fall,4.2,Standard,1,1
395,395,19,29,Spring,4.8,Store Pickup,1,1
396,396,5,65,Winter,4.9,Store Pickup,1,1
397,397,11,88,Fall,3.9,Standard,1,1
398,398,23,46,Fall,3.0,Free Shipping,1,1
399,399,24,67,Winter,4.6,Free Shipping,1,1
400,400,19,35,Fall,3.5,2-Day Shipping,1,1
401,401,24,66,Winter,4.8,Free Shipping,1,1
402,402,18,91,Fall,4.8,Standard,1,1
403,403,22,78,Fall,3.0,Express,1,1
404,404,5,45,Winter,4.5,Next Day Air,1,1
405,405,18,93,Spring,4.8,Store Pickup,1,1
406,406,3,74,Summer,3.8,Standard,1,1
407,407,25,55,Spring,4.6,Express,1,1
408,408,16,76,Spring,3.1,Next Day Air,1,1
409,409,5,66,Spring,3.4,Express,1,1
410,410,7,51,Winter,3.3,2-Day Shipping,1,1
411,411,2,26,Spring,4.8,2-Day Shipping,1,1
412,412,3,29,Summer,2.8,Express,1,1
413,413,15,74,Summer,3.1,Store Pickup,1,1
414,414,17,99,Summer,4.6,Free Shipping,1,1
415,415,22,88,Winter,2.6,Store Pickup,1,1
416,416,8,31,Winter,2.6,Express,1,1
417,417,23,55,Spring,3.8,Free Shipping,1,1
418,418,4,81,Fall,4.5,Free Shipping,1,1
419,419,2,73,Spring,3.0,Standard,1,1
420,420,7,91,Winter,,Free Shipping,1,1
421,421,21,54,Spring,3.8,Free Shipping,1,1
422,422,6,40,Winter,3.5,Standard,1,1
423,423,14,59,Fall,3.1,Store Pickup,1,1
424,424,19,26,Spring,3.0,Store Pickup,1,1
425,425,2,23,Winter,4.3,Standard,1,1
426,426,3,87,Winter,3.3,Store Pickup,1,1
427,427,14,71,Winter,4.7,Express,1,1
428,428,22,91,Winter,4.5,Store Pickup,1,1
429,429,8,64,Winter,2.9,Free Shipping,1,1
430,430,4,94,Winter,4.1,2-Day Shipping,1,1
431,431,6,40,Summer,3.5,Store Pickup,1,1
432,432,20,76,Winter,3.4,Store Pickup,1,1
433,433,6,86,Fall,3.3,Free Shipping,1,1
434,434,12,92,Fall,3.2,Store Pickup,1,1
435,435,10,52,Spring,4.0,Store Pickup,1,1
436,436,8,28,Winter,3.6,Next Day Air,1,1
437,437,14,46,Summer,4.6,Free Shipping,1,1
438,438,17,50,Summer,2.6,Next Day Air,1,1
439,439,23,23,Winter,4.3,Express,1,1
440,440,15,50,Summer,3.4,Free Shipping,1,1
441,441,6,89,Winter,3.5,Store Pickup,1,1
442,442,16,81,Winter,4.2,Standard,1,1
443,443,13,69,Fall,,Store Pickup,1,1
444,444,13,67,Summer,3.6,Free Shipping,1,1
445,445,11,20,Summer,4.3,Store Pickup,1,1
446,446,24,29,Fall,4.9,Standard,1,1
447,447,6,74,Summer,4.1,Store Pickup,1,1
448,448,7,82,Spring,3.6,Standard,1,1
449,449,25,23,Summer,3.4,Next Day Air,1,1
450,450,17,45,Summer,2.9,2-Day Shipping,1,1
451,451,24,21,Summer,2.7,Store Pickup,1,1
452,452,17,31,Summer,4.3,Express,1,1
453,453,14,45,Summer,,Express,1,1
454,454,17,56,Winter,2.8,Next Day Air,1,1
455,455,15,97,Summer,3.2,Next Day Air,1,1
456,456,1,100,Fall,3.6,Store Pickup,1,1
457,457,1,96,Fall,4.0,2-Day Shipping,1,1
458,458,25,99,Spring,4.9,Next Day Air,1,1
459,459,7,91,Winter,4.0,2-Day Shipping,1,1
460,460,20,30,Winter,3.8,Standard,1,1
461,461,10,65,Summer,,Store Pickup,1,1
462,462,24,93,Winter,3.9,Express,1,1
463,463,15,81,Fall,3.3,Express,1,1
464,464,17,81,Summer,2.7,Standard,1,1
465,465,13,52,Winter,4.7,Next Day Air,1,1
466,466,12,88,Summer,2.8,Next Day Air,1,1
467,467,3,24,Winter,4.6,Free Shipping,1,1
468,468,22,51,Spring,4.5,2-Day Shipping,1,1
469,469,22,38,Fall,5.0,Free Shipping,1,1
470,470,7,46,Fall,4.1,2-Day Shipping,1,1
471,471,11,63,Summer,4.6,Express,1,1
472,472,19,72,Winter,4.9,2-Day Shipping,1,1
473,473,3,39,Winter,3.9,Free Shipping,1,1
474,474,8,42,Spring,3.9,Store Pickup,1,1
475,475,2,76,Summer,2.6,2-Day Shipping,1,1
476,476,5,66,Summer,2.7,Free Shipping,1,1
477,477,19,90,Spring,3.5,Free Shipping,1,1
478,478,2,56,Summer,3.7,Free Shipping,1,1
479,479,17,43,Winter,3.2,Free Shipping,1,1
480,480,9,84,Winter,3.3,Store Pickup,1,1
481,481,16,88,Summer,4.8,Standard,1,1
482,482,20,88,Fall,3.2,2-Day Shipping,1,1
483,483,23,42,Winter,2.5,2-Day Shipping,1,1
484,484,16,73,Fall,3.9,Store Pickup,1,1
485,485,20,73,Summer,4.7,Free Shipping,1,1
486,486,10,44,Spring,2.6,Next Day Air,1,1
487,487,4,63,Fall,2.8,Store Pickup,1,1
488,488,15,68,Winter,4.4,Store Pickup,1,1
489,489,2,29,Spring,4.6,Standard,1,1
490,490,21,85,Summer,3.2,Standard,1,1
491,491,5,42,Winter,4.2,2-Day Shipping,1,1
492,492,8,69,Summer,,2-Day Shipping,1,1
493,493,6,62,Fall,3.9,Standard,1,1
494,494,22,48,Summer,4.7,Store Pickup,1,1
495,495,24,68,Winter,4.5,Express,1,1
496,496,9,36,Fall,3.3,Free Shipping,1,1
497,497,11,63,Fall,3.3,Express,1,1
498,498,5,39,Winter,4.6,Free Shipping,1,1
499,499,24,78,Spring,3.6,Free Shipping,1,1
500,500,10,99,Winter,4.8,Express,1,1
501,501,18,31,Fall,4.8,Next Day Air,1,1
502,502,24,45,Spring,2.9,Next Day Air,1,1
503,503,14,30,Fall,2.8,Express,1,1
504,504,10,24,Summer,3.2,Next Day Air,1,1
505,505,10,22,Winter,3.9,Free Shipping,1,1
506,506,18,63,Spring,4.3,Express,1,1
507,507,19,40,Fall,2.7,2-Day Shipping,1,1
508,508,7,20,Spring,5.0,Store Pickup,1,1
509,509,17,20,Winter,3.7,Store Pickup,1,1
510,510,18,80,Summer,3.9,Free Shipping,1,1
511,511,6,87,Fall,3.9,2-Day Shipping,1,1
512,512,6,46,Fall,3.1,Free Shipping,1,1
513,513,25,49,Winter,,Next Day Air,1,1
514,514,19,65,Fall,3.6,Store Pickup,1,1
515,515,12,62,Winter,4.3,Standard,1,1
516,516,20,67,Spring,4.5,Next Day Air,1,1
517,517,16,41,Fall,2.8,2-Day Shipping,1,1
518,518,24,49,Fall,2.7,Free Shipping,1,1
519,519,1,100,Fall,2.9,Next Day Air,1,1
520,520,23,54,Summer,4.4,2-Day Shipping,1,1
521,521,13,84,Spring,3.9,Free Shipping,1,1
522,522,7,41,Winter,3.5,Standard,1,1
523,523,25,88,Spring,2.5,Store Pickup,1,1
524,524,4,40,Spring,4.9,Express,1,1
525,525,6,39,Summer,4.8,Free Shipping,1,1
526,526,8,37,Spring,3.2,Next Day Air,1,1
527,527,14,52,Winter,4.9,Standard,1,1
528,528,18,23,Winter,4.3,Next Day Air,1,1
529,529,5,88,Winter,3.2,Express,1,1
530,530,7,84,Fall,3.7,Standard,1,1
531,531,8,37,Winter,3.2,Store Pickup,1,1
532,532,4,51,Fall,3.4,Next Day Air,1,1
533,533,14,76,Winter,4.1,Express,1,1
534,534,4,60,Spring,4.5,Next Day Air,1,1
535,535,25,72,Fall,4.5,Next Day Air,1,1
536,536,18,45,Spring,3.2,Free Shipping,1,1
537,537,15,84,Fall,4.4,Store Pickup,1,1
538,538,1,49,Summer,3.0,Store Pickup,1,1
539,539,21,22,Spring,3.2,Free Shipping,1,1
540,540,8,48,Winter,4.0,Store Pickup,1,1
541,541,11,37,Spring,3.1,Next Day Air,1,1
542,542,15,27,Fall,2.8,Next Day Air,1,1
543,543,24,79,Spring,4.6,Next Day Air,1,1
544,544,12,98,Spring,4.3,Express,1,1
545,545,4,64,Summer,3.3,Standard,1,1
546,546,8,32,Summer,3.5,2-Day Shipping,1,1
547,547,16,74,Winter,3.4,Free Shipping,1,1
548,548,15,50,Winter,2.8,Free Shipping,1,1
549,549,22,64,Winter,4.6,Store Pickup,1,1
550,550,22,29,Fall,3.6,Express,1,1
551,551,23,62,Summer,3.3,Store Pickup,1,1
552,552,8,78,Fall,3.1,2-Day Shipping,1,1
553,553,18,94,Fall,3.5,Express,1,1
554,554,13,59,Winter,3.2,Express,1,1
555,555,5,47,Summer,3.0,Express,1,1
556,556,25,57,Fall,4.8,Express,1,1
557,557,8,90,Winter,5.0,Store Pickup,1,1
558,558,6,60,Spring,2.9,Free Shipping,1,1
559,559,5,77,Fall,3.2,Express,1,1
560,560,19,41,Fall,2.9,Store Pickup,1,1
561,561,17,48,Fall,,Free Shipping,1,1
562,562,15,65,Fall,2.6,Next Day Air,1,1
563,563,3,62,Summer,3.5,Standard,1,1
564,564,10,99,Fall,4.4,Standard,1,1
565,565,16,58,Winter,3.4,Next Day Air,1,1
566,566,22,43,Fall,4.2,Store Pickup,1,1
567,567,5,93,Spring,3.6,Store Pickup,1,1
568,568,1,50,Winter,3.0,Next Day Air,1,1
569,569,14,88,Summer,4.0,Free Shipping,1,1
570,570,12,33,Fall,4.4,Express,1,1
571,571,18,99,Fall,4.1,Standard,1,1
572,572,15,76,Spring,3.6,Free Shipping,1,1
573,573,19,97,Summer,4.6,Next Day Air,1,1
574,574,14,68,Summer,3.2,2-Day Shipping,1,1
575,575,5,79,Fall,4.8,Free Shipping,1,1
576,576,3,86,Fall,4.8,Express,1,1
577,577,20,68,Winter,5.0,2-Day Shipping,1,1
578,578,12,52,Fall,3.7,Store Pickup,1,1
579,579,4,90,Fall,4.6,Next Day Air,1,1
580,580,4,41,Winter,3.7,Free Shipping,1,1
581,581,2,80,Spring,4.1,Free Shipping,1,1
582,582,2,100,Winter,2.7,Store Pickup,1,1
583,583,15,77,Spring,4.9,Store Pickup,1,1
584,584,7,78,Spring,4.0,Store Pickup,1,1
585,585,21,94,Spring,4.7,Free Shipping,1,1
586,586,21,23,Fall,2.8,Next Day Air,1,1
587,587,16,20,Winter,4.9,2-Day Shipping,1,1
588,588,21,86,Fall,4.2,Express,1,1
589,589,24,60,Fall,3.0,Standard,1,1
590,590,6,70,Fall,3.4,2-Day Shipping,1,1
591,591,23,39,Fall,4.6,Standard,1,1
592,592,22,37,Fall,4.2,Store Pickup,1,1
593,593,24,29,Fall,3.2,Free Shipping,1,1
594,594,8,35,Winter,4.4,Store Pickup,1,1
595,595,16,83,Winter,2.5,Next Day Air,1,1
596,596,10,77,Summer,3.6,Next Day Air,1,1
597,597,10,37,Summer,4.5,Store Pickup,1,1
598,598,17,69,Summer,3.4,Standard,1,1
599,599,11,66,Winter,3.2,2-Day Shipping,1,1
600,600,24,26,Spring,4.2,Standard,1,1
601,601,20,63,Spring,5.0,2-Day Shipping,1,1
602,602,22,38,Summer,4.7,Store Pickup,1,1
603,603,10,58,Summer,4.2,Next Day Air,1,1
604,604,9,46,Winter,3.4,2-Day Shipping,1,1
605,605,13,92,Fall,4.4,Store Pickup,1,1
606,606,20,32,Winter,4.2,Standard,1,1
607,607,19,90,Spring,4.5,Standard,1,1
608,608,16,23,Fall,2.8,Next Day Air,1,1
609,609,22,25,Fall,3.3,Next Day Air,1,1
610,610,2,54,Fall,4.6,Next Day Air,1,1
611,611,7,72,Summer,2.5,Free Shipping,1,1
612,612,19,33,Winter,4.7,Store Pickup,1,1
613,613,20,43,Fall,4.6,Express,1,1
614,614,8,51,Fall,2.6,Standard,1,1
615,615,17,85,Winter,4.0,Standard,1,1
616,616,4,100,Summer,2.6,Next Day Air,1,1
617,617,25,72,Spring,4.6,Free Shipping,1,1
618,618,22,57,Fall,2.6,Standard,1,1
619,619,15,94,Spring,4.0,Express,1,1
620,620,22,34,Summer,4.6,Store Pickup,1,1
621,621,22,89,Fall,3.7,2-Day Shipping,1,1
622,622,13,27,Fall,4.4,Store Pickup,1,1
623,623,21,63,Spring,4.0,Next Day Air,1,1
624,624,10,70,Fall,4.7,Standard,1,1
625,625,14,87,Fall,3.4,Express,1,1
626,626,17,79,Fall,4.0,Next Day Air,1,1
627,627,13,79,Spring,3.9,Standard,1,1
628,628,4,44,Winter,4.1,Express,1,1
629,629,2,85,Fall,,2-Day Shipping,1,1
630,630,10,90,Spring,4.7,Standard,1,1
631,631,17,94,Fall,4.3,2-Day Shipping,1,1
632,632,24,68,Summer,4.1,Store Pickup,1,1
633,633,22,51,Winter,3.9,Next Day Air,1,1
634,634,4,33,Spring,2.9,Express,1,1
635,635,5,60,Summer,3.9,Standard,1,1
636,636,16,59,Fall,4.3,2-Day Shipping,1,1
637,637,9,30,Summer,2.8,Store Pickup,1,1
638,638,2,20,Winter,3.4,2-Day Shipping,1,1
639,639,4,20,Summer,2.7,Express,1,1
640,640,11,24,Spring,4.0,2-Day Shipping,1,1
641,641,12,88,Summer,4.4,Store Pickup,1,1
642,642,1,78,Winter,3.9,2-Day Shipping,1,1
643,643,12,25,Spring,2.8,2-Day Shipping,1,1
644,644,2,57,Winter,3.2,Next Day Air,1,1
645,645,22,93,Summer,4.3,Next Day Air,1,1
646,646,16,42,Summer,4.2,Express,1,1
647,647,24,54,Spring,4.9,Standard,1,1
648,648,1,70,Summer,3.7,Express,1,1
649,649,16,31,Winter,4.1,Store Pickup,1,1
650,650,14,93,Spring,4.2,Store Pickup,1,1
651,651,25,40,Spring,3.9,Next Day Air,1,1
652,652,20,32,Summer,2.9,Next Day Air,1,1
653,653,13,27,Winter,3.1,Free Shipping,1,1
654,654,19,68,Winter,3.6,2-Day Shipping,1,1
655,655,9,59,Summer,4.4,2-Day Shipping,1,1
656,656,9,36,Fall,3.1,Free Shipping,1,1
657,657,3,23,Summer,3.9,Standard,1,1
658,658,15,80,Winter,4.3,Free Shipping,1,1
659,659,22,37,Fall,4.9,Store Pickup,1,1
660,660,7,52,Spring,3.6,2-Day Shipping,1,1
661,661,8,79,Fall,5.0,2-Day Shipping,1,1
662,662,6,68,Fall,4.1,Store Pickup,1,1
663,663,25,98,Fall,2.8,Express,1,1
664,664,11,83,Fall,4.7,Express,1,1
665,665,14,83,Winter,4.4,Express,1,1
666,666,14,55,Spring,4.9,2-Day Shipping,1,1
667,667,16,26,Winter,3.1,Free Shipping,1,1
668,668,13,76,Winter,2.6,Standard,1,1
669,669,18,85,Fall,2.9,Express,1,1
670,670,15,89,Spring,3.3,Free Shipping,1,1
671,671,2,41,Spring,4.8,Next Day Air,1,1
672,672,15,30,Winter,4.7,Express,1,1
673,673,21,53,Winter,3.3,2-Day Shipping,1,1
674,674,6,66,Spring,4.2,Free Shipping,1,1
675,675,17,33,Winter,4.7,Store Pickup,1,1
676,676,13,86,Spring,2.6,2-Day Shipping,1,1
677,677,14,60,Winter,2.9,2-Day Shipping,1,1
678,678,21,62,Summer,2.7,Express,1,1
679,679,1,74,Fall,3.3,Store Pickup,1,1
680,680,4,95,Fall,3.4,Express,1,1
681,681,5,25,Spring,4.2,Express,1,1
682,682,6,59,Winter,3.8,2-Day Shipping,1,1
683,683,15,29,Summer,4.0,Standard,1,1
684,684,4,36,Winter,2.7,Free Shipping,1,1
685,685,20,82,Summer,4.7,Express,1,1
686,686,1,71,Winter,3.5,Standard,1,1
687,687,2,35,Fall,3.0,2-Day Shipping,1,1
688,688,25,38,Winter,3.3,Free Shipping,1,1
689,689,19,59,Summer,4.7,Store Pickup,1,1
690,690,16,91,Summer,4.7,Express,1,1
691,691,7,68,Spring,4.8,Standard,1,1
692,692,22,21,Summer,2.9,Standard,1,1
693,693,13,95,Spring,4.0,2-Day Shipping,1,1
694,694,7,52,Spring,3.1,Free Shipping,1,1
695,695,11,21,Fall,3.5,2-Day Shipping,1,1
696,696,7,67,Summer,3.7,Next Day Air,1,1
697,697,23,42,Fall,2.8,Standard,1,1
698,698,19,63,Summer,4.6,Free Shipping,1,1
699,699,24,41,Winter,3.8,Standard,1,1
700,700,9,46,Fall,2.6,2-Day Shipping,1,1
701,701,14,79,Winter,4.1,Standard,1,1
702,702,24,90,Fall,3.3,Next Day Air,1,1
703,703,6,71,Winter,3.4,Store Pickup,1,1
704,704,11,87,Summer,3.0,Standard,1,1
705,705,16,66,Spring,3.2,Express,1,1
706,706,14,90,Summer,4.5,Free Shipping,1,1
707,707,3,47,Summer,4.8,Express,1,1
708,708,6,38,Spring,3.7,Next Day Air,1,1
709,709,22,50,Summer,3.4,Store Pickup,1,1
710,710,15,79,Summer,4.6,Standard,1,1
711,711,19,91,Spring,4.1,Standard,1,1
712,712,24,60,Spring,3.5,2-Day Shipping,1,1
713,713,1,81,Summer,3.8,Next Day Air,1,1
714,714,16,90,Summer,2.6,Express,1,1
715,715,15,70,Fall,4.4,Store Pickup,1,1
716,716,3,63,Spring,2.6,Express,1,1
717,717,17,29,Spring,3.6,Express,1,1
718,718,21,90,Spring,4.2,Express,1,1
719,719,6,22,Summer,4.6,Standard,1,1
720,720,7,22,Summer,3.3,Next Day Air,1,1
721,721,17,62,Fall,3.4,Free Shipping,1,1
722,722,1,57,Summer,4.4,Next Day Air,1,1
723,723,2,32,Summer,4.3,Store Pickup,1,1
724,724,17,53,Fall,3.5,Express,1,1
725,725,18,79,Fall,4.7,Store Pickup,1,1
726,726,20,61,Winter,3.1,Standard,1,1
727,727,7,78,Summer,3.6,Next Day Air,1,1
728,728,2,97,Winter,4.8,Next Day Air,1,1
729,729,3,78,Winter,3.7,Next Day Air,1,1
730,730,13,56,Summer,3.2,Express,1,1
731,731,24,25,Summer,3.9,Standard,1,1
732,732,8,28,Spring,3.5,Free Shipping,1,1
733,733,6,57,Spring,2.8,Express,1,1
734,734,11,36,Fall,2.7,2-Day Shipping,1,1
735,735,6,69,Winter,3.1,Express,1,1
736,736,13,48,Fall,3.6,2-Day Shipping,1,1
737,737,11,58,Spring,2.9,2-Day Shipping,1,1
738,738,13,24,Spring,3.6,Store Pickup,1,1
739,739,13,31,Winter,3.5,2-Day Shipping,1,1
740,740,7,29,Summer,3.5,Free Shipping,1,1
741,741,3,69,Summer,2.8,Next Day Air,1,1
742,742,18,79,Summer,4.7,Free Shipping,1,1
743,743,14,39,Summer,3.1,Express,1,1
744,744,13,84,Fall,4.9,Free Shipping,1,1
745,745,24,66,Spring,4.1,Next Day Air,1,1
746,746,18,92,Fall,4.7,Standard,1,1
747,747,4,45,Winter,2.5,Free Shipping,1,1
748,748,7,74,Spring,4.4,Next Day Air,1,1
749,749,20,39,Fall,3.9,Free Shipping,1,1
750,750,19,71,Winter,3.7,Standard,1,1
751,751,18,95,Fall,3.4,Free Shipping,1,1
752,752,25,72,Fall,4.8,Free Shipping,1,1
753,753,19,85,Fall,4.2,2-Day Shipping,1,1
754,754,24,54,Fall,3.4,Store Pickup,1,1
755,755,25,41,Spring,2.9,Store Pickup,1,1
756,756,8,24,Spring,3.3,Free Shipping,1,1
757,757,23,99,Summer,4.8,Standard,1,1
758,758,16,32,Fall,3.8,Store Pickup,1,1
759,759,10,71,Summer,4.6,2-Day Shipping,1,1
760,760,11,49,Winter,2.6,Next Day Air,1,1
761,761,25,50,Fall,3.4,Free Shipping,1,1
762,762,17,91,Fall,4.2,Express,1,1
763,763,23,46,Fall,3.9,Standard,1,1
764,764,2,50,Spring,2.9,2-Day Shipping,1,1
765,765,12,39,Fall,4.2,Free Shipping,1,1
766,766,5,99,Summer,3.0,Store Pickup,1,1
767,767,25,48,Winter,3.6,Next Day Air,1,1
768,768,8,77,Fall,2.5,Next Day Air,1,1
769,769,22,95,Spring,2.6,Express,1,1
770,770,21,100,Spring,4.3,Store Pickup,1,1
771,771,5,54,Spring,3.3,Express,1,1
772,772,2,68,Fall,2.6,Next Day Air,1,1
773,773,3,22,Fall,3.6,Free Shipping,1,1
774,774,20,84,Winter,2.6,Express,1,1
775,775,20,46,Summer,3.5,Standard,1,1
776,776,9,53,Winter,3.0,Store Pickup,1,1
777,777,6,60,Spring,5.0,Standard,1,1
778,778,21,32,Spring,2.5,Express,1,1
779,779,21,50,Summer,2.9,Store Pickup,1,1
780,780,11,94,Spring,4.6,Express,1,1
781,781,10,26,Spring,3.6,Free Shipping,1,1
782,782,19,44,Winter,3.0,Store Pickup,1,1
783,783,16,57,Summer,4.5,Standard,1,1
784,784,18,65,Winter,4.5,Next Day Air,1,1
785,785,3,72,Winter,3.2,Store Pickup,1,1
786,786,7,62,Spring,4.0,Next Day Air,1,1
787,787,20,21,Winter,4.8,Express,1,1
788,788,9,85,Spring,3.7,Free Shipping,1,1
789,789,14,51,Summer,3.8,Store Pickup,1,1
790,790,9,84,Fall,2.7,Standard,1,1
791,791,2,37,Summer,4.9,Store Pickup,1,1
792,792,19,44,Summer,3.1,2-Day Shipping,1,1
793,793,5,45,Spring,4.2,Next Day Air,1,1
794,794,14,35,Summer,3.8,Free Shipping,1,1
795,795,22,50,Winter,4.2,Store Pickup,1,1
796,796,4,26,Summer,4.6,Store Pickup,1,1
797,797,21,78,Fall,4.0,2-Day Shipping,1,1
798,798,8,82,Fall,4.0,2-Day Shipping,1,1
799,799,21,39,Spring,3.8,2-Day Shipping,1,1
800,800,23,55,Summer,,Free Shipping,1,1
801,801,21,20,Summer,2.6,Free Shipping,1,1
802,802,23,29,Fall,4.9,Express,1,1
803,803,14,41,Winter,3.5,Next Day Air,1,1
804,804,7,38,Winter,2.8,Express,1,1
805,805,24,47,Summer,2.6,Store Pickup,1,1
806,806,11,30,Summer,3.7,Next Day Air,1,1
807,807,3,56,Summer,2.7,Standard,1,1
808,808,18,89,Winter,3.3,Express,1,1
809,809,10,96,Fall,4.6,Next Day Air,1,1
810,810,24,81,Fall,4.9,Next Day Air,1,1
811,811,19,83,Fall,4.9,Store Pickup,1,1
812,812,5,35,Winter,2.7,Free Shipping,1,1
813,813,24,56,Summer,3.2,Standard,1,1
814,814,9,45,Summer,2.9,Store Pickup,1,1
815,815,6,62,Winter,3.8,Express,1,1
816,816,20,84,Spring,3.0,Next Day Air,1,1
817,817,2,24,Summer,3.9,Store Pickup,1,1
818,818,9,21,Spring,4.7,Store Pickup,1,1
819,819,6,91,Winter,4.9,Store Pickup,1,1
820,820,13,36,Winter,4.8,Next Day Air,1,1
821,821,5,39,Spring,2.5,2-Day Shipping,1,1
822,822,16,39,Spring,3.9,Standard,1,1
823,823,6,59,Winter,3.4,Standard,1,1
824,824,13,27,Winter,2.5,Free Shipping,1,1
825,825,1,94,Spring,3.0,Store Pickup,1,1
826,826,23,94,Fall,3.6,Next Day Air,1,1
827,827,11,94,Winter,3.6,Standard,1,1
828,828,10,51,Fall,4.1,Free Shipping,1,1
829,829,21,62,Fall,3.7,2-Day Shipping,1,1
830,830,21,57,Spring,,2-Day Shipping,1,1
831,831,7,76,Fall,4.2,Express,1,1
832,832,25,63,Summer,4.3,Express,1,1
833,833,15,80,Fall,2.5,Express,1,1
834,834,9,68,Fall,3.5,Standard,1,1
835,835,22,89,Summer,3.1,Free Shipping,1,1
836,836,24,26,Summer,2.5,Next Day Air,1,1
837,837,25,90,Winter,3.9,Store Pickup,1,1
838,838,16,28,Spring,4.9,Express,1,1
839,839,8,29,Spring,4.3,Express,1,1
840,840,6,31,Spring,2.6,Free Shipping,1,1
841,841,6,24,Summer,4.2,2-Day Shipping,1,1
842,842,2,88,Summer,2.6,Store Pickup,1,1
843,843,6,87,Spring,3.6,Express,1,1
844,844,16,80,Summer,3.2,Express,1,1
845,845,4,48,Winter,4.4,Express,1,1
846,846,23,21,Winter,3.7,Standard,1,1
847,847,24,72,Spring,3.7,Express,1,1
848,848,16,44,Fall,4.1,Standard,1,1
849,849,4,73,Fall,3.6,Store Pickup,1,1
850,850,3,61,Spring,4.3,Express,1,1
851,851,10,20,Winter,2.6,Store Pickup,1,1
852,852,4,86,Summer,2.9,Express,1,1
853,853,11,60,Spring,4.2,Next Day Air,1,1
854,854,20,43,Winter,4.0,Free Shipping,1,1
855,855,14,44,Spring,4.3,Free Shipping,1,1
856,856,21,76,Spring,3.0,2-Day Shipping,1,1
857,857,6,33,Summer,3.5,Express,1,1
858,858,7,60,Fall,3.0,Standard,1,1
859,859,15,26,Fall,3.1,Free Shipping,1,1
860,860,16,73,Winter,4.0,Next Day Air,1,1
861,861,10,87,Spring,4.1,Standard,1,1
862,862,12,100,Spring,,2-Day Shipping,1,1
863,863,8,84,Winter,4.9,Standard,1,1
864,864,5,41,Summer,3.9,Standard,1,1
865,865,3,59,Winter,3.9,Next Day Air,1,1
866,866,1,26,Winter,4.8,Store Pickup,1,1
867,867,13,69,Summer,2.7,Free Shipping,1,1
868,868,15,20,Spring,3.1,Free Shipping,1,1
869,869,11,83,Summer,3.2,Next Day Air,1,1
870,870,20,54,Spring,2.7,2-Day Shipping,1,1
871,871,16,66,Fall,2.5,Standard,1,1
872,872,9,42,Spring,2.6,Next Day Air,1,1
873,873,3,33,Spring,2.9,Standard,1,1
874,874,24,77,Summer,4.2,Free Shipping,1,1
875,875,15,65,Fall,4.4,Free Shipping,1,1
876,876,4,39,Summer,4.1,Free Shipping,1,1
877,877,23,51,Summer,3.8,2-Day Shipping,1,1
878,878,9,65,Winter,4.9,Next Day Air,1,1
879,879,13,89,Summer,4.9,Express,1,1
880,880,12,76,Spring,4.1,Free Shipping,1,1
881,881,22,75,Spring,3.1,Express,1,1
882,882,4,61,Summer,2.7,Next Day Air,1,1
883,883,24,35,Fall,3.8,Next Day Air,1,1
884,884,5,37,Fall,4.3,Free Shipping,1,1
885,885,12,91,Winter,4.1,Express,1,1
886,886,11,99,Fall,4.4,Free Shipping,1,1
887,887,7,54,Summer,3.6,Express,1,1
888,888,9,47,Winter,3.3,2-Day Shipping,1,1
889,889,19,77,Spring,,Express,1,1
890,890,23,84,Fall,2.8,Free Shipping,1,1
891,891,25,51,Spring,4.3,2-Day Shipping,1,1
892,892,12,26,Summer,3.9,Store Pickup,1,1
893,893,7,64,Summer,2.7,Free Shipping,1,1
894,894,22,51,Spring,4.7,Express,1,1
895,895,16,60,Spring,3.8,Free Shipping,1,1
896,896,20,69,Spring,4.7,Next Day Air,1,1
897,897,17,29,Spring,4.7,Express,1,1
898,898,6,91,Spring,3.4,Express,1,1
899,899,23,70,Spring,3.5,2-Day Shipping,1,1
900,900,2,58,Summer,4.0,Standard,1,1
901,901,20,98,Fall,3.3,Free Shipping,1,1
902,902,19,68,Summer,4.7,2-Day Shipping,1,1
903,903,20,44,Summer,2.8,Next Day Air,1,1
904,904,15,45,Winter,3.3,Express,1,1
905,905,18,99,Spring,2.9,Free Shipping,1,1
906,906,11,68,Spring,2.8,Standard,1,1
907,907,14,56,Spring,4.2,Standard,1,1
908,908,2,43,Winter,4.4,Express,1,1
909,909,13,99,Winter,3.6,Free Shipping,1,1
910,910,23,56,Fall,2.7,Express,1,1
911,911,16,25,Spring,3.4,Express,1,1
912,912,14,74,Winter,2.8,2-Day Shipping,1,1
913,913,16,56,Winter,3.4,Next Day Air,1,1
914,914,5,47,Fall,2.6,Next Day Air,1,1
915,915,11,67,Summer,4.1,Standard,1,1
916,916,11,22,Winter,2.9,Store Pickup,1,1
917,917,3,34,Spring,2.7,Standard,1,1
918,918,2,64,Spring,3.7,Standard,1,1
919,919,7,42,Spring,4.3,2-Day Shipping,1,1
920,920,6,82,Winter,2.6,2-Day Shipping,1,1
921,921,23,81,Summer,4.3,Free Shipping,1,1
922,922,8,24,Summer,4.1,Express,1,1
923,923,5,60,Fall,4.2,Standard,1,1
924,924,6,24,Spring,4.2,2-Day Shipping,1,1
925,925,21,78,Winter,3.1,Standard,1,1
926,926,3,88,Winter,4.9,Express,1,1
927,927,3,63,Spring,4.4,Express,1,1
928,928,5,78,Summer,4.4,Standard,1,1
929,929,11,37,Winter,3.4,Store Pickup,1,1
930,930,24,94,Fall,4.5,2-Day Shipping,1,1
931,931,18,78,Fall,4.5,Store Pickup,1,1
932,932,8,36,Winter,4.1,Standard,1,1
933,933,12,24,Winter,3.2,Standard,1,1
934,934,5,84,Spring,2.7,Store Pickup,1,1
935,935,3,47,Spring,3.7,Express,1,1
936,936,16,51,Fall,2.6,Store Pickup,1,1
937,937,10,84,Summer,2.7,Free Shipping,1,1
938,938,7,24,Summer,2.7,Express,1,1
939,939,1,97,Fall,4.8,Free Shipping,1,1
940,940,18,89,Winter,4.8,Next Day Air,1,1
941,941,23,44,Spring,2.6,Store Pickup,1,1
942,942,9,35,Winter,4.5,2-Day Shipping,1,1
943,943,11,91,Winter,3.2,Express,1,1
944,944,20,63,Winter,3.8,Next Day Air,1,1
945,945,23,97,Spring,4.8,Express,1,1
946,946,24,38,Summer,4.1,Store Pickup,1,1
947,947,8,24,Spring,2.8,Next Day Air,1,1
948,948,1,32,Winter,3.9,Store Pickup,1,1
949,949,20,90,Summer,4.9,Express,1,1
950,950,3,36,Summer,3.4,Standard,1,1
951,951,22,37,Winter,4.1,Free Shipping,1,1
952,952,11,51,Summer,2.9,Express,1,1
953,953,20,71,Fall,3.1,2-Day Shipping,1,1
954,954,13,50,Spring,3.6,2-Day Shipping,1,1
955,955,20,74,Fall,3.5,Standard,1,1
956,956,11,75,Summer,3.4,Free Shipping,1,1
957,957,6,99,Spring,2.9,2-Day Shipping,1,1
958,958,19,23,Spring,4.7,Store Pickup,1,1
959,959,5,53,Winter,4.4,Free Shipping,1,1
960,960,12,99,Spring,2.6,Standard,1,1
961,961,17,48,Spring,4.4,Standard,1,1
962,962,24,72,Fall,3.7,Next Day Air,1,1
963,963,13,64,Spring,4.4,Standard,1,1
964,964,24,63,Spring,2.5,2-Day Shipping,1,1
965,965,4,51,Spring,2.6,Next Day Air,1,1
966,966,24,55,Spring,5.0,Store Pickup,1,1
967,967,11,55,Spring,4.9,Express,1,1
968,968,16,26,Summer,3.7,Store Pickup,1,1
969,969,7,67,Summer,3.1,Next Day Air,1,1
970,970,8,31,Fall,3.2,Express,1,1
971,971,3,66,Winter,4.4,Free Shipping,1,1
972,972,13,67,Summer,4.3,Next Day Air,1,1
973,973,5,61,Winter,3.0,Standard,1,1
974,974,15,75,Fall,3.5,2-Day Shipping,1,1
975,975,12,90,Spring,3.6,2-Day Shipping,1,1
976,976,2,40,Summer,3.8,2-Day Shipping,1,1
977,977,18,90,Fall,3.6,Express,1,1
978,978,23,20,Spring,4.6,Express,1,1
979,979,25,40,Summer,2.5,Standard,1,1
980,980,20,33,Fall,3.5,Store Pickup,1,1
981,981,24,98,Spring,4.0,Free Shipping,1,1
982,982,23,42,Spring,3.5,Next Day Air,1,1
983,983,8,62,Summer,3.2,Standard,1,1
984,984,20,45,Winter,3.5,Free Shipping,1,1
985,985,10,78,Summer,3.4,Free Shipping,1,1
986,986,9,80,Fall,5.0,Express,1,1
987,987,19,96,Spring,4.5,Store Pickup,1,1
988,988,9,47,Summer,2.8,Express,1,1
989,989,14,84,Winter,4.9,2-Day Shipping,1,1
990,990,10,31,Spring,3.1,Store Pickup,1,1
991,991,13,63,Spring,4.8,Store Pickup,1,1
992,992,7,97,Spring,2.7,Standard,1,1
993,993,15,99,Winter,4.6,Express,1,1
994,994,4,90,Winter,4.4,Store Pickup,1,1
995,995,10,68,Fall,3.2,Express,1,1
996,996,17,80,Spring,3.0,2-Day Shipping,1,1
997,997,4,91,Summer,4.9,Standard,1,1
998,998,14,30,Spring,3.6,Express,1,1
999,999,10,90,Spring,3.8,Next Day Air,1,1
1000,1000,21,28,Spring,2.9,Standard,1,1
1001,1001,21,46,Winter,3.9,Express,1,1
1002,1002,11,60,Fall,3.6,Standard,1,1
1003,1003,10,59,Spring,3.5,Store Pickup,1,1
1004,1004,20,68,Fall,4.0,Store Pickup,1,1
1005,1005,22,79,Summer,4.8,2-Day Shipping,1,1
1006,1006,22,94,Winter,3.9,Store Pickup,1,1
1007,1007,14,83,Summer,4.5,Next Day Air,1,1
1008,1008,25,62,Spring,4.8,Standard,1,1
1009,1009,19,85,Spring,2.6,Store Pickup,1,1
1010,1010,16,30,Summer,3.1,Express,1,1
1011,1011,3,24,Spring,4.7,2-Day Shipping,1,1
1012,1012,22,25,Spring,2.9,Next Day Air,1,1
1013,1013,4,37,Summer,3.8,Express,1,1
1014,1014,23,69,Summer,3.8,2-Day Shipping,1,1
1015,1015,10,97,Summer,3.0,Standard,1,1
1016,1016,25,24,Summer,4.1,Standard,1,1
1017,1017,23,30,Summer,3.4,Express,1,1
1018,1018,15,53,Fall,2.5,Express,1,1
1019,1019,11,70,Spring,4.9,Next Day Air,1,1
1020,1020,6,76,Winter,2.8,Standard,1,1
1021,1021,19,95,Fall,4.5,Express,1,1
1022,1022,8,51,Winter,4.9,2-Day Shipping,1,1
1023,1023,9,41,Winter,4.9,Store Pickup,1,1
1024,1024,13,71,Winter,3.5,Free Shipping,1,1
1025,1025,18,66,Summer,3.5,Free Shipping,1,1
1026,1026,6,84,Winter,4.9,Free Shipping,1,1
1027,1027,9,95,Winter,3.0,Express,1,1
1028,1028,17,90,Summer,2.8,Next Day Air,1,1
1029,1029,16,36,Summer,3.7,Standard,1,1
1030,1030,25,22,Spring,3.6,2-Day Shipping,1,1
1031,1031,8,89,Winter,3.3,Next Day Air,1,1
1032,1032,4,50,Spring,3.4,Free Shipping,1,1
1033,1033,24,36,Fall,4.0,Free Shipping,1,1
1034,1034,14,52,Spring,4.6,Free Shipping,1,1
1035,1035,21,29,Fall,4.2,Next Day Air,1,1
1036,1036,1,89,Fall,2.8,Express,1,1
1037,1037,9,47,Fall,3.7,2-Day Shipping,1,1
1038,1038,17,25,Spring,3.4,Standard,1,1
1039,1039,14,74,Fall,3.0,Express,1,1
1040,1040,23,46,Fall,4.8,Standard,1,1
1041,1041,3,22,Fall,4.0,Next Day Air,1,1
1042,1042,6,25,Summer,4.9,Next Day Air,1,1
1043,1043,23,80,Spring,4.9,Next Day Air,1,1
1044,1044,3,76,Spring,3.3,2-Day Shipping,1,1
1045,1045,3,30,Summer,4.4,Next Day Air,1,1
1046,1046,2,79,Fall,3.5,2-Day Shipping,1,1
1047,1047,5,22,Winter,4.2,Standard,1,1
1048,1048,21,36,Fall,4.2,Standard,1,1
1049,1049,21,77,Fall,2.7,Standard,1,1
1050,1050,13,33,Fall,2.8,Store Pickup,1,1
1051,1051,5,64,Winter,3.8,Next Day Air,1,1
1052,1052,21,53,Fall,2.6,Free Shipping,1,1
1053,1053,10,36,Fall,3.0,2-Day Shipping,1,1
1054,1054,1,70,Spring,3.3,2-Day Shipping,1,1
1055,1055,7,96,Winter,4.9,Express,1,1
1056,1056,15,27,Spring,3.3,Next Day Air,1,1
1057,1057,2,64,Winter,2.9,2-Day Shipping,1,1
1058,1058,15,23,Spring,4.4,2-Day Shipping,1,1
1059,1059,19,33,Summer,3.1,Next Day Air,1,1
1060,1060,15,34,Winter,2.5,Standard,1,1
1061,1061,2,35,Summer,2.6,Next Day Air,1,1
1062,1062,8,62,Summer,4.4,Free Shipping,1,1
1063,1063,24,75,Fall,2.6,Next Day Air,1,1
1064,1064,16,29,Summer,3.3,Free Shipping,1,1
1065,1065,20,28,Spring,3.5,Express,1,1
1066,1066,18,20,Spring,4.1,Store Pickup,1,1
1067,1067,8,96,Winter,4.0,Store Pickup,1,1
1068,1068,11,43,Summer,2.7,2-Day Shipping,1,1
1069,1069,6,94,Fall,2.5,Standard,1,1
1070,1070,12,81,Fall,4.3,Next Day Air,1,1
1071,1071,17,75,Summer,3.3,Free Shipping,1,1
1072,1072,20,81,Summer,2.6,Express,1,1
1073,1073,7,92,Fall,,Express,1,1
1074,1074,19,96,Spring,4.0,Store Pickup,1,1
1075,1075,17,71,Fall,2.6,Standard,1,1
1076,1076,13,50,Summer,4.9,Next Day Air,1,1
1077,1077,8,72,Spring,2.9,Standard,1,1
1078,1078,15,28,Winter,3.7,Standard,1,1
1079,1079,2,59,Fall,4.4,Express,1,1
1080,1080,8,33,Summer,4.4,Free Shipping,1,1
1081,1081,19,59,Fall,3.8,Express,1,1
1082,1082,23,30,Spring,4.5,Standard,1,1
1083,1083,20,85,Winter,2.6,Next Day Air,1,1
1084,1084,22,97,Summer,3.3,Store Pickup,1,1
1085,1085,18,36,Fall,4.1,Next Day Air,1,1
1086,1086,17,85,Winter,3.0,Store Pickup,1,1
1087,1087,13,62,Winter,3.0,Free Shipping,1,1
1088,1088,3,71,Winter,3.4,Next Day Air,1,1
1089,1089,14,21,Winter,2.7,Free Shipping,1,1
1090,1090,22,61,Spring,3.8,Next Day Air,1,1
1091,1091,19,58,Spring,4.2,Store Pickup,1,1
1092,1092,2,80,Spring,4.7,Store Pickup,1,1
1093,1093,17,50,Spring,4.1,2-Day Shipping,1,1
1094,1094,5,48,Winter,4.2,2-Day Shipping,1,1
1095,1095,17,40,Winter,4.8,Next Day Air,1,1
1096,1096,8,34,Summer,3.0,Free Shipping,1,1
1097,1097,8,46,Fall,2.6,Standard,1,1
1098,1098,13,27,Summer,3.2,Store Pickup,1,1
1099,1099,9,98,Spring,3.6,Next Day Air,1,1
1100,1100,2,73,Fall,2.6,Next Day Air,1,1
1101,1101,14,28,Spring,4.4,Express,1,1
1102,1102,25,76,Fall,3.0,Free Shipping,1,1
1103,1103,2,83,Fall,2.9,Express,1,1
1104,1104,16,23,Spring,4.3,Free Shipping,1,1
1105,1105,20,28,Fall,3.1,Express,1,1
1106,1106,18,83,Spring,3.0,Next Day Air,1,1
1107,1107,12,96,Winter,3.6,Store Pickup,1,1
1108,1108,5,62,Fall,2.8,Store Pickup,1,1
1109,1109,7,25,Fall,2.8,Standard,1,1
1110,1110,16,97,Winter,,Next Day Air,1,1
1111,1111,16,61,Fall,3.0,Standard,1,1
1112,1112,10,66,Summer,4.1,Next Day Air,1,1
1113,1113,16,67,Spring,4.6,Free Shipping,1,1
1114,1114,13,80,Summer,4.8,Next Day Air,1,1
1115,1115,12,25,Fall,2.6,Next Day Air,1,1
1116,1116,20,58,Fall,4.0,2-Day Shipping,1,1
1117,1117,22,96,Winter,4.2,Express,1,1
1118,1118,13,77,Spring,4.5,Store Pickup,1,1
1119,1119,23,65,Summer,4.9,Standard,1,1
1120,1120,17,36,Spring,3.1,Standard,1,1
1121,1121,5,84,Winter,4.0,Next Day Air,1,1
1122,1122,18,58,Fall,3.2,Express,1,1
1123,1123,9,62,Spring,4.3,2-Day Shipping,1,1
1124,1124,20,67,Fall,2.5,Store Pickup,1,1
1125,1125,2,20,Spring,,Express,1,1
1126,1126,4,90,Summer,2.7,2-Day Shipping,1,1
1127,1127,19,58,Winter,3.4,Standard,1,1
1128,1128,6,53,Spring,4.8,Store Pickup,1,1
1129,1129,25,30,Winter,4.7,Next Day Air,1,1
1130,1130,16,65,Winter,4.7,Express,1,1
1131,1131,17,41,Summer,3.9,Standard,1,1
1132,1132,6,73,Spring,3.7,Express,1,1
1133,1133,16,98,Spring,4.3,Store Pickup,1,1
1134,1134,10,36,Winter,4.1,2-Day Shipping,1,1
1135,1135,18,81,Summer,,Express,1,1
1136,1136,12,90,Winter,3.6,2-Day Shipping,1,1
1137,1137,9,83,Summer,4.8,Free Shipping,1,1
1138,1138,6,91,Winter,2.8,2-Day Shipping,1,1
1139,1139,14,36,Summer,4.7,Express,1,1
1140,1140,8,53,Spring,3.9,Standard,1,1
1141,1141,3,39,Winter,2.6,Store Pickup,1,1
1142,1142,25,33,Winter,4.7,Next Day Air,1,1
1143,1143,18,76,Spring,3.5,Store Pickup,1,1
1144,1144,24,23,Winter,4.4,Standard,1,1
1145,1145,3,54,Fall,4.4,2-Day Shipping,1,1
1146,1146,5,89,Summer,3.0,Express,1,1
1147,1147,5,38,Summer,4.2,Standard,1,1
1148,1148,20,36,Winter,4.3,Next Day Air,1,1
1149,1149,14,66,Spring,2.6,Store Pickup,1,1
1150,1150,17,42,Spring,3.3,Store Pickup,1,1
1151,1151,17,36,Winter,2.7,Next Day Air,1,1
1152,1152,1,86,Spring,,Express,1,1
1153,1153,9,49,Fall,4.0,Standard,1,1
1154,1154,6,41,Summer,4.0,Free Shipping,1,1
1155,1155,11,82,Spring,2.9,2-Day Shipping,1,1
1156,1156,18,53,Fall,2.6,Express,1,1
1157,1157,10,21,Summer,4.8,Express,1,1
1158,1158,23,66,Fall,4.4,Standard,1,1
1159,1159,23,89,Summer,4.0,2-Day Shipping,1,1
1160,1160,9,55,Fall,3.6,2-Day Shipping,1,1
1161,1161,19,42,Summer,3.2,Next Day Air,1,1
1162,1162,7,52,Fall,3.1,2-Day Shipping,1,1
1163,1163,4,92,Winter,4.2,Express,1,1
1164,1164,14,56,Summer,3.0,2-Day Shipping,1,1
1165,1165,11,96,Winter,4.2,Standard,1,1
1166,1166,18,64,Winter,2.9,Next Day Air,1,1
1167,1167,11,48,Winter,3.7,Store Pickup,1,1
1168,1168,21,83,Summer,3.6,Free Shipping,1,1
1169,1169,19,91,Summer,3.6,Standard,1,1
1170,1170,22,94,Fall,4.5,2-Day Shipping,1,1
1171,1171,12,62,Spring,3.2,Express,1,1
1172,1172,21,55,Spring,3.9,Next Day Air,1,1
1173,1173,8,68,Spring,4.6,Store Pickup,1,1
1174,1174,17,76,Winter,2.5,Express,1,1
1175,1175,22,31,Winter,4.3,Express,1,1
1176,1176,23,81,Spring,4.1,Store Pickup,1,1
1177,1177,11,83,Winter,,Free Shipping,1,1
1178,1178,12,21,Spring,4.8,Standard,1,1
1179,1179,11,22,Spring,4.9,Express,1,1
1180,1180,18,33,Summer,2.8,Free Shipping,1,1
1181,1181,12,23,Spring,4.9,Standard,1,1
1182,1182,7,96,Summer,3.5,Free Shipping,1,1
1183,1183,17,21,Spring,3.8,Express,1,1
1184,1184,14,39,Spring,4.5,2-Day Shipping,1,1
1185,1185,23,73,Fall,3.4,Express,1,1
1186,1186,3,64,Spring,3.9,Standard,1,1
1187,1187,3,68,Summer,4.1,2-Day Shipping,1,1
1188,1188,20,89,Fall,3.0,Express,1,1
1189,1189,1,29,Summer,3.3,Next Day Air,1,1
1190,1190,6,97,Summer,,Free Shipping,1,1
1191,1191,6,45,Winter,4.3,Next Day Air,1,1
1192,1192,18,70,Winter,4.1,Free Shipping,1,1
1193,1193,8,56,Summer,4.0,2-Day Shipping,1,1
1194,1194,15,55,Fall,5.0,2-Day Shipping,1,1
1195,1195,16,46,Winter,3.1,2-Day Shipping,1,1
1196,1196,19,95,Winter,4.0,2-Day Shipping,1,1
1197,1197,23,88,Winter,3.2,2-Day Shipping,1,1
1198,1198,5,92,Fall,3.9,Standard,1,1
1199,1199,21,49,Summer,3.9,2-Day Shipping,1,1
1200,1200,4,89,Fall,4.5,Free Shipping,1,1
1201,1201,8,22,Winter,4.4,Store Pickup,1,1
1202,1202,10,61,Summer,3.1,2-Day Shipping,1,1
1203,1203,19,29,Spring,2.9,Standard,1,1
1204,1204,5,82,Winter,3.7,Free Shipping,1,1
1205,1205,23,94,Spring,3.2,2-Day Shipping,1,1
1206,1206,9,99,Spring,3.5,Standard,1,1
1207,1207,9,59,Fall,3.0,Free Shipping,1,1
1208,1208,24,90,Summer,4.1,Next Day Air,1,1
1209,1209,24,100,Winter,,2-Day Shipping,1,1
1210,1210,14,62,Winter,3.8,Next Day Air,1,1
1211,1211,13,78,Fall,4.1,Next Day Air,1,1
1212,1212,16,94,Spring,4.6,Store Pickup,1,1
1213,1213,10,74,Summer,2.5,Free Shipping,1,1
1214,1214,9,52,Spring,3.7,Express,1,1
1215,1215,15,81,Fall,3.8,Free Shipping,1,1
1216,1216,1,20,Winter,2.6,2-Day Shipping,1,1
1217,1217,14,32,Summer,3.7,Free Shipping,1,1
1218,1218,24,63,Fall,2.6,Free Shipping,1,1
1219,1219,24,79,Spring,3.1,Store Pickup,1,1
1220,1220,2,23,Winter,2.5,Next Day Air,1,1
1221,1221,25,64,Winter,,Express,1,1
1222,1222,21,69,Winter,4.5,Standard,1,1
1223,1223,3,69,Fall,3.4,Store Pickup,1,1
1224,1224,14,24,Winter,3.9,Free Shipping,1,1
1225,1225,7,50,Summer,3.7,Store Pickup,1,1
1226,1226,25,97,Fall,2.6,Free Shipping,1,1
1227,1227,4,91,Fall,3.4,Store Pickup,1,1
1228,1228,1,37,Spring,4.9,Store Pickup,1,1
1229,1229,15,55,Winter,3.9,Express,1,1
1230,1230,17,52,Winter,3.6,Express,1,1
1231,1231,20,80,Spring,,Standard,1,1
1232,1232,21,79,Spring,4.0,2-Day Shipping,1,1
1233,1233,9,23,Summer,3.6,Free Shipping,1,1
1234,1234,14,73,Winter,3.5,Next Day Air,1,1
1235,1235,25,99,Fall,4.1,Store Pickup,1,1
1236,1236,2,22,Spring,3.0,Store Pickup,1,1
1237,1237,20,68,Summer,4.4,Store Pickup,1,1
1238,1238,11,92,Spring,4.4,2-Day Shipping,1,1
1239,1239,14,77,Winter,3.7,Express,1,1
1240,1240,8,37,Spring,4.8,Standard,1,1
1241,1241,19,79,Winter,2.9,Store Pickup,1,1
1242,1242,16,51,Winter,3.1,Express,1,1
1243,1243,21,27,Summer,4.0,Next Day Air,1,1
1244,1244,1,23,Spring,3.0,Store Pickup,1,1
1245,1245,21,76,Summer,3.9,2-Day Shipping,1,1
1246,1246,11,31,Fall,3.4,Standard,1,1
1247,1247,16,60,Winter,2.7,Standard,1,1
1248,1248,18,99,Spring,,Express,1,1
1249,1249,20,37,Winter,3.0,Free Shipping,1,1
1250,1250,24,50,Winter,4.5,Express,1,1
1251,1251,3,26,Winter,4.1,Free Shipping,1,1
1252,1252,7,86,Spring,5.0,Next Day Air,1,1
1253,1253,4,41,Fall,4.0,Standard,1,1
1254,1254,4,23,Winter,4.9,Express,1,1
1255,1255,5,56,Spring,3.3,2-Day Shipping,1,1
1256,1256,20,68,Fall,4.1,Standard,1,1
1257,1257,8,48,Winter,3.6,Express,1,1
1258,1258,11,67,Spring,3.0,Free Shipping,1,1
1259,1259,24,87,Spring,4.1,2-Day Shipping,1,1
1260,1260,12,64,Fall,3.9,Standard,1,1
1261,1261,6,93,Spring,4.1,Store Pickup,1,1
1262,1262,6,29,Summer,2.8,Next Day Air,1,1
1263,1263,24,62,Winter,4.8,Store Pickup,1,1
1264,1264,16,70,Winter,4.6,2-Day Shipping,1,1
1265,1265,2,92,Winter,2.5,Next Day Air,1,1
1266,1266,6,79,Spring,2.7,Next Day Air,1,1
1267,1267,1,31,Fall,4.0,Standard,1,1
1268,1268,18,83,Spring,2.7,Standard,1,1
1269,1269,15,88,Winter,2.9,Next Day Air,1,1
1270,1270,17,53,Spring,3.0,Standard,1,1
1271,1271,16,98,Fall,3.3,Standard,1,1
1272,1272,17,57,Spring,4.3,Store Pickup,1,1
1273,1273,4,80,Winter,4.4,Express,1,1
1274,1274,3,29,Spring,4.1,Next Day Air,1,1
1275,1275,20,73,Spring,3.1,2-Day Shipping,1,1
1276,1276,2,32,Fall,4.5,Standard,1,1
1277,1277,24,68,Spring,4.8,Next Day Air,1,1
1278,1278,1,97,Spring,5.0,Express,1,1
1279,1279,7,98,Fall,2.8,Next Day Air,1,1
1280,1280,16,56,Fall,3.7,Express,1,1
1281,1281,14,78,Winter,4.4,2-Day Shipping,1,1
1282,1282,23,81,Spring,4.5,Store Pickup,1,1
1283,1283,6,68,Winter,3.0,Free Shipping,1,1
1284,1284,6,94,Winter,3.9,2-Day Shipping,1,1
1285,1285,11,93,Spring,3.9,Express,1,1
1286,1286,25,99,Fall,3.5,Next Day Air,1,1
1287,1287,25,49,Winter,4.9,Next Day Air,1,1
1288,1288,3,28,Winter,3.4,Standard,1,1
1289,1289,23,93,Winter,4.1,Standard,1,1
1290,1290,15,24,Fall,2.9,Next Day Air,1,1
1291,1291,12,35,Spring,3.4,Free Shipping,1,1
1292,1292,4,68,Spring,3.2,2-Day Shipping,1,1
1293,1293,23,61,Summer,,Free Shipping,1,1
1294,1294,2,74,Fall,4.1,Standard,1,1
1295,1295,6,64,Summer,4.5,Standard,1,1
1296,1296,5,60,Fall,2.8,Standard,1,1
1297,1297,3,29,Spring,2.8,Express,1,1
1298,1298,4,85,Summer,4.6,Standard,1,1
1299,1299,14,81,Summer,3.0,Free Shipping,1,1
1300,1300,23,23,Fall,3.6,2-Day Shipping,1,1
1301,1301,18,100,Spring,4.5,Next Day Air,1,1
1302,1302,6,54,Fall,5.0,Express,1,1
1303,1303,5,25,Fall,2.9,Next Day Air,1,1
1304,1304,1,32,Summer,3.1,Next Day Air,1,1
1305,1305,22,63,Spring,4.0,2-Day Shipping,1,1
1306,1306,14,56,Spring,4.5,Express,1,1
1307,1307,2,33,Winter,4.5,Next Day Air,1,1
1308,1308,8,32,Summer,3.1,Express,1,1
1309,1309,11,38,Summer,4.4,Next Day Air,1,1
1310,1310,1,21,Summer,4.7,Store Pickup,1,1
1311,1311,16,59,Winter,3.1,Store Pickup,1,1
1312,1312,10,87,Fall,4.2,Express,1,1
1313,1313,18,79,Winter,3.0,Store Pickup,1,1
1314,1314,10,28,Summer,,Free Shipping,1,1
1315,1315,24,67,Summer,3.4,Free Shipping,1,1
1316,1316,7,75,Spring,4.2,2-Day Shipping,1,1
1317,1317,23,32,Spring,4.6,Standard,1,1
1318,1318,14,43,Spring,2.8,Free Shipping,1,1
1319,1319,7,93,Spring,2.7,Express,1,1
1320,1320,13,24,Spring,4.0,Standard,1,1
1321,1321,20,31,Fall,3.1,Free Shipping,1,1
1322,1322,18,84,Winter,3.7,Express,1,1
1323,1323,14,74,Winter,4.0,Next Day Air,1,1
1324,1324,7,62,Spring,4.6,Standard,1,1
1325,1325,17,77,Summer,3.8,Free Shipping,1,1
1326,1326,22,73,Summer,3.5,Express,1,1
1327,1327,10,50,Spring,,Free Shipping,1,1
1328,1328,8,40,Winter,2.8,Standard,1,1
1329,1329,2,97,Winter,3.7,Standard,1,1
1330,1330,25,63,Fall,3.3,Express,1,1
1331,1331,9,65,Fall,2.9,Standard,1,1
1332,1332,21,91,Spring,3.2,Standard,1,1
1333,1333,16,60,Spring,4.3,Store Pickup,1,1
1334,1334,14,69,Winter,2.7,Next Day Air,1,1
1335,1335,8,52,Spring,,Store Pickup,1,1
1336,1336,24,49,Fall,4.8,2-Day Shipping,1,1
1337,1337,5,85,Spring,4.8,Store Pickup,1,1
1338,1338,2,86,Spring,3.4,Express,1,1
1339,1339,9,51,Winter,2.6,Standard,1,1
1340,1340,23,56,Winter,5.0,Next Day Air,1,1
1341,1341,23,72,Fall,4.4,Next Day Air,1,1
1342,1342,16,27,Fall,,Standard,1,1
1343,1343,13,43,Summer,3.4,2-Day Shipping,1,1
1344,1344,5,56,Spring,3.4,Standard,1,1
1345,1345,18,37,Fall,4.9,Next Day Air,1,1
1346,1346,11,21,Fall,3.6,Standard,1,1
1347,1347,16,91,Winter,3.0,Free Shipping,1,1
1348,1348,2,95,Summer,3.9,2-Day Shipping,1,1
1349,1349,23,54,Spring,3.2,Standard,1,1
1350,1350,21,36,Spring,3.2,Next Day Air,1,1
1351,1351,13,71,Fall,4.3,Next Day Air,1,1
1352,1352,8,31,Summer,2.8,2-Day Shipping,1,1
1353,1353,20,89,Spring,4.5,Next Day Air,1,1
1354,1354,14,83,Winter,4.1,Next Day Air,1,1
1355,1355,22,42,Spring,3.6,2-Day Shipping,1,1
1356,1356,7,91,Summer,3.0,2-Day Shipping,1,1
1357,1357,15,61,Spring,4.0,Free Shipping,1,1
1358,1358,22,66,Summer,3.5,Next Day Air,1,1
1359,1359,19,22,Spring,2.5,Store Pickup,1,1
1360,1360,16,68,Winter,4.3,Store Pickup,1,1
1361,1361,12,43,Fall,2.8,Express,1,1
1362,1362,11,32,Fall,3.7,Next Day Air,1,1
1363,1363,8,46,Fall,4.3,Express,1,1
1364,1364,1,90,Summer,4.0,Express,1,1
1365,1365,20,75,Fall,4.7,Express,1,1
1366,1366,9,69,Winter,4.5,Store Pickup,1,1
1367,1367,23,40,Fall,3.1,Free Shipping,1,1
1368,1368,23,63,Fall,3.8,Express,1,1
1369,1369,6,36,Summer,4.9,Express,1,1
1370,1370,10,75,Winter,3.2,Standard,1,1
1371,1371,19,67,Summer,,2-Day Shipping,1,1
1372,1372,14,64,Spring,2.8,Store Pickup,1,1
1373,1373,1,61,Fall,4.0,2-Day Shipping,1,1
1374,1374,25,40,Winter,2.6,Store Pickup,1,1
1375,1375,9,97,Fall,2.7,Free Shipping,1,1
1376,1376,5,31,Spring,4.1,2-Day Shipping,1,1
1377,1377,4,65,Spring,5.0,Free Shipping,1,1
1378,1378,13,54,Spring,3.0,Next Day Air,1,1
1379,1379,15,49,Fall,3.6,Free Shipping,1,1
1380,1380,18,64,Fall,2.8,2-Day Shipping,1,1
1381,1381,5,35,Winter,4.6,Standard,1,1
1382,1382,10,86,Winter,2.9,Standard,1,1
1383,1383,15,55,Winter,4.8,Express,1,1
1384,1384,19,58,Spring,3.3,Express,1,1
1385,1385,5,96,Fall,4.6,Standard,1,1
1386,1386,17,64,Fall,2.6,Store Pickup,1,1
1387,1387,15,56,Fall,4.0,Next Day Air,1,1
1388,1388,1,85,Winter,3.8,Standard,1,1
1389,1389,11,23,Spring,3.9,Express,1,1
1390,1390,19,72,Fall,2.6,Store Pickup,1,1
1391,1391,20,38,Summer,4.3,Standard,1,1
1392,1392,1,29,Winter,3.6,Express,1,1
1393,1393,25,46,Spring,4.2,Express,1,1
1394,1394,25,58,Spring,3.9,Express,1,1
1395,1395,8,43,Fall,4.7,Next Day Air,1,1
1396,1396,19,32,Spring,2.8,Next Day Air,1,1
1397,1397,14,30,Winter,3.0,Next Day Air,1,1
1398,1398,13,67,Summer,4.7,Store Pickup,1,1
1399,1399,11,45,Summer,2.5,Free Shipping,1,1
1400,1400,20,81,Winter,3.1,Store Pickup,1,1
1401,1401,22,23,Fall,3.6,Next Day Air,1,1
1402,1402,4,59,Fall,3.5,2-Day Shipping,1,1
1403,1403,13,21,Summer,3.1,Express,1,1
1404,1404,22,20,Spring,3.6,Store Pickup,1,1
1405,1405,17,28,Winter,3.5,Next Day Air,1,1
1406,1406,21,100,Winter,2.7,Store Pickup,1,1
1407,1407,6,46,Spring,3.6,Express,1,1
1408,1408,9,61,Spring,4.5,Express,1,1
1409,1409,1,58,Winter,4.1,Free Shipping,1,1
1410,1410,22,50,Spring,4.2,Standard,1,1
1411,1411,20,93,Summer,4.0,Store Pickup,1,1
1412,1412,12,24,Summer,2.8,Store Pickup,1,1
1413,1413,7,100,Summer,2.6,2-Day Shipping,1,1
1414,1414,1,79,Fall,2.7,Store Pickup,1,1
1415,1415,21,51,Summer,4.5,Store Pickup,1,1
1416,1416,23,90,Winter,3.7,Free Shipping,1,1
1417,1417,24,56,Summer,3.4,Free Shipping,1,1
1418,1418,7,25,Spring,4.6,Standard,1,1
1419,1419,6,75,Summer,4.1,2-Day Shipping,1,1
1420,1420,9,75,Summer,2.6,Free Shipping,1,1
1421,1421,3,53,Summer,4.6,Store Pickup,1,1
1422,1422,11,100,Spring,3.0,Standard,1,1
1423,1423,11,27,Fall,3.4,Free Shipping,1,1
1424,1424,4,60,Fall,3.5,Free Shipping,1,1
1425,1425,15,23,Fall,3.5,Standard,1,1
1426,1426,8,40,Winter,3.7,Next Day Air,1,1
1427,1427,14,38,Summer,4.8,Free Shipping,1,1
1428,1428,22,90,Summer,4.9,Store Pickup,1,1
1429,1429,1,97,Summer,4.9,Express,1,1
1430,1430,12,38,Fall,4.7,Standard,1,1
1431,1431,4,30,Summer,4.9,Free Shipping,1,1
1432,1432,14,88,Fall,2.9,Express,1,1
1433,1433,20,33,Winter,4.4,Express,1,1
1434,1434,16,60,Winter,3.2,Next Day Air,1,1
1435,1435,2,64,Summer,4.6,Free Shipping,1,1
1436,1436,19,95,Fall,4.0,Standard,1,1
1437,1437,5,83,Winter,3.7,Free Shipping,1,1
1438,1438,24,97,Winter,4.2,Free Shipping,1,1
1439,1439,8,38,Spring,2.9,Standard,1,1
1440,1440,24,48,Summer,4.8,Next Day Air,1,1
1441,1441,4,76,Spring,4.4,Standard,1,1
1442,1442,14,25,Summer,3.4,Free Shipping,1,1
1443,1443,16,92,Spring,2.8,2-Day Shipping,1,1
1444,1444,4,47,Fall,4.2,Next Day Air,1,1
1445,1445,2,36,Fall,3.8,Express,1,1
1446,1446,23,51,Fall,3.1,2-Day Shipping,1,1
1447,1447,3,35,Summer,3.2,Express,1,1
1448,1448,16,57,Summer,3.0,Next Day Air,1,1
1449,1449,24,95,Summer,3.6,Free Shipping,1,1
1450,1450,21,41,Winter,2.5,Store Pickup,1,1
1451,1451,11,44,Winter,3.4,Free Shipping,1,1
1452,1452,15,34,Fall,2.5,Next Day Air,1,1
1453,1453,15,25,Spring,4.7,2-Day Shipping,1,1
1454,1454,24,93,Winter,3.2,2-Day Shipping,1,1
1455,1455,5,50,Winter,2.9,Free Shipping,1,1
1456,1456,14,79,Fall,4.9,Express,1,1
1457,1457,8,100,Spring,2.7,Store Pickup,1,1
1458,1458,6,57,Spring,4.7,Express,1,1
1459,1459,2,28,Spring,2.9,2-Day Shipping,1,1
1460,1460,10,35,Winter,4.8,Express,1,1
1461,1461,24,85,Fall,4.6,Standard,1,1
1462,1462,13,95,Summer,5.0,2-Day Shipping,1,1
1463,1463,5,90,Summer,4.8,2-Day Shipping,1,1
1464,1464,17,49,Summer,4.9,Store Pickup,1,1
1465,1465,23,92,Winter,4.6,2-Day Shipping,1,1
1466,1466,25,72,Winter,3.9,Store Pickup,1,1
1467,1467,7,71,Summer,4.5,Store Pickup,1,1
1468,1468,17,27,Winter,4.7,Store Pickup,1,1
1469,1469,25,39,Fall,3.9,Express,1,1
1470,1470,17,98,Winter,4.4,Standard,1,1
1471,1471,4,27,Spring,3.9,Next Day Air,1,1
1472,1472,17,71,Spring,2.8,2-Day Shipping,1,1
1473,1473,20,24,Spring,3.5,Store Pickup,1,1
1474,1474,7,63,Fall,4.3,Express,1,1
1475,1475,2,72,Fall,3.9,Next Day Air,1,1
1476,1476,1,61,Spring,4.0,Express,1,1
1477,1477,20,56,Fall,4.1,Next Day Air,1,1
1478,1478,23,32,Summer,4.3,Standard,1,1
1479,1479,25,23,Summer,4.2,Free Shipping,1,1
1480,1480,8,100,Spring,4.0,Standard,1,1
1481,1481,17,74,Fall,3.6,Express,1,1
1482,1482,12,33,Spring,3.3,Standard,1,1
1483,1483,25,67,Spring,4.1,2-Day Shipping,1,1
1484,1484,17,61,Summer,4.7,Next Day Air,1,1
1485,1485,7,46,Summer,4.4,Store Pickup,1,1
1486,1486,25,56,Spring,3.4,Standard,1,1
1487,1487,5,73,Spring,5.0,Free Shipping,1,1
1488,1488,12,44,Summer,4.6,Store Pickup,1,1
1489,1489,20,44,Winter,4.0,Standard,1,1
1490,1490,17,26,Summer,4.1,Next Day Air,1,1
1491,1491,5,52,Spring,4.9,Express,1,1
1492,1492,6,54,Summer,2.7,Free Shipping,1,1
1493,1493,15,38,Summer,4.5,Free Shipping,1,1
1494,1494,23,44,Fall,2.7,Standard,1,1
1495,1495,18,76,Spring,3.0,Next Day Air,1,1
1496,1496,17,23,Winter,4.5,Next Day Air,1,1
1497,1497,18,98,Winter,5.0,Standard,1,1
1498,1498,15,33,Spring,3.8,2-Day Shipping,1,1
1499,1499,2,32,Summer,3.1,Standard,1,1
1500,1500,24,85,Fall,3.4,Free Shipping,1,1
1501,1501,3,69,Summer,4.8,Next Day Air,1,1
1502,1502,3,55,Spring,2.7,Standard,1,1
1503,1503,14,66,Summer,3.2,Store Pickup,1,1
1504,1504,15,30,Fall,3.9,2-Day Shipping,1,1
1505,1505,15,80,Winter,4.2,Next Day Air,1,1
1506,1506,23,20,Summer,3.0,Express,1,1
1507,1507,6,30,Fall,3.0,2-Day Shipping,1,1
1508,1508,11,86,Winter,3.7,2-Day Shipping,1,1
1509,1509,1,84,Spring,4.4,Store Pickup,1,1
1510,1510,11,54,Summer,4.6,Free Shipping,1,1
1511,1511,1,30,Fall,3.0,Free Shipping,1,1
1512,1512,11,91,Winter,3.6,Express,1,1
1513,1513,5,23,Winter,3.9,Standard,1,1
1514,1514,21,35,Spring,4.1,Free Shipping,1,1
1515,1515,10,90,Winter,3.9,2-Day Shipping,1,1
1516,1516,3,93,Fall,3.9,2-Day Shipping,1,1
1517,1517,3,68,Winter,4.5,Express,1,1
1518,1518,25,41,Spring,3.4,Standard,1,1
1519,1519,23,73,Winter,4.1,Next Day Air,1,1
1520,1520,13,73,Fall,4.9,Next Day Air,1,1
1521,1521,20,66,Summer,4.4,2-Day Shipping,1,1
1522,1522,22,59,Summer,2.7,2-Day Shipping,1,1
1523,1523,7,72,Spring,4.8,Free Shipping,1,1
1524,1524,21,88,Summer,3.3,2-Day Shipping,1,1
1525,1525,21,76,Summer,4.4,Free Shipping,1,1
1526,1526,23,31,Winter,4.6,2-Day Shipping,1,1
1527,1527,15,22,Summer,3.1,Next Day Air,1,1
1528,1528,20,75,Fall,4.5,2-Day Shipping,1,1
1529,1529,18,75,Spring,4.0,Store Pickup,1,1
1530,1530,22,63,Winter,3.1,Free Shipping,1,1
1531,1531,8,21,Spring,3.9,Next Day Air,1,1
1532,1532,22,83,Spring,4.5,Next Day Air,1,1
1533,1533,15,46,Winter,4.4,Next Day Air,1,1
1534,1534,10,59,Summer,3.6,2-Day Shipping,1,1
1535,1535,1,66,Summer,3.4,Free Shipping,1,1
1536,1536,4,74,Fall,4.0,2-Day Shipping,1,1
1537,1537,13,82,Summer,2.6,Store Pickup,1,1
1538,1538,10,89,Spring,3.2,Next Day Air,1,1
1539,1539,11,65,Fall,3.2,Standard,1,1
1540,1540,23,55,Spring,5.0,2-Day Shipping,1,1
1541,1541,7,95,Winter,2.9,Next Day Air,1,1
1542,1542,9,77,Winter,2.9,Store Pickup,1,1
1543,1543,1,44,Winter,3.5,Next Day Air,1,1
1544,1544,3,89,Fall,4.0,Standard,1,1
1545,1545,17,24,Spring,3.9,Standard,1,1
1546,1546,23,43,Winter,4.9,Store Pickup,1,1
1547,1547,5,51,Summer,3.8,Express,1,1
1548,1548,20,46,Summer,3.5,Standard,1,1
1549,1549,11,32,Summer,3.7,Store Pickup,1,1
1550,1550,5,55,Spring,2.9,2-Day Shipping,1,1
1551,1551,13,26,Summer,2.8,Free Shipping,1,1
1552,1552,9,29,Summer,3.7,2-Day Shipping,1,1
1553,1553,1,49,Spring,3.0,Express,1,1
1554,1554,1,45,Spring,4.8,Free Shipping,1,1
1555,1555,7,48,Winter,2.7,Standard,1,1
1556,1556,7,47,Winter,4.5,Free Shipping,1,1
1557,1557,16,57,Fall,2.7,Standard,1,1
1558,1558,22,34,Fall,3.5,Next Day Air,1,1
1559,1559,13,75,Fall,3.5,Express,1,1
1560,1560,19,94,Fall,4.5,Store Pickup,1,1
1561,1561,20,84,Winter,3.8,Free Shipping,1,1
1562,1562,19,38,Summer,3.8,Standard,1,1
1563,1563,19,75,Winter,3.2,Next Day Air,1,1
1564,1564,14,44,Fall,4.3,Next Day Air,1,1
1565,1565,22,33,Summer,4.5,Next Day Air,1,1
1566,1566,13,93,Fall,4.2,Free Shipping,1,1
1567,1567,5,99,Winter,3.0,Free Shipping,1,1
1568,1568,22,33,Spring,4.1,Standard,1,1
1569,1569,5,76,Spring,4.6,Store Pickup,1,1
1570,1570,12,63,Summer,2.9,Standard,1,1
1571,1571,14,41,Winter,4.8,Next Day Air,1,1
1572,1572,17,88,Winter,4.5,Next Day Air,1,1
1573,1573,12,92,Summer,3.4,2-Day Shipping,1,1
1574,1574,18,31,Summer,4.3,2-Day Shipping,1,1
1575,1575,12,25,Spring,4.2,Free Shipping,1,1
1576,1576,6,28,Spring,3.6,Next Day Air,1,1
1577,1577,11,75,Spring,3.7,2-Day Shipping,1,1
1578,1578,24,34,Spring,4.0,Standard,1,1
1579,1579,14,97,Winter,4.9,2-Day Shipping,1,1
1580,1580,15,80,Summer,3.1,Free Shipping,1,1
1581,1581,5,71,Summer,3.7,Standard,1,1
1582,1582,17,77,Fall,4.2,Free Shipping,1,1
1583,1583,23,41,Spring,2.5,Next Day Air,1,1
1584,1584,19,92,Summer,4.3,Next Day Air,1,1
1585,1585,1,95,Spring,3.1,Store Pickup,1,1
1586,1586,2,25,Fall,3.0,Next Day Air,1,1
1587,1587,24,77,Fall,4.0,Express,1,1
1588,1588,21,99,Summer,3.5,Free Shipping,1,1
1589,1589,23,24,Winter,3.2,Next Day Air,1,1
1590,1590,5,72,Summer,2.7,Store Pickup,1,1
1591,1591,3,80,Winter,3.0,Free Shipping,1,1
1592,1592,12,100,Winter,2.9,Next Day Air,1,1
1593,1593,10,83,Summer,3.3,Free Shipping,1,1
1594,1594,11,95,Spring,4.9,2-Day Shipping,1,1
1595,1595,9,41,Summer,3.7,Store Pickup,1,1
1596,1596,22,35,Spring,3.5,Standard,1,1
1597,1597,17,30,Fall,4.7,Store Pickup,1,1
1598,1598,20,21,Winter,2.6,Store Pickup,1,1
1599,1599,17,85,Fall,4.1,Express,1,1
1600,1600,6,54,Winter,2.8,2-Day Shipping,1,1
1601,1601,24,26,Spring,4.7,Next Day Air,1,1
1602,1602,6,59,Spring,2.9,Store Pickup,1,1
1603,1603,13,48,Winter,2.8,Free Shipping,1,1
1604,1604,7,98,Summer,4.3,Next Day Air,1,1
1605,1605,2,92,Summer,4.8,2-Day Shipping,1,1
1606,1606,23,46,Winter,3.4,Next Day Air,1,1
1607,1607,18,21,Spring,4.3,Standard,1,1
1608,1608,7,72,Fall,2.7,Free Shipping,1,1
1609,1609,4,58,Fall,4.6,Next Day Air,1,1
1610,1610,6,93,Fall,4.1,Standard,1,1
1611,1611,21,31,Spring,3.4,2-Day Shipping,1,1
1612,1612,14,26,Winter,4.5,Next Day Air,1,1
1613,1613,12,68,Summer,4.4,Standard,1,1
1614,1614,17,31,Summer,4.0,Next Day Air,1,1
1615,1615,18,41,Summer,3.4,Free Shipping,1,1
1616,1616,17,62,Fall,3.2,Standard,1,1
1617,1617,20,41,Spring,3.4,Standard,1,1
1618,1618,1,64,Winter,4.3,Standard,1,1
1619,1619,4,72,Summer,5.0,Standard,1,1
1620,1620,9,78,Winter,3.5,Store Pickup,1,1
1621,1621,20,47,Winter,3.1,2-Day Shipping,1,1
1622,1622,19,46,Summer,3.9,2-Day Shipping,1,1
1623,1623,7,43,Winter,4.0,Store Pickup,1,1
1624,1624,22,58,Summer,3.5,Next Day Air,1,1
1625,1625,2,32,Winter,3.6,Free Shipping,1,1
1626,1626,12,45,Winter,3.0,Next Day Air,1,1
1627,1627,5,35,Summer,2.6,Next Day Air,1,1
1628,1628,13,21,Winter,2.9,Next Day Air,1,1
1629,1629,11,64,Winter,3.1,Next Day Air,1,1
1630,1630,1,88,Spring,3.3,Next Day Air,1,1
1631,1631,10,48,Summer,2.9,Store Pickup,1,1
1632,1632,2,36,Summer,3.9,2-Day Shipping,1,1
1633,1633,25,28,Summer,4.7,2-Day Shipping,1,1
1634,1634,21,80,Spring,4.4,2-Day Shipping,1,1
1635,1635,8,23,Summer,3.6,Store Pickup,1,1
1636,1636,13,24,Summer,3.2,Standard,1,1
1637,1637,24,22,Fall,4.0,Free Shipping,1,1
1638,1638,11,21,Spring,3.5,Next Day Air,1,1
1639,1639,15,51,Spring,4.6,Free Shipping,1,1
1640,1640,25,65,Summer,3.3,Free Shipping,1,1
1641,1641,19,51,Spring,4.0,2-Day Shipping,1,1
1642,1642,16,32,Summer,3.4,Free Shipping,1,1
1643,1643,8,70,Spring,4.2,Store Pickup,1,1
1644,1644,19,77,Summer,3.9,2-Day Shipping,1,1
1645,1645,8,90,Summer,3.9,Next Day Air,1,1
1646,1646,19,36,Summer,2.8,Standard,1,1
1647,1647,9,77,Summer,3.7,Standard,1,1
1648,1648,24,78,Summer,4.9,Store Pickup,1,1
1649,1649,14,69,Summer,2.6,Express,1,1
1650,1650,18,63,Summer,4.9,Free Shipping,1,1
1651,1651,19,36,Winter,3.4,Next Day Air,1,1
1652,1652,8,80,Winter,3.9,Standard,1,1
1653,1653,2,35,Summer,4.0,Next Day Air,1,1
1654,1654,23,93,Winter,3.0,2-Day Shipping,1,1
1655,1655,23,25,Spring,2.6,Store Pickup,1,1
1656,1656,2,81,Spring,3.2,Next Day Air,1,1
1657,1657,1,42,Spring,2.6,2-Day Shipping,1,1
1658,1658,12,36,Spring,3.2,Store Pickup,1,1
1659,1659,17,66,Spring,4.1,Store Pickup,1,1
1660,1660,25,37,Fall,3.9,Next Day Air,1,1
1661,1661,18,45,Winter,4.1,Standard,1,1
1662,1662,25,86,Summer,2.7,2-Day Shipping,1,1
1663,1663,13,24,Winter,4.6,Free Shipping,1,1
1664,1664,6,22,Summer,3.5,Standard,1,1
1665,1665,9,53,Spring,5.0,Next Day Air,1,1
1666,1666,15,41,Fall,3.4,Next Day Air,1,1
1667,1667,12,64,Summer,3.1,Store Pickup,1,1
1668,1668,9,40,Winter,3.4,2-Day Shipping,1,1
1669,1669,1,33,Summer,4.0,Standard,1,1
1670,1670,18,59,Winter,2.7,Store Pickup,1,1
1671,1671,14,73,Fall,3.6,Free Shipping,1,1
1672,1672,16,22,Winter,4.0,Free Shipping,1,1
1673,1673,24,73,Fall,3.8,Free Shipping,1,1
1674,1674,1,62,Fall,3.4,Next Day Air,1,1
1675,1675,8,56,Winter,3.2,Free Shipping,1,1
1676,1676,14,90,Spring,4.7,Next Day Air,1,1
1677,1677,13,44,Winter,3.1,Next Day Air,1,1
1678,1678,3,35,Summer,3.3,Next Day Air,0,0
1679,1679,14,71,Summer,4.8,2-Day Shipping,0,0
1680,1680,11,52,Fall,4.5,Next Day Air,0,0
1681,1681,10,37,Summer,3.4,Store Pickup,0,0
1682,1682,5,95,Winter,3.7,2-Day Shipping,0,0
1683,1683,21,97,Fall,4.9,2-Day Shipping,0,0
1684,1684,8,57,Spring,3.5,Next Day Air,0,0
1685,1685,6,93,Spring,4.6,Standard,0,0
1686,1686,1,48,Winter,4.6,Standard,0,0
1687,1687,25,75,Fall,4.2,Store Pickup,0,0
1688,1688,12,70,Winter,3.7,Free Shipping,0,0
1689,1689,9,26,Winter,3.0,Next Day Air,0,0
1690,1690,6,73,Winter,4.6,Store Pickup,0,0
1691,1691,8,30,Summer,3.2,Free Shipping,0,0
1692,1692,10,61,Summer,3.5,Next Day Air,0,0
1693,1693,9,75,Winter,2.6,Standard,0,0
1694,1694,15,88,Fall,4.9,Standard,0,0
1695,1695,6,67,Summer,2.7,Express,0,0
1696,1696,20,95,Fall,4.7,2-Day Shipping,0,0
1697,1697,13,69,Spring,4.0,Free Shipping,0,0
1698,1698,6,87,Fall,3.5,Next Day Air,0,0
1699,1699,23,41,Winter,4.8,Standard,0,0
1700,1700,2,67,Spring,4.0,Free Shipping,0,0
1701,1701,16,70,Fall,4.1,Express,0,0
1702,1702,9,41,Winter,3.8,Next Day Air,0,0
1703,1703,3,83,Summer,5.0,Express,0,0
1704,1704,22,22,Spring,4.0,Next Day Air,0,0
1705,1705,5,20,Summer,3.9,Store Pickup,0,0
1706,1706,17,29,Summer,3.4,2-Day Shipping,0,0
1707,1707,13,87,Spring,3.0,Standard,0,0
1708,1708,7,81,Fall,4.9,2-Day Shipping,0,0
1709,1709,24,58,Spring,3.2,Express,0,0
1710,1710,12,83,Winter,3.8,Standard,0,0
1711,1711,14,59,Fall,3.8,Store Pickup,0,0
1712,1712,18,93,Spring,4.7,Express,0,0
1713,1713,18,87,Fall,3.8,2-Day Shipping,0,0
1714,1714,15,22,Winter,4.6,Free Shipping,0,0
1715,1715,3,71,Summer,4.4,Standard,0,0
1716,1716,11,69,Spring,3.4,2-Day Shipping,0,0
1717,1717,1,47,Winter,4.7,Standard,0,0
1718,1718,16,50,Summer,2.9,Express,0,0
1719,1719,18,96,Winter,3.4,2-Day Shipping,0,0
1720,1720,2,39,Winter,3.2,Free Shipping,0,0
1721,1721,7,84,Winter,2.8,Express,0,0
1722,1722,17,28,Spring,4.3,Free Shipping,0,0
1723,1723,18,51,Summer,3.3,Standard,0,0
1724,1724,19,20,Spring,3.3,Standard,0,0
1725,1725,10,72,Winter,3.3,Free Shipping,0,0
1726,1726,13,33,Spring,3.0,Next Day Air,0,0
1727,1727,8,28,Summer,2.8,Express,0,0
1728,1728,1,53,Spring,4.0,Express,0,0
1729,1729,3,48,Fall,4.3,Express,0,0
1730,1730,7,21,Winter,3.8,Store Pickup,0,0
1731,1731,6,22,Fall,4.2,Free Shipping,0,0
1732,1732,22,87,Fall,3.1,Next Day Air,0,0
1733,1733,23,50,Winter,2.6,Free Shipping,0,0
1734,1734,1,85,Summer,3.4,Express,0,0
1735,1735,3,98,Spring,3.1,Next Day Air,0,0
1736,1736,11,34,Winter,3.6,Express,0,0
1737,1737,7,61,Summer,2.6,2-Day Shipping,0,0
1738,1738,17,98,Summer,4.2,Store Pickup,0,0
1739,1739,9,61,Spring,2.9,2-Day Shipping,0,0
1740,1740,17,98,Winter,4.2,Express,0,0
1741,1741,14,21,Fall,3.3,Next Day Air,0,0
1742,1742,14,51,Winter,3.6,Next Day Air,0,0
1743,1743,4,80,Spring,4.3,Express,0,0
1744,1744,12,72,Winter,3.3,Standard,0,0
1745,1745,13,63,Winter,3.0,Standard,0,0
1746,1746,12,27,Winter,3.6,Store Pickup,0,0
1747,1747,9,44,Summer,3.1,Store Pickup,0,0
1748,1748,8,23,Winter,2.9,Express,0,0
1749,1749,12,93,Winter,3.9,2-Day Shipping,0,0
1750,1750,16,70,Fall,3.2,2-Day Shipping,0,0
1751,1751,13,85,Fall,3.1,Express,0,0
1752,1752,2,40,Winter,3.2,2-Day Shipping,0,0
1753,1753,24,29,Winter,3.3,Store Pickup,0,0
1754,1754,12,27,Fall,4.8,Next Day Air,0,0
1755,1755,11,93,Fall,3.8,2-Day Shipping,0,0
1756,1756,23,20,Spring,4.6,Next Day Air,0,0
1757,1757,17,55,Fall,2.8,Free Shipping,0,0
1758,1758,11,94,Fall,3.6,Standard,0,0
1759,1759,20,56,Winter,4.3,Free Shipping,0,0
1760,1760,2,58,Spring,4.0,Next Day Air,0,0
1761,1761,12,44,Spring,3.5,Standard,0,0
1762,1762,16,95,Fall,4.9,2-Day Shipping,0,0
1763,1763,4,42,Summer,3.1,Express,0,0
1764,1764,17,93,Winter,3.9,Store Pickup,0,0
1765,1765,11,56,Summer,3.0,Store Pickup,0,0
1766,1766,16,88,Spring,4.1,2-Day Shipping,0,0
1767,1767,2,54,Winter,4.3,2-Day Shipping,0,0
1768,1768,17,89,Fall,3.8,2-Day Shipping,0,0
1769,1769,4,45,Summer,3.9,2-Day Shipping,0,0
1770,1770,21,75,Winter,4.3,Free Shipping,0,0
1771,1771,22,22,Fall,4.3,Express,0,0
1772,1772,6,82,Fall,4.7,Store Pickup,0,0
1773,1773,10,34,Summer,3.1,2-Day Shipping,0,0
1774,1774,8,92,Summer,2.7,Free Shipping,0,0
1775,1775,2,78,Spring,3.7,Express,0,0
1776,1776,15,47,Spring,3.3,2-Day Shipping,0,0
1777,1777,15,64,Summer,3.4,Free Shipping,0,0
1778,1778,5,44,Winter,4.7,Free Shipping,0,0
1779,1779,23,94,Winter,4.9,Store Pickup,0,0
1780,1780,19,62,Winter,4.3,Free Shipping,0,0
1781,1781,17,81,Summer,4.2,Next Day Air,0,0
1782,1782,18,33,Fall,3.7,Express,0,0
1783,1783,14,88,Fall,2.7,Next Day Air,0,0
1784,1784,9,49,Winter,3.3,Free Shipping,0,0
1785,1785,22,31,Summer,4.8,Standard,0,0
1786,1786,25,29,Fall,4.1,Next Day Air,0,0
1787,1787,15,34,Spring,4.6,2-Day Shipping,0,0
1788,1788,2,38,Fall,4.9,2-Day Shipping,0,0
1789,1789,1,41,Summer,3.1,Store Pickup,0,0
1790,1790,1,34,Spring,3.0,2-Day Shipping,0,0
1791,1791,25,26,Summer,3.7,Store Pickup,0,0
1792,1792,3,98,Winter,4.0,Store Pickup,0,0
1793,1793,5,59,Fall,3.0,Express,0,0
1794,1794,20,92,Fall,3.8,Store Pickup,0,0
1795,1795,22,40,Spring,3.7,Express,0,0
1796,1796,3,20,Fall,4.0,2-Day Shipping,0,0
1797,1797,12,35,Spring,3.1,Store Pickup,0,0
1798,1798,23,35,Spring,3.9,2-Day Shipping,0,0
1799,1799,11,82,Winter,3.7,Express,0,0
1800,1800,16,48,Fall,3.9,Express,0,0
1801,1801,8,58,Winter,2.7,Express,0,0
1802,1802,2,57,Spring,3.9,Express,0,0
1803,1803,7,96,Winter,2.6,Store Pickup,0,0
1804,1804,5,97,Summer,3.5,Free Shipping,0,0
1805,1805,2,42,Winter,4.4,Next Day Air,0,0
1806,1806,18,62,Spring,4.9,Store Pickup,0,0
1807,1807,9,67,Fall,3.9,Standard,0,0
1808,1808,5,46,Summer,3.5,Standard,0,0
1809,1809,15,71,Spring,4.3,Next Day Air,0,0
1810,1810,22,99,Fall,3.4,Free Shipping,0,0
1811,1811,3,28,Fall,2.7,Standard,0,0
1812,1812,23,77,Summer,3.6,Standard,0,0
1813,1813,24,63,Summer,4.9,Express,0,0
1814,1814,7,62,Spring,3.5,Free Shipping,0,0
1815,1815,3,92,Summer,3.8,Free Shipping,0,0
1816,1816,10,72,Winter,4.5,2-Day Shipping,0,0
1817,1817,20,79,Summer,4.0,Express,0,0
1818,1818,18,27,Summer,4.7,Free Shipping,0,0
1819,1819,13,39,Fall,3.8,Express,0,0
1820,1820,21,86,Spring,4.5,Next Day Air,0,0
1821,1821,6,94,Fall,5.0,Express,0,0
1822,1822,7,53,Spring,2.8,Express,0,0
1823,1823,6,85,Summer,4.4,Standard,0,0
1824,1824,21,50,Fall,4.7,Free Shipping,0,0
1825,1825,14,47,Winter,3.8,Express,0,0
1826,1826,24,75,Winter,4.9,Next Day Air,0,0
1827,1827,18,60,Winter,4.2,Express,0,0
1828,1828,18,36,Spring,4.9,2-Day Shipping,0,0
1829,1829,8,80,Spring,3.9,Express,0,0
1830,1830,20,96,Spring,4.9,2-Day Shipping,0,0
1831,1831,13,80,Winter,4.8,Express,0,0
1832,1832,1,71,Summer,3.3,Free Shipping,0,0
1833,1833,17,29,Fall,4.6,Free Shipping,0,0
1834,1834,17,53,Spring,4.5,2-Day Shipping,0,0
1835,1835,12,35,Summer,4.1,2-Day Shipping,0,0
1836,1836,19,75,Fall,3.2,2-Day Shipping,0,0
1837,1837,14,52,Fall,4.2,2-Day Shipping,0,0
1838,1838,20,77,Winter,4.8,Free Shipping,0,0
1839,1839,25,24,Fall,4.1,Next Day Air,0,0
1840,1840,6,78,Winter,3.7,Store Pickup,0,0
1841,1841,4,98,Winter,2.6,Store Pickup,0,0
1842,1842,21,57,Winter,3.0,Standard,0,0
1843,1843,9,78,Summer,4.4,Express,0,0
1844,1844,15,76,Fall,4.7,Next Day Air,0,0
1845,1845,7,26,Spring,2.7,2-Day Shipping,0,0
1846,1846,4,78,Winter,2.8,2-Day Shipping,0,0
1847,1847,19,53,Summer,2.9,Standard,0,0
1848,1848,4,100,Summer,4.4,Free Shipping,0,0
1849,1849,3,73,Winter,2.7,Express,0,0
1850,1850,12,40,Winter,4.5,Store Pickup,0,0
1851,1851,25,76,Winter,2.8,Store Pickup,0,0
1852,1852,12,80,Fall,3.1,Free Shipping,0,0
1853,1853,2,80,Winter,3.8,Store Pickup,0,0
1854,1854,1,67,Spring,2.9,Express,0,0
1855,1855,2,61,Spring,3.8,Express,0,0
1856,1856,6,76,Spring,4.7,Standard,0,0
1857,1857,17,55,Summer,3.2,Free Shipping,0,0
1858,1858,18,85,Summer,4.0,Next Day Air,0,0
1859,1859,19,69,Spring,4.9,2-Day Shipping,0,0
1860,1860,23,26,Summer,3.7,Store Pickup,0,0
1861,1861,18,64,Summer,4.8,Next Day Air,0,0
1862,1862,5,60,Fall,3.6,Standard,0,0
1863,1863,25,36,Winter,4.6,Express,0,0
1864,1864,4,21,Spring,4.3,2-Day Shipping,0,0
1865,1865,22,72,Fall,3.2,2-Day Shipping,0,0
1866,1866,14,62,Summer,3.8,Store Pickup,0,0
1867,1867,18,44,Winter,4.2,Standard,0,0
1868,1868,12,52,Fall,3.4,2-Day Shipping,0,0
1869,1869,25,58,Spring,4.7,Next Day Air,0,0
1870,1870,1,77,Spring,3.9,2-Day Shipping,0,0
1871,1871,1,99,Spring,4.3,Store Pickup,0,0
1872,1872,3,96,Fall,2.7,Standard,0,0
1873,1873,18,64,Summer,4.6,Standard,0,0
1874,1874,2,44,Fall,2.9,Express,0,0
1875,1875,14,33,Fall,3.6,Free Shipping,0,0
1876,1876,24,71,Winter,3.9,Next Day Air,0,0
1877,1877,12,36,Fall,2.6,Standard,0,0
1878,1878,25,62,Fall,3.6,Express,0,0
1879,1879,21,29,Summer,3.4,Store Pickup,0,0
1880,1880,18,33,Spring,3.5,Express,0,0
1881,1881,1,33,Fall,3.1,2-Day Shipping,0,0
1882,1882,1,41,Winter,4.3,Standard,0,0
1883,1883,19,54,Winter,5.0,Store Pickup,0,0
1884,1884,22,58,Spring,4.9,Store Pickup,0,0
1885,1885,7,30,Summer,4.3,Next Day Air,0,0
1886,1886,17,53,Winter,4.4,Standard,0,0
1887,1887,25,91,Spring,4.4,Next Day Air,0,0
1888,1888,16,44,Fall,3.5,Express,0,0
1889,1889,16,89,Winter,3.4,Free Shipping,0,0
1890,1890,12,57,Spring,2.5,Next Day Air,0,0
1891,1891,13,57,Spring,3.4,Store Pickup,0,0
1892,1892,17,74,Summer,2.6,Next Day Air,0,0
1893,1893,15,30,Fall,4.6,2-Day Shipping,0,0
1894,1894,11,20,Summer,3.7,Express,0,0
1895,1895,16,90,Fall,2.5,Free Shipping,0,0
1896,1896,3,61,Fall,4.5,Express,0,0
1897,1897,4,51,Fall,2.9,Standard,0,0
1898,1898,13,97,Winter,2.9,Free Shipping,0,0
1899,1899,14,97,Fall,3.5,Next Day Air,0,0
1900,1900,7,40,Winter,4.2,Store Pickup,0,0
1901,1901,17,85,Summer,3.3,Free Shipping,0,0
1902,1902,21,76,Winter,3.9,Store Pickup,0,0
1903,1903,4,22,Spring,5.0,Store Pickup,0,0
1904,1904,14,63,Summer,3.3,Standard,0,0
1905,1905,18,71,Spring,4.2,Free Shipping,0,0
1906,1906,24,35,Summer,4.9,2-Day Shipping,0,0
1907,1907,22,30,Spring,4.6,2-Day Shipping,0,0
1908,1908,12,74,Fall,4.8,Store Pickup,0,0
1909,1909,19,71,Winter,2.7,Next Day Air,0,0
1910,1910,2,84,Spring,4.3,Store Pickup,0,0
1911,1911,4,38,Fall,3.8,Express,0,0
1912,1912,17,81,Spring,4.9,Express,0,0
1913,1913,2,56,Winter,3.4,2-Day Shipping,0,0
1914,1914,12,48,Winter,3.6,Express,0,0
1915,1915,7,97,Fall,3.4,Standard,0,0
1916,1916,22,74,Fall,4.7,2-Day Shipping,0,0
1917,1917,16,50,Winter,3.0,Next Day Air,0,0
1918,1918,12,71,Winter,3.4,Free Shipping,0,0
1919,1919,12,33,Summer,4.6,Standard,0,0
1920,1920,22,56,Summer,3.1,Express,0,0
1921,1921,1,84,Spring,2.8,Standard,0,0
1922,1922,6,36,Fall,3.5,Store Pickup,0,0
1923,1923,25,63,Summer,4.6,Standard,0,0
1924,1924,4,36,Summer,4.3,Standard,0,0
1925,1925,15,63,Fall,4.8,Free Shipping,0,0
1926,1926,5,32,Winter,2.9,Express,0,0
1927,1927,22,93,Spring,3.0,Express,0,0
1928,1928,14,29,Summer,2.9,Standard,0,0
1929,1929,13,92,Summer,3.7,Standard,0,0
1930,1930,3,33,Fall,4.7,Standard,0,0
1931,1931,14,52,Spring,3.5,Store Pickup,0,0
1932,1932,17,42,Spring,2.7,Store Pickup,0,0
1933,1933,16,36,Spring,5.0,Free Shipping,0,0
1934,1934,4,67,Summer,4.1,Next Day Air,0,0
1935,1935,15,43,Winter,2.7,Free Shipping,0,0
1936,1936,1,68,Spring,4.8,Free Shipping,0,0
1937,1937,17,60,Summer,4.3,2-Day Shipping,0,0
1938,1938,21,53,Summer,4.5,2-Day Shipping,0,0
1939,1939,3,23,Spring,3.8,Standard,0,0
1940,1940,25,57,Winter,3.7,Store Pickup,0,0
1941,1941,20,89,Fall,3.9,2-Day Shipping,0,0
1942,1942,10,99,Winter,3.3,Standard,0,0
1943,1943,14,28,Fall,3.4,Express,0,0
1944,1944,21,53,Summer,3.8,Next Day Air,0,0
1945,1945,16,45,Winter,2.7,Free Shipping,0,0
1946,1946,16,38,Winter,2.9,2-Day Shipping,0,0
1947,1947,14,49,Summer,4.5,Standard,0,0
1948,1948,6,32,Summer,2.6,Store Pickup,0,0
1949,1949,18,37,Winter,3.1,Next Day Air,0,0
1950,1950,11,80,Winter,4.7,Store Pickup,0,0
1951,1951,22,78,Summer,4.6,Free Shipping,0,0
1952,1952,25,53,Summer,2.7,Next Day Air,0,0
1953,1953,10,82,Summer,4.6,2-Day Shipping,0,0
1954,1954,12,33,Spring,4.8,Standard,0,0
1955,1955,25,77,Winter,4.2,Free Shipping,0,0
1956,1956,16,56,Winter,4.9,Express,0,0
1957,1957,21,37,Winter,4.9,Express,0,0
1958,1958,25,54,Spring,4.5,Store Pickup,0,0
1959,1959,7,67,Winter,2.7,Store Pickup,0,0
1960,1960,10,90,Fall,3.1,Store Pickup,0,0
1961,1961,3,72,Summer,3.3,2-Day Shipping,0,0
1962,1962,24,59,Summer,2.6,Free Shipping,0,0
1963,1963,20,45,Fall,4.4,Standard,0,0
1964,1964,7,30,Spring,3.9,Standard,0,0
1965,1965,14,51,Summer,4.6,Express,0,0
1966,1966,2,90,Fall,4.9,Express,0,0
1967,1967,15,95,Winter,3.7,Express,0,0
1968,1968,11,81,Fall,3.7,Standard,0,0
1969,1969,6,70,Spring,4.2,Standard,0,0
1970,1970,11,32,Winter,3.5,Next Day Air,0,0
1971,1971,23,94,Spring,2.9,Next Day Air,0,0
1972,1972,20,29,Spring,3.4,Next Day Air,0,0
1973,1973,22,31,Summer,3.3,Express,0,0
1974,1974,12,20,Fall,4.5,Standard,0,0
1975,1975,25,44,Winter,4.6,2-Day Shipping,0,0
1976,1976,15,77,Fall,2.9,Express,0,0
1977,1977,9,51,Spring,3.2,Next Day Air,0,0
1978,1978,4,49,Summer,2.6,Free Shipping,0,0
1979,1979,13,78,Spring,3.8,Store Pickup,0,0
1980,1980,3,98,Spring,2.8,Store Pickup,0,0
1981,1981,4,94,Winter,4.4,Store Pickup,0,0
1982,1982,10,91,Summer,4.7,Express,0,0
1983,1983,13,77,Summer,2.7,2-Day Shipping,0,0
1984,1984,19,97,Summer,2.6,Next Day Air,0,0
1985,1985,12,58,Summer,3.4,2-Day Shipping,0,0
1986,1986,25,97,Spring,3.9,2-Day Shipping,0,0
1987,1987,8,48,Summer,3.4,2-Day Shipping,0,0
1988,1988,23,23,Summer,3.4,Express,0,0
1989,1989,14,79,Winter,3.9,Free Shipping,0,0
1990,1990,17,42,Spring,4.0,Express,0,0
1991,1991,22,95,Spring,3.4,2-Day Shipping,0,0
1992,1992,5,29,Summer,3.7,Next Day Air,0,0
1993,1993,16,98,Winter,4.9,2-Day Shipping,0,0
1994,1994,1,96,Spring,5.0,Express,0,0
1995,1995,13,66,Fall,2.9,Next Day Air,0,0
1996,1996,24,80,Spring,3.0,Standard,0,0
1997,1997,5,27,Summer,3.3,Next Day Air,0,0
1998,1998,22,25,Fall,4.7,Express,0,0
1999,1999,14,45,Fall,3.4,2-Day Shipping,0,0
2000,2000,21,89,Winter,4.6,2-Day Shipping,0,0
2001,2001,23,27,Winter,3.6,2-Day Shipping,0,0
2002,2002,13,90,Winter,2.6,Free Shipping,0,0
2003,2003,6,65,Summer,2.7,Express,0,0
2004,2004,5,72,Spring,3.1,Express,0,0
2005,2005,10,70,Fall,3.2,2-Day Shipping,0,0
2006,2006,4,82,Winter,3.4,Store Pickup,0,0
2007,2007,19,97,Fall,4.4,Express,0,0
2008,2008,6,25,Summer,3.2,2-Day Shipping,0,0
2009,2009,12,48,Spring,2.5,Free Shipping,0,0
2010,2010,24,99,Summer,3.8,Next Day Air,0,0
2011,2011,2,21,Summer,4.4,2-Day Shipping,0,0
2012,2012,4,94,Spring,3.7,Express,0,0
2013,2013,3,53,Fall,3.2,Store Pickup,0,0
2014,2014,22,70,Winter,4.9,Standard,0,0
2015,2015,12,26,Summer,3.9,Standard,0,0
2016,2016,23,82,Summer,4.5,Next Day Air,0,0
2017,2017,10,47,Winter,3.4,Standard,0,0
2018,2018,21,32,Winter,4.1,Next Day Air,0,0
2019,2019,22,97,Fall,4.5,Store Pickup,0,0
2020,2020,6,68,Winter,4.7,Store Pickup,0,0
2021,2021,2,23,Winter,4.8,Next Day Air,0,0
2022,2022,9,33,Winter,4.4,Standard,0,0
2023,2023,17,38,Winter,4.0,Store Pickup,0,0
2024,2024,21,68,Winter,4.1,Store Pickup,0,0
2025,2025,21,23,Fall,3.7,Express,0,0
2026,2026,6,29,Summer,3.0,Express,0,0
2027,2027,19,35,Winter,3.6,Express,0,0
2028,2028,10,73,Fall,4.8,Standard,0,0
2029,2029,10,84,Fall,3.7,2-Day Shipping,0,0
2030,2030,19,23,Spring,4.6,Next Day Air,0,0
2031,2031,13,67,Summer,2.8,Standard,0,0
2032,2032,21,51,Spring,4.0,Standard,0,0
2033,2033,1,36,Winter,4.2,Next Day Air,0,0
2034,2034,3,55,Summer,3.6,Express,0,0
2035,2035,7,30,Spring,2.9,Store Pickup,0,0
2036,2036,18,70,Summer,4.1,Express,0,0
2037,2037,1,63,Winter,3.1,Next Day Air,0,0
2038,2038,23,87,Summer,4.3,Express,0,0
2039,2039,1,70,Spring,4.4,Next Day Air,0,0
2040,2040,18,51,Spring,3.1,Next Day Air,0,0
2041,2041,17,25,Spring,2.9,Free Shipping,0,0
2042,2042,15,32,Winter,3.2,Next Day Air,0,0
2043,2043,10,52,Spring,4.0,2-Day Shipping,0,0
2044,2044,25,33,Summer,2.7,Standard,0,0
2045,2045,3,68,Spring,3.0,Free Shipping,0,0
2046,2046,17,20,Fall,4.4,Express,0,0
2047,2047,14,32,Winter,2.8,Free Shipping,0,0
2048,2048,17,82,Summer,3.1,Store Pickup,0,0
2049,2049,5,64,Winter,3.9,Express,0,0
2050,2050,24,24,Fall,2.7,Standard,0,0
2051,2051,20,96,Summer,3.4,Store Pickup,0,0
2052,2052,18,94,Spring,3.8,Free Shipping,0,0
2053,2053,22,48,Winter,3.7,2-Day Shipping,0,0
2054,2054,13,60,Spring,4.5,2-Day Shipping,0,0
2055,2055,2,56,Spring,2.9,Express,0,0
2056,2056,9,33,Fall,3.4,2-Day Shipping,0,0
2057,2057,22,46,Spring,4.4,2-Day Shipping,0,0
2058,2058,21,37,Spring,4.2,Standard,0,0
2059,2059,6,98,Winter,3.3,Store Pickup,0,0
2060,2060,7,50,Spring,3.7,Express,0,0
2061,2061,23,63,Fall,3.2,Next Day Air,0,0
2062,2062,2,70,Summer,2.6,Store Pickup,0,0
2063,2063,8,63,Fall,2.8,Standard,0,0
2064,2064,7,86,Fall,2.9,Standard,0,0
2065,2065,10,99,Summer,4.0,2-Day Shipping,0,0
2066,2066,5,40,Spring,2.9,Free Shipping,0,0
2067,2067,5,92,Fall,4.7,Store Pickup,0,0
2068,2068,14,21,Fall,3.1,2-Day Shipping,0,0
2069,2069,17,81,Summer,3.9,Store Pickup,0,0
2070,2070,18,82,Fall,3.4,Free Shipping,0,0
2071,2071,17,88,Spring,3.1,Express,0,0
2072,2072,15,100,Fall,4.8,Store Pickup,0,0
2073,2073,22,66,Winter,3.9,Next Day Air,0,0
2074,2074,23,25,Winter,3.5,Next Day Air,0,0
2075,2075,19,53,Summer,3.1,Free Shipping,0,0
2076,2076,2,28,Fall,4.7,Express,0,0
2077,2077,25,23,Fall,4.6,Free Shipping,0,0
2078,2078,19,34,Fall,3.3,Free Shipping,0,0
2079,2079,11,42,Spring,3.2,Next Day Air,0,0
2080,2080,3,24,Summer,3.1,Next Day Air,0,0
2081,2081,13,47,Fall,3.5,Free Shipping,0,0
2082,2082,8,78,Spring,4.3,Standard,0,0
2083,2083,3,89,Summer,2.9,Free Shipping,0,0
2084,2084,19,59,Fall,2.7,Store Pickup,0,0
2085,2085,1,94,Summer,4.0,Standard,0,0
2086,2086,3,49,Fall,4.6,Free Shipping,0,0
2087,2087,11,89,Summer,4.7,2-Day Shipping,0,0
2088,2088,20,91,Summer,4.7,Standard,0,0
2089,2089,4,89,Spring,4.0,Standard,0,0
2090,2090,15,57,Spring,3.6,Free Shipping,0,0
2091,2091,21,71,Winter,3.4,Free Shipping,0,0
2092,2092,3,97,Fall,3.0,Next Day Air,0,0
2093,2093,4,45,Fall,2.6,Next Day Air,0,0
2094,2094,11,91,Spring,4.2,Store Pickup,0,0
2095,2095,21,25,Spring,3.4,Standard,0,0
2096,2096,16,63,Fall,4.0,Store Pickup,0,0
2097,2097,11,52,Summer,4.7,Free Shipping,0,0
2098,2098,5,43,Winter,3.9,Next Day Air,0,0
2099,2099,18,28,Summer,3.3,2-Day Shipping,0,0
2100,2100,18,78,Summer,2.9,Express,0,0
2101,2101,2,31,Spring,4.4,Free Shipping,0,0
2102,2102,6,23,Winter,3.6,Next Day Air,0,0
2103,2103,20,25,Spring,4.5,Store Pickup,0,0
2104,2104,14,86,Summer,3.7,Store Pickup,0,0
2105,2105,10,88,Spring,2.8,Free Shipping,0,0
2106,2106,25,35,Spring,4.5,Free Shipping,0,0
2107,2107,17,34,Fall,4.4,Standard,0,0
2108,2108,14,75,Winter,3.3,Standard,0,0
2109,2109,16,46,Winter,4.2,Express,0,0
2110,2110,17,31,Fall,2.7,Free Shipping,0,0
2111,2111,21,93,Spring,3.9,Store Pickup,0,0
2112,2112,13,85,Spring,2.6,Free Shipping,0,0
2113,2113,23,68,Fall,4.5,2-Day Shipping,0,0
2114,2114,11,40,Spring,2.7,Store Pickup,0,0
2115,2115,6,51,Winter,2.9,Standard,0,0
2116,2116,19,85,Winter,3.4,Store Pickup,0,0
2117,2117,15,23,Summer,2.9,Express,0,0
2118,2118,11,28,Summer,3.8,Free Shipping,0,0
2119,2119,21,44,Fall,4.2,2-Day Shipping,0,0
2120,2120,17,57,Spring,3.5,Store Pickup,0,0
2121,2121,19,98,Fall,3.1,Next Day Air,0,0
2122,2122,22,68,Winter,3.5,2-Day Shipping,0,0
2123,2123,15,36,Fall,4.0,Express,0,0
2124,2124,8,71,Spring,3.7,Express,0,0
2125,2125,12,60,Fall,4.2,Next Day Air,0,0
2126,2126,8,87,Fall,4.8,Store Pickup,0,0
2127,2127,10,38,Winter,4.1,Express,0,0
2128,2128,24,45,Spring,4.5,2-Day Shipping,0,0
2129,2129,8,47,Fall,2.7,2-Day Shipping,0,0
2130,2130,12,57,Fall,2.8,Store Pickup,0,0
2131,2131,22,68,Summer,3.7,Free Shipping,0,0
2132,2132,7,52,Fall,3.6,Express,0,0
2133,2133,12,87,Fall,4.7,2-Day Shipping,0,0
2134,2134,20,34,Summer,3.8,Standard,0,0
2135,2135,4,41,Winter,2.9,Standard,0,0
2136,2136,13,94,Winter,4.6,Next Day Air,0,0
2137,2137,13,93,Summer,2.8,Standard,0,0
2138,2138,21,51,Winter,4.6,2-Day Shipping,0,0
2139,2139,2,42,Fall,2.8,Next Day Air,0,0
2140,2140,24,95,Winter,3.0,Free Shipping,0,0
2141,2141,9,90,Fall,3.7,Standard,0,0
2142,2142,11,98,Winter,4.1,2-Day Shipping,0,0
2143,2143,20,39,Winter,4.3,Next Day Air,0,0
2144,2144,4,66,Fall,3.8,Next Day Air,0,0
2145,2145,10,23,Winter,3.7,Free Shipping,0,0
2146,2146,12,73,Winter,4.8,Standard,0,0
2147,2147,13,23,Summer,4.6,Standard,0,0
2148,2148,12,43,Fall,4.8,Standard,0,0
2149,2149,18,45,Winter,4.6,2-Day Shipping,0,0
2150,2150,4,21,Winter,4.0,Standard,0,0
2151,2151,6,40,Spring,2.6,2-Day Shipping,0,0
2152,2152,3,58,Fall,2.6,2-Day Shipping,0,0
2153,2153,7,48,Summer,4.5,Next Day Air,0,0
2154,2154,6,94,Fall,4.2,Free Shipping,0,0
2155,2155,19,74,Spring,3.4,Store Pickup,0,0
2156,2156,9,51,Fall,3.7,Store Pickup,0,0
2157,2157,12,83,Winter,3.6,Next Day Air,0,0
2158,2158,9,68,Winter,4.0,Next Day Air,0,0
2159,2159,25,84,Spring,4.6,Standard,0,0
2160,2160,6,58,Fall,3.0,Free Shipping,0,0
2161,2161,1,92,Winter,3.3,Express,0,0
2162,2162,11,69,Summer,3.8,Express,0,0
2163,2163,7,48,Summer,2.7,Free Shipping,0,0
2164,2164,10,60,Spring,4.5,Express,0,0
2165,2165,4,20,Winter,4.8,Next Day Air,0,0
2166,2166,14,55,Summer,4.2,Express,0,0
2167,2167,15,88,Spring,3.5,Express,0,0
2168,2168,12,48,Winter,4.9,Standard,0,0
2169,2169,9,74,Spring,4.1,Next Day Air,0,0
2170,2170,8,42,Fall,2.9,Next Day Air,0,0
2171,2171,2,32,Fall,4.0,Next Day Air,0,0
2172,2172,7,98,Summer,4.6,Store Pickup,0,0
2173,2173,12,89,Fall,2.8,Store Pickup,0,0
2174,2174,25,97,Summer,5.0,2-Day Shipping,0,0
2175,2175,22,49,Spring,2.9,Store Pickup,0,0
2176,2176,11,50,Spring,3.3,Free Shipping,0,0
2177,2177,23,91,Winter,3.4,2-Day Shipping,0,0
2178,2178,25,93,Winter,3.0,Express,0,0
2179,2179,17,98,Summer,4.7,Standard,0,0
2180,2180,21,82,Fall,2.9,Next Day Air,0,0
2181,2181,8,37,Summer,4.1,Store Pickup,0,0
2182,2182,9,63,Fall,3.2,Free Shipping,0,0
2183,2183,1,99,Winter,2.7,Store Pickup,0,0
2184,2184,7,37,Spring,4.7,Store Pickup,0,0
2185,2185,10,34,Spring,3.2,Free Shipping,0,0
2186,2186,7,32,Winter,2.5,Express,0,0
2187,2187,4,23,Winter,4.3,Next Day Air,0,0
2188,2188,1,78,Spring,4.4,Free Shipping,0,0
2189,2189,8,54,Winter,4.7,Next Day Air,0,0
2190,2190,1,94,Fall,4.0,Express,0,0
2191,2191,23,75,Spring,4.6,Express,0,0
2192,2192,1,69,Summer,3.8,Next Day Air,0,0
2193,2193,19,35,Winter,3.2,Next Day Air,0,0
2194,2194,6,78,Spring,5.0,Express,0,0
2195,2195,21,29,Summer,3.5,Standard,0,0
2196,2196,3,62,Fall,3.7,Next Day Air,0,0
2197,2197,11,58,Spring,4.8,Next Day Air,0,0
2198,2198,24,88,Summer,3.7,2-Day Shipping,0,0
2199,2199,19,80,Summer,3.5,Free Shipping,0,0
2200,2200,19,47,Summer,4.9,Store Pickup,0,0
2201,2201,25,51,Summer,4.7,Next Day Air,0,0
2202,2202,14,25,Spring,4.9,2-Day Shipping,0,0
2203,2203,11,36,Summer,4.3,Next Day Air,0,0
2204,2204,11,79,Winter,3.1,Free Shipping,0,0
2205,2205,3,41,Winter,3.4,2-Day Shipping,0,0
2206,2206,2,68,Fall,2.7,Express,0,0
2207,2207,4,51,Spring,2.6,Store Pickup,0,0
2208,2208,9,38,Fall,2.9,Next Day Air,0,0
2209,2209,19,46,Summer,2.7,2-Day Shipping,0,0
2210,2210,4,20,Summer,4.5,2-Day Shipping,0,0
2211,2211,13,25,Summer,3.1,Store Pickup,0,0
2212,2212,2,89,Winter,3.2,Free Shipping,0,0
2213,2213,14,77,Winter,3.3,Next Day Air,0,0
2214,2214,20,94,Fall,2.9,Express,0,0
2215,2215,23,100,Fall,4.1,Standard,0,0
2216,2216,4,96,Winter,2.7,Express,0,0
2217,2217,14,36,Winter,4.0,Store Pickup,0,0
2218,2218,17,27,Fall,2.6,Store Pickup,0,0
2219,2219,13,67,Winter,3.5,Store Pickup,0,0
2220,2220,1,91,Fall,2.8,Store Pickup,0,0
2221,2221,23,62,Fall,4.5,Store Pickup,0,0
2222,2222,7,88,Fall,3.0,Free Shipping,0,0
2223,2223,14,66,Summer,4.4,Store Pickup,0,0
2224,2224,4,65,Fall,4.7,Next Day Air,0,0
2225,2225,25,25,Winter,4.3,Standard,0,0
2226,2226,23,64,Spring,4.8,Free Shipping,0,0
2227,2227,6,72,Spring,4.8,Store Pickup,0,0
2228,2228,19,74,Summer,4.4,Next Day Air,0,0
2229,2229,25,50,Fall,3.7,Free Shipping,0,0
2230,2230,14,97,Fall,3.9,Express,0,0
2231,2231,5,36,Spring,3.8,Express,0,0
2232,2232,15,49,Fall,4.1,Store Pickup,0,0
2233,2233,10,64,Spring,4.0,Store Pickup,0,0
2234,2234,1,31,Summer,4.5,Express,0,0
2235,2235,24,66,Winter,4.0,Express,0,0
2236,2236,21,82,Spring,4.5,2-Day Shipping,0,0
2237,2237,18,88,Winter,2.7,Standard,0,0
2238,2238,4,34,Summer,3.8,Next Day Air,0,0
2239,2239,5,84,Winter,3.8,Standard,0,0
2240,2240,17,96,Summer,3.8,2-Day Shipping,0,0
2241,2241,4,71,Winter,4.3,Next Day Air,0,0
2242,2242,15,77,Summer,3.5,Free Shipping,0,0
2243,2243,12,66,Spring,3.8,Next Day Air,0,0
2244,2244,6,21,Winter,3.7,2-Day Shipping,0,0
2245,2245,7,37,Summer,4.8,2-Day Shipping,0,0
2246,2246,21,90,Fall,4.9,Free Shipping,0,0
2247,2247,15,96,Fall,4.3,Store Pickup,0,0
2248,2248,17,37,Summer,4.4,Next Day Air,0,0
2249,2249,18,66,Winter,3.4,Free Shipping,0,0
2250,2250,25,45,Spring,4.3,Next Day Air,0,0
2251,2251,10,89,Summer,4.6,Store Pickup,0,0
2252,2252,10,94,Fall,3.8,Free Shipping,0,0
2253,2253,10,96,Summer,3.9,Express,0,0
2254,2254,16,31,Spring,2.6,Store Pickup,0,0
2255,2255,23,79,Winter,4.2,Store Pickup,0,0
2256,2256,8,39,Spring,4.6,Store Pickup,0,0
2257,2257,1,22,Fall,5.0,Standard,0,0
2258,2258,12,32,Fall,4.2,Standard,0,0
2259,2259,18,71,Winter,4.3,Store Pickup,0,0
2260,2260,3,96,Spring,3.3,Free Shipping,0,0
2261,2261,19,82,Fall,4.9,Express,0,0
2262,2262,22,76,Spring,4.4,Standard,0,0
2263,2263,22,22,Winter,3.1,2-Day Shipping,0,0
2264,2264,19,40,Winter,3.5,Store Pickup,0,0
2265,2265,20,92,Summer,3.9,2-Day Shipping,0,0
2266,2266,8,94,Fall,3.9,Store Pickup,0,0
2267,2267,11,44,Fall,4.3,Store Pickup,0,0
2268,2268,25,49,Spring,3.8,Express,0,0
2269,2269,2,26,Spring,2.7,2-Day Shipping,0,0
2270,2270,12,38,Fall,4.4,Store Pickup,0,0
2271,2271,1,72,Spring,3.5,Express,0,0
2272,2272,11,99,Summer,3.4,Free Shipping,0,0
2273,2273,15,38,Spring,4.0,Standard,0,0
2274,2274,8,96,Winter,4.8,Express,0,0
2275,2275,11,27,Spring,4.5,Next Day Air,0,0
2276,2276,7,24,Winter,4.4,Standard,0,0
2277,2277,3,82,Summer,4.1,2-Day Shipping,0,0
2278,2278,20,56,Summer,4.6,Next Day Air,0,0
2279,2279,25,25,Fall,3.8,Store Pickup,0,0
2280,2280,5,67,Spring,2.9,Free Shipping,0,0
2281,2281,10,21,Summer,2.8,Standard,0,0
2282,2282,16,27,Summer,3.0,Store Pickup,0,0
2283,2283,5,97,Fall,4.2,2-Day Shipping,0,0
2284,2284,9,45,Winter,4.1,Free Shipping,0,0
2285,2285,1,63,Fall,4.1,Express,0,0
2286,2286,23,100,Summer,4.6,2-Day Shipping,0,0
2287,2287,21,38,Spring,2.5,Store Pickup,0,0
2288,2288,1,45,Summer,3.0,Store Pickup,0,0
2289,2289,17,91,Fall,3.8,Next Day Air,0,0
2290,2290,7,82,Fall,4.1,Free Shipping,0,0
2291,2291,24,48,Winter,3.3,Standard,0,0
2292,2292,8,30,Spring,5.0,2-Day Shipping,0,0
2293,2293,18,34,Spring,3.8,Next Day Air,0,0
2294,2294,2,68,Fall,3.3,Express,0,0
2295,2295,13,95,Winter,5.0,Express,0,0
2296,2296,20,22,Spring,2.9,2-Day Shipping,0,0
2297,2297,25,88,Fall,2.5,Next Day Air,0,0
2298,2298,21,83,Summer,4.7,Standard,0,0
2299,2299,9,87,Spring,2.9,2-Day Shipping,0,0
2300,2300,8,57,Summer,3.7,Store Pickup,0,0
2301,2301,8,88,Summer,4.4,2-Day Shipping,0,0
2302,2302,14,20,Winter,2.9,Next Day Air,0,0
2303,2303,23,39,Summer,3.6,Store Pickup,0,0
2304,2304,13,71,Spring,4.8,2-Day Shipping,0,0
2305,2305,16,73,Winter,4.7,Free Shipping,0,0
2306,2306,9,63,Summer,2.6,Free Shipping,0,0
2307,2307,25,78,Winter,3.4,Standard,0,0
2308,2308,12,96,Fall,3.5,Next Day Air,0,0
2309,2309,13,81,Winter,3.4,2-Day Shipping,0,0
2310,2310,11,95,Fall,5.0,2-Day Shipping,0,0
2311,2311,25,68,Spring,4.6,Standard,0,0
2312,2312,5,28,Spring,4.8,2-Day Shipping,0,0
2313,2313,18,30,Summer,3.7,Free Shipping,0,0
2314,2314,11,31,Summer,4.7,Next Day Air,0,0
2315,2315,9,95,Winter,4.4,Express,0,0
2316,2316,21,79,Winter,3.5,2-Day Shipping,0,0
2317,2317,5,39,Winter,3.8,Standard,0,0
2318,2318,15,34,Summer,4.7,Next Day Air,0,0
2319,2319,16,28,Spring,3.1,Store Pickup,0,0
2320,2320,4,38,Winter,5.0,Free Shipping,0,0
2321,2321,10,55,Spring,3.7,Free Shipping,0,0
2322,2322,4,31,Winter,3.0,Next Day Air,0,0
2323,2323,8,84,Spring,4.5,Store Pickup,0,0
2324,2324,25,93,Winter,4.7,Express,0,0
2325,2325,8,28,Winter,3.5,Free Shipping,0,0
2326,2326,24,55,Summer,4.4,2-Day Shipping,0,0
2327,2327,12,63,Winter,2.6,Standard,0,0
2328,2328,12,94,Winter,4.2,2-Day Shipping,0,0
2329,2329,14,36,Fall,2.6,Express,0,0
2330,2330,20,97,Spring,4.8,Free Shipping,0,0
2331,2331,22,63,Summer,2.9,Store Pickup,0,0
2332,2332,19,77,Spring,4.3,2-Day Shipping,0,0
2333,2333,19,53,Fall,2.6,Store Pickup,0,0
2334,2334,6,77,Spring,3.8,Next Day Air,0,0
2335,2335,24,79,Summer,4.2,Standard,0,0
2336,2336,8,37,Summer,3.9,Store Pickup,0,0
2337,2337,23,94,Winter,3.1,Free Shipping,0,0
2338,2338,24,76,Fall,3.6,Store Pickup,0,0
2339,2339,5,68,Fall,4.0,Express,0,0
2340,2340,6,65,Spring,3.4,Next Day Air,0,0
2341,2341,1,24,Summer,2.6,Standard,0,0
2342,2342,15,31,Summer,4.5,Express,0,0
2343,2343,12,89,Fall,4.9,Standard,0,0
2344,2344,21,49,Summer,4.4,2-Day Shipping,0,0
2345,2345,4,92,Fall,3.5,Express,0,0
2346,2346,18,32,Winter,3.3,Express,0,0
2347,2347,15,67,Winter,3.1,Standard,0,0
2348,2348,23,64,Fall,4.2,Express,0,0
2349,2349,10,84,Spring,4.9,Next Day Air,0,0
2350,2350,1,34,Fall,3.9,Standard,0,0
2351,2351,10,26,Winter,4.2,Free Shipping,0,0
2352,2352,2,50,Fall,4.9,Store Pickup,0,0
2353,2353,24,46,Fall,2.8,Store Pickup,0,0
2354,2354,9,71,Fall,4.1,Standard,0,0
2355,2355,1,78,Summer,4.8,Next Day Air,0,0
2356,2356,12,35,Winter,4.1,Next Day Air,0,0
2357,2357,22,58,Summer,3.0,Free Shipping,0,0
2358,2358,6,67,Fall,4.2,2-Day Shipping,0,0
2359,2359,2,93,Spring,3.8,Standard,0,0
2360,2360,19,81,Spring,3.3,2-Day Shipping,0,0
2361,2361,9,80,Fall,4.7,2-Day Shipping,0,0
2362,2362,19,64,Spring,4.3,2-Day Shipping,0,0
2363,2363,3,41,Fall,2.7,Standard,0,0
2364,2364,21,79,Winter,4.2,Express,0,0
2365,2365,13,60,Winter,4.2,Free Shipping,0,0
2366,2366,5,91,Winter,2.5,Next Day Air,0,0
2367,2367,10,66,Winter,3.6,Express,0,0
2368,2368,21,85,Winter,3.4,Standard,0,0
2369,2369,13,38,Summer,3.3,Standard,0,0
2370,2370,2,23,Winter,4.6,Standard,0,0
2371,2371,10,71,Spring,3.9,Store Pickup,0,0
2372,2372,21,25,Winter,3.7,Next Day Air,0,0
2373,2373,24,39,Spring,3.1,Express,0,0
2374,2374,16,20,Spring,4.9,Express,0,0
2375,2375,25,73,Winter,4.7,Standard,0,0
2376,2376,22,63,Fall,2.9,Next Day Air,0,0
2377,2377,25,94,Spring,4.1,Express,0,0
2378,2378,1,94,Fall,4.0,Next Day Air,0,0
2379,2379,19,71,Summer,2.7,Store Pickup,0,0
2380,2380,20,77,Spring,4.0,2-Day Shipping,0,0
2381,2381,19,66,Fall,2.5,Next Day Air,0,0
2382,2382,4,23,Summer,4.5,Free Shipping,0,0
2383,2383,2,60,Spring,3.9,Express,0,0
2384,2384,22,72,Spring,4.9,2-Day Shipping,0,0
2385,2385,1,35,Winter,3.3,2-Day Shipping,0,0
2386,2386,19,31,Fall,3.8,Express,0,0
2387,2387,21,33,Summer,2.9,Standard,0,0
2388,2388,20,95,Summer,4.0,2-Day Shipping,0,0
2389,2389,11,68,Fall,4.1,Store Pickup,0,0
2390,2390,8,87,Spring,3.1,Store Pickup,0,0
2391,2391,6,64,Winter,4.6,Express,0,0
2392,2392,6,74,Winter,4.6,Next Day Air,0,0
2393,2393,3,62,Spring,2.6,2-Day Shipping,0,0
2394,2394,21,97,Winter,5.0,2-Day Shipping,0,0
2395,2395,4,47,Fall,2.9,2-Day Shipping,0,0
2396,2396,1,83,Winter,3.5,2-Day Shipping,0,0
2397,2397,6,82,Spring,3.7,2-Day Shipping,0,0
2398,2398,13,26,Fall,2.9,Store Pickup,0,0
2399,2399,15,81,Winter,4.3,Free Shipping,0,0
2400,2400,11,44,Spring,3.2,Store Pickup,0,0
2401,2401,13,88,Winter,4.2,Next Day Air,0,0
2402,2402,24,76,Winter,4.2,Standard,0,0
2403,2403,19,89,Winter,3.8,Free Shipping,0,0
2404,2404,7,22,Fall,4.4,Standard,0,0
2405,2405,7,33,Winter,3.1,2-Day Shipping,0,0
2406,2406,3,97,Fall,5.0,Standard,0,0
2407,2407,19,57,Winter,4.7,Standard,0,0
2408,2408,7,38,Summer,3.0,Express,0,0
2409,2409,5,55,Fall,4.2,Next Day Air,0,0
2410,2410,17,37,Spring,3.0,Store Pickup,0,0
2411,2411,10,43,Summer,3.7,Free Shipping,0,0
2412,2412,16,96,Summer,2.7,Free Shipping,0,0
2413,2413,15,51,Winter,4.3,2-Day Shipping,0,0
2414,2414,7,95,Fall,2.7,2-Day Shipping,0,0
2415,2415,21,26,Summer,3.7,Next Day Air,0,0
2416,2416,8,34,Fall,4.3,Standard,0,0
2417,2417,4,83,Summer,4.0,Next Day Air,0,0
2418,2418,22,24,Fall,3.3,Standard,0,0
2419,2419,14,69,Fall,4.0,Next Day Air,0,0
2420,2420,2,40,Fall,2.7,Next Day Air,0,0
2421,2421,15,87,Winter,4.2,Free Shipping,0,0
2422,2422,5,46,Spring,4.6,Standard,0,0
2423,2423,17,82,Winter,4.8,Store Pickup,0,0
2424,2424,22,81,Summer,2.8,Free Shipping,0,0
2425,2425,17,57,Winter,4.5,Next Day Air,0,0
2426,2426,10,49,Summer,3.0,2-Day Shipping,0,0
2427,2427,15,42,Fall,4.6,Free Shipping,0,0
2428,2428,15,26,Spring,3.3,Standard,0,0
2429,2429,18,38,Spring,4.4,Next Day Air,0,0
2430,2430,5,57,Summer,4.4,Standard,0,0
2431,2431,15,100,Summer,4.3,Express,0,0
2432,2432,16,73,Fall,3.4,Express,0,0
2433,2433,15,66,Winter,2.8,Store Pickup,0,0
2434,2434,18,73,Spring,3.4,Standard,0,0
2435,2435,25,45,Spring,5.0,Store Pickup,0,0
2436,2436,5,27,Fall,4.5,Free Shipping,0,0
2437,2437,18,24,Fall,2.7,Store Pickup,0,0
2438,2438,5,59,Winter,3.4,Store Pickup,0,0
2439,2439,3,20,Winter,3.4,Express,0,0
2440,2440,9,44,Summer,2.8,Standard,0,0
2441,2441,21,90,Spring,4.7,Standard,0,0
2442,2442,17,36,Fall,4.7,Free Shipping,0,0
2443,2443,1,95,Winter,4.7,Free Shipping,0,0
2444,2444,22,30,Spring,3.4,2-Day Shipping,0,0
2445,2445,19,65,Fall,3.7,Express,0,0
2446,2446,19,96,Summer,4.1,Store Pickup,0,0
2447,2447,6,65,Spring,2.9,2-Day Shipping,0,0
2448,2448,14,47,Fall,3.2,Store Pickup,0,0
2449,2449,20,25,Fall,3.0,Free Shipping,0,0
2450,2450,8,56,Fall,4.1,Express,0,0
2451,2451,18,76,Fall,4.5,Standard,0,0
2452,2452,21,60,Fall,3.4,Store Pickup,0,0
2453,2453,6,67,Winter,4.1,Express,0,0
2454,2454,2,95,Spring,4.6,Store Pickup,0,0
2455,2455,25,72,Winter,4.6,Express,0,0
2456,2456,23,98,Spring,3.4,Express,0,0
2457,2457,3,83,Winter,3.3,2-Day Shipping,0,0
2458,2458,9,37,Fall,3.6,2-Day Shipping,0,0
2459,2459,18,85,Fall,4.6,Free Shipping,0,0
2460,2460,21,36,Fall,4.3,2-Day Shipping,0,0
2461,2461,3,36,Winter,4.0,Store Pickup,0,0
2462,2462,19,86,Summer,4.8,Next Day Air,0,0
2463,2463,14,99,Spring,4.3,Standard,0,0
2464,2464,1,21,Summer,3.3,Standard,0,0
2465,2465,15,84,Winter,2.8,Express,0,0
2466,2466,4,63,Spring,4.4,Free Shipping,0,0
2467,2467,7,84,Summer,3.7,Express,0,0
2468,2468,7,72,Spring,3.6,Express,0,0
2469,2469,12,21,Winter,3.7,2-Day Shipping,0,0
2470,2470,4,92,Fall,5.0,Standard,0,0
2471,2471,1,72,Fall,2.7,Next Day Air,0,0
2472,2472,4,83,Spring,4.3,Store Pickup,0,0
2473,2473,6,73,Summer,4.1,Standard,0,0
2474,2474,21,98,Winter,2.6,Next Day Air,0,0
2475,2475,18,76,Fall,3.2,Store Pickup,0,0
2476,2476,11,43,Summer,3.5,Next Day Air,0,0
2477,2477,20,60,Summer,3.7,Next Day Air,0,0
2478,2478,25,40,Spring,3.8,2-Day Shipping,0,0
2479,2479,21,93,Winter,4.8,2-Day Shipping,0,0
2480,2480,11,98,Fall,4.2,Standard,0,0
2481,2481,21,91,Summer,2.9,Next Day Air,0,0
2482,2482,23,92,Fall,2.9,Free Shipping,0,0
2483,2483,9,87,Winter,4.8,Next Day Air,0,0
2484,2484,12,96,Fall,2.9,Standard,0,0
2485,2485,16,97,Summer,4.8,2-Day Shipping,0,0
2486,2486,1,55,Spring,4.6,2-Day Shipping,0,0
2487,2487,3,58,Spring,4.4,Store Pickup,0,0
2488,2488,24,21,Spring,3.0,Next Day Air,0,0
2489,2489,9,82,Summer,4.4,Express,0,0
2490,2490,8,34,Winter,3.9,Express,0,0
2491,2491,1,78,Spring,4.0,Free Shipping,0,0
2492,2492,9,47,Spring,2.5,Express,0,0
2493,2493,13,96,Summer,4.1,Next Day Air,0,0
2494,2494,21,23,Fall,4.8,2-Day Shipping,0,0
2495,2495,10,27,Winter,2.6,Store Pickup,0,0
2496,2496,22,37,Spring,3.1,Free Shipping,0,0
2497,2497,19,79,Summer,3.2,Store Pickup,0,0
2498,2498,22,40,Summer,4.2,Standard,0,0
2499,2499,8,39,Fall,2.6,Next Day Air,0,0
2500,2500,16,73,Summer,3.1,Next Day Air,0,0
2501,2501,25,84,Fall,2.9,Store Pickup,0,0
2502,2502,7,94,Fall,4.6,Free Shipping,0,0
2503,2503,12,47,Spring,4.1,Standard,0,0
2504,2504,24,77,Summer,2.5,Store Pickup,0,0
2505,2505,7,94,Winter,4.0,Store Pickup,0,0
2506,2506,9,75,Summer,3.5,Express,0,0
2507,2507,11,82,Spring,4.4,Free Shipping,0,0
2508,2508,10,36,Fall,2.9,Store Pickup,0,0
2509,2509,5,90,Spring,3.1,2-Day Shipping,0,0
2510,2510,21,48,Spring,4.4,Free Shipping,0,0
2511,2511,15,42,Winter,4.4,Standard,0,0
2512,2512,22,33,Summer,2.7,Store Pickup,0,0
2513,2513,21,63,Summer,4.9,Free Shipping,0,0
2514,2514,9,53,Winter,3.5,2-Day Shipping,0,0
2515,2515,20,37,Spring,4.8,Free Shipping,0,0
2516,2516,1,92,Summer,4.2,2-Day Shipping,0,0
2517,2517,7,73,Spring,4.6,Standard,0,0
2518,2518,6,38,Spring,2.9,Standard,0,0
2519,2519,24,51,Fall,4.0,Store Pickup,0,0
2520,2520,15,90,Spring,4.9,Standard,0,0
2521,2521,15,56,Summer,3.1,Next Day Air,0,0
2522,2522,9,33,Fall,4.4,Standard,0,0
2523,2523,23,53,Winter,2.5,2-Day Shipping,0,0
2524,2524,9,24,Spring,3.4,Express,0,0
2525,2525,8,59,Spring,3.7,Express,0,0
2526,2526,2,72,Winter,4.2,Standard,0,0
2527,2527,7,28,Spring,3.4,Express,0,0
2528,2528,14,36,Fall,3.6,Express,0,0
2529,2529,17,47,Fall,4.7,2-Day Shipping,0,0
2530,2530,25,62,Spring,4.7,Next Day Air,0,0
2531,2531,12,98,Spring,3.6,Free Shipping,0,0
2532,2532,4,28,Summer,4.6,Free Shipping,0,0
2533,2533,21,86,Summer,2.6,Next Day Air,0,0
2534,2534,17,46,Summer,3.1,Standard,0,0
2535,2535,13,42,Fall,3.2,Free Shipping,0,0
2536,2536,8,80,Winter,3.9,Express,0,0
2537,2537,23,39,Spring,4.9,Express,0,0
2538,2538,8,49,Summer,4.1,2-Day Shipping,0,0
2539,2539,19,32,Summer,4.2,Next Day Air,0,0
2540,2540,4,73,Fall,4.1,Next Day Air,0,0
2541,2541,23,42,Summer,3.9,Free Shipping,0,0
2542,2542,19,58,Spring,2.7,Next Day Air,0,0
2543,2543,17,22,Winter,3.7,Express,0,0
2544,2544,19,56,Spring,2.7,Next Day Air,0,0
2545,2545,14,70,Spring,2.5,Next Day Air,0,0
2546,2546,10,50,Spring,3.9,Free Shipping,0,0
2547,2547,24,21,Summer,3.0,Express,0,0
2548,2548,15,97,Summer,3.2,2-Day Shipping,0,0
2549,2549,22,63,Winter,3.8,Standard,0,0
2550,2550,15,60,Fall,2.7,Standard,0,0
2551,2551,24,52,Fall,3.0,Store Pickup,0,0
2552,2552,10,32,Winter,4.1,Next Day Air,0,0
2553,2553,23,48,Spring,3.2,2-Day Shipping,0,0
2554,2554,17,25,Summer,4.5,Store Pickup,0,0
2555,2555,17,68,Summer,4.3,Store Pickup,0,0
2556,2556,14,74,Fall,3.5,Standard,0,0
2557,2557,18,88,Fall,3.1,Standard,0,0
2558,2558,7,23,Spring,3.9,Standard,0,0
2559,2559,16,32,Fall,2.7,Express,0,0
2560,2560,23,71,Winter,4.0,Free Shipping,0,0
2561,2561,24,62,Spring,2.7,Next Day Air,0,0
2562,2562,16,20,Spring,2.7,Free Shipping,0,0
2563,2563,7,62,Spring,4.7,Standard,0,0
2564,2564,22,81,Winter,4.5,Standard,0,0
2565,2565,19,90,Winter,3.0,2-Day Shipping,0,0
2566,2566,21,43,Fall,3.6,Store Pickup,0,0
2567,2567,9,38,Fall,3.3,Standard,0,0
2568,2568,13,25,Spring,4.3,Store Pickup,0,0
2569,2569,18,98,Winter,4.3,Express,0,0
2570,2570,11,75,Spring,4.8,Free Shipping,0,0
2571,2571,5,27,Spring,4.0,Store Pickup,0,0
2572,2572,13,27,Winter,3.5,Standard,0,0
2573,2573,1,42,Fall,3.9,Next Day Air,0,0
2574,2574,18,90,Summer,4.4,Store Pickup,0,0
2575,2575,20,63,Summer,4.6,2-Day Shipping,0,0
2576,2576,7,96,Fall,4.0,Express,0,0
2577,2577,16,40,Winter,4.2,Free Shipping,0,0
2578,2578,21,39,Fall,4.5,Next Day Air,0,0
2579,2579,13,48,Fall,3.9,Free Shipping,0,0
2580,2580,1,20,Summer,3.7,Express,0,0
2581,2581,3,29,Summer,3.6,Store Pickup,0,0
2582,2582,11,81,Winter,4.7,Express,0,0
2583,2583,11,98,Fall,3.6,2-Day Shipping,0,0
2584,2584,3,93,Fall,2.5,Next Day Air,0,0
2585,2585,21,30,Summer,2.9,Store Pickup,0,0
2586,2586,13,37,Fall,4.4,Free Shipping,0,0
2587,2587,8,28,Winter,4.6,Express,0,0
2588,2588,19,29,Winter,3.7,Express,0,0
2589,2589,22,49,Summer,3.2,Free Shipping,0,0
2590,2590,14,53,Winter,4.9,2-Day Shipping,0,0
2591,2591,25,66,Summer,5.0,Free Shipping,0,0
2592,2592,15,61,Spring,3.3,Express,0,0
2593,2593,7,23,Summer,4.4,Store Pickup,0,0
2594,2594,14,36,Fall,4.7,Store Pickup,0,0
2595,2595,12,81,Fall,3.6,Free Shipping,0,0
2596,2596,1,56,Summer,3.2,Free Shipping,0,0
2597,2597,6,78,Spring,3.0,Next Day Air,0,0
2598,2598,17,25,Summer,4.4,Store Pickup,0,0
2599,2599,22,86,Fall,3.3,Express,0,0
2600,2600,17,99,Winter,3.4,Express,0,0
2601,2601,23,83,Fall,3.9,Express,0,0
2602,2602,11,33,Winter,2.9,Store Pickup,0,0
2603,2603,8,44,Fall,2.9,Free Shipping,0,0
2604,2604,11,58,Spring,2.7,2-Day Shipping,0,0
2605,2605,2,54,Spring,3.4,Store Pickup,0,0
2606,2606,16,93,Spring,3.7,2-Day Shipping,0,0
2607,2607,10,98,Spring,4.7,Standard,0,0
2608,2608,10,36,Spring,3.1,Express,0,0
2609,2609,15,68,Fall,4.2,2-Day Shipping,0,0
2610,2610,22,95,Summer,3.0,Store Pickup,0,0
2611,2611,3,93,Spring,3.1,Express,0,0
2612,2612,15,99,Fall,4.2,2-Day Shipping,0,0
2613,2613,13,22,Winter,3.8,Next Day Air,0,0
2614,2614,25,88,Fall,2.9,Express,0,0
2615,2615,15,65,Spring,4.2,Express,0,0
2616,2616,18,62,Fall,3.1,2-Day Shipping,0,0
2617,2617,4,55,Spring,3.6,Express,0,0
2618,2618,7,97,Spring,4.8,Standard,0,0
2619,2619,9,77,Fall,4.1,Express,0,0
2620,2620,14,40,Winter,3.9,Free Shipping,0,0
2621,2621,1,23,Winter,3.0,Standard,0,0
2622,2622,10,46,Winter,3.0,Express,0,0
2623,2623,22,75,Spring,4.9,2-Day Shipping,0,0
2624,2624,10,76,Fall,4.8,Next Day Air,0,0
2625,2625,11,59,Summer,3.3,Standard,0,0
2626,2626,12,51,Summer,2.7,Standard,0,0
2627,2627,15,46,Fall,4.2,Express,0,0
2628,2628,6,26,Fall,3.6,Next Day Air,0,0
2629,2629,16,51,Summer,3.8,Next Day Air,0,0
2630,2630,19,44,Winter,3.8,Free Shipping,0,0
2631,2631,12,82,Spring,4.2,Free Shipping,0,0
2632,2632,12,44,Summer,2.7,Express,0,0
2633,2633,19,27,Fall,5.0,Next Day Air,0,0
2634,2634,13,90,Fall,4.7,Next Day Air,0,0
2635,2635,4,58,Summer,3.2,Store Pickup,0,0
2636,2636,16,80,Spring,2.9,2-Day Shipping,0,0
2637,2637,15,40,Winter,4.2,Store Pickup,0,0
2638,2638,14,23,Spring,3.7,Store Pickup,0,0
2639,2639,6,34,Spring,4.2,Store Pickup,0,0
2640,2640,1,35,Winter,2.6,Free Shipping,0,0
2641,2641,12,75,Summer,4.0,Store Pickup,0,0
2642,2642,13,60,Winter,2.7,Next Day Air,0,0
2643,2643,23,87,Summer,4.0,Store Pickup,0,0
2644,2644,25,41,Spring,2.9,Next Day Air,0,0
2645,2645,14,83,Spring,3.3,Standard,0,0
2646,2646,19,81,Spring,4.0,Store Pickup,0,0
2647,2647,18,56,Summer,3.9,Next Day Air,0,0
2648,2648,10,58,Summer,3.3,2-Day Shipping,0,0
2649,2649,14,84,Spring,3.9,Next Day Air,0,0
2650,2650,25,21,Fall,3.9,Store Pickup,0,0
2651,2651,21,35,Summer,4.2,Standard,0,0
2652,2652,5,43,Summer,4.6,Store Pickup,0,0
2653,2653,7,20,Summer,3.3,2-Day Shipping,0,0
2654,2654,1,36,Fall,4.8,Express,0,0
2655,2655,8,70,Fall,4.1,Next Day Air,0,0
2656,2656,13,83,Summer,3.4,Standard,0,0
2657,2657,7,76,Winter,3.6,Express,0,0
2658,2658,11,81,Summer,2.7,Express,0,0
2659,2659,9,47,Summer,3.2,Next Day Air,0,0
2660,2660,24,35,Summer,4.4,2-Day Shipping,0,0
2661,2661,14,85,Spring,4.9,Express,0,0
2662,2662,24,96,Fall,4.8,Express,0,0
2663,2663,12,98,Summer,2.8,2-Day Shipping,0,0
2664,2664,5,52,Fall,2.9,Free Shipping,0,0
2665,2665,17,84,Winter,3.2,Store Pickup,0,0
2666,2666,18,71,Winter,3.5,Store Pickup,0,0
2667,2667,4,95,Winter,4.1,Store Pickup,0,0
2668,2668,24,47,Summer,4.1,Free Shipping,0,0
2669,2669,8,75,Summer,4.8,Next Day Air,0,0
2670,2670,23,28,Spring,2.8,Free Shipping,0,0
2671,2671,13,44,Fall,4.7,Express,0,0
2672,2672,4,64,Winter,4.8,2-Day Shipping,0,0
2673,2673,24,28,Spring,2.9,Standard,0,0
2674,2674,16,21,Summer,2.6,2-Day Shipping,0,0
2675,2675,20,41,Fall,3.3,Express,0,0
2676,2676,7,38,Winter,3.4,Free Shipping,0,0
2677,2677,22,77,Spring,3.6,Free Shipping,0,0
2678,2678,7,43,Spring,3.8,Next Day Air,0,0
2679,2679,23,91,Spring,3.4,2-Day Shipping,0,0
2680,2680,7,68,Spring,3.8,Express,0,0
2681,2681,21,37,Fall,3.3,Next Day Air,0,0
2682,2682,10,23,Summer,4.8,Standard,0,0
2683,2683,5,65,Winter,3.9,2-Day Shipping,0,0
2684,2684,22,30,Summer,4.2,Next Day Air,0,0
2685,2685,11,45,Summer,4.7,Free Shipping,0,0
2686,2686,24,25,Winter,2.7,Express,0,0
2687,2687,21,72,Winter,3.8,2-Day Shipping,0,0
2688,2688,11,75,Fall,3.6,2-Day Shipping,0,0
2689,2689,9,63,Spring,2.9,2-Day Shipping,0,0
2690,2690,1,35,Fall,3.9,Standard,0,0
2691,2691,23,32,Summer,4.7,Free Shipping,0,0
2692,2692,14,25,Winter,3.3,2-Day Shipping,0,0
2693,2693,5,90,Spring,4.2,Free Shipping,0,0
2694,2694,24,70,Summer,2.6,Standard,0,0
2695,2695,13,27,Spring,4.9,Express,0,0
2696,2696,20,92,Fall,3.6,Standard,0,0
2697,2697,8,20,Spring,4.7,Free Shipping,0,0
2698,2698,15,52,Winter,3.2,Standard,0,0
2699,2699,16,57,Summer,3.6,Store Pickup,0,0
2700,2700,24,96,Fall,3.6,2-Day Shipping,0,0
2701,2701,18,68,Winter,3.2,Standard,0,0
2702,2702,2,30,Summer,2.8,Store Pickup,0,0
2703,2703,10,37,Fall,4.0,Next Day Air,0,0
2704,2704,19,42,Winter,4.4,Free Shipping,0,0
2705,2705,11,54,Spring,3.4,Next Day Air,0,0
2706,2706,15,81,Spring,5.0,Store Pickup,0,0
2707,2707,10,40,Spring,3.1,Express,0,0
2708,2708,22,88,Fall,4.2,Standard,0,0
2709,2709,11,94,Summer,3.3,Store Pickup,0,0
2710,2710,6,54,Winter,2.9,Standard,0,0
2711,2711,15,51,Summer,4.7,Standard,0,0
2712,2712,13,22,Spring,4.0,Standard,0,0
2713,2713,15,95,Fall,4.6,Standard,0,0
2714,2714,8,57,Fall,3.8,2-Day Shipping,0,0
2715,2715,2,45,Winter,3.6,Store Pickup,0,0
2716,2716,5,92,Winter,4.1,Express,0,0
2717,2717,10,40,Spring,2.7,Store Pickup,0,0
2718,2718,13,62,Winter,4.3,Free Shipping,0,0
2719,2719,7,90,Winter,4.9,Next Day Air,0,0
2720,2720,16,82,Fall,4.2,Free Shipping,0,0
2721,2721,19,52,Spring,2.8,Store Pickup,0,0
2722,2722,4,70,Spring,4.9,Free Shipping,0,0
2723,2723,20,83,Spring,2.8,2-Day Shipping,0,0
2724,2724,10,49,Summer,2.9,Store Pickup,0,0
2725,2725,5,91,Spring,2.5,Next Day Air,0,0
2726,2726,22,99,Summer,2.7,Free Shipping,0,0
2727,2727,23,92,Winter,3.3,Free Shipping,0,0
2728,2728,6,87,Winter,3.7,2-Day Shipping,0,0
2729,2729,12,28,Winter,4.0,Express,0,0
2730,2730,25,71,Summer,4.1,Free Shipping,0,0
2731,2731,25,32,Winter,4.1,Store Pickup,0,0
2732,2732,9,33,Summer,2.5,2-Day Shipping,0,0
2733,2733,21,75,Winter,4.2,Store Pickup,0,0
2734,2734,22,83,Summer,4.7,Express,0,0
2735,2735,3,93,Summer,2.7,2-Day Shipping,0,0
2736,2736,12,29,Spring,3.0,Express,0,0
2737,2737,16,25,Spring,4.8,Store Pickup,0,0
2738,2738,17,76,Spring,4.4,Free Shipping,0,0
2739,2739,5,81,Summer,4.3,2-Day Shipping,0,0
2740,2740,6,80,Winter,2.5,Store Pickup,0,0
2741,2741,13,70,Summer,4.9,Free Shipping,0,0
2742,2742,11,81,Fall,4.9,2-Day Shipping,0,0
2743,2743,10,86,Spring,3.9,Free Shipping,0,0
2744,2744,23,94,Fall,4.1,2-Day Shipping,0,0
2745,2745,6,66,Winter,3.3,Store Pickup,0,0
2746,2746,24,98,Summer,4.1,Standard,0,0
2747,2747,16,25,Fall,3.7,Standard,0,0
2748,2748,3,62,Winter,3.1,Free Shipping,0,0
2749,2749,15,98,Spring,3.0,Free Shipping,0,0
2750,2750,15,53,Spring,3.4,Standard,0,0
2751,2751,4,66,Spring,2.7,2-Day Shipping,0,0
2752,2752,11,52,Fall,3.1,Free Shipping,0,0
2753,2753,2,64,Winter,4.0,Free Shipping,0,0
2754,2754,25,59,Spring,3.6,Next Day Air,0,0
2755,2755,13,61,Summer,3.6,Free Shipping,0,0
2756,2756,23,97,Winter,3.3,Store Pickup,0,0
2757,2757,20,23,Winter,4.1,Free Shipping,0,0
2758,2758,20,98,Fall,4.3,Next Day Air,0,0
2759,2759,1,98,Summer,3.2,Standard,0,0
2760,2760,10,59,Summer,3.9,Free Shipping,0,0
2761,2761,12,82,Fall,5.0,Next Day Air,0,0
2762,2762,5,82,Fall,3.4,Next Day Air,0,0
2763,2763,18,41,Fall,3.8,Store Pickup,0,0
2764,2764,9,52,Fall,2.9,2-Day Shipping,0,0
2765,2765,2,41,Spring,2.6,Next Day Air,0,0
2766,2766,25,70,Summer,4.3,2-Day Shipping,0,0
2767,2767,11,91,Winter,2.8,Standard,0,0
2768,2768,11,95,Spring,4.5,Free Shipping,0,0
2769,2769,1,25,Spring,3.8,2-Day Shipping,0,0
2770,2770,6,89,Fall,3.0,Standard,0,0
2771,2771,24,44,Fall,3.3,Express,0,0
2772,2772,15,52,Summer,3.1,2-Day Shipping,0,0
2773,2773,22,94,Spring,3.5,Store Pickup,0,0
2774,2774,14,98,Spring,4.6,Express,0,0
2775,2775,24,40,Fall,4.1,Standard,0,0
2776,2776,21,25,Fall,3.6,Free Shipping,0,0
2777,2777,19,62,Fall,2.9,Free Shipping,0,0
2778,2778,1,24,Fall,4.8,Standard,0,0
2779,2779,23,57,Spring,3.2,Standard,0,0
2780,2780,13,66,Winter,4.3,Express,0,0
2781,2781,24,70,Winter,4.1,Next Day Air,0,0
2782,2782,4,39,Spring,4.6,Standard,0,0
2783,2783,25,34,Spring,3.8,Free Shipping,0,0
2784,2784,12,38,Spring,4.5,Next Day Air,0,0
2785,2785,12,70,Winter,3.1,Express,0,0
2786,2786,1,80,Summer,2.9,Next Day Air,0,0
2787,2787,9,51,Spring,3.8,Next Day Air,0,0
2788,2788,24,79,Spring,4.1,Next Day Air,0,0
2789,2789,24,92,Summer,3.1,Free Shipping,0,0
2790,2790,2,85,Fall,5.0,Express,0,0
2791,2791,21,63,Spring,4.5,Free Shipping,0,0
2792,2792,25,60,Fall,2.8,Express,0,0
2793,2793,7,44,Winter,3.2,Express,0,0
2794,2794,24,57,Spring,3.1,Standard,0,0
2795,2795,15,24,Fall,3.3,Standard,0,0
2796,2796,19,35,Winter,3.4,Store Pickup,0,0
2797,2797,15,73,Winter,3.8,Store Pickup,0,0
2798,2798,17,42,Winter,3.5,Express,0,0
2799,2799,16,20,Winter,4.8,Store Pickup,0,0
2800,2800,18,89,Spring,3.9,Free Shipping,0,0
2801,2801,6,76,Fall,3.4,Free Shipping,0,0
2802,2802,6,56,Winter,2.6,Express,0,0
2803,2803,8,100,Fall,3.1,Store Pickup,0,0
2804,2804,18,44,Winter,3.3,Free Shipping,0,0
2805,2805,16,76,Spring,2.8,Standard,0,0
2806,2806,13,97,Fall,4.3,Standard,0,0
2807,2807,1,39,Spring,2.7,Standard,0,0
2808,2808,16,100,Spring,4.4,2-Day Shipping,0,0
2809,2809,12,62,Spring,3.9,Free Shipping,0,0
2810,2810,7,98,Summer,3.0,Standard,0,0
2811,2811,3,31,Summer,4.0,Standard,0,0
2812,2812,15,89,Fall,3.7,Store Pickup,0,0
2813,2813,16,91,Fall,3.8,Store Pickup,0,0
2814,2814,6,50,Summer,3.3,2-Day Shipping,0,0
2815,2815,18,32,Winter,3.6,Standard,0,0
2816,2816,1,67,Fall,3.9,Free Shipping,0,0
2817,2817,12,28,Spring,3.5,Free Shipping,0,0
2818,2818,22,65,Winter,3.4,Standard,0,0
2819,2819,7,73,Fall,4.7,Next Day Air,0,0
2820,2820,6,27,Spring,3.0,Free Shipping,0,0
2821,2821,22,89,Summer,3.9,Free Shipping,0,0
2822,2822,10,72,Summer,4.5,Standard,0,0
2823,2823,12,37,Fall,4.1,Standard,0,0
2824,2824,11,63,Summer,4.5,Standard,0,0
2825,2825,20,90,Fall,4.0,Free Shipping,0,0
2826,2826,9,62,Winter,4.3,2-Day Shipping,0,0
2827,2827,9,43,Fall,3.6,Express,0,0
2828,2828,1,96,Fall,3.1,Next Day Air,0,0
2829,2829,19,83,Fall,2.6,Standard,0,0
2830,2830,17,67,Fall,3.4,Next Day Air,0,0
2831,2831,12,90,Spring,2.9,Store Pickup,0,0
2832,2832,16,53,Winter,5.0,Express,0,0
2833,2833,19,37,Summer,4.6,Standard,0,0
2834,2834,3,56,Fall,3.3,Free Shipping,0,0
2835,2835,15,43,Fall,2.9,2-Day Shipping,0,0
2836,2836,18,84,Winter,4.9,Free Shipping,0,0
2837,2837,14,50,Winter,5.0,2-Day Shipping,0,0
2838,2838,10,88,Summer,4.5,Express,0,0
2839,2839,15,50,Fall,3.7,Free Shipping,0,0
2840,2840,19,80,Summer,2.8,Store Pickup,0,0
2841,2841,18,47,Spring,3.5,Store Pickup,0,0
2842,2842,11,33,Winter,3.0,2-Day Shipping,0,0
2843,2843,8,100,Fall,4.3,Standard,0,0
2844,2844,2,26,Summer,3.6,Store Pickup,0,0
2845,2845,20,79,Summer,4.4,Standard,0,0
2846,2846,22,77,Summer,4.1,Express,0,0
2847,2847,21,36,Fall,2.8,Next Day Air,0,0
2848,2848,17,21,Winter,2.8,Free Shipping,0,0
2849,2849,24,72,Fall,4.9,Store Pickup,0,0
2850,2850,8,25,Spring,4.1,Express,0,0
2851,2851,2,79,Spring,3.0,Store Pickup,0,0
2852,2852,1,73,Summer,3.0,Store Pickup,0,0
2853,2853,23,71,Spring,3.0,Store Pickup,0,0
2854,2854,20,48,Winter,3.2,Next Day Air,0,0
2855,2855,4,28,Fall,2.7,Store Pickup,0,0
2856,2856,24,95,Winter,3.8,2-Day Shipping,0,0
2857,2857,15,48,Winter,3.5,2-Day Shipping,0,0
2858,2858,11,93,Spring,3.8,Next Day Air,0,0
2859,2859,3,87,Summer,3.8,2-Day Shipping,0,0
2860,2860,7,32,Fall,3.4,Express,0,0
2861,2861,6,38,Spring,2.9,Next Day Air,0,0
2862,2862,8,54,Fall,3.4,Free Shipping,0,0
2863,2863,8,75,Summer,4.7,Store Pickup,0,0
2864,2864,18,56,Fall,3.9,2-Day Shipping,0,0
2865,2865,2,43,Fall,3.6,Store Pickup,0,0
2866,2866,12,97,Fall,3.7,Free Shipping,0,0
2867,2867,1,75,Summer,3.1,Free Shipping,0,0
2868,2868,5,55,Summer,4.9,Next Day Air,0,0
2869,2869,22,49,Winter,2.6,Next Day Air,0,0
2870,2870,21,58,Summer,4.2,Standard,0,0
2871,2871,17,34,Winter,4.8,Free Shipping,0,0
2872,2872,7,43,Summer,2.7,2-Day Shipping,0,0
2873,2873,17,48,Fall,2.6,Next Day Air,0,0
2874,2874,2,40,Spring,2.6,Free Shipping,0,0
2875,2875,6,29,Summer,3.1,Standard,0,0
2876,2876,14,81,Fall,2.6,Free Shipping,0,0
2877,2877,16,84,Spring,3.4,2-Day Shipping,0,0
2878,2878,21,46,Summer,3.6,Standard,0,0
2879,2879,11,86,Summer,4.3,Next Day Air,0,0
2880,2880,1,57,Winter,4.9,Free Shipping,0,0
2881,2881,12,61,Winter,4.8,Store Pickup,0,0
2882,2882,22,90,Winter,4.2,Free Shipping,0,0
2883,2883,1,51,Winter,2.6,Store Pickup,0,0
2884,2884,21,48,Spring,3.2,Standard,0,0
2885,2885,24,50,Summer,3.4,2-Day Shipping,0,0
2886,2886,22,82,Summer,3.5,Next Day Air,0,0
2887,2887,20,33,Spring,4.2,Free Shipping,0,0
2888,2888,4,28,Winter,2.8,Express,0,0
2889,2889,16,42,Spring,5.0,2-Day Shipping,0,0
2890,2890,13,43,Fall,3.3,Store Pickup,0,0
2891,2891,3,55,Winter,3.7,Free Shipping,0,0
2892,2892,18,73,Winter,2.5,Free Shipping,0,0
2893,2893,11,39,Spring,3.2,Standard,0,0
2894,2894,23,20,Spring,3.1,Free Shipping,0,0
2895,2895,17,32,Spring,3.5,Standard,0,0
2896,2896,16,86,Summer,4.6,Standard,0,0
2897,2897,1,91,Summer,3.3,Free Shipping,0,0
2898,2898,15,59,Fall,2.5,Free Shipping,0,0
2899,2899,5,33,Summer,4.6,Express,0,0
2900,2900,24,64,Spring,4.2,2-Day Shipping,0,0
2901,2901,1,67,Winter,4.0,Standard,0,0
2902,2902,1,43,Winter,2.6,Free Shipping,0,0
2903,2903,24,32,Spring,4.6,Standard,0,0
2904,2904,19,39,Spring,3.5,2-Day Shipping,0,0
2905,2905,4,41,Spring,4.0,2-Day Shipping,0,0
2906,2906,13,53,Winter,4.8,Standard,0,0
2907,2907,8,27,Spring,3.9,Standard,0,0
2908,2908,13,82,Summer,3.7,Next Day Air,0,0
2909,2909,1,87,Winter,3.1,Store Pickup,0,0
2910,2910,22,78,Winter,3.0,Next Day Air,0,0
2911,2911,23,32,Summer,2.9,Store Pickup,0,0
2912,2912,21,38,Fall,2.9,Next Day Air,0,0
2913,2913,10,37,Winter,4.0,Standard,0,0
2914,2914,8,83,Winter,3.5,Express,0,0
2915,2915,2,72,Fall,3.8,Express,0,0
2916,2916,6,30,Fall,4.5,Express,0,0
2917,2917,7,66,Winter,2.7,Express,0,0
2918,2918,6,45,Winter,2.9,Store Pickup,0,0
2919,2919,13,73,Fall,4.9,Free Shipping,0,0
2920,2920,10,67,Winter,3.8,Standard,0,0
2921,2921,13,72,Spring,4.9,Free Shipping,0,0
2922,2922,9,24,Fall,4.6,Standard,0,0
2923,2923,13,68,Winter,3.5,Express,0,0
2924,2924,6,70,Spring,4.2,2-Day Shipping,0,0
2925,2925,6,64,Winter,3.7,Free Shipping,0,0
2926,2926,2,91,Spring,2.8,Store Pickup,0,0
2927,2927,9,82,Winter,4.8,2-Day Shipping,0,0
2928,2928,6,24,Summer,2.7,Express,0,0
2929,2929,17,80,Spring,3.6,Store Pickup,0,0
2930,2930,21,53,Winter,4.5,Next Day Air,0,0
2931,2931,18,50,Spring,4.0,Free Shipping,0,0
2932,2932,17,31,Fall,4.5,2-Day Shipping,0,0
2933,2933,22,88,Spring,3.9,Express,0,0
2934,2934,20,52,Summer,3.8,Standard,0,0
2935,2935,25,22,Fall,4.7,Next Day Air,0,0
2936,2936,5,27,Spring,4.6,Standard,0,0
2937,2937,12,34,Spring,3.6,Express,0,0
2938,2938,9,39,Spring,4.3,2-Day Shipping,0,0
2939,2939,13,53,Fall,3.0,Standard,0,0
2940,2940,2,46,Winter,4.3,Express,0,0
2941,2941,9,85,Summer,4.8,Next Day Air,0,0
2942,2942,12,86,Spring,3.7,Free Shipping,0,0
2943,2943,21,63,Summer,2.6,Free Shipping,0,0
2944,2944,6,44,Spring,3.4,Standard,0,0
2945,2945,5,95,Summer,3.9,Free Shipping,0,0
2946,2946,23,49,Summer,4.8,Free Shipping,0,0
2947,2947,14,77,Spring,2.8,Free Shipping,0,0
2948,2948,17,63,Spring,4.4,Standard,0,0
2949,2949,14,83,Winter,3.1,Standard,0,0
2950,2950,17,93,Spring,3.8,Store Pickup,0,0
2951,2951,3,91,Winter,4.1,2-Day Shipping,0,0
2952,2952,19,99,Fall,4.6,Free Shipping,0,0
2953,2953,23,24,Spring,4.9,Next Day Air,0,0
2954,2954,11,82,Summer,4.8,Next Day Air,0,0
2955,2955,18,28,Winter,3.9,Express,0,0
2956,2956,24,67,Winter,2.6,Free Shipping,0,0
2957,2957,11,88,Fall,3.7,Standard,0,0
2958,2958,17,70,Fall,4.7,Standard,0,0
2959,2959,12,100,Summer,4.5,Standard,0,0
2960,2960,9,28,Summer,4.7,Free Shipping,0,0
2961,2961,8,48,Spring,3.6,Standard,0,0
2962,2962,16,43,Fall,2.8,Free Shipping,0,0
2963,2963,14,40,Fall,4.0,Express,0,0
2964,2964,24,97,Spring,3.6,Free Shipping,0,0
2965,2965,8,25,Fall,3.8,2-Day Shipping,0,0
2966,2966,19,45,Summer,4.4,Standard,0,0
2967,2967,24,49,Fall,2.8,Store Pickup,0,0
2968,2968,5,36,Summer,3.4,Free Shipping,0,0
2969,2969,2,48,Fall,4.9,Express,0,0
2970,2970,23,62,Fall,4.3,Next Day Air,0,0
2971,2971,17,74,Winter,3.4,Free Shipping,0,0
2972,2972,9,100,Fall,3.9,Next Day Air,0,0
2973,2973,15,39,Fall,4.2,Free Shipping,0,0
2974,2974,24,65,Summer,2.7,Store Pickup,0,0
2975,2975,5,99,Summer,4.1,Store Pickup,0,0
2976,2976,19,68,Winter,4.5,2-Day Shipping,0,0
2977,2977,8,97,Summer,2.8,Express,0,0
2978,2978,7,47,Winter,3.4,Standard,0,0
2979,2979,7,56,Spring,3.9,Free Shipping,0,0
2980,2980,3,91,Fall,2.6,Next Day Air,0,0
2981,2981,25,93,Fall,4.4,2-Day Shipping,0,0
2982,2982,14,36,Winter,4.9,Standard,0,0
2983,2983,11,45,Summer,3.6,Store Pickup,0,0
2984,2984,14,44,Winter,2.8,2-Day Shipping,0,0
2985,2985,25,32,Spring,4.3,2-Day Shipping,0,0
2986,2986,23,36,Summer,3.0,Express,0,0
2987,2987,23,85,Summer,3.3,2-Day Shipping,0,0
2988,2988,12,36,Winter,2.5,Store Pickup,0,0
2989,2989,21,55,Spring,5.0,2-Day Shipping,0,0
2990,2990,23,20,Summer,4.3,2-Day Shipping,0,0
2991,2991,6,91,Fall,4.2,Free Shipping,0,0
2992,2992,11,71,Summer,3.9,Standard,0,0
2993,2993,21,64,Spring,3.9,Store Pickup,0,0
2994,2994,15,21,Spring,4.2,Free Shipping,0,0
2995,2995,2,100,Winter,3.5,Store Pickup,0,0
2996,2996,3,96,Summer,2.5,Standard,0,0
2997,2997,17,91,Spring,2.9,Express,0,0
2998,2998,2,40,Spring,2.7,Next Day Air,0,0
2999,2999,16,53,Summer,4.7,Express,0,0
3000,3000,13,48,Winter,3.8,Standard,0,0
3001,3001,4,70,Winter,3.7,Express,0,0
3002,3002,8,29,Summer,4.7,Express,0,0
3003,3003,23,29,Fall,3.6,Next Day Air,0,0
3004,3004,1,53,Fall,2.8,Express,0,0
3005,3005,12,79,Winter,3.7,Store Pickup,0,0
3006,3006,7,65,Spring,3.5,Express,0,0
3007,3007,11,99,Summer,3.7,Store Pickup,0,0
3008,3008,13,60,Winter,3.0,Next Day Air,0,0
3009,3009,10,86,Winter,4.9,Free Shipping,0,0
3010,3010,23,73,Winter,4.6,Free Shipping,0,0
3011,3011,23,45,Winter,3.3,Free Shipping,0,0
3012,3012,23,70,Summer,3.0,Next Day Air,0,0
3013,3013,23,65,Fall,3.5,Standard,0,0
3014,3014,12,55,Summer,4.2,Store Pickup,0,0
3015,3015,18,65,Spring,4.5,Express,0,0
3016,3016,19,21,Spring,2.8,Express,0,0
3017,3017,1,26,Summer,4.9,Store Pickup,0,0
3018,3018,13,71,Summer,3.3,Next Day Air,0,0
3019,3019,24,41,Summer,3.0,Free Shipping,0,0
3020,3020,15,44,Winter,3.9,2-Day Shipping,0,0
3021,3021,3,81,Fall,2.8,Store Pickup,0,0
3022,3022,13,77,Summer,4.5,2-Day Shipping,0,0
3023,3023,4,26,Fall,4.0,Free Shipping,0,0
3024,3024,22,31,Summer,2.9,Express,0,0
3025,3025,1,82,Spring,4.0,Free Shipping,0,0
3026,3026,10,60,Summer,3.4,Store Pickup,0,0
3027,3027,6,70,Fall,2.5,Free Shipping,0,0
3028,3028,16,26,Winter,2.8,2-Day Shipping,0,0
3029,3029,11,100,Summer,3.0,Free Shipping,0,0
3030,3030,11,82,Summer,3.1,Free Shipping,0,0
3031,3031,5,24,Spring,2.6,2-Day Shipping,0,0
3032,3032,1,74,Summer,4.9,2-Day Shipping,0,0
3033,3033,22,58,Summer,3.5,Next Day Air,0,0
3034,3034,2,56,Spring,2.6,Store Pickup,0,0
3035,3035,24,37,Spring,3.5,2-Day Shipping,0,0
3036,3036,9,64,Spring,4.5,Free Shipping,0,0
3037,3037,16,58,Spring,4.3,Next Day Air,0,0
3038,3038,23,44,Summer,4.8,Next Day Air,0,0
3039,3039,17,39,Summer,4.2,Free Shipping,0,0
3040,3040,1,48,Spring,3.2,Next Day Air,0,0
3041,3041,9,32,Fall,4.1,Express,0,0
3042,3042,9,79,Winter,4.0,Express,0,0
3043,3043,8,27,Winter,2.9,Next Day Air,0,0
3044,3044,23,98,Fall,2.6,Store Pickup,0,0
3045,3045,24,67,Winter,2.7,Free Shipping,0,0
3046,3046,21,37,Winter,4.6,2-Day Shipping,0,0
3047,3047,10,49,Spring,3.2,Store Pickup,0,0
3048,3048,5,74,Fall,4.1,2-Day Shipping,0,0
3049,3049,17,93,Summer,3.9,Standard,0,0
3050,3050,9,60,Summer,3.0,Next Day Air,0,0
3051,3051,8,76,Spring,3.6,Standard,0,0
3052,3052,13,64,Summer,4.6,Express,0,0
3053,3053,10,38,Spring,4.5,Store Pickup,0,0
3054,3054,10,91,Winter,3.2,Next Day Air,0,0
3055,3055,24,70,Summer,4.9,2-Day Shipping,0,0
3056,3056,4,22,Fall,5.0,Standard,0,0
3057,3057,25,59,Spring,3.8,Standard,0,0
3058,3058,22,22,Spring,3.4,Next Day Air,0,0
3059,3059,9,74,Winter,3.8,Store Pickup,0,0
3060,3060,2,71,Spring,3.2,Express,0,0
3061,3061,8,80,Summer,4.7,Store Pickup,0,0
3062,3062,18,59,Fall,4.5,Express,0,0
3063,3063,22,96,Fall,3.3,Standard,0,0
3064,3064,13,43,Winter,3.9,Store Pickup,0,0
3065,3065,23,76,Winter,3.6,Express,0,0
3066,3066,15,59,Fall,2.8,Store Pickup,0,0
3067,3067,12,48,Summer,4.3,Free Shipping,0,0
3068,3068,23,22,Spring,3.5,Free Shipping,0,0
3069,3069,24,40,Winter,4.2,Express,0,0
3070,3070,3,73,Spring,4.6,Express,0,0
3071,3071,10,26,Fall,2.6,Free Shipping,0,0
3072,3072,2,41,Spring,3.4,Next Day Air,0,0
3073,3073,17,98,Spring,3.1,Standard,0,0
3074,3074,6,63,Winter,3.6,Free Shipping,0,0
3075,3075,24,55,Winter,4.2,Next Day Air,0,0
3076,3076,7,90,Winter,3.6,Standard,0,0
3077,3077,9,46,Summer,3.6,Express,0,0
3078,3078,2,88,Spring,3.0,Store Pickup,0,0
3079,3079,23,95,Spring,2.5,2-Day Shipping,0,0
3080,3080,23,31,Fall,4.0,Store Pickup,0,0
3081,3081,16,42,Spring,4.1,Next Day Air,0,0
3082,3082,5,44,Winter,4.9,Next Day Air,0,0
3083,3083,18,99,Spring,4.0,Next Day Air,0,0
3084,3084,14,20,Summer,3.5,Store Pickup,0,0
3085,3085,19,37,Spring,3.2,Store Pickup,0,0
3086,3086,2,50,Winter,2.8,Store Pickup,0,0
3087,3087,9,73,Summer,3.5,Next Day Air,0,0
3088,3088,6,84,Spring,3.1,Free Shipping,0,0
3089,3089,11,64,Spring,3.3,Store Pickup,0,0
3090,3090,4,21,Fall,4.6,Free Shipping,0,0
3091,3091,6,36,Summer,4.9,Store Pickup,0,0
3092,3092,11,81,Winter,3.4,2-Day Shipping,0,0
3093,3093,13,54,Fall,3.5,Next Day Air,0,0
3094,3094,21,63,Summer,4.8,Store Pickup,0,0
3095,3095,4,59,Summer,2.7,Store Pickup,0,0
3096,3096,20,53,Fall,3.4,Standard,0,0
3097,3097,6,63,Winter,3.5,Next Day Air,0,0
3098,3098,10,33,Fall,3.7,Free Shipping,0,0
3099,3099,14,64,Summer,3.3,Next Day Air,0,0
3100,3100,6,98,Fall,2.9,Free Shipping,0,0
3101,3101,20,85,Winter,3.9,Express,0,0
3102,3102,17,82,Summer,2.7,Express,0,0
3103,3103,15,85,Summer,4.3,Standard,0,0
3104,3104,6,37,Winter,3.0,2-Day Shipping,0,0
3105,3105,14,56,Summer,5.0,2-Day Shipping,0,0
3106,3106,12,33,Fall,2.7,Express,0,0
3107,3107,4,57,Winter,4.7,Next Day Air,0,0
3108,3108,1,31,Winter,4.6,Standard,0,0
3109,3109,21,69,Fall,3.2,2-Day Shipping,0,0
3110,3110,15,92,Winter,4.3,Free Shipping,0,0
3111,3111,9,46,Fall,4.6,Next Day Air,0,0
3112,3112,23,81,Spring,4.9,Free Shipping,0,0
3113,3113,1,97,Fall,3.8,Express,0,0
3114,3114,6,93,Summer,2.6,Express,0,0
3115,3115,9,56,Spring,4.7,Store Pickup,0,0
3116,3116,19,53,Fall,4.1,Free Shipping,0,0
3117,3117,8,66,Spring,3.7,Store Pickup,0,0
3118,3118,16,50,Fall,3.0,Free Shipping,0,0
3119,3119,7,97,Summer,4.7,Standard,0,0
3120,3120,4,79,Winter,4.7,2-Day Shipping,0,0
3121,3121,6,76,Fall,4.0,Store Pickup,0,0
3122,3122,16,38,Fall,2.6,Standard,0,0
3123,3123,21,45,Fall,3.0,Express,0,0
3124,3124,9,77,Fall,3.3,Next Day Air,0,0
3125,3125,17,51,Summer,3.4,Standard,0,0
3126,3126,8,26,Spring,4.0,Standard,0,0
3127,3127,13,76,Winter,2.6,Store Pickup,0,0
3128,3128,25,94,Winter,3.4,Free Shipping,0,0
3129,3129,15,32,Fall,4.4,Standard,0,0
3130,3130,4,20,Summer,4.7,Express,0,0
3131,3131,14,20,Summer,4.5,Store Pickup,0,0
3132,3132,15,59,Fall,2.9,Store Pickup,0,0
3133,3133,2,97,Summer,4.2,Express,0,0
3134,3134,18,68,Spring,4.1,Next Day Air,0,0
3135,3135,24,66,Spring,4.4,Store Pickup,0,0
3136,3136,10,85,Spring,4.7,Free Shipping,0,0
3137,3137,12,32,Fall,3.1,Next Day Air,0,0
3138,3138,8,44,Spring,2.7,2-Day Shipping,0,0
3139,3139,1,95,Fall,4.6,Next Day Air,0,0
3140,3140,13,85,Winter,4.4,Next Day Air,0,0
3141,3141,25,44,Summer,4.6,Free Shipping,0,0
3142,3142,13,30,Winter,4.9,Express,0,0
3143,3143,5,21,Winter,4.0,2-Day Shipping,0,0
3144,3144,16,22,Summer,2.9,Store Pickup,0,0
3145,3145,24,70,Spring,2.6,Free Shipping,0,0
3146,3146,9,29,Spring,4.6,Standard,0,0
3147,3147,6,83,Winter,4.9,Free Shipping,0,0
3148,3148,2,99,Winter,4.3,Express,0,0
3149,3149,7,35,Fall,4.3,Free Shipping,0,0
3150,3150,23,40,Winter,4.6,Free Shipping,0,0
3151,3151,1,25,Spring,2.6,Express,0,0
3152,3152,18,64,Fall,3.1,2-Day Shipping,0,0
3153,3153,23,90,Fall,3.1,Store Pickup,0,0
3154,3154,21,88,Fall,3.1,Next Day Air,0,0
3155,3155,23,55,Winter,4.4,Standard,0,0
3156,3156,9,90,Fall,4.3,Free Shipping,0,0
3157,3157,6,50,Winter,3.1,2-Day Shipping,0,0
3158,3158,23,34,Fall,3.1,Store Pickup,0,0
3159,3159,17,77,Winter,4.9,2-Day Shipping,0,0
3160,3160,20,89,Winter,2.9,Store Pickup,0,0
3161,3161,22,87,Fall,3.8,Next Day Air,0,0
3162,3162,11,77,Winter,4.2,2-Day Shipping,0,0
3163,3163,10,85,Winter,3.9,Standard,0,0
3164,3164,14,66,Summer,2.8,Express,0,0
3165,3165,11,32,Winter,2.6,Standard,0,0
3166,3166,15,92,Spring,3.0,Store Pickup,0,0
3167,3167,6,80,Winter,2.7,Next Day Air,0,0
3168,3168,11,78,Fall,2.8,2-Day Shipping,0,0
3169,3169,3,24,Spring,2.9,2-Day Shipping,0,0
3170,3170,18,59,Fall,3.8,Free Shipping,0,0
3171,3171,13,41,Spring,4.4,Express,0,0
3172,3172,17,26,Spring,3.1,Express,0,0
3173,3173,21,52,Fall,3.7,Standard,0,0
3174,3174,12,46,Summer,4.9,Next Day Air,0,0
3175,3175,14,52,Winter,3.8,Store Pickup,0,0
3176,3176,21,42,Fall,3.4,Store Pickup,0,0
3177,3177,4,37,Spring,4.6,2-Day Shipping,0,0
3178,3178,23,52,Fall,3.2,Standard,0,0
3179,3179,4,34,Spring,2.7,Free Shipping,0,0
3180,3180,7,88,Spring,4.3,Free Shipping,0,0
3181,3181,9,88,Fall,3.8,Standard,0,0
3182,3182,15,51,Summer,4.4,Free Shipping,0,0
3183,3183,13,97,Fall,3.6,Free Shipping,0,0
3184,3184,5,56,Winter,3.5,Standard,0,0
3185,3185,2,53,Spring,4.2,2-Day Shipping,0,0
3186,3186,12,71,Fall,4.7,Express,0,0
3187,3187,17,93,Winter,4.8,Store Pickup,0,0
3188,3188,1,72,Winter,3.2,Free Shipping,0,0
3189,3189,1,59,Winter,3.5,Standard,0,0
3190,3190,24,87,Summer,4.2,Store Pickup,0,0
3191,3191,3,78,Fall,3.4,Free Shipping,0,0
3192,3192,16,68,Winter,4.7,Store Pickup,0,0
3193,3193,2,76,Fall,3.0,Free Shipping,0,0
3194,3194,25,99,Winter,4.0,Express,0,0
3195,3195,5,52,Summer,4.6,Standard,0,0
3196,3196,13,58,Spring,4.9,Next Day Air,0,0
3197,3197,23,59,Winter,2.8,Express,0,0
3198,3198,2,71,Spring,3.2,Free Shipping,0,0
3199,3199,25,94,Winter,2.8,Free Shipping,0,0
3200,3200,9,40,Winter,4.2,Express,0,0
3201,3201,21,24,Spring,4.8,Free Shipping,0,0
3202,3202,14,38,Fall,2.8,2-Day Shipping,0,0
3203,3203,19,37,Fall,4.5,Standard,0,0
3204,3204,8,29,Spring,4.1,Express,0,0
3205,3205,15,92,Fall,4.3,Free Shipping,0,0
3206,3206,16,24,Fall,4.4,2-Day Shipping,0,0
3207,3207,24,52,Winter,3.0,Free Shipping,0,0
3208,3208,21,29,Summer,2.7,Next Day Air,0,0
3209,3209,17,30,Winter,3.3,2-Day Shipping,0,0
3210,3210,10,31,Fall,4.3,Standard,0,0
3211,3211,21,67,Summer,2.9,Express,0,0
3212,3212,14,65,Winter,4.9,Standard,0,0
3213,3213,5,22,Winter,3.6,2-Day Shipping,0,0
3214,3214,13,56,Winter,3.3,Standard,0,0
3215,3215,12,78,Spring,3.1,Free Shipping,0,0
3216,3216,8,90,Summer,2.7,Free Shipping,0,0
3217,3217,16,85,Winter,3.4,Next Day Air,0,0
3218,3218,13,58,Fall,3.4,Express,0,0
3219,3219,12,34,Fall,3.9,Express,0,0
3220,3220,8,40,Summer,3.5,2-Day Shipping,0,0
3221,3221,9,29,Fall,4.1,Free Shipping,0,0
3222,3222,18,76,Winter,3.2,Standard,0,0
3223,3223,13,84,Fall,4.6,Store Pickup,0,0
3224,3224,6,65,Spring,3.9,Standard,0,0
3225,3225,16,80,Winter,2.7,Free Shipping,0,0
3226,3226,1,98,Fall,3.0,Store Pickup,0,0
3227,3227,5,71,Spring,3.3,Next Day Air,0,0
3228,3228,19,69,Fall,2.7,Free Shipping,0,0
3229,3229,17,95,Spring,4.6,2-Day Shipping,0,0
3230,3230,14,67,Fall,2.7,Express,0,0
3231,3231,5,49,Summer,2.5,Next Day Air,0,0
3232,3232,10,97,Winter,4.4,Free Shipping,0,0
3233,3233,18,34,Spring,4.0,Next Day Air,0,0
3234,3234,23,74,Fall,3.8,Express,0,0
3235,3235,17,96,Winter,2.5,2-Day Shipping,0,0
3236,3236,23,68,Summer,4.0,Free Shipping,0,0
3237,3237,23,84,Fall,4.1,Next Day Air,0,0
3238,3238,18,57,Summer,2.8,Express,0,0
3239,3239,5,84,Fall,3.4,2-Day Shipping,0,0
3240,3240,13,32,Fall,2.7,2-Day Shipping,0,0
3241,3241,4,37,Fall,3.8,2-Day Shipping,0,0
3242,3242,9,58,Summer,4.4,Store Pickup,0,0
3243,3243,21,74,Fall,2.8,Express,0,0
3244,3244,16,99,Summer,5.0,Store Pickup,0,0
3245,3245,2,81,Fall,4.7,Express,0,0
3246,3246,14,76,Fall,3.2,Next Day Air,0,0
3247,3247,5,98,Summer,2.9,Store Pickup,0,0
3248,3248,25,91,Summer,3.7,Express,0,0
3249,3249,18,79,Summer,4.2,Free Shipping,0,0
3250,3250,22,83,Summer,3.4,Express,0,0
3251,3251,8,90,Spring,2.9,2-Day Shipping,0,0
3252,3252,8,20,Winter,3.7,Standard,0,0
3253,3253,4,21,Spring,2.7,Store Pickup,0,0
3254,3254,22,60,Fall,3.2,2-Day Shipping,0,0
3255,3255,2,31,Winter,4.9,Store Pickup,0,0
3256,3256,7,40,Fall,2.8,Next Day Air,0,0
3257,3257,13,26,Winter,4.7,Free Shipping,0,0
3258,3258,6,98,Fall,3.3,Express,0,0
3259,3259,10,51,Spring,4.3,Express,0,0
3260,3260,20,95,Fall,3.7,2-Day Shipping,0,0
3261,3261,19,36,Summer,4.5,2-Day Shipping,0,0
3262,3262,23,52,Winter,3.4,Store Pickup,0,0
3263,3263,18,35,Spring,2.7,Standard,0,0
3264,3264,7,68,Fall,4.4,Express,0,0
3265,3265,14,50,Winter,4.0,Express,0,0
3266,3266,13,100,Winter,3.2,Express,0,0
3267,3267,8,74,Winter,4.2,Next Day Air,0,0
3268,3268,16,45,Winter,3.0,Store Pickup,0,0
3269,3269,11,97,Fall,2.8,Free Shipping,0,0
3270,3270,1,60,Winter,4.9,Express,0,0
3271,3271,21,25,Winter,4.7,Express,0,0
3272,3272,21,55,Spring,4.4,Standard,0,0
3273,3273,10,99,Winter,3.1,Next Day Air,0,0
3274,3274,23,45,Summer,2.6,Free Shipping,0,0
3275,3275,2,20,Spring,3.9,Store Pickup,0,0
3276,3276,14,88,Summer,2.6,2-Day Shipping,0,0
3277,3277,19,99,Summer,4.0,Store Pickup,0,0
3278,3278,12,86,Spring,4.9,Store Pickup,0,0
3279,3279,11,70,Summer,3.3,2-Day Shipping,0,0
3280,3280,20,50,Fall,3.0,Express,0,0
3281,3281,9,57,Winter,2.7,Next Day Air,0,0
3282,3282,14,69,Winter,3.1,Free Shipping,0,0
3283,3283,18,94,Fall,4.8,Next Day Air,0,0
3284,3284,15,24,Spring,2.9,Express,0,0
3285,3285,19,79,Spring,4.5,2-Day Shipping,0,0
3286,3286,20,31,Fall,4.6,Free Shipping,0,0
3287,3287,15,67,Winter,5.0,Express,0,0
3288,3288,12,63,Spring,4.3,2-Day Shipping,0,0
3289,3289,9,61,Spring,4.9,Next Day Air,0,0
3290,3290,22,50,Summer,4.0,2-Day Shipping,0,0
3291,3291,8,82,Spring,3.1,Free Shipping,0,0
3292,3292,23,51,Fall,2.6,2-Day Shipping,0,0
3293,3293,9,23,Spring,4.9,Standard,0,0
3294,3294,8,91,Spring,3.5,2-Day Shipping,0,0
3295,3295,2,60,Spring,4.5,Store Pickup,0,0
3296,3296,1,34,Summer,2.8,Next Day Air,0,0
3297,3297,1,23,Spring,4.2,Next Day Air,0,0
3298,3298,23,82,Fall,4.1,Free Shipping,0,0
3299,3299,15,73,Fall,3.5,Express,0,0
3300,3300,7,32,Spring,4.0,2-Day Shipping,0,0
3301,3301,20,80,Spring,4.0,Express,0,0
3302,3302,14,58,Summer,2.5,Free Shipping,0,0
3303,3303,1,82,Winter,4.2,Standard,0,0
3304,3304,23,60,Summer,3.4,Next Day Air,0,0
3305,3305,9,79,Fall,4.8,Next Day Air,0,0
3306,3306,16,41,Summer,4.9,Standard,0,0
3307,3307,15,39,Summer,3.6,Store Pickup,0,0
3308,3308,19,36,Winter,4.0,Store Pickup,0,0
3309,3309,3,70,Fall,2.6,Express,0,0
3310,3310,9,47,Summer,3.1,Store Pickup,0,0
3311,3311,15,27,Winter,3.6,Free Shipping,0,0
3312,3312,20,52,Summer,4.0,Express,0,0
3313,3313,5,75,Summer,3.9,Next Day Air,0,0
3314,3314,20,30,Fall,3.9,Express,0,0
3315,3315,21,94,Spring,3.3,Standard,0,0
3316,3316,19,68,Summer,2.9,Standard,0,0
3317,3317,21,45,Summer,3.1,Free Shipping,0,0
3318,3318,20,67,Summer,4.7,Standard,0,0
3319,3319,15,46,Summer,3.9,Free Shipping,0,0
3320,3320,7,31,Summer,4.3,Next Day Air,0,0
3321,3321,1,44,Fall,4.2,2-Day Shipping,0,0
3322,3322,8,100,Winter,4.3,Next Day Air,0,0
3323,3323,2,92,Winter,4.6,Next Day Air,0,0
3324,3324,9,78,Winter,3.8,Free Shipping,0,0
3325,3325,18,32,Fall,3.3,Standard,0,0
3326,3326,4,97,Fall,3.7,2-Day Shipping,0,0
3327,3327,25,95,Summer,4.3,Standard,0,0
3328,3328,7,64,Spring,4.1,Express,0,0
3329,3329,4,35,Spring,3.2,Free Shipping,0,0
3330,3330,22,54,Winter,3.8,Express,0,0
3331,3331,5,96,Spring,3.2,2-Day Shipping,0,0
3332,3332,13,58,Summer,3.5,Free Shipping,0,0
3333,3333,18,23,Summer,3.1,2-Day Shipping,0,0
3334,3334,3,35,Spring,4.2,Express,0,0
3335,3335,6,23,Summer,3.4,Free Shipping,0,0
3336,3336,20,94,Winter,3.5,Express,0,0
3337,3337,1,45,Fall,4.0,Free Shipping,0,0
3338,3338,15,23,Winter,4.4,2-Day Shipping,0,0
3339,3339,12,94,Winter,2.9,2-Day Shipping,0,0
3340,3340,25,99,Fall,3.6,Store Pickup,0,0
3341,3341,18,36,Fall,4.4,Free Shipping,0,0
3342,3342,15,50,Summer,4.5,Standard,0,0
3343,3343,15,81,Spring,3.8,Free Shipping,0,0
3344,3344,7,31,Winter,3.6,2-Day Shipping,0,0
3345,3345,20,48,Fall,4.3,Free Shipping,0,0
3346,3346,9,91,Summer,4.0,2-Day Shipping,0,0
3347,3347,3,99,Summer,3.4,Express,0,0
3348,3348,10,70,Summer,4.4,Standard,0,0
3349,3349,18,74,Winter,2.8,Standard,0,0
3350,3350,17,79,Fall,2.8,Store Pickup,0,0
3351,3351,9,33,Fall,4.9,2-Day Shipping,0,0
3352,3352,6,49,Spring,4.2,2-Day Shipping,0,0
3353,3353,23,96,Summer,2.9,Next Day Air,0,0
3354,3354,11,66,Fall,4.6,Free Shipping,0,0
3355,3355,12,45,Fall,2.8,Next Day Air,0,0
3356,3356,1,28,Spring,2.6,Store Pickup,0,0
3357,3357,3,48,Summer,3.5,Store Pickup,0,0
3358,3358,16,67,Winter,3.5,Free Shipping,0,0
3359,3359,18,59,Fall,3.4,2-Day Shipping,0,0
3360,3360,13,74,Fall,3.9,Next Day Air,0,0
3361,3361,15,81,Spring,3.3,2-Day Shipping,0,0
3362,3362,10,26,Spring,4.1,Free Shipping,0,0
3363,3363,9,61,Summer,3.0,Next Day Air,0,0
3364,3364,2,23,Winter,3.0,Next Day Air,0,0
3365,3365,19,33,Fall,3.2,Standard,0,0
3366,3366,12,58,Fall,3.9,Express,0,0
3367,3367,25,65,Spring,3.6,2-Day Shipping,0,0
3368,3368,18,48,Summer,3.1,Store Pickup,0,0
3369,3369,4,25,Spring,4.8,Express,0,0
3370,3370,2,51,Winter,3.8,2-Day Shipping,0,0
3371,3371,23,31,Summer,2.8,Store Pickup,0,0
3372,3372,16,99,Winter,4.0,Next Day Air,0,0
3373,3373,21,25,Winter,4.6,Free Shipping,0,0
3374,3374,4,52,Spring,3.5,Store Pickup,0,0
3375,3375,1,47,Spring,3.7,2-Day Shipping,0,0
3376,3376,24,98,Fall,4.9,Express,0,0
3377,3377,20,46,Winter,4.1,Store Pickup,0,0
3378,3378,6,32,Winter,4.6,Next Day Air,0,0
3379,3379,7,75,Fall,4.5,Next Day Air,0,0
3380,3380,9,51,Summer,5.0,Store Pickup,0,0
3381,3381,11,52,Summer,3.8,Standard,0,0
3382,3382,20,66,Winter,4.7,Standard,0,0
3383,3383,2,35,Spring,2.8,Express,0,0
3384,3384,8,43,Fall,2.6,Next Day Air,0,0
3385,3385,16,24,Summer,3.8,Free Shipping,0,0
3386,3386,17,83,Winter,2.8,Standard,0,0
3387,3387,18,62,Fall,2.6,2-Day Shipping,0,0
3388,3388,14,78,Spring,3.4,2-Day Shipping,0,0
3389,3389,2,61,Spring,4.5,Store Pickup,0,0
3390,3390,14,57,Fall,3.8,Free Shipping,0,0
3391,3391,21,70,Summer,3.0,Next Day Air,0,0
3392,3392,16,57,Fall,3.7,2-Day Shipping,0,0
3393,3393,19,74,Winter,4.4,Free Shipping,0,0
3394,3394,11,90,Fall,3.1,Next Day Air,0,0
3395,3395,4,98,Spring,4.2,Store Pickup,0,0
3396,3396,11,43,Winter,3.1,Free Shipping,0,0
3397,3397,14,37,Winter,5.0,Next Day Air,0,0
3398,3398,1,38,Summer,2.7,Standard,0,0
3399,3399,3,60,Winter,3.8,Standard,0,0
3400,3400,14,55,Winter,3.3,Standard,0,0
3401,3401,13,51,Fall,4.8,Free Shipping,0,0
3402,3402,22,71,Winter,3.4,Standard,0,0
3403,3403,16,61,Spring,4.4,2-Day Shipping,0,0
3404,3404,24,65,Summer,3.9,Standard,0,0
3405,3405,25,34,Fall,3.9,2-Day Shipping,0,0
3406,3406,1,87,Summer,4.2,Store Pickup,0,0
3407,3407,2,79,Spring,4.0,Store Pickup,0,0
3408,3408,11,46,Spring,2.6,Store Pickup,0,0
3409,3409,21,72,Summer,4.4,Standard,0,0
3410,3410,6,93,Summer,3.2,Next Day Air,0,0
3411,3411,4,76,Summer,4.3,Free Shipping,0,0
3412,3412,10,56,Winter,4.9,2-Day Shipping,0,0
3413,3413,4,83,Fall,3.8,Store Pickup,0,0
3414,3414,25,90,Winter,2.5,Express,0,0
3415,3415,24,94,Spring,4.9,Next Day Air,0,0
3416,3416,1,68,Fall,3.0,2-Day Shipping,0,0
3417,3417,4,53,Spring,3.2,Store Pickup,0,0
3418,3418,8,35,Summer,2.9,2-Day Shipping,0,0
3419,3419,15,30,Summer,2.8,Free Shipping,0,0
3420,3420,17,26,Winter,3.1,Store Pickup,0,0
3421,3421,20,60,Winter,3.4,Express,0,0
3422,3422,10,30,Summer,2.9,Free Shipping,0,0
3423,3423,8,91,Winter,3.2,Next Day Air,0,0
3424,3424,24,71,Spring,3.8,Next Day Air,0,0
3425,3425,19,64,Summer,3.6,2-Day Shipping,0,0
3426,3426,20,54,Summer,4.3,Next Day Air,0,0
3427,3427,21,35,Fall,4.8,2-Day Shipping,0,0
3428,3428,18,38,Winter,2.5,Store Pickup,0,0
3429,3429,17,69,Fall,2.5,Next Day Air,0,0
3430,3430,12,96,Winter,4.6,Express,0,0
3431,3431,21,73,Winter,4.2,Next Day Air,0,0
3432,3432,23,49,Summer,4.2,Express,0,0
3433,3433,24,44,Summer,4.8,2-Day Shipping,0,0
3434,3434,21,93,Spring,4.5,Free Shipping,0,0
3435,3435,14,72,Summer,3.3,2-Day Shipping,0,0
3436,3436,21,91,Summer,2.7,2-Day Shipping,0,0
3437,3437,23,83,Winter,2.8,2-Day Shipping,0,0
3438,3438,15,62,Winter,3.5,2-Day Shipping,0,0
3439,3439,6,71,Fall,3.0,Store Pickup,0,0
3440,3440,25,93,Summer,4.5,Express,0,0
3441,3441,9,63,Fall,4.3,2-Day Shipping,0,0
3442,3442,2,96,Fall,4.1,Standard,0,0
3443,3443,12,78,Spring,4.3,Next Day Air,0,0
3444,3444,11,24,Summer,5.0,Free Shipping,0,0
3445,3445,14,63,Summer,3.8,2-Day Shipping,0,0
3446,3446,20,58,Fall,4.9,Standard,0,0
3447,3447,24,55,Spring,5.0,2-Day Shipping,0,0
3448,3448,4,58,Fall,4.3,Express,0,0
3449,3449,8,28,Winter,4.1,Express,0,0
3450,3450,1,37,Spring,4.5,Standard,0,0
3451,3451,7,78,Spring,3.6,Store Pickup,0,0
3452,3452,1,73,Fall,3.0,Free Shipping,0,0
3453,3453,15,20,Spring,3.7,Next Day Air,0,0
3454,3454,6,60,Winter,4.3,Standard,0,0
3455,3455,9,71,Fall,4.6,Store Pickup,0,0
3456,3456,18,89,Fall,4.7,Standard,0,0
3457,3457,16,53,Fall,4.6,Express,0,0
3458,3458,17,87,Summer,3.0,Express,0,0
3459,3459,17,37,Spring,3.4,Standard,0,0
3460,3460,16,37,Fall,3.8,Express,0,0
3461,3461,19,78,Spring,3.1,Express,0,0
3462,3462,10,23,Spring,4.4,Standard,0,0
3463,3463,3,73,Spring,4.5,Standard,0,0
3464,3464,17,27,Fall,2.8,2-Day Shipping,0,0
3465,3465,8,59,Winter,2.7,Next Day Air,0,0
3466,3466,22,53,Spring,3.4,Standard,0,0
3467,3467,21,42,Summer,4.6,Standard,0,0
3468,3468,19,45,Fall,5.0,Next Day Air,0,0
3469,3469,13,89,Winter,3.5,Standard,0,0
3470,3470,21,85,Fall,3.3,Store Pickup,0,0
3471,3471,8,69,Summer,4.5,Free Shipping,0,0
3472,3472,4,66,Spring,3.1,Store Pickup,0,0
3473,3473,1,42,Summer,4.0,Free Shipping,0,0
3474,3474,11,40,Spring,2.5,Express,0,0
3475,3475,14,82,Winter,4.4,Store Pickup,0,0
3476,3476,5,88,Spring,4.4,Express,0,0
3477,3477,24,99,Summer,3.2,Free Shipping,0,0
3478,3478,9,85,Spring,3.8,Store Pickup,0,0
3479,3479,9,57,Fall,4.6,Store Pickup,0,0
3480,3480,2,56,Summer,4.9,Standard,0,0
3481,3481,4,79,Winter,3.5,Free Shipping,0,0
3482,3482,21,67,Summer,3.4,Store Pickup,0,0
3483,3483,25,61,Winter,3.9,Next Day Air,0,0
3484,3484,16,37,Winter,3.9,Express,0,0
3485,3485,11,75,Fall,4.2,Free Shipping,0,0
3486,3486,6,21,Winter,3.4,Standard,0,0
3487,3487,7,89,Winter,4.9,Standard,0,0
3488,3488,4,24,Fall,2.9,Store Pickup,0,0
3489,3489,2,27,Spring,4.9,Store Pickup,0,0
3490,3490,11,26,Summer,4.6,2-Day Shipping,0,0
3491,3491,24,82,Spring,3.6,Store Pickup,0,0
3492,3492,14,28,Winter,4.3,Express,0,0
3493,3493,25,65,Fall,4.6,Standard,0,0
3494,3494,14,82,Winter,4.7,Store Pickup,0,0
3495,3495,19,38,Winter,3.5,Free Shipping,0,0
3496,3496,7,33,Spring,2.8,Free Shipping,0,0
3497,3497,10,38,Summer,4.0,Free Shipping,0,0
3498,3498,9,48,Spring,4.3,Store Pickup,0,0
3499,3499,4,35,Summer,3.8,Standard,0,0
3500,3500,21,29,Fall,3.0,Next Day Air,0,0
3501,3501,6,48,Fall,4.6,Next Day Air,0,0
3502,3502,10,87,Fall,4.8,Standard,0,0
3503,3503,22,62,Fall,4.7,Next Day Air,0,0
3504,3504,6,96,Spring,3.9,Free Shipping,0,0
3505,3505,9,41,Fall,4.0,Next Day Air,0,0
3506,3506,17,42,Winter,3.7,2-Day Shipping,0,0
3507,3507,6,57,Winter,3.7,2-Day Shipping,0,0
3508,3508,9,65,Spring,4.2,Store Pickup,0,0
3509,3509,14,54,Fall,4.7,Standard,0,0
3510,3510,18,22,Winter,4.3,Next Day Air,0,0
3511,3511,5,96,Fall,4.9,2-Day Shipping,0,0
3512,3512,17,81,Summer,3.9,2-Day Shipping,0,0
3513,3513,6,46,Fall,3.4,Free Shipping,0,0
3514,3514,1,74,Spring,4.2,Store Pickup,0,0
3515,3515,5,50,Winter,4.7,Express,0,0
3516,3516,11,80,Winter,4.0,Next Day Air,0,0
3517,3517,24,56,Summer,4.0,Free Shipping,0,0
3518,3518,12,69,Winter,3.1,Next Day Air,0,0
3519,3519,6,97,Spring,4.2,Standard,0,0
3520,3520,7,66,Winter,3.7,Next Day Air,0,0
3521,3521,20,70,Spring,3.1,Express,0,0
3522,3522,10,50,Winter,3.7,Store Pickup,0,0
3523,3523,14,85,Spring,3.2,Store Pickup,0,0
3524,3524,22,59,Summer,2.8,Standard,0,0
3525,3525,14,74,Summer,2.9,Free Shipping,0,0
3526,3526,13,38,Winter,3.5,Standard,0,0
3527,3527,2,99,Spring,3.8,Express,0,0
3528,3528,1,97,Spring,4.7,Free Shipping,0,0
3529,3529,19,67,Summer,4.5,Free Shipping,0,0
3530,3530,18,20,Winter,3.9,Next Day Air,0,0
3531,3531,13,45,Spring,3.4,Express,0,0
3532,3532,10,52,Winter,4.6,2-Day Shipping,0,0
3533,3533,14,68,Fall,4.6,Standard,0,0
3534,3534,5,98,Fall,4.7,Standard,0,0
3535,3535,10,83,Fall,3.2,Express,0,0
3536,3536,7,51,Summer,5.0,Express,0,0
3537,3537,9,21,Spring,4.5,Express,0,0
3538,3538,9,92,Spring,3.5,Standard,0,0
3539,3539,10,63,Spring,4.5,Store Pickup,0,0
3540,3540,17,56,Spring,3.2,Express,0,0
3541,3541,7,95,Spring,4.6,Free Shipping,0,0
3542,3542,1,66,Winter,4.0,Next Day Air,0,0
3543,3543,8,28,Spring,4.2,Express,0,0
3544,3544,20,83,Winter,4.1,Standard,0,0
3545,3545,21,55,Fall,3.6,2-Day Shipping,0,0
3546,3546,4,28,Spring,3.7,2-Day Shipping,0,0
3547,3547,19,79,Summer,3.6,Free Shipping,0,0
3548,3548,19,31,Summer,3.8,Standard,0,0
3549,3549,1,37,Fall,3.0,Standard,0,0
3550,3550,18,34,Summer,3.4,2-Day Shipping,0,0
3551,3551,10,74,Winter,4.8,Standard,0,0
3552,3552,25,31,Spring,2.6,Store Pickup,0,0
3553,3553,13,66,Winter,2.9,Next Day Air,0,0
3554,3554,10,99,Spring,4.9,Free Shipping,0,0
3555,3555,11,55,Spring,5.0,Free Shipping,0,0
3556,3556,1,23,Spring,4.6,Next Day Air,0,0
3557,3557,2,88,Fall,4.2,Express,0,0
3558,3558,15,26,Summer,4.9,Next Day Air,0,0
3559,3559,22,94,Summer,4.8,Standard,0,0
3560,3560,7,25,Fall,3.0,Next Day Air,0,0
3561,3561,21,96,Fall,3.5,Express,0,0
3562,3562,5,29,Spring,3.4,Standard,0,0
3563,3563,5,36,Winter,3.4,Free Shipping,0,0
3564,3564,1,90,Summer,4.9,Standard,0,0
3565,3565,25,38,Summer,4.4,Free Shipping,0,0
3566,3566,9,52,Spring,4.2,Store Pickup,0,0
3567,3567,3,88,Spring,3.1,Next Day Air,0,0
3568,3568,19,56,Summer,4.0,Next Day Air,0,0
3569,3569,4,71,Spring,4.8,Next Day Air,0,0
3570,3570,4,94,Fall,3.3,Express,0,0
3571,3571,11,97,Winter,4.7,Standard,0,0
3572,3572,12,27,Summer,3.2,Standard,0,0
3573,3573,7,28,Spring,5.0,Standard,0,0
3574,3574,3,67,Fall,4.9,Free Shipping,0,0
3575,3575,21,70,Fall,4.9,Express,0,0
3576,3576,8,95,Fall,3.7,Express,0,0
3577,3577,24,24,Spring,3.0,Express,0,0
3578,3578,23,35,Winter,2.6,Standard,0,0
3579,3579,10,22,Winter,2.6,Standard,0,0
3580,3580,19,66,Fall,4.8,Standard,0,0
3581,3581,1,83,Summer,3.2,2-Day Shipping,0,0
3582,3582,11,95,Fall,4.9,Next Day Air,0,0
3583,3583,7,41,Summer,3.4,2-Day Shipping,0,0
3584,3584,1,77,Summer,2.7,Store Pickup,0,0
3585,3585,5,52,Fall,4.8,Express,0,0
3586,3586,25,41,Winter,4.1,Standard,0,0
3587,3587,16,28,Winter,4.6,Store Pickup,0,0
3588,3588,2,90,Summer,4.4,Standard,0,0
3589,3589,13,55,Spring,3.5,2-Day Shipping,0,0
3590,3590,23,73,Spring,4.8,Next Day Air,0,0
3591,3591,11,87,Fall,2.9,2-Day Shipping,0,0
3592,3592,15,89,Winter,3.2,2-Day Shipping,0,0
3593,3593,24,82,Spring,4.4,2-Day Shipping,0,0
3594,3594,4,80,Spring,4.6,Next Day Air,0,0
3595,3595,19,87,Summer,2.6,2-Day Shipping,0,0
3596,3596,1,41,Spring,3.1,Store Pickup,0,0
3597,3597,16,83,Spring,4.3,Standard,0,0
3598,3598,13,71,Summer,3.1,Standard,0,0
3599,3599,16,76,Spring,4.6,Store Pickup,0,0
3600,3600,19,34,Spring,4.6,Express,0,0
3601,3601,11,81,Spring,2.7,Free Shipping,0,0
3602,3602,18,47,Summer,3.0,Next Day Air,0,0
3603,3603,12,36,Summer,3.3,Store Pickup,0,0
3604,3604,3,51,Spring,2.7,Free Shipping,0,0
3605,3605,16,86,Fall,3.3,Standard,0,0
3606,3606,3,41,Fall,4.3,Store Pickup,0,0
3607,3607,4,90,Fall,4.8,Express,0,0
3608,3608,20,93,Fall,3.3,Standard,0,0
3609,3609,25,56,Fall,4.3,Next Day Air,0,0
3610,3610,21,39,Summer,3.0,2-Day Shipping,0,0
3611,3611,15,86,Fall,4.8,2-Day Shipping,0,0
3612,3612,18,82,Spring,2.9,Standard,0,0
3613,3613,4,29,Summer,3.6,Standard,0,0
3614,3614,20,27,Fall,3.5,Store Pickup,0,0
3615,3615,25,25,Spring,4.7,2-Day Shipping,0,0
3616,3616,11,31,Winter,4.4,Free Shipping,0,0
3617,3617,16,23,Winter,3.3,Store Pickup,0,0
3618,3618,23,47,Fall,4.3,Express,0,0
3619,3619,25,67,Fall,4.0,2-Day Shipping,0,0
3620,3620,19,75,Winter,4.9,2-Day Shipping,0,0
3621,3621,4,82,Summer,2.9,Express,0,0
3622,3622,5,32,Summer,4.0,2-Day Shipping,0,0
3623,3623,11,41,Fall,4.3,Store Pickup,0,0
3624,3624,17,89,Winter,2.7,2-Day Shipping,0,0
3625,3625,20,82,Fall,5.0,Store Pickup,0,0
3626,3626,19,99,Winter,4.4,Express,0,0
3627,3627,1,98,Fall,3.5,Express,0,0
3628,3628,23,54,Winter,3.3,Next Day Air,0,0
3629,3629,1,88,Summer,3.8,Free Shipping,0,0
3630,3630,18,43,Summer,4.5,Standard,0,0
3631,3631,20,73,Winter,4.8,Store Pickup,0,0
3632,3632,20,50,Fall,2.9,Store Pickup,0,0
3633,3633,5,73,Spring,3.2,Express,0,0
3634,3634,25,51,Spring,2.8,Free Shipping,0,0
3635,3635,21,22,Winter,3.3,Standard,0,0
3636,3636,4,32,Fall,3.3,Free Shipping,0,0
3637,3637,4,38,Summer,4.2,2-Day Shipping,0,0
3638,3638,24,66,Winter,3.6,Express,0,0
3639,3639,22,20,Spring,4.6,Express,0,0
3640,3640,8,44,Summer,3.6,2-Day Shipping,0,0
3641,3641,13,31,Spring,4.0,Next Day Air,0,0
3642,3642,15,45,Fall,2.7,Free Shipping,0,0
3643,3643,11,71,Summer,4.4,Store Pickup,0,0
3644,3644,19,96,Fall,3.2,Standard,0,0
3645,3645,1,32,Winter,2.6,Next Day Air,0,0
3646,3646,22,90,Summer,3.4,Free Shipping,0,0
3647,3647,17,68,Spring,5.0,2-Day Shipping,0,0
3648,3648,7,45,Winter,2.9,Store Pickup,0,0
3649,3649,12,67,Winter,5.0,Free Shipping,0,0
3650,3650,12,57,Fall,4.4,Standard,0,0
3651,3651,3,60,Summer,3.5,2-Day Shipping,0,0
3652,3652,9,32,Spring,3.8,Express,0,0
3653,3653,9,29,Fall,3.8,Store Pickup,0,0
3654,3654,8,20,Spring,3.9,Next Day Air,0,0
3655,3655,17,98,Winter,3.3,Next Day Air,0,0
3656,3656,2,27,Fall,2.9,Next Day Air,0,0
3657,3657,15,67,Spring,3.7,2-Day Shipping,0,0
3658,3658,10,82,Winter,3.7,Express,0,0
3659,3659,18,72,Fall,4.6,Standard,0,0
3660,3660,4,77,Fall,4.9,Store Pickup,0,0
3661,3661,10,74,Winter,3.1,2-Day Shipping,0,0
3662,3662,4,39,Winter,3.5,Next Day Air,0,0
3663,3663,7,80,Spring,4.9,Next Day Air,0,0
3664,3664,22,59,Summer,4.4,Express,0,0
3665,3665,15,68,Fall,4.4,Store Pickup,0,0
3666,3666,21,77,Fall,3.4,Next Day Air,0,0
3667,3667,17,50,Winter,3.0,2-Day Shipping,0,0
3668,3668,14,45,Fall,2.6,Next Day Air,0,0
3669,3669,1,71,Summer,3.2,Store Pickup,0,0
3670,3670,21,52,Fall,4.6,Store Pickup,0,0
3671,3671,10,50,Winter,3.8,Free Shipping,0,0
3672,3672,9,66,Summer,4.8,2-Day Shipping,0,0
3673,3673,4,81,Fall,4.5,Free Shipping,0,0
3674,3674,21,28,Summer,4.2,2-Day Shipping,0,0
3675,3675,9,65,Winter,2.7,2-Day Shipping,0,0
3676,3676,20,80,Winter,4.5,Express,0,0
3677,3677,17,94,Spring,4.9,Free Shipping,0,0
3678,3678,22,30,Fall,2.8,Standard,0,0
3679,3679,6,45,Fall,3.5,Standard,0,0
3680,3680,8,91,Summer,2.5,Store Pickup,0,0
3681,3681,13,36,Winter,2.9,Standard,0,0
3682,3682,25,73,Fall,4.2,Next Day Air,0,0
3683,3683,6,60,Fall,4.6,Store Pickup,0,0
3684,3684,21,77,Winter,3.0,Free Shipping,0,0
3685,3685,12,86,Spring,4.4,Free Shipping,0,0
3686,3686,7,42,Summer,2.6,Standard,0,0
3687,3687,4,70,Spring,4.8,Free Shipping,0,0
3688,3688,6,44,Summer,2.9,Next Day Air,0,0
3689,3689,13,91,Spring,3.0,Next Day Air,0,0
3690,3690,17,30,Fall,4.5,Standard,0,0
3691,3691,1,23,Fall,3.7,Store Pickup,0,0
3692,3692,4,21,Summer,4.8,Next Day Air,0,0
3693,3693,8,34,Spring,4.8,Free Shipping,0,0
3694,3694,1,46,Summer,4.7,2-Day Shipping,0,0
3695,3695,2,41,Winter,2.6,Express,0,0
3696,3696,12,33,Fall,4.6,Standard,0,0
3697,3697,1,48,Fall,3.4,Next Day Air,0,0
3698,3698,16,66,Winter,3.0,Standard,0,0
3699,3699,12,54,Spring,4.0,2-Day Shipping,0,0
3700,3700,22,55,Fall,2.6,Store Pickup,0,0
3701,3701,9,84,Summer,3.4,Store Pickup,0,0
3702,3702,4,66,Spring,4.5,Store Pickup,0,0
3703,3703,10,65,Spring,2.7,Store Pickup,0,0
3704,3704,4,83,Fall,2.9,Standard,0,0
3705,3705,13,61,Winter,4.0,Store Pickup,0,0
3706,3706,12,65,Summer,3.2,Free Shipping,0,0
3707,3707,4,55,Spring,4.0,Store Pickup,0,0
3708,3708,25,79,Fall,3.4,2-Day Shipping,0,0
3709,3709,16,96,Fall,4.9,Express,0,0
3710,3710,21,43,Fall,3.6,Free Shipping,0,0
3711,3711,17,40,Summer,3.6,2-Day Shipping,0,0
3712,3712,20,62,Fall,3.2,Free Shipping,0,0
3713,3713,1,72,Spring,3.7,2-Day Shipping,0,0
3714,3714,10,87,Spring,2.6,Express,0,0
3715,3715,20,31,Winter,3.9,Express,0,0
3716,3716,13,34,Fall,3.4,Free Shipping,0,0
3717,3717,6,53,Fall,3.4,Next Day Air,0,0
3718,3718,18,85,Summer,4.2,Express,0,0
3719,3719,14,50,Fall,2.9,Standard,0,0
3720,3720,14,91,Summer,4.1,Free Shipping,0,0
3721,3721,20,56,Fall,3.6,Free Shipping,0,0
3722,3722,8,60,Fall,4.0,Next Day Air,0,0
3723,3723,15,34,Fall,4.0,Standard,0,0
3724,3724,4,30,Spring,3.6,Free Shipping,0,0
3725,3725,25,71,Winter,3.1,Express,0,0
3726,3726,11,100,Winter,4.4,Next Day Air,0,0
3727,3727,23,85,Fall,4.3,Next Day Air,0,0
3728,3728,21,83,Summer,3.5,Next Day Air,0,0
3729,3729,15,31,Winter,3.0,Standard,0,0
3730,3730,24,82,Spring,4.7,2-Day Shipping,0,0
3731,3731,6,79,Summer,2.5,2-Day Shipping,0,0
3732,3732,20,62,Spring,3.1,2-Day Shipping,0,0
3733,3733,10,92,Spring,3.3,Free Shipping,0,0
3734,3734,21,58,Fall,4.7,Next Day Air,0,0
3735,3735,16,88,Spring,3.4,Next Day Air,0,0
3736,3736,4,44,Spring,3.1,2-Day Shipping,0,0
3737,3737,3,56,Spring,4.6,Store Pickup,0,0
3738,3738,17,23,Winter,4.9,Free Shipping,0,0
3739,3739,7,45,Spring,2.7,Free Shipping,0,0
3740,3740,13,31,Fall,4.2,Free Shipping,0,0
3741,3741,14,96,Summer,2.6,Store Pickup,0,0
3742,3742,6,96,Spring,3.2,2-Day Shipping,0,0
3743,3743,6,80,Fall,4.4,Standard,0,0
3744,3744,14,28,Fall,3.6,Free Shipping,0,0
3745,3745,16,51,Summer,2.7,Next Day Air,0,0
3746,3746,21,41,Spring,4.3,Express,0,0
3747,3747,8,99,Summer,2.6,Next Day Air,0,0
3748,3748,2,53,Spring,4.3,Store Pickup,0,0
3749,3749,22,25,Fall,3.9,2-Day Shipping,0,0
3750,3750,1,95,Winter,2.9,2-Day Shipping,0,0
3751,3751,16,88,Fall,3.1,Free Shipping,0,0
3752,3752,17,97,Fall,4.2,Free Shipping,0,0
3753,3753,8,81,Winter,4.1,2-Day Shipping,0,0
3754,3754,13,26,Winter,4.2,Next Day Air,0,0
3755,3755,10,41,Summer,4.4,Express,0,0
3756,3756,12,93,Fall,3.4,Free Shipping,0,0
3757,3757,12,69,Spring,4.8,Express,0,0
3758,3758,12,44,Fall,4.5,2-Day Shipping,0,0
3759,3759,4,54,Spring,2.7,Store Pickup,0,0
3760,3760,5,61,Spring,3.5,Store Pickup,0,0
3761,3761,21,80,Fall,3.1,Next Day Air,0,0
3762,3762,22,30,Summer,2.8,Next Day Air,0,0
3763,3763,7,94,Fall,2.9,Store Pickup,0,0
3764,3764,6,24,Winter,4.5,Standard,0,0
3765,3765,21,21,Fall,3.5,Next Day Air,0,0
3766,3766,17,52,Summer,4.3,Standard,0,0
3767,3767,9,59,Fall,4.9,Next Day Air,0,0
3768,3768,7,51,Summer,3.1,Free Shipping,0,0
3769,3769,2,35,Winter,4.0,Free Shipping,0,0
3770,3770,25,87,Summer,3.6,Standard,0,0
3771,3771,14,42,Summer,4.0,Store Pickup,0,0
3772,3772,18,86,Winter,2.6,Express,0,0
3773,3773,14,26,Fall,3.1,Next Day Air,0,0
3774,3774,2,60,Summer,3.5,Store Pickup,0,0
3775,3775,25,83,Winter,3.9,Standard,0,0
3776,3776,23,63,Spring,2.7,2-Day Shipping,0,0
3777,3777,5,25,Spring,4.1,Standard,0,0
3778,3778,7,65,Fall,4.3,Express,0,0
3779,3779,5,60,Fall,2.9,Free Shipping,0,0
3780,3780,3,75,Spring,4.0,Express,0,0
3781,3781,5,57,Fall,4.1,Free Shipping,0,0
3782,3782,24,99,Winter,3.7,Standard,0,0
3783,3783,15,45,Spring,2.8,Free Shipping,0,0
3784,3784,25,66,Summer,3.2,Free Shipping,0,0
3785,3785,21,53,Winter,4.5,Next Day Air,0,0
3786,3786,3,94,Winter,3.8,Standard,0,0
3787,3787,24,47,Fall,3.6,2-Day Shipping,0,0
3788,3788,1,80,Fall,3.6,2-Day Shipping,0,0
3789,3789,20,65,Spring,3.2,Next Day Air,0,0
3790,3790,6,75,Summer,3.8,Express,0,0
3791,3791,9,45,Summer,4.4,Standard,0,0
3792,3792,13,51,Spring,3.7,Store Pickup,0,0
3793,3793,19,58,Summer,2.6,Express,0,0
3794,3794,13,20,Fall,4.0,Standard,0,0
3795,3795,19,82,Summer,3.6,2-Day Shipping,0,0
3796,3796,25,92,Spring,2.5,Express,0,0
3797,3797,7,81,Fall,3.2,Free Shipping,0,0
3798,3798,13,44,Summer,2.5,Next Day Air,0,0
3799,3799,17,72,Winter,3.2,Next Day Air,0,0
3800,3800,15,26,Winter,2.6,Store Pickup,0,0
3801,3801,2,26,Fall,4.8,Next Day Air,0,0
3802,3802,1,84,Spring,5.0,Store Pickup,0,0
3803,3803,19,72,Spring,3.2,2-Day Shipping,0,0
3804,3804,9,55,Spring,3.6,Standard,0,0
3805,3805,20,77,Fall,2.7,2-Day Shipping,0,0
3806,3806,19,57,Fall,3.1,Standard,0,0
3807,3807,24,71,Spring,3.0,Standard,0,0
3808,3808,1,39,Spring,2.9,Next Day Air,0,0
3809,3809,21,28,Winter,4.7,Express,0,0
3810,3810,10,33,Winter,3.7,Standard,0,0
3811,3811,12,79,Fall,3.9,Free Shipping,0,0
3812,3812,23,30,Winter,4.0,Standard,0,0
3813,3813,12,75,Spring,2.8,Next Day Air,0,0
3814,3814,14,89,Summer,4.1,Express,0,0
3815,3815,11,95,Winter,4.2,Free Shipping,0,0
3816,3816,20,44,Fall,4.3,Express,0,0
3817,3817,8,86,Summer,4.3,Store Pickup,0,0
3818,3818,19,91,Fall,2.6,Express,0,0
3819,3819,5,41,Winter,3.8,Free Shipping,0,0
3820,3820,14,99,Spring,2.9,Express,0,0
3821,3821,23,65,Winter,5.0,Standard,0,0
3822,3822,5,48,Summer,4.6,Free Shipping,0,0
3823,3823,20,41,Spring,3.2,Free Shipping,0,0
3824,3824,6,42,Summer,3.0,Standard,0,0
3825,3825,7,26,Summer,4.0,Free Shipping,0,0
3826,3826,7,35,Fall,4.1,Express,0,0
3827,3827,15,31,Summer,4.0,Express,0,0
3828,3828,17,73,Summer,4.1,Standard,0,0
3829,3829,1,82,Spring,3.4,Free Shipping,0,0
3830,3830,14,32,Spring,2.9,Free Shipping,0,0
3831,3831,20,27,Summer,3.0,2-Day Shipping,0,0
3832,3832,22,86,Spring,4.0,Next Day Air,0,0
3833,3833,24,38,Winter,4.8,2-Day Shipping,0,0
3834,3834,15,93,Summer,4.6,Free Shipping,0,0
3835,3835,16,59,Winter,4.1,2-Day Shipping,0,0
3836,3836,4,58,Winter,2.6,Express,0,0
3837,3837,12,84,Spring,2.5,Free Shipping,0,0
3838,3838,16,100,Spring,4.8,Free Shipping,0,0
3839,3839,11,25,Summer,4.2,Express,0,0
3840,3840,4,29,Spring,3.9,Free Shipping,0,0
3841,3841,3,42,Spring,3.7,Express,0,0
3842,3842,3,57,Fall,4.2,2-Day Shipping,0,0
3843,3843,15,84,Winter,4.2,Next Day Air,0,0
3844,3844,20,71,Winter,4.0,Free Shipping,0,0
3845,3845,7,87,Fall,5.0,Next Day Air,0,0
3846,3846,2,52,Winter,4.9,Standard,0,0
3847,3847,1,58,Summer,4.0,Express,0,0
3848,3848,2,34,Fall,3.2,2-Day Shipping,0,0
3849,3849,17,60,Winter,3.0,Next Day Air,0,0
3850,3850,16,68,Winter,2.6,Express,0,0
3851,3851,17,74,Summer,4.4,2-Day Shipping,0,0
3852,3852,19,83,Summer,3.9,Free Shipping,0,0
3853,3853,20,79,Fall,4.0,2-Day Shipping,0,0
3854,3854,13,76,Fall,4.0,Store Pickup,0,0
3855,3855,18,20,Spring,4.2,Free Shipping,0,0
3856,3856,6,61,Summer,4.4,Next Day Air,0,0
3857,3857,4,78,Summer,2.5,Free Shipping,0,0
3858,3858,20,21,Summer,3.1,Store Pickup,0,0
3859,3859,18,77,Winter,3.5,Store Pickup,0,0
3860,3860,7,88,Fall,3.0,2-Day Shipping,0,0
3861,3861,13,64,Summer,4.4,Next Day Air,0,0
3862,3862,15,57,Spring,4.9,Standard,0,0
3863,3863,6,49,Winter,2.8,Next Day Air,0,0
3864,3864,19,35,Summer,3.3,Free Shipping,0,0
3865,3865,18,99,Winter,4.9,Express,0,0
3866,3866,7,42,Spring,4.2,Store Pickup,0,0
3867,3867,20,32,Winter,3.3,2-Day Shipping,0,0
3868,3868,15,21,Summer,2.7,Standard,0,0
3869,3869,11,29,Winter,3.3,2-Day Shipping,0,0
3870,3870,8,64,Spring,3.8,Free Shipping,0,0
3871,3871,4,46,Fall,3.2,Next Day Air,0,0
3872,3872,18,97,Fall,4.1,2-Day Shipping,0,0
3873,3873,15,94,Spring,4.3,Standard,0,0
3874,3874,4,43,Summer,4.0,Standard,0,0
3875,3875,2,54,Summer,3.9,2-Day Shipping,0,0
3876,3876,20,51,Winter,3.3,2-Day Shipping,0,0
3877,3877,10,85,Fall,2.6,2-Day Shipping,0,0
3878,3878,16,96,Spring,4.2,Next Day Air,0,0
3879,3879,20,42,Summer,3.4,2-Day Shipping,0,0
3880,3880,12,63,Winter,4.1,Free Shipping,0,0
3881,3881,6,20,Winter,3.9,Free Shipping,0,0
3882,3882,19,25,Spring,2.8,2-Day Shipping,0,0
3883,3883,14,95,Fall,2.6,Free Shipping,0,0
3884,3884,20,38,Fall,4.0,Next Day Air,0,0
3885,3885,4,29,Fall,4.9,Express,0,0
3886,3886,21,64,Winter,3.2,Free Shipping,0,0
3887,3887,17,92,Summer,3.9,Express,0,0
3888,3888,6,34,Spring,2.7,Express,0,0
3889,3889,5,69,Spring,3.4,Standard,0,0
3890,3890,11,65,Spring,3.5,Express,0,0
3891,3891,6,81,Winter,2.6,Standard,0,0
3892,3892,11,30,Winter,4.7,Free Shipping,0,0
3893,3893,17,86,Summer,3.5,Standard,0,0
3894,3894,20,64,Fall,3.3,Store Pickup,0,0
3895,3895,12,78,Spring,3.9,2-Day Shipping,0,0
3896,3896,16,28,Summer,4.2,2-Day Shipping,0,0
3897,3897,22,49,Spring,4.5,Store Pickup,0,0
3898,3898,23,33,Spring,2.9,Standard,0,0
3899,3899,10,77,Summer,3.8,Express,0,0
3900,3900,9,81,Spring,3.1,Store Pickup,0,0
